WKT,Name,OBJECTID,UKATEGORIE,UTYP1,UART,UMONAT,USTUNDE,UWOCHENTAG,STRZUSTAND,ULICHTVERH,ISTRAD,ISTPKW,ISTFUSS,ISTKRAD
"POINT (13.266159383000058 52.508988559000045)","Unfall 121175 (2024) Kat:2, Licht: 0","121175","2","6","3","03","14","6","","0","0","1","0","0"
"POINT (13.406810657000051 52.461846083000069)","Unfall 121176 (2024) Kat:3, Licht: 0","121176","3","6","2","02","08","5","","0","0","1","0","0"
"POINT (13.332661218000055 52.597446721000040)","Unfall 121177 (2024) Kat:3, Licht: 0","121177","3","6","2","02","16","5","","0","0","1","0","0"
"POINT (13.510218246000022 52.456299745000081)","Unfall 121178 (2024) Kat:3, Licht: 2","121178","3","6","2","02","18","5","","2","0","1","0","0"
"POINT (13.515157030000069 52.452767384000026)","Unfall 121179 (2024) Kat:3, Licht: 2","121179","3","6","3","02","21","5","","2","0","1","0","0"
"POINT (13.295035134000045 52.491521813000077)","Unfall 121180 (2024) Kat:3, Licht: 0","121180","3","6","2","02","12","5","","0","0","1","0","0"
"POINT (13.304705460000037 52.573942017000036)","Unfall 121181 (2024) Kat:3, Licht: 0","121181","3","7","0","02","14","5","","0","0","0","0","1"
"POINT (13.345431133000034 52.477643153000031)","Unfall 121182 (2024) Kat:3, Licht: 0","121182","3","6","2","02","07","5","","0","0","1","0","0"
"POINT (13.385013177000076 52.450282244000050)","Unfall 121183 (2024) Kat:3, Licht: 0","121183","3","3","5","02","12","5","","0","1","1","0","0"
"POINT (13.426582813000039 52.538538040000049)","Unfall 121184 (2024) Kat:3, Licht: 2","121184","3","7","0","02","23","4","","2","0","1","0","0"
"POINT (13.385602996000046 52.446153377000030)","Unfall 121185 (2024) Kat:3, Licht: 0","121185","3","6","2","02","11","4","","0","0","1","0","0"
"POINT (13.470562697000048 52.514059384000063)","Unfall 121186 (2024) Kat:2, Licht: 2","121186","2","2","5","02","21","3","","2","1","1","0","0"
"POINT (13.283077415000037 52.518977316000075)","Unfall 121187 (2024) Kat:3, Licht: 0","121187","3","6","2","02","07","3","","0","0","1","0","0"
"POINT (13.306471353000063 52.567308659000048)","Unfall 121188 (2024) Kat:3, Licht: 2","121188","3","6","2","02","05","2","","2","0","1","0","1"
"POINT (13.456705716000045 52.515456855000082)","Unfall 121189 (2024) Kat:3, Licht: 0","121189","3","6","2","02","15","2","","0","0","1","0","0"
"POINT (13.413297479000050 52.548025184000039)","Unfall 121190 (2024) Kat:3, Licht: 0","121190","3","4","0","02","10","2","","0","1","0","1","0"
"POINT (13.335837719000040 52.592074793000052)","Unfall 121191 (2024) Kat:3, Licht: 0","121191","3","6","3","02","08","2","","0","0","1","0","0"
"POINT (13.365657388000045 52.472714368000027)","Unfall 121192 (2024) Kat:3, Licht: 0","121192","3","6","2","02","08","2","","0","0","1","0","0"
"POINT (13.416384431000040 52.522004397000046)","Unfall 121193 (2024) Kat:3, Licht: 2","121193","3","2","3","02","23","7","","2","0","1","0","1"
"POINT (13.361528657000065 52.496628174000080)","Unfall 121194 (2024) Kat:3, Licht: 0","121194","3","7","2","02","15","7","","0","1","1","0","0"
"POINT (13.552020623000033 52.554931643000032)","Unfall 121195 (2024) Kat:3, Licht: 2","121195","3","5","1","02","01","7","","2","0","1","0","0"
"POINT (13.297670979000031 52.511097802000052)","Unfall 121196 (2024) Kat:3, Licht: 0","121196","3","6","2","02","12","6","","0","0","1","0","1"
"POINT (13.453784343000052 52.515764296000043)","Unfall 121197 (2024) Kat:3, Licht: 0","121197","3","2","5","02","13","5","","0","0","1","0","1"
"POINT (13.434533281000029 52.535638641000048)","Unfall 121198 (2024) Kat:3, Licht: 2","121198","3","7","0","02","22","5","","2","0","1","0","0"
"POINT (13.260265128000071 52.435039180000047)","Unfall 121199 (2024) Kat:3, Licht: 2","121199","3","2","5","02","18","5","","2","1","1","0","0"
"POINT (13.413630938000040 52.550054271000079)","Unfall 121200 (2024) Kat:3, Licht: 0","121200","3","7","5","02","13","5","","0","1","1","0","0"
"POINT (13.504926834000059 52.510742815000071)","Unfall 121201 (2024) Kat:3, Licht: 0","121201","3","6","2","02","11","5","","0","0","1","0","0"
"POINT (13.407070975000067 52.461920737000071)","Unfall 121202 (2024) Kat:3, Licht: 0","121202","3","6","2","02","09","4","","0","0","1","0","0"
"POINT (13.402335780000044 52.591582424000080)","Unfall 121203 (2024) Kat:3, Licht: 0","121203","3","3","5","02","07","4","","0","1","1","0","0"
"POINT (13.357527981000032 52.487270690000059)","Unfall 121204 (2024) Kat:3, Licht: 1","121204","3","5","0","02","17","3","","1","0","0","0","0"
"POINT (13.316965528000026 52.453905789000032)","Unfall 121205 (2024) Kat:3, Licht: 0","121205","3","6","6","02","17","3","","0","1","0","1","0"
"POINT (13.423036603000071 52.527513087000045)","Unfall 121206 (2024) Kat:3, Licht: 1","121206","3","6","3","02","17","3","","1","1","1","0","0"
"POINT (13.436944705000030 52.534186775000080)","Unfall 121207 (2024) Kat:3, Licht: 0","121207","3","6","2","02","10","3","","0","0","1","0","0"
"POINT (13.453738233000024 52.515944455000067)","Unfall 121208 (2024) Kat:2, Licht: 0","121208","2","2","5","02","07","3","","0","1","1","0","0"
"POINT (13.387594914000033 52.438995313000078)","Unfall 121209 (2024) Kat:3, Licht: 2","121209","3","3","5","02","22","2","","2","0","1","0","0"
"POINT (13.483384047000072 52.577371565000078)","Unfall 121210 (2024) Kat:3, Licht: 0","121210","3","6","2","02","15","2","","0","0","1","0","0"
"POINT (13.402785252000058 52.593150364000053)","Unfall 121211 (2024) Kat:2, Licht: 1","121211","2","3","0","02","17","2","","1","1","1","0","0"
"POINT (13.444860790000064 52.545466890000057)","Unfall 121212 (2024) Kat:3, Licht: 2","121212","3","2","5","02","21","7","","2","0","1","0","0"
"POINT (13.454188066000029 52.515590573000054)","Unfall 121213 (2024) Kat:3, Licht: 0","121213","3","6","2","02","10","7","","0","0","1","0","0"
"POINT (13.289183119000029 52.494168712000032)","Unfall 121214 (2024) Kat:2, Licht: 2","121214","2","1","9","02","02","7","","2","0","1","0","0"
"POINT (13.407074020000039 52.521055342000068)","Unfall 121215 (2024) Kat:3, Licht: 1","121215","3","6","0","02","17","6","","1","0","1","0","0"
"POINT (13.284998448000067 52.514933829000029)","Unfall 121216 (2024) Kat:3, Licht: 0","121216","3","6","2","02","11","6","","0","0","1","0","0"
"POINT (13.418166458000030 52.523860333000073)","Unfall 121217 (2024) Kat:3, Licht: 2","121217","3","5","1","02","19","5","","2","1","1","0","0"
"POINT (13.378273487000058 52.434780678000038)","Unfall 121218 (2024) Kat:3, Licht: 0","121218","3","2","0","02","07","5","","0","0","1","0","1"
"POINT (13.356999403000032 52.486684380000042)","Unfall 121219 (2024) Kat:2, Licht: 2","121219","2","6","3","02","18","4","","2","0","1","0","0"
"POINT (13.340303439000024 52.478629749000049)","Unfall 121220 (2024) Kat:3, Licht: 1","121220","3","6","2","02","18","4","","1","0","1","0","0"
"POINT (13.323725746000036 52.607909179000046)","Unfall 121221 (2024) Kat:3, Licht: 0","121221","3","3","5","02","09","4","","0","0","1","0","0"
"POINT (13.289110492000077 52.510549956000034)","Unfall 121222 (2024) Kat:3, Licht: 2","121222","3","2","5","02","20","3","","2","1","1","0","0"
"POINT (13.301815354000041 52.511180824000064)","Unfall 121223 (2024) Kat:3, Licht: 2","121223","3","2","6","02","20","1","","2","0","1","1","0"
"POINT (13.319319129000064 52.512518792000037)","Unfall 121224 (2024) Kat:3, Licht: 2","121224","3","7","5","02","19","1","","2","0","1","0","0"
"POINT (13.306141798000056 52.511654664000048)","Unfall 121225 (2024) Kat:3, Licht: 2","121225","3","6","3","02","19","7","","2","0","1","0","0"
"POINT (13.385062010000070 52.461501572000032)","Unfall 121226 (2024) Kat:3, Licht: 0","121226","3","3","5","02","14","7","","0","1","1","0","0"
"POINT (13.407109221000042 52.390677160000052)","Unfall 121227 (2024) Kat:3, Licht: 2","121227","3","5","1","02","01","7","","2","0","1","0","0"
"POINT (13.232170276000033 52.506901279000033)","Unfall 121228 (2024) Kat:3, Licht: 0","121228","3","6","2","02","13","7","","0","0","1","0","0"
"POINT (13.367559744000062 52.505112534000034)","Unfall 121229 (2024) Kat:3, Licht: 2","121229","3","6","1","02","21","7","","2","0","1","0","0"
"POINT (13.347757272000024 52.574411122000072)","Unfall 121230 (2024) Kat:3, Licht: 0","121230","3","3","5","02","16","7","","0","0","1","0","0"
"POINT (13.286213215000032 52.494541554000079)","Unfall 121231 (2024) Kat:3, Licht: 0","121231","3","6","2","02","15","6","","0","0","1","0","0"
"POINT (13.324640777000070 52.607015751000063)","Unfall 121232 (2024) Kat:3, Licht: 0","121232","3","3","5","03","15","2","","0","0","1","0","0"
"POINT (13.335143004000031 52.513563110000064)","Unfall 121233 (2024) Kat:2, Licht: 2","121233","2","3","5","02","20","5","","2","1","1","0","0"
"POINT (13.281553079000048 52.498736866000058)","Unfall 121234 (2024) Kat:3, Licht: 2","121234","3","6","2","02","18","5","","2","0","1","0","0"
"POINT (13.331414714000061 52.600529068000071)","Unfall 121235 (2024) Kat:3, Licht: 0","121235","3","6","2","02","14","5","","0","0","1","0","0"
"POINT (13.390532326000027 52.510393796000074)","Unfall 121236 (2024) Kat:2, Licht: 0","121236","2","5","1","02","16","4","","0","1","0","0","0"
"POINT (13.353799310000056 52.479060520000075)","Unfall 121237 (2024) Kat:3, Licht: 2","121237","3","6","0","02","06","4","","2","0","1","0","1"
"POINT (13.296182439000063 52.541850050000050)","Unfall 121238 (2024) Kat:2, Licht: 2","121238","2","1","8","02","00","2","","2","0","1","0","0"
"POINT (13.380741511000053 52.437924201000044)","Unfall 121239 (2024) Kat:2, Licht: 2","121239","2","2","6","02","07","2","","2","0","1","1","0"
"POINT (13.322901508000029 52.512387933000070)","Unfall 121240 (2024) Kat:3, Licht: 0","121240","3","2","5","02","15","1","","0","0","1","0","0"
"POINT (13.284196285000064 52.495985368000049)","Unfall 121241 (2024) Kat:3, Licht: 0","121241","3","6","2","02","12","1","","0","0","1","0","0"
"POINT (13.355422761000057 52.514798297000027)","Unfall 121242 (2024) Kat:3, Licht: 0","121242","3","5","1","02","14","1","","0","1","1","0","0"
"POINT (13.351579902000026 52.480495786000063)","Unfall 121243 (2024) Kat:3, Licht: 0","121243","3","4","0","02","12","7","","0","1","0","1","0"
"POINT (13.350229077000051 52.473457166000060)","Unfall 121244 (2024) Kat:3, Licht: 2","121244","3","6","3","02","22","6","","2","0","1","0","0"
"POINT (13.511942178000027 52.455116896000050)","Unfall 121245 (2024) Kat:2, Licht: 0","121245","2","4","6","02","11","6","","0","0","0","1","0"
"POINT (13.384372355000039 52.452669832000026)","Unfall 121246 (2024) Kat:2, Licht: 0","121246","2","2","5","02","12","6","","0","0","1","0","0"
"POINT (13.354051800000036 52.479082595000079)","Unfall 121247 (2024) Kat:3, Licht: 0","121247","3","4","6","02","15","6","","0","0","1","1","0"
"POINT (13.368684127000051 52.515640135000069)","Unfall 121248 (2024) Kat:3, Licht: 0","121248","3","7","0","02","11","5","","0","1","0","0","0"
"POINT (13.386017314000071 52.444793888000049)","Unfall 121249 (2024) Kat:3, Licht: 0","121249","3","6","0","02","16","5","","0","0","0","0","1"
"POINT (13.289243332000069 52.510558339000056)","Unfall 121250 (2024) Kat:2, Licht: 0","121250","2","2","5","02","12","5","","0","0","1","0","0"
"POINT (13.316398911000022 52.617099574000065)","Unfall 121251 (2024) Kat:3, Licht: 1","121251","3","2","6","02","07","5","","1","0","1","1","0"
"POINT (13.414857751000056 52.554538294000054)","Unfall 121252 (2024) Kat:3, Licht: 1","121252","3","2","5","01","07","4","","1","1","1","0","0"
"POINT (13.364519109000071 52.501728501000059)","Unfall 121253 (2024) Kat:3, Licht: 1","121253","3","6","2","01","17","4","","1","0","1","0","0"
"POINT (13.414792258000034 52.555041103000065)","Unfall 121254 (2024) Kat:3, Licht: 1","121254","3","2","5","01","16","4","","1","0","0","0","0"
"POINT (13.126169573000027 52.478541601000074)","Unfall 121255 (2024) Kat:3, Licht: 1","121255","3","3","5","01","07","3","","1","1","1","0","0"
"POINT (13.558187468000028 52.562768258000062)","Unfall 121256 (2024) Kat:3, Licht: 2","121256","3","3","5","01","20","3","","2","0","1","0","0"
"POINT (13.388242239000022 52.493542859000058)","Unfall 121257 (2024) Kat:2, Licht: 1","121257","2","4","6","01","18","3","","1","0","1","1","0"
"POINT (13.419562829000029 52.525150030000077)","Unfall 121258 (2024) Kat:3, Licht: 2","121258","3","6","2","01","21","3","","2","0","1","0","0"
"POINT (13.388610709000034 52.436370972000077)","Unfall 121259 (2024) Kat:2, Licht: 0","121259","2","7","6","01","14","2","","0","0","1","1","0"
"POINT (13.457775834000074 52.491640943000050)","Unfall 121260 (2024) Kat:3, Licht: 0","121260","3","2","5","01","10","2","","0","0","1","0","0"
"POINT (13.404486020000036 52.462655583000071)","Unfall 121261 (2024) Kat:3, Licht: 2","121261","3","6","3","01","05","2","","2","0","1","0","0"
"POINT (13.280774592000057 52.441172543000050)","Unfall 121262 (2024) Kat:3, Licht: 1","121262","3","6","3","01","17","1","","1","1","1","0","0"
"POINT (13.276727886000060 52.509594589000073)","Unfall 121263 (2024) Kat:3, Licht: 2","121263","3","2","5","01","16","1","","2","1","1","0","0"
"POINT (13.379244149000044 52.509686897000051)","Unfall 121264 (2024) Kat:3, Licht: 2","121264","3","5","1","01","19","7","","2","1","1","0","0"
"POINT (13.419022789000053 52.539899214000059)","Unfall 121265 (2024) Kat:3, Licht: 2","121265","3","5","5","01","00","7","","2","1","1","0","0"
"POINT (13.284568136000075 52.515991087000032)","Unfall 121266 (2024) Kat:3, Licht: 2","121266","3","1","2","01","18","7","","2","0","1","0","0"
"POINT (13.427485680000075 52.628803264000055)","Unfall 121267 (2024) Kat:2, Licht: 2","121267","2","6","2","01","21","7","","2","0","1","0","0"
"POINT (13.436868067000034 52.517607337000072)","Unfall 121268 (2024) Kat:3, Licht: 0","121268","3","6","2","01","13","7","","0","0","1","0","0"
"POINT (13.294848920000049 52.491470908000053)","Unfall 121269 (2024) Kat:3, Licht: 0","121269","3","6","2","01","12","6","","0","0","1","0","0"
"POINT (13.333622273000060 52.477936720000059)","Unfall 121270 (2024) Kat:3, Licht: 0","121270","3","1","8","01","10","6","","0","0","1","0","0"
"POINT (13.455615642000055 52.461987911000051)","Unfall 121271 (2024) Kat:3, Licht: 0","121271","3","6","3","01","08","6","","0","0","1","0","0"
"POINT (13.493869913000026 52.467298746000040)","Unfall 121272 (2024) Kat:3, Licht: 2","121272","3","4","6","01","20","4","","2","0","1","1","0"
"POINT (13.292465727000035 52.534944327000062)","Unfall 121273 (2024) Kat:2, Licht: 2","121273","2","6","2","01","23","5","","2","0","1","0","0"
"POINT (13.493143433000057 52.467790009000055)","Unfall 121274 (2024) Kat:3, Licht: 2","121274","3","2","2","01","17","5","","2","0","1","0","0"
"POINT (13.304671973000040 52.573724655000035)","Unfall 121275 (2024) Kat:3, Licht: 2","121275","3","6","2","01","06","5","","2","0","1","0","0"
"POINT (13.459232477000057 52.492984133000050)","Unfall 121276 (2024) Kat:3, Licht: 0","121276","3","2","5","01","12","5","","0","0","1","0","0"
"POINT (13.283943918000034 52.507624024000052)","Unfall 121277 (2024) Kat:3, Licht: 0","121277","3","6","2","01","10","5","","0","0","1","0","0"
"POINT (13.368571597000027 52.541158800000062)","Unfall 121278 (2024) Kat:3, Licht: 2","121278","3","2","5","01","20","5","","2","0","1","0","0"
"POINT (13.358971083000029 52.489159706000066)","Unfall 121279 (2024) Kat:3, Licht: 0","121279","3","6","2","03","15","2","","0","0","1","0","0"
"POINT (13.200183095000057 52.440279746000044)","Unfall 121280 (2024) Kat:3, Licht: 0","121280","3","6","2","01","07","5","","0","0","1","0","0"
"POINT (13.492260411000075 52.468384906000040)","Unfall 121281 (2024) Kat:3, Licht: 0","121281","3","6","2","01","12","4","","0","0","1","0","0"
"POINT (13.398991580000029 52.573440827000070)","Unfall 121282 (2024) Kat:3, Licht: 0","121282","3","7","5","01","08","3","","0","0","1","0","0"
"POINT (13.403498247000073 52.582897623000065)","Unfall 121283 (2024) Kat:3, Licht: 2","121283","3","4","6","01","17","2","","2","0","1","1","0"
"POINT (13.386440475000029 52.489512565000041)","Unfall 121284 (2024) Kat:3, Licht: 1","121284","3","6","2","01","16","2","","1","0","1","0","0"
"POINT (13.355091815000037 52.485447996000062)","Unfall 121285 (2024) Kat:3, Licht: 2","121285","3","5","1","01","19","2","","2","1","1","0","0"
"POINT (13.381834695000066 52.439265112000044)","Unfall 121286 (2024) Kat:3, Licht: 1","121286","3","2","5","01","15","2","","1","1","1","0","0"
"POINT (13.418419577000066 52.523595699000055)","Unfall 121287 (2024) Kat:3, Licht: 1","121287","3","6","2","01","16","1","","1","0","1","0","0"
"POINT (13.419878761000064 52.525435039000058)","Unfall 121288 (2024) Kat:3, Licht: 2","121288","3","2","6","01","23","1","","2","0","0","1","0"
"POINT (13.372294057000033 52.505004994000046)","Unfall 121289 (2024) Kat:3, Licht: 0","121289","3","6","2","01","14","7","","0","0","1","0","0"
"POINT (13.394362813000043 52.426205225000047)","Unfall 121290 (2024) Kat:3, Licht: 0","121290","3","6","0","01","13","6","","0","0","1","0","0"
"POINT (13.275175420000039 52.439612513000043)","Unfall 121291 (2024) Kat:3, Licht: 0","121291","3","6","2","01","10","6","","0","0","1","0","0"
"POINT (13.386037391000059 52.481965359000071)","Unfall 121292 (2024) Kat:3, Licht: 0","121292","3","6","2","01","08","6","","0","0","1","0","0"
"POINT (13.448168841000040 52.546970632000068)","Unfall 121293 (2024) Kat:2, Licht: 0","121293","2","6","3","01","13","6","","0","1","1","0","0"
"POINT (13.302794051000035 52.550611366000055)","Unfall 121294 (2024) Kat:3, Licht: 0","121294","3","6","3","01","12","6","","0","0","1","0","0"
"POINT (13.333159493000039 52.594177860000059)","Unfall 121295 (2024) Kat:2, Licht: 0","121295","2","3","5","01","13","5","","0","0","1","0","0"
"POINT (13.385759170000028 52.480038677000039)","Unfall 121296 (2024) Kat:3, Licht: 0","121296","3","6","2","01","14","4","","0","0","1","0","0"
"POINT (13.558143874000052 52.562713915000074)","Unfall 121297 (2024) Kat:3, Licht: 2","121297","3","3","5","01","19","4","","2","0","1","0","0"
"POINT (13.498120454000059 52.464495301000056)","Unfall 121298 (2024) Kat:3, Licht: 2","121298","3","7","0","01","22","3","","2","0","1","0","0"
"POINT (13.316889634000063 52.453882798000052)","Unfall 121299 (2024) Kat:3, Licht: 0","121299","3","6","2","01","15","3","","0","0","1","0","0"
"POINT (13.376003185000059 52.429977573000031)","Unfall 121300 (2024) Kat:3, Licht: 0","121300","3","6","2","01","07","3","","0","0","1","0","0"
"POINT (13.401730209000050 52.588066272000049)","Unfall 121301 (2024) Kat:3, Licht: 2","121301","3","4","6","01","18","3","","2","0","1","1","0"
"POINT (13.304413085000022 52.511538739000059)","Unfall 121302 (2024) Kat:3, Licht: 0","121302","3","2","5","01","15","3","","0","1","1","0","0"
"POINT (13.505333202000031 52.430287960000044)","Unfall 121303 (2024) Kat:2, Licht: 0","121303","2","6","2","02","07","2","","0","0","1","0","0"
"POINT (13.278119336000032 52.509853873000054)","Unfall 121304 (2024) Kat:3, Licht: 0","121304","3","3","5","01","15","2","","0","1","1","0","0"
"POINT (13.376246789000049 52.516118482000081)","Unfall 121305 (2024) Kat:3, Licht: 0","121305","3","4","6","01","14","2","","0","0","1","1","0"
"POINT (13.365144735000058 52.502451750000034)","Unfall 121306 (2024) Kat:3, Licht: 2","121306","3","6","2","01","17","2","","2","0","1","0","0"
"POINT (13.444882955000026 52.545735855000032)","Unfall 121307 (2024) Kat:3, Licht: 2","121307","3","4","6","01","18","1","","2","0","1","1","0"
"POINT (13.384428163000052 52.452380253000058)","Unfall 121308 (2024) Kat:3, Licht: 0","121308","3","6","3","01","11","1","","0","1","0","0","0"
"POINT (13.225728100000026 52.430085633000033)","Unfall 121309 (2024) Kat:3, Licht: 0","121309","3","6","3","01","11","1","","0","0","1","0","0"
"POINT (13.452858524000021 52.518111683000029)","Unfall 121310 (2024) Kat:2, Licht: 2","121310","2","1","0","01","23","7","","2","1","0","0","0"
"POINT (13.326466334000031 52.512974406000069)","Unfall 121311 (2024) Kat:2, Licht: 2","121311","2","6","2","01","22","7","","2","0","1","0","0"
"POINT (13.175402052000038 52.419811161000041)","Unfall 121312 (2024) Kat:3, Licht: 2","121312","3","2","6","01","18","7","","2","0","1","1","0"
"POINT (13.419584449000070 52.525170178000053)","Unfall 121313 (2024) Kat:3, Licht: 0","121313","3","6","2","01","13","6","","0","0","1","0","0"
"POINT (13.364856487000054 52.473080704000040)","Unfall 121314 (2024) Kat:3, Licht: 2","121314","3","6","2","01","17","5","","2","0","1","0","0"
"POINT (13.307237978000046 52.511533689000032)","Unfall 121315 (2024) Kat:3, Licht: 0","121315","3","5","1","01","09","3","","0","0","1","0","0"
"POINT (13.275324409000063 52.439658712000039)","Unfall 121316 (2024) Kat:3, Licht: 2","121316","3","5","1","01","22","5","","2","0","1","0","0"
"POINT (13.281545238000035 52.505201868000029)","Unfall 121317 (2024) Kat:3, Licht: 0","121317","3","6","3","01","14","5","","0","0","1","0","0"
"POINT (13.368752079000046 52.541296644000056)","Unfall 121318 (2024) Kat:3, Licht: 2","121318","3","6","2","01","00","5","","2","0","1","0","0"
"POINT (13.453837113000077 52.514774227000032)","Unfall 121319 (2024) Kat:3, Licht: 0","121319","3","6","2","02","14","5","","0","0","1","0","1"
"POINT (13.439325494000059 52.541769151000040)","Unfall 121320 (2024) Kat:3, Licht: 1","121320","3","2","5","01","06","4","","1","1","1","0","0"
"POINT (13.374269062000053 52.509229636000043)","Unfall 121321 (2024) Kat:3, Licht: 0","121321","3","4","6","01","13","4","","0","1","0","1","0"
"POINT (13.285505303000036 52.512615180000068)","Unfall 121322 (2024) Kat:2, Licht: 2","121322","2","7","0","01","17","3","","2","0","0","0","0"
"POINT (13.479446211000038 52.627231380000069)","Unfall 121323 (2024) Kat:3, Licht: 0","121323","3","1","2","01","10","3","","0","0","1","0","0"
"POINT (13.372016585000040 52.505132103000051)","Unfall 121324 (2024) Kat:3, Licht: 1","121324","3","3","5","01","06","3","","1","0","1","0","0"
"POINT (13.553824074000033 52.556996852000054)","Unfall 121325 (2024) Kat:3, Licht: 0","121325","3","7","6","01","11","3","","0","0","1","1","0"
"POINT (13.286738057000036 52.593007037000064)","Unfall 121326 (2024) Kat:3, Licht: 0","121326","3","6","2","01","10","3","","0","0","0","0","0"
"POINT (13.347654708000050 52.574493690000054)","Unfall 121327 (2024) Kat:2, Licht: 2","121327","2","2","6","01","22","1","","2","0","1","1","0"
"POINT (13.289614029000063 52.532926238000073)","Unfall 121328 (2024) Kat:3, Licht: 2","121328","3","6","2","01","17","1","","2","0","1","0","0"
"POINT (13.493346908000035 52.511723719000031)","Unfall 121329 (2024) Kat:3, Licht: 2","121329","3","6","2","01","18","7","","2","0","1","0","0"
"POINT (13.333346535000032 52.594190685000058)","Unfall 121330 (2024) Kat:2, Licht: 2","121330","2","1","9","01","19","7","","2","0","1","0","0"
"POINT (13.268456577000052 52.495494995000058)","Unfall 121331 (2024) Kat:3, Licht: 2","121331","3","6","3","01","17","7","","2","0","1","0","0"
"POINT (13.293882824000036 52.510851315000082)","Unfall 121332 (2024) Kat:3, Licht: 0","121332","3","4","0","01","12","7","","0","1","0","1","0"
"POINT (13.515368651000074 52.452825615000052)","Unfall 121333 (2024) Kat:3, Licht: 0","121333","3","3","5","01","14","6","","0","1","1","0","0"
"POINT (13.311697713000058 52.480618372000038)","Unfall 121334 (2024) Kat:3, Licht: 0","121334","3","6","2","01","14","6","","0","0","1","0","0"
"POINT (13.314152167000032 52.479278837000038)","Unfall 121335 (2024) Kat:3, Licht: 2","121335","3","6","2","01","16","6","","2","0","1","0","0"
"POINT (13.364674406000063 52.561139113000081)","Unfall 121336 (2024) Kat:3, Licht: 2","121336","3","6","2","01","16","6","","2","0","1","0","0"
"POINT (13.404587276000029 52.520020496000029)","Unfall 121337 (2024) Kat:3, Licht: 1","121337","3","2","0","01","19","5","","1","1","1","0","0"
"POINT (13.340684239000041 52.478634135000050)","Unfall 121338 (2024) Kat:3, Licht: 2","121338","3","6","2","01","19","5","","2","0","1","0","0"
"POINT (13.522342552000055 52.509530473000041)","Unfall 121339 (2024) Kat:3, Licht: 0","121339","3","6","2","01","13","5","","0","0","1","0","0"
"POINT (13.377798375000054 52.433787992000077)","Unfall 121340 (2024) Kat:3, Licht: 2","121340","3","2","6","01","06","4","","2","0","1","1","0"
"POINT (13.286852148000037 52.532271651000030)","Unfall 121341 (2024) Kat:3, Licht: 2","121341","3","1","8","01","20","3","","2","0","1","0","0"
"POINT (13.389222235000034 52.435294921000036)","Unfall 121342 (2024) Kat:3, Licht: 0","121342","3","2","5","01","08","3","","0","0","1","0","0"
"POINT (13.398243783000055 52.578802731000053)","Unfall 121343 (2024) Kat:3, Licht: 0","121343","3","4","6","01","14","3","","0","0","1","1","0"
"POINT (13.473448675000043 52.513910063000026)","Unfall 121344 (2024) Kat:2, Licht: 2","121344","2","2","6","01","18","3","","2","0","1","1","0"
"POINT (13.299838300000033 52.511241067000071)","Unfall 121345 (2024) Kat:3, Licht: 2","121345","3","3","2","01","18","3","","2","1","1","0","0"
"POINT (13.365489771000057 52.558028757000045)","Unfall 121346 (2024) Kat:3, Licht: 0","121346","3","3","5","01","11","3","","0","1","1","0","0"
"POINT (13.434591528000055 52.535610564000081)","Unfall 121347 (2024) Kat:3, Licht: 2","121347","3","3","5","03","21","4","","2","1","1","0","0"
"POINT (13.560364504000063 52.562252220000062)","Unfall 121348 (2024) Kat:3, Licht: 2","121348","3","3","5","01","16","3","","2","0","1","0","0"
"POINT (13.310309181000036 52.481693866000057)","Unfall 121351 (2024) Kat:3, Licht: 0","121351","3","6","2","03","14","3","","0","0","1","0","0"
"POINT (13.295461609000029 52.491108119000046)","Unfall 121355 (2024) Kat:2, Licht: 0","121355","2","6","2","01","15","4","","0","0","1","0","0"
"POINT (13.286761654000031 52.494381897000039)","Unfall 121468 (2024) Kat:3, Licht: 2","121468","3","1","9","01","23","1","","2","0","1","0","0"
"POINT (13.401677547000077 52.589852640000061)","Unfall 121534 (2024) Kat:3, Licht: 2","121534","3","6","2","01","16","7","","2","0","1","0","0"
"POINT (13.472083636000036 52.446264210000038)","Unfall 121581 (2024) Kat:3, Licht: 1","121581","3","6","2","01","15","4","","1","0","1","0","0"
"POINT (13.283678350000059 52.597608532000038)","Unfall 121583 (2024) Kat:3, Licht: 1","121583","3","1","9","02","07","3","","1","0","1","0","0"
"POINT (13.454229767000072 52.515787907000060)","Unfall 121584 (2024) Kat:3, Licht: 2","121584","3","2","5","02","18","1","","2","0","1","0","0"
"POINT (13.358444722000058 52.488591966000058)","Unfall 121622 (2024) Kat:3, Licht: 0","121622","3","3","0","03","15","3","","0","1","1","0","0"
"POINT (13.284269638000069 52.509508448000076)","Unfall 121637 (2024) Kat:3, Licht: 2","121637","3","6","2","01","17","1","","2","0","1","0","0"
"POINT (13.298306837000041 52.545364124000059)","Unfall 121645 (2024) Kat:3, Licht: 0","121645","3","6","2","03","07","3","","0","0","1","0","1"
"POINT (13.368409230000054 52.541062992000036)","Unfall 121661 (2024) Kat:2, Licht: 2","121661","2","3","5","02","18","5","","2","0","1","0","0"
"POINT (13.364169779000065 52.501324649000026)","Unfall 121710 (2024) Kat:3, Licht: 2","121710","3","6","2","02","19","5","","2","0","1","0","0"
"POINT (13.418425467000077 52.523601087000031)","Unfall 121748 (2024) Kat:3, Licht: 1","121748","3","6","2","01","16","1","","1","0","1","0","0"