WKT,Name,OBJECTID,UKATEGORIE,UTYP1,UART,UMONAT,USTUNDE,UWOCHENTAG,STRZUSTAND,ULICHTVERH,ISTRAD,ISTPKW,ISTFUSS,ISTKRAD
"POINT (13.444676877000063 52.545641236000051)","Unfall 121757 (2024) Kat:2, Licht: 0","121757","2","2","5","03","08","2","","0","1","0","0","0"
"POINT (13.359038318000046 52.474318971000059)","Unfall 121874 (2024) Kat:3, Licht: 0","121874","3","3","5","03","16","5","","0","0","1","0","0"
"POINT (13.292316661000029 52.493107180000038)","Unfall 121932 (2024) Kat:3, Licht: 0","121932","3","6","2","03","16","1","","0","0","1","0","0"
"POINT (13.379789473000073 52.437001993000081)","Unfall 121937 (2024) Kat:3, Licht: 0","121937","3","6","2","03","11","4","","0","0","1","0","0"
"POINT (13.326577273000055 52.538385696000034)","Unfall 121938 (2024) Kat:3, Licht: 1","121938","3","6","3","02","06","2","","1","0","1","0","0"
"POINT (13.438948797000023 52.541049268000052)","Unfall 121959 (2024) Kat:2, Licht: 0","121959","2","4","6","02","11","3","","0","0","0","1","0"
"POINT (13.192405497000038 52.432661967000058)","Unfall 122112 (2024) Kat:3, Licht: 0","122112","3","6","2","01","07","4","","0","0","1","0","0"
"POINT (13.301458898000021 52.511347607000062)","Unfall 122115 (2024) Kat:3, Licht: 0","122115","3","3","5","01","08","4","","0","0","1","0","0"
"POINT (13.453184877000069 52.500985953000054)","Unfall 122246 (2024) Kat:3, Licht: 0","122246","3","7","5","01","13","2","","0","1","1","0","0"
"POINT (13.296541169000022 52.490751548000048)","Unfall 122254 (2024) Kat:3, Licht: 2","122254","3","6","2","01","06","4","","2","0","1","0","0"
"POINT (13.451142321000077 52.508802588000037)","Unfall 122286 (2024) Kat:3, Licht: 2","122286","3","5","1","03","19","5","","2","1","1","0","0"
"POINT (13.403940285000033 52.519465568000044)","Unfall 122307 (2024) Kat:3, Licht: 0","122307","3","1","0","02","14","3","","0","0","0","0","0"
"POINT (13.505229340000028 52.510723736000045)","Unfall 122326 (2024) Kat:3, Licht: 1","122326","3","6","2","01","06","4","","1","0","1","0","0"
"POINT (13.376418628000067 52.430860281000037)","Unfall 122345 (2024) Kat:3, Licht: 0","122345","3","2","5","02","09","7","","0","0","1","0","0"
"POINT (13.459459505000041 52.490509317000033)","Unfall 122426 (2024) Kat:3, Licht: 2","122426","3","1","8","03","01","7","","2","0","1","0","0"
"POINT (13.365078037000046 52.472979367000050)","Unfall 122562 (2024) Kat:3, Licht: 0","122562","3","6","2","03","08","2","","0","0","1","0","0"
"POINT (13.414097145000028 52.550703312000053)","Unfall 122565 (2024) Kat:2, Licht: 2","122565","2","6","2","02","18","5","","2","1","1","1","0"
"POINT (13.347839064000027 52.574334827000030)","Unfall 122632 (2024) Kat:3, Licht: 0","122632","3","2","5","03","16","3","","0","0","1","0","0"
"POINT (13.308528254000066 52.557052788000078)","Unfall 122641 (2024) Kat:3, Licht: 2","122641","3","6","2","02","05","2","","2","0","1","0","0"
"POINT (13.287919250000073 52.532873179000035)","Unfall 122667 (2024) Kat:3, Licht: 0","122667","3","6","2","02","07","2","","0","0","1","0","0"
"POINT (13.281215067000062 52.498794763000035)","Unfall 122674 (2024) Kat:3, Licht: 0","122674","3","6","2","01","09","6","","0","0","1","0","0"
"POINT (13.389143519000072 52.497997839000050)","Unfall 122743 (2024) Kat:2, Licht: 2","122743","2","4","6","01","05","2","","2","0","1","1","0"
"POINT (13.477089667000030 52.513551010000072)","Unfall 122757 (2024) Kat:3, Licht: 0","122757","3","4","6","01","10","2","","0","0","1","1","0"
"POINT (13.336311091000027 52.478374744000064)","Unfall 122799 (2024) Kat:3, Licht: 0","122799","3","6","2","03","07","2","","0","0","1","0","0"
"POINT (13.260044264000044 52.435211767000055)","Unfall 122885 (2024) Kat:2, Licht: 0","122885","2","6","2","01","08","4","","0","0","1","0","0"
"POINT (13.196011681000073 52.436695400000076)","Unfall 122922 (2024) Kat:3, Licht: 0","122922","3","6","2","02","11","7","","0","0","1","0","0"
"POINT (13.348581318000072 52.481875363000029)","Unfall 122970 (2024) Kat:2, Licht: 0","122970","2","2","6","02","10","5","","0","0","1","1","0"
"POINT (13.406674757000076 52.396813987000030)","Unfall 124876 (2024) Kat:3, Licht: 2","124876","3","4","6","12","17","3","","2","0","0","1","0"
"POINT (13.385490699000059 52.467675473000043)","Unfall 124878 (2024) Kat:3, Licht: 2","124878","3","1","0","12","19","2","","2","0","0","0","1"
"POINT (13.308275983000044 52.482481356000051)","Unfall 124879 (2024) Kat:2, Licht: 2","124879","2","1","2","12","01","1","","2","0","1","0","0"
"POINT (13.358952158000022 52.488830417000031)","Unfall 124880 (2024) Kat:3, Licht: 2","124880","3","7","5","12","18","7","","2","0","1","0","1"
"POINT (13.548467749000054 52.551120152000067)","Unfall 124884 (2024) Kat:3, Licht: 0","124884","3","6","2","12","14","6","","0","0","1","0","0"
"POINT (13.402791158000070 52.593171965000067)","Unfall 124885 (2024) Kat:3, Licht: 1","124885","3","3","5","12","15","6","","1","1","1","0","0"
"POINT (13.447775172000036 52.525912054000059)","Unfall 124887 (2024) Kat:3, Licht: 2","124887","3","5","1","12","17","4","","2","1","1","0","0"
"POINT (13.215423853000061 52.427701646000060)","Unfall 124888 (2024) Kat:3, Licht: 2","124888","3","6","2","12","16","2","","2","0","1","0","0"
"POINT (13.477110297000024 52.513548991000050)","Unfall 124889 (2024) Kat:3, Licht: 0","124889","3","1","0","12","12","2","","0","0","0","0","0"
"POINT (13.354635708000046 52.485421289000044)","Unfall 124890 (2024) Kat:3, Licht: 2","124890","3","6","2","12","19","1","","2","0","1","0","0"
"POINT (13.415582280000024 52.540631876000077)","Unfall 124892 (2024) Kat:3, Licht: 2","124892","3","4","6","12","06","1","","2","0","0","1","0"
"POINT (13.429237301000057 52.537623950000068)","Unfall 124893 (2024) Kat:3, Licht: 2","124893","3","6","2","12","19","1","","2","0","1","0","0"
"POINT (13.285828120000076 52.494700627000043)","Unfall 124894 (2024) Kat:3, Licht: 2","124894","3","6","2","12","17","7","","2","0","1","0","1"
"POINT (13.348597639000047 52.574137400000041)","Unfall 124896 (2024) Kat:2, Licht: 2","124896","2","4","6","12","16","7","","2","0","1","1","0"
"POINT (13.451412318000052 52.509374248000029)","Unfall 124898 (2024) Kat:3, Licht: 0","124898","3","5","1","12","08","6","","0","1","1","0","0"
"POINT (13.431745355000032 52.534874398000056)","Unfall 124899 (2024) Kat:3, Licht: 2","124899","3","1","3","12","21","5","","2","1","0","0","0"
"POINT (13.486853140000051 52.624481093000043)","Unfall 124901 (2024) Kat:3, Licht: 2","124901","3","1","8","12","19","5","","2","0","1","0","0"
"POINT (13.379274047000024 52.436342650000029)","Unfall 124903 (2024) Kat:3, Licht: 0","124903","3","6","3","12","11","5","","0","0","1","0","0"
"POINT (13.620522805000064 52.504217347000065)","Unfall 124906 (2024) Kat:2, Licht: 2","124906","2","3","5","12","22","5","","2","0","1","0","0"
"POINT (13.321652565000022 52.537286789000063)","Unfall 124907 (2024) Kat:3, Licht: 2","124907","3","6","2","12","17","5","","2","0","1","0","0"
"POINT (13.419990171000052 52.524993981000080)","Unfall 124908 (2024) Kat:3, Licht: 2","124908","3","2","6","12","22","4","","2","0","1","1","0"
"POINT (13.622946303000049 52.504055433000076)","Unfall 124909 (2024) Kat:3, Licht: 2","124909","3","7","5","12","18","4","","2","0","1","0","0"
"POINT (13.411402205000059 52.518971414000077)","Unfall 124910 (2024) Kat:3, Licht: 0","124910","3","6","3","12","11","4","","0","0","1","0","0"
"POINT (13.500314245000027 52.463019837000047)","Unfall 124911 (2024) Kat:3, Licht: 0","124911","3","3","5","12","14","3","","0","1","1","0","0"
"POINT (13.419743126000071 52.525312627000062)","Unfall 124913 (2024) Kat:3, Licht: 2","124913","3","2","5","12","07","3","","2","0","1","0","0"
"POINT (13.581587136000053 52.505085693000069)","Unfall 124915 (2024) Kat:3, Licht: 2","124915","3","6","2","12","18","2","","2","0","1","0","0"
"POINT (13.269410690000029 52.437625530000048)","Unfall 124917 (2024) Kat:3, Licht: 0","124917","3","3","5","12","15","2","","0","0","1","0","0"
"POINT (13.288814543000058 52.532754180000040)","Unfall 124918 (2024) Kat:3, Licht: 0","124918","3","7","2","12","10","2","","0","0","1","0","0"
"POINT (13.324790152000048 52.457847836000042)","Unfall 124920 (2024) Kat:3, Licht: 2","124920","3","6","2","12","17","1","","2","0","1","0","0"
"POINT (13.179194545000030 52.516627834000076)","Unfall 124922 (2024) Kat:3, Licht: 2","124922","3","3","5","12","17","1","","2","0","1","0","0"
"POINT (13.340536191000069 52.478779686000053)","Unfall 124924 (2024) Kat:3, Licht: 2","124924","3","6","3","12","15","1","","2","0","1","0","0"
"POINT (13.277977811000028 52.509844762000057)","Unfall 124925 (2024) Kat:2, Licht: 2","124925","2","7","6","12","16","1","","2","0","1","1","0"
"POINT (13.387958995000076 52.493530137000050)","Unfall 124927 (2024) Kat:2, Licht: 2","124927","2","7","6","12","04","7","","2","0","1","1","0"
"POINT (13.451290760000063 52.548467939000034)","Unfall 124929 (2024) Kat:3, Licht: 2","124929","3","4","0","12","17","6","","2","0","0","1","0"
"POINT (13.301660843000036 52.511170884000080)","Unfall 124930 (2024) Kat:3, Licht: 2","124930","3","3","5","12","15","5","","2","0","1","0","0"
"POINT (13.403686490000041 52.569092679000050)","Unfall 124932 (2024) Kat:3, Licht: 0","124932","3","7","6","12","14","4","","0","1","0","1","0"
"POINT (13.457996002000073 52.492075100000079)","Unfall 124933 (2024) Kat:3, Licht: 2","124933","3","3","5","12","21","3","","2","0","0","0","0"
"POINT (13.386344272000031 52.442679661000057)","Unfall 124934 (2024) Kat:3, Licht: 2","124934","3","6","0","12","19","3","","2","0","1","0","1"
"POINT (13.428283221000072 52.531898412000032)","Unfall 124936 (2024) Kat:3, Licht: 1","124936","3","2","5","12","17","3","","1","1","1","0","0"
"POINT (13.500121139000044 52.621035957000061)","Unfall 124939 (2024) Kat:3, Licht: 0","124939","3","6","2","12","14","3","","0","0","1","0","0"
"POINT (13.508916470000031 52.457213421000063)","Unfall 124940 (2024) Kat:2, Licht: 0","124940","2","4","6","12","11","2","","0","0","0","1","0"
"POINT (13.455876825000075 52.461591607000059)","Unfall 124942 (2024) Kat:2, Licht: 0","124942","2","6","3","12","10","2","","0","0","1","0","0"
"POINT (13.348554095000054 52.482044378000069)","Unfall 124943 (2024) Kat:3, Licht: 2","124943","3","6","2","12","19","2","","2","0","1","0","0"
"POINT (13.281248295000069 52.504388954000035)","Unfall 124945 (2024) Kat:3, Licht: 2","124945","3","1","8","12","18","2","","2","0","1","0","0"
"POINT (13.349975324000070 52.481191123000031)","Unfall 124946 (2024) Kat:3, Licht: 2","124946","3","4","6","12","17","2","","2","0","1","1","0"
"POINT (13.448879986000065 52.463397395000072)","Unfall 124948 (2024) Kat:3, Licht: 2","124948","3","6","2","12","16","2","","2","0","1","0","0"
"POINT (13.493203552000068 52.467749356000070)","Unfall 124949 (2024) Kat:3, Licht: 0","124949","3","6","2","12","13","2","","0","0","1","0","0"
"POINT (13.444672184000069 52.545639082000037)","Unfall 124950 (2024) Kat:3, Licht: 0","124950","3","3","5","12","09","2","","0","1","1","0","0"
"POINT (13.370336352000038 52.539866566000057)","Unfall 124951 (2024) Kat:3, Licht: 2","124951","3","3","5","12","23","2","","2","0","1","0","0"
"POINT (13.413739749000058 52.540869077000082)","Unfall 124952 (2024) Kat:3, Licht: 0","124952","3","7","0","12","11","1","","0","0","1","0","0"
"POINT (13.399374649000038 52.607236937000039)","Unfall 124955 (2024) Kat:3, Licht: 2","124955","3","5","1","12","19","1","","2","0","1","0","0"
"POINT (13.262248977000070 52.490378920000069)","Unfall 124956 (2024) Kat:3, Licht: 2","124956","3","6","2","12","17","1","","2","0","1","0","0"
"POINT (13.420009778000065 52.525544906000050)","Unfall 124957 (2024) Kat:3, Licht: 0","124957","3","7","6","12","12","7","","0","1","0","1","0"
"POINT (13.352546914000072 52.480071769000062)","Unfall 124958 (2024) Kat:3, Licht: 2","124958","3","6","2","12","21","7","","2","0","1","0","0"
"POINT (13.465912148000029 52.514530053000044)","Unfall 124960 (2024) Kat:3, Licht: 2","124960","3","4","6","12","18","7","","2","0","1","1","0"
"POINT (13.193638806000024 52.421233862000065)","Unfall 124961 (2024) Kat:3, Licht: 2","124961","3","6","3","12","16","7","","2","0","1","0","0"
"POINT (13.358038540000052 52.488127484000074)","Unfall 124962 (2024) Kat:3, Licht: 1","124962","3","2","5","12","15","6","","1","1","1","0","0"
"POINT (13.433345090000046 52.536208086000045)","Unfall 124963 (2024) Kat:3, Licht: 2","124963","3","3","5","12","20","6","","2","1","1","0","0"
"POINT (13.389242000000024 52.497573418000059)","Unfall 124964 (2024) Kat:3, Licht: 2","124964","3","2","5","12","16","6","","2","0","1","0","1"
"POINT (13.278600036000057 52.499646350000035)","Unfall 124965 (2024) Kat:3, Licht: 0","124965","3","6","3","12","15","6","","0","0","1","0","0"
"POINT (13.369750463000059 52.542493062000062)","Unfall 124966 (2024) Kat:3, Licht: 0","124966","3","5","1","12","12","6","","0","1","1","0","0"
"POINT (13.424039344000050 52.528600704000041)","Unfall 124967 (2024) Kat:3, Licht: 2","124967","3","6","3","12","19","5","","2","0","1","0","0"
"POINT (13.432860269000059 52.461853641000062)","Unfall 124968 (2024) Kat:3, Licht: 2","124968","3","6","2","12","19","5","","2","0","1","0","0"
"POINT (13.385049854000044 52.469856914000047)","Unfall 124969 (2024) Kat:3, Licht: 2","124969","3","6","2","12","18","5","","2","0","1","0","0"
"POINT (13.198950903000025 52.512620588000061)","Unfall 124970 (2024) Kat:3, Licht: 2","124970","3","6","2","12","06","5","","2","0","1","0","0"
"POINT (13.453744873000062 52.515925434000053)","Unfall 124972 (2024) Kat:2, Licht: 0","124972","2","2","5","12","12","4","","0","1","1","0","0"
"POINT (13.260740155000065 52.434947534000059)","Unfall 124973 (2024) Kat:3, Licht: 0","124973","3","4","6","12","08","4","","0","1","0","1","0"
"POINT (13.454214839000031 52.515652846000080)","Unfall 124975 (2024) Kat:3, Licht: 2","124975","3","3","5","12","23","3","","2","0","1","0","0"
"POINT (13.401960018000068 52.464843885000050)","Unfall 124977 (2024) Kat:3, Licht: 2","124977","3","6","2","12","16","3","","2","0","1","0","0"
"POINT (13.283857709000074 52.507498097000052)","Unfall 124979 (2024) Kat:3, Licht: 2","124979","3","6","2","12","20","3","","2","0","1","0","0"
"POINT (13.387057549000076 52.491331316000071)","Unfall 124981 (2024) Kat:3, Licht: 0","124981","3","2","5","12","09","3","","0","1","1","0","0"
"POINT (13.416290006000054 52.522044078000079)","Unfall 124983 (2024) Kat:3, Licht: 0","124983","3","3","5","12","12","2","","0","1","1","0","0"
"POINT (13.416551400000060 52.522424998000076)","Unfall 124984 (2024) Kat:3, Licht: 2","124984","3","2","2","12","17","2","","2","0","1","0","0"
"POINT (13.422318227000062 52.520125592000056)","Unfall 124986 (2024) Kat:3, Licht: 2","124986","3","2","6","12","17","1","","2","0","0","1","0"
"POINT (13.285911145000057 52.494662656000060)","Unfall 124987 (2024) Kat:3, Licht: 0","124987","3","6","3","12","12","1","","0","0","1","0","0"
"POINT (13.294123507000052 52.537918709000053)","Unfall 124988 (2024) Kat:3, Licht: 0","124988","3","6","2","12","13","1","","0","0","1","0","0"
"POINT (13.432006033000050 52.536665537000033)","Unfall 124989 (2024) Kat:3, Licht: 2","124989","3","1","1","12","03","1","","2","0","1","0","0"
"POINT (13.460935551000034 52.454596970000068)","Unfall 124991 (2024) Kat:3, Licht: 2","124991","3","6","2","11","20","7","","2","0","1","0","0"
"POINT (13.295665845000030 52.540801348000059)","Unfall 124992 (2024) Kat:2, Licht: 2","124992","2","1","9","11","06","7","","2","0","0","0","0"
"POINT (13.388100386000076 52.437571686000069)","Unfall 124993 (2024) Kat:3, Licht: 0","124993","3","6","2","11","13","7","","0","0","1","0","0"
"POINT (13.271434220000060 52.438256920000072)","Unfall 124994 (2024) Kat:3, Licht: 2","124994","3","2","5","11","23","6","","2","0","1","0","0"
"POINT (13.281927401000075 52.509934887000043)","Unfall 124997 (2024) Kat:3, Licht: 0","124997","3","6","3","11","17","6","","0","0","1","0","0"
"POINT (13.328100634000066 52.513080503000026)","Unfall 124998 (2024) Kat:3, Licht: 2","124998","3","3","5","11","17","6","","2","1","1","0","0"
"POINT (13.361780821000025 52.413638328000047)","Unfall 124999 (2024) Kat:3, Licht: 2","124999","3","2","6","11","16","5","","2","0","1","1","0"
"POINT (13.416756061000058 52.522075193000035)","Unfall 125000 (2024) Kat:3, Licht: 0","125000","3","3","5","11","13","5","","0","0","1","0","0"
"POINT (13.453604973000040 52.518451363000054)","Unfall 125001 (2024) Kat:3, Licht: 2","125001","3","4","6","11","07","5","","2","0","1","1","0"
"POINT (13.349930724000046 52.481210449000059)","Unfall 125002 (2024) Kat:3, Licht: 2","125002","3","2","6","11","17","5","","2","0","1","1","0"
"POINT (13.493972546000066 52.467229342000053)","Unfall 125004 (2024) Kat:2, Licht: 0","125004","2","6","2","11","11","5","","0","0","1","0","0"
"POINT (13.416384431000040 52.522004397000046)","Unfall 125006 (2024) Kat:3, Licht: 1","125006","3","2","5","12","15","2","","1","0","1","0","0"
"POINT (13.300517056000047 52.547792175000041)","Unfall 125007 (2024) Kat:3, Licht: 0","125007","3","6","2","11","14","4","","0","0","1","0","0"
"POINT (13.420186699000055 52.525161376000028)","Unfall 125008 (2024) Kat:2, Licht: 0","125008","2","3","5","11","09","4","","0","1","0","0","0"
"POINT (13.424131962000047 52.528356721000080)","Unfall 125009 (2024) Kat:3, Licht: 0","125009","3","4","6","11","08","3","","0","0","0","1","0"
"POINT (13.289233071000069 52.510557691000031)","Unfall 125010 (2024) Kat:3, Licht: 2","125010","3","2","5","11","16","3","","2","0","1","0","0"
"POINT (13.413753810000060 52.557671380000045)","Unfall 125011 (2024) Kat:3, Licht: 0","125011","3","2","5","11","15","3","","0","1","1","0","0"
"POINT (13.477324484000064 52.568535204000057)","Unfall 125013 (2024) Kat:3, Licht: 0","125013","3","6","4","11","15","3","","0","0","1","0","0"
"POINT (13.346972518000030 52.476635295000051)","Unfall 125015 (2024) Kat:2, Licht: 2","125015","2","7","6","11","06","3","","2","0","0","1","0"
"POINT (13.380066084000077 52.509742968000069)","Unfall 125017 (2024) Kat:3, Licht: 0","125017","3","1","3","11","09","3","","0","1","0","0","0"
"POINT (13.282942412000068 52.528603573000055)","Unfall 125018 (2024) Kat:3, Licht: 2","125018","3","6","0","11","18","2","","2","0","1","0","0"
"POINT (13.282956207000041 52.528625941000030)","Unfall 125019 (2024) Kat:3, Licht: 2","125019","3","6","2","11","18","2","","2","0","1","0","0"
"POINT (13.202709701000060 52.423473244000036)","Unfall 125021 (2024) Kat:3, Licht: 0","125021","3","6","0","11","07","2","","0","0","0","0","0"
"POINT (13.474040940000066 52.513844588000040)","Unfall 125022 (2024) Kat:3, Licht: 0","125022","3","7","0","11","14","2","","0","1","0","1","0"
"POINT (13.309298734000038 52.511667190000026)","Unfall 125023 (2024) Kat:3, Licht: 0","125023","3","2","0","11","12","1","","0","1","0","0","0"
"POINT (13.412825288000022 52.546175725000069)","Unfall 125025 (2024) Kat:3, Licht: 2","125025","3","5","1","11","03","1","","2","0","1","0","0"
"POINT (13.389366087000042 52.494978757000069)","Unfall 125026 (2024) Kat:3, Licht: 1","125026","3","6","0","11","06","7","","1","0","1","0","1"
"POINT (13.455415877000064 52.500353180000047)","Unfall 125027 (2024) Kat:2, Licht: 2","125027","2","3","5","11","04","7","","2","0","1","0","0"
"POINT (13.386053502000038 52.485901534000050)","Unfall 125028 (2024) Kat:3, Licht: 2","125028","3","6","2","11","18","7","","2","0","1","0","0"
"POINT (13.347835819000068 52.577773723000064)","Unfall 125030 (2024) Kat:3, Licht: 1","125030","3","6","4","11","15","7","","1","1","0","0","0"
"POINT (13.613353117000031 52.504765075000080)","Unfall 125031 (2024) Kat:3, Licht: 2","125031","3","3","5","11","16","6","","2","0","1","0","1"
"POINT (13.363994241000057 52.564618267000071)","Unfall 125032 (2024) Kat:3, Licht: 0","125032","3","2","5","11","12","6","","0","1","1","0","0"
"POINT (13.338462277000076 52.478461468000035)","Unfall 125033 (2024) Kat:3, Licht: 0","125033","3","6","2","11","12","6","","0","0","0","0","0"
"POINT (13.461814111000024 52.515081582000050)","Unfall 125034 (2024) Kat:2, Licht: 2","125034","2","4","6","11","19","6","","2","0","1","1","0"
"POINT (13.361888812000075 52.474063811000065)","Unfall 125035 (2024) Kat:3, Licht: 0","125035","3","6","2","11","13","6","","0","0","1","0","0"
"POINT (13.413454745000024 52.549017564000053)","Unfall 125036 (2024) Kat:3, Licht: 0","125036","3","1","0","11","07","6","","0","1","0","0","0"
"POINT (13.271440303000077 52.438258923000035)","Unfall 125038 (2024) Kat:2, Licht: 2","125038","2","2","5","11","22","6","","2","0","1","0","0"
"POINT (13.366340010000044 52.503882626000063)","Unfall 125040 (2024) Kat:3, Licht: 2","125040","3","7","5","11","16","6","","2","0","1","0","1"
"POINT (13.305078241000047 52.639030797000032)","Unfall 125042 (2024) Kat:2, Licht: 0","125042","2","6","4","11","15","6","","0","0","1","0","0"
"POINT (13.381337172000030 52.438844536000033)","Unfall 125044 (2024) Kat:3, Licht: 2","125044","3","3","5","11","16","5","","2","0","1","0","0"
"POINT (13.459215504000042 52.492971452000063)","Unfall 125045 (2024) Kat:3, Licht: 2","125045","3","3","5","11","01","5","","2","0","1","0","0"
"POINT (13.303826764000064 52.485082753000029)","Unfall 125046 (2024) Kat:3, Licht: 2","125046","3","6","2","11","17","5","","2","0","1","0","0"
"POINT (13.282718412000065 52.528554741000050)","Unfall 125047 (2024) Kat:3, Licht: 0","125047","3","6","2","11","10","5","","0","0","1","0","0"
"POINT (13.226998845000026 52.506976823000059)","Unfall 125048 (2024) Kat:3, Licht: 2","125048","3","6","2","11","19","4","","2","0","1","0","0"
"POINT (13.326741377000076 52.477818334000062)","Unfall 125049 (2024) Kat:3, Licht: 0","125049","3","6","2","11","09","4","","0","0","1","0","0"
"POINT (13.382646797000064 52.439401570000030)","Unfall 125051 (2024) Kat:3, Licht: 2","125051","3","2","6","11","19","4","","2","0","1","1","0"
"POINT (13.297390251000024 52.511079242000051)","Unfall 125052 (2024) Kat:3, Licht: 1","125052","3","2","6","11","19","3","","1","0","1","1","0"
"POINT (13.435705026000051 52.462254343000041)","Unfall 125054 (2024) Kat:3, Licht: 0","125054","3","6","2","11","10","3","","0","0","1","0","0"
"POINT (13.249413658000037 52.434670401000062)","Unfall 125055 (2024) Kat:2, Licht: 2","125055","2","5","1","11","16","3","","2","0","1","0","0"
"POINT (13.263721507000071 52.435280131000070)","Unfall 125059 (2024) Kat:3, Licht: 0","125059","3","6","2","11","10","3","","0","0","1","0","0"
"POINT (13.323901942000077 52.607779984000047)","Unfall 125060 (2024) Kat:3, Licht: 2","125060","3","2","6","11","17","3","","2","0","1","1","0"
"POINT (13.456611621000036 52.515466807000053)","Unfall 125061 (2024) Kat:3, Licht: 2","125061","3","3","5","11","18","3","","2","1","1","0","0"
"POINT (13.406870667000021 52.392738758000064)","Unfall 125062 (2024) Kat:2, Licht: 0","125062","2","4","6","11","09","3","","0","0","1","1","0"
"POINT (13.120570573000066 52.477575471000080)","Unfall 125063 (2024) Kat:3, Licht: 0","125063","3","2","5","11","12","2","","0","1","1","0","0"
"POINT (13.402125502000047 52.464422730000081)","Unfall 125064 (2024) Kat:3, Licht: 0","125064","3","6","2","11","09","2","","0","0","1","0","0"
"POINT (13.281969440000069 52.510103083000047)","Unfall 125066 (2024) Kat:3, Licht: 2","125066","3","3","5","11","19","2","","2","0","1","0","0"
"POINT (13.427493433000052 52.537949279000031)","Unfall 125067 (2024) Kat:3, Licht: 2","125067","3","6","3","11","18","1","","2","0","1","0","0"
"POINT (13.486958651000066 52.624608900000055)","Unfall 125069 (2024) Kat:3, Licht: 2","125069","3","6","3","11","17","1","","2","0","1","0","0"
"POINT (13.424353439000072 52.539262957000062)","Unfall 125070 (2024) Kat:3, Licht: 0","125070","3","2","5","11","15","1","","0","0","1","0","0"
"POINT (13.198725259000071 52.512665739000056)","Unfall 125071 (2024) Kat:3, Licht: 2","125071","3","1","9","11","02","1","","2","0","1","0","0"
"POINT (13.241667499000073 52.507492188000072)","Unfall 125072 (2024) Kat:3, Licht: 0","125072","3","6","2","11","12","1","","0","0","1","0","0"
"POINT (13.429809238000075 52.537154763000046)","Unfall 125073 (2024) Kat:3, Licht: 2","125073","3","6","2","11","00","1","","2","0","1","0","1"
"POINT (13.459172070000022 52.492939007000075)","Unfall 125076 (2024) Kat:3, Licht: 2","125076","3","2","5","11","16","7","","2","1","0","0","0"
"POINT (13.366280966000033 52.417154297000081)","Unfall 125077 (2024) Kat:2, Licht: 0","125077","2","2","0","11","15","7","","0","0","1","0","0"
"POINT (13.349637053000038 52.482577664000075)","Unfall 125079 (2024) Kat:3, Licht: 0","125079","3","7","5","11","14","7","","0","0","1","0","0"
"POINT (13.466195403000029 52.514645531000042)","Unfall 125080 (2024) Kat:3, Licht: 0","125080","3","7","6","11","13","6","","0","0","0","1","0"
"POINT (13.505523578000066 52.510705178000080)","Unfall 125081 (2024) Kat:2, Licht: 0","125081","2","6","2","11","12","6","","0","0","1","0","0"
"POINT (13.385526983000034 52.470684985000048)","Unfall 125082 (2024) Kat:3, Licht: 0","125082","3","6","2","11","14","5","","0","0","1","0","0"
"POINT (13.231599107000022 52.506865117000075)","Unfall 125083 (2024) Kat:3, Licht: 0","125083","3","6","2","11","09","5","","0","0","1","0","0"
"POINT (13.259576885000058 52.508598695000046)","Unfall 125084 (2024) Kat:3, Licht: 2","125084","3","2","5","11","17","4","","2","0","1","0","1"
"POINT (13.231838914000036 52.506880251000041)","Unfall 125085 (2024) Kat:3, Licht: 1","125085","3","6","2","11","15","4","","1","0","1","0","0"
"POINT (13.453759583000021 52.515863936000073)","Unfall 125087 (2024) Kat:3, Licht: 0","125087","3","3","5","11","06","4","","0","1","1","0","0"
"POINT (13.386034369000072 52.488813312000048)","Unfall 125089 (2024) Kat:3, Licht: 2","125089","3","6","3","11","06","4","","2","0","1","0","0"
"POINT (13.285092924000026 52.514418842000055)","Unfall 125090 (2024) Kat:3, Licht: 0","125090","3","2","5","11","12","4","","0","0","1","0","0"
"POINT (13.553897877000054 52.509324432000028)","Unfall 125091 (2024) Kat:3, Licht: 0","125091","3","6","2","11","14","4","","0","0","1","0","0"
"POINT (13.458259812000051 52.492016239000066)","Unfall 125092 (2024) Kat:3, Licht: 1","125092","3","7","0","11","07","4","","1","1","0","0","0"
"POINT (13.447103804000051 52.516574593000030)","Unfall 125094 (2024) Kat:3, Licht: 2","125094","3","6","1","11","06","4","","2","0","1","0","0"
"POINT (13.383990321000056 52.454858687000069)","Unfall 125095 (2024) Kat:3, Licht: 2","125095","3","6","3","11","19","3","","2","0","1","0","1"
"POINT (13.341274326000075 52.478634828000054)","Unfall 125099 (2024) Kat:3, Licht: 2","125099","3","6","2","11","18","3","","2","0","1","0","0"
"POINT (13.364398276000031 52.563822615000049)","Unfall 125100 (2024) Kat:3, Licht: 2","125100","3","3","5","11","18","3","","2","1","1","0","0"
"POINT (13.389277418000063 52.497435785000050)","Unfall 125101 (2024) Kat:3, Licht: 0","125101","3","2","2","11","14","3","","0","0","1","0","0"
"POINT (13.411977536000052 52.541191512000069)","Unfall 125103 (2024) Kat:3, Licht: 0","125103","3","7","6","11","12","3","","0","0","0","1","0"
"POINT (13.390335538000045 52.618571471000052)","Unfall 125104 (2024) Kat:3, Licht: 0","125104","3","2","5","11","09","3","","0","0","1","0","0"