WKT,Name,OBJECTID,UKATEGORIE,UTYP1,UART,UMONAT,USTUNDE,UWOCHENTAG,STRZUSTAND,ULICHTVERH,ISTRAD,ISTPKW,ISTFUSS,ISTKRAD
"POINT (13.385773861000075 52.480553339000039)","Unfall 125105 (2024) Kat:3, Licht: 2","125105","3","2","5","11","22","2","","2","1","1","0","0"
"POINT (13.544818404000068 52.518428821000043)","Unfall 125106 (2024) Kat:3, Licht: 0","125106","3","5","1","11","12","2","","0","0","0","0","0"
"POINT (13.368547008000064 52.541202548000058)","Unfall 125107 (2024) Kat:3, Licht: 0","125107","3","2","5","11","10","2","","0","1","0","0","0"
"POINT (13.455539511000040 52.461606213000039)","Unfall 125108 (2024) Kat:3, Licht: 1","125108","3","6","3","11","20","2","","1","0","1","0","0"
"POINT (13.403418912000063 52.569391412000073)","Unfall 125109 (2024) Kat:3, Licht: 0","125109","3","2","3","11","07","2","","0","0","1","0","1"
"POINT (13.289326842000037 52.510397391000026)","Unfall 125110 (2024) Kat:3, Licht: 0","125110","3","6","3","11","15","1","","0","1","1","0","0"
"POINT (13.403850084000055 52.568890155000076)","Unfall 125111 (2024) Kat:1, Licht: 2","125111","1","3","5","11","23","7","","2","1","1","0","0"
"POINT (13.281341205000047 52.503949015000046)","Unfall 125113 (2024) Kat:3, Licht: 1","125113","3","6","2","11","17","7","","1","0","1","0","0"
"POINT (13.260443452000061 52.435008804000063)","Unfall 125114 (2024) Kat:3, Licht: 2","125114","3","2","2","11","18","7","","2","0","1","0","0"
"POINT (13.295699839000065 52.580257749000054)","Unfall 125115 (2024) Kat:3, Licht: 0","125115","3","6","3","11","15","6","","0","0","1","0","0"
"POINT (13.493751653000061 52.511689950000061)","Unfall 125117 (2024) Kat:3, Licht: 1","125117","3","6","0","11","15","6","","1","0","1","0","1"
"POINT (13.367589768000073 52.551287518000038)","Unfall 125119 (2024) Kat:3, Licht: 0","125119","3","7","6","11","10","6","","0","0","0","1","0"
"POINT (13.425413461000062 52.529800166000030)","Unfall 125120 (2024) Kat:3, Licht: 0","125120","3","3","5","11","07","6","","0","1","0","0","0"
"POINT (13.380204312000046 52.437607376000074)","Unfall 125121 (2024) Kat:3, Licht: 0","125121","3","6","3","11","14","5","","0","0","1","0","1"
"POINT (13.389464136000072 52.496684483000081)","Unfall 125122 (2024) Kat:3, Licht: 2","125122","3","6","2","11","17","5","","2","0","1","0","0"
"POINT (13.302661912000076 52.511425363000058)","Unfall 125123 (2024) Kat:3, Licht: 0","125123","3","7","2","11","12","5","","0","0","1","0","1"
"POINT (13.424632294000048 52.529118309000069)","Unfall 125124 (2024) Kat:3, Licht: 0","125124","3","4","2","11","08","5","","0","0","1","1","0"
"POINT (13.553100396000048 52.509049964000042)","Unfall 125125 (2024) Kat:3, Licht: 0","125125","3","1","5","11","07","5","","0","0","1","0","0"
"POINT (13.504799499000057 52.460066218000065)","Unfall 125127 (2024) Kat:3, Licht: 2","125127","3","6","2","11","16","4","","2","0","1","0","0"
"POINT (13.292984911000076 52.492561576000071)","Unfall 125129 (2024) Kat:3, Licht: 2","125129","3","6","2","11","18","3","","2","0","1","0","0"
"POINT (13.364643296000054 52.561307772000077)","Unfall 125131 (2024) Kat:3, Licht: 0","125131","3","2","5","11","06","3","","0","1","1","0","0"
"POINT (13.302707051000027 52.486113625000030)","Unfall 125132 (2024) Kat:3, Licht: 0","125132","3","6","2","11","16","3","","0","0","1","0","0"
"POINT (13.457752466000045 52.491656472000045)","Unfall 125133 (2024) Kat:3, Licht: 0","125133","3","6","2","11","08","3","","0","1","1","0","0"
"POINT (13.311496589000058 52.627045860000067)","Unfall 125134 (2024) Kat:3, Licht: 0","125134","3","6","3","11","12","3","","0","0","1","0","1"
"POINT (13.438833940000052 52.541352002000053)","Unfall 125135 (2024) Kat:3, Licht: 0","125135","3","2","5","11","07","3","","0","1","1","0","0"
"POINT (13.428985987000033 52.537711317000060)","Unfall 125136 (2024) Kat:3, Licht: 2","125136","3","4","0","11","18","2","","2","0","0","1","0"
"POINT (13.402316699000039 52.580671041000073)","Unfall 125138 (2024) Kat:3, Licht: 0","125138","3","2","2","11","11","2","","0","0","1","0","0"
"POINT (13.369257531000073 52.540538521000030)","Unfall 125140 (2024) Kat:3, Licht: 0","125140","3","2","5","11","08","2","","0","1","1","0","0"
"POINT (13.466006973000049 52.449410951000061)","Unfall 125141 (2024) Kat:3, Licht: 2","125141","3","6","2","11","06","2","","2","0","1","0","1"
"POINT (13.396288362000064 52.423465626000052)","Unfall 125142 (2024) Kat:3, Licht: 0","125142","3","1","9","11","07","1","","0","0","1","0","0"
"POINT (13.228091776000042 52.506793864000031)","Unfall 125143 (2024) Kat:3, Licht: 2","125143","3","6","2","12","18","7","","2","0","1","0","0"
"POINT (13.396318285000063 52.423414636000075)","Unfall 125144 (2024) Kat:3, Licht: 0","125144","3","2","2","11","12","1","","0","0","1","0","0"
"POINT (13.196822074000067 52.416270541000074)","Unfall 125145 (2024) Kat:3, Licht: 2","125145","3","6","2","11","23","7","","2","0","1","0","0"
"POINT (13.314818840000044 52.512220962000072)","Unfall 125146 (2024) Kat:2, Licht: 2","125146","2","2","5","11","18","6","","2","0","1","0","0"
"POINT (13.323838390000049 52.607836162000069)","Unfall 125147 (2024) Kat:3, Licht: 1","125147","3","6","2","11","14","6","","1","0","1","0","0"
"POINT (13.454169618000037 52.500707495000029)","Unfall 125149 (2024) Kat:3, Licht: 0","125149","3","3","5","11","12","6","","0","1","1","0","0"
"POINT (13.356767742000045 52.473852442000066)","Unfall 125150 (2024) Kat:2, Licht: 2","125150","2","7","8","10","19","5","","2","0","1","0","0"
"POINT (13.454223136000053 52.515672145000053)","Unfall 125151 (2024) Kat:3, Licht: 2","125151","3","2","6","10","19","5","","2","0","1","1","0"
"POINT (13.454215401000056 52.515847684000050)","Unfall 125152 (2024) Kat:3, Licht: 2","125152","3","1","0","10","16","5","","2","0","0","0","1"
"POINT (13.624161683000068 52.503791518000071)","Unfall 125153 (2024) Kat:3, Licht: 2","125153","3","6","3","10","18","3","","2","0","1","0","0"
"POINT (13.433789913000055 52.537025698000036)","Unfall 125154 (2024) Kat:3, Licht: 0","125154","3","6","2","10","11","3","","0","0","1","0","0"
"POINT (13.548455966000063 52.551105937000045)","Unfall 125155 (2024) Kat:3, Licht: 2","125155","3","6","2","12","18","6","","2","0","1","0","0"
"POINT (13.460587182000040 52.493748565000033)","Unfall 125156 (2024) Kat:3, Licht: 0","125156","3","6","3","10","09","3","","0","0","1","0","0"
"POINT (13.386011819000032 52.443975366000075)","Unfall 125159 (2024) Kat:3, Licht: 2","125159","3","3","5","10","19","3","","2","1","1","0","0"
"POINT (13.337251632000061 52.478464603000077)","Unfall 125160 (2024) Kat:2, Licht: 2","125160","2","6","2","10","17","3","","2","0","1","0","0"
"POINT (13.443599897000070 52.529974537000044)","Unfall 125161 (2024) Kat:3, Licht: 0","125161","3","6","3","10","14","3","","0","0","1","0","0"
"POINT (13.488317664000022 52.512408506000043)","Unfall 125162 (2024) Kat:3, Licht: 0","125162","3","2","5","10","09","2","","0","1","1","0","0"
"POINT (13.355062111000052 52.478185264000047)","Unfall 125164 (2024) Kat:3, Licht: 0","125164","3","2","2","10","06","2","","0","1","1","0","0"
"POINT (13.302816723000035 52.511435380000080)","Unfall 125165 (2024) Kat:3, Licht: 0","125165","3","3","5","10","16","2","","0","1","0","0","0"
"POINT (13.277801820000036 52.509833432000050)","Unfall 125166 (2024) Kat:3, Licht: 0","125166","3","3","5","10","12","2","","0","1","1","0","0"
"POINT (13.460859015000040 52.550530601000048)","Unfall 125167 (2024) Kat:3, Licht: 0","125167","3","6","4","10","12","1","","0","0","1","0","0"
"POINT (13.281880547000071 52.510097260000066)","Unfall 125168 (2024) Kat:3, Licht: 2","125168","3","2","5","10","19","1","","2","0","1","0","0"
"POINT (13.369856401000050 52.515831309000077)","Unfall 125169 (2024) Kat:2, Licht: 2","125169","2","2","0","10","20","1","","2","0","1","0","1"
"POINT (13.396339614000055 52.423376345000065)","Unfall 125170 (2024) Kat:3, Licht: 2","125170","3","2","5","10","20","1","","2","0","1","0","0"
"POINT (13.108470149000027 52.413977549000037)","Unfall 125171 (2024) Kat:2, Licht: 0","125171","2","5","1","10","13","1","","0","1","0","0","0"
"POINT (13.367334069000037 52.471950025000069)","Unfall 125172 (2024) Kat:2, Licht: 0","125172","2","7","3","10","13","6","","0","0","1","0","0"
"POINT (13.427064197000050 52.633886732000065)","Unfall 125173 (2024) Kat:2, Licht: 0","125173","2","7","2","10","13","6","","0","0","1","0","0"
"POINT (13.192833265000047 52.433932561000063)","Unfall 125175 (2024) Kat:3, Licht: 0","125175","3","6","2","11","12","7","","0","0","1","0","0"
"POINT (13.412428959000067 52.540984570000035)","Unfall 125176 (2024) Kat:3, Licht: 0","125176","3","6","2","10","08","6","","0","0","1","0","0"
"POINT (13.414857751000056 52.554538294000054)","Unfall 125177 (2024) Kat:3, Licht: 0","125177","3","2","0","10","16","5","","0","1","1","0","0"
"POINT (13.369807918000049 52.508353731000057)","Unfall 125179 (2024) Kat:3, Licht: 0","125179","3","6","2","10","15","5","","0","0","1","0","0"
"POINT (13.386051624000061 52.483053037000047)","Unfall 125180 (2024) Kat:3, Licht: 0","125180","3","6","2","10","09","5","","0","0","1","0","0"
"POINT (13.414636299000051 52.460795742000073)","Unfall 125182 (2024) Kat:3, Licht: 0","125182","3","6","2","10","07","5","","0","0","1","0","0"
"POINT (13.361901669000076 52.413450250000039)","Unfall 125183 (2024) Kat:3, Licht: 0","125183","3","6","0","10","13","4","","0","0","1","0","0"
"POINT (13.470708294000076 52.514045057000033)","Unfall 125184 (2024) Kat:3, Licht: 0","125184","3","2","6","10","18","3","","0","0","1","1","0"
"POINT (13.429571346000046 52.532991749000075)","Unfall 125185 (2024) Kat:3, Licht: 0","125185","3","2","5","10","12","3","","0","0","1","0","0"
"POINT (13.279736656000068 52.499950187000081)","Unfall 125187 (2024) Kat:3, Licht: 0","125187","3","6","3","10","13","3","","0","0","1","0","0"
"POINT (13.370273981000025 52.539833434000059)","Unfall 125188 (2024) Kat:3, Licht: 0","125188","3","6","2","10","08","3","","0","1","0","0","0"
"POINT (13.403229567000039 52.463667873000077)","Unfall 125189 (2024) Kat:3, Licht: 2","125189","3","6","2","10","18","3","","2","0","1","0","0"
"POINT (13.295599981000066 52.580402387000049)","Unfall 125190 (2024) Kat:3, Licht: 0","125190","3","6","2","10","11","3","","0","0","1","0","0"
"POINT (13.340458163000051 52.587367431000075)","Unfall 125191 (2024) Kat:3, Licht: 0","125191","3","3","5","10","09","3","","0","0","1","0","0"
"POINT (13.419528508000042 52.525118048000081)","Unfall 125193 (2024) Kat:3, Licht: 0","125193","3","2","5","10","08","3","","0","1","1","0","0"
"POINT (13.385513705000051 52.470039483000050)","Unfall 125195 (2024) Kat:3, Licht: 0","125195","3","2","5","10","13","2","","0","0","0","0","0"
"POINT (13.327411603000030 52.603882871000053)","Unfall 125197 (2024) Kat:3, Licht: 0","125197","3","6","2","10","09","2","","0","0","1","0","0"
"POINT (13.483382196000036 52.577377735000027)","Unfall 125199 (2024) Kat:3, Licht: 0","125199","3","6","4","10","09","2","","0","0","1","0","0"
"POINT (13.298317897000061 52.511140568000030)","Unfall 125200 (2024) Kat:3, Licht: 0","125200","3","6","3","10","12","2","","0","0","1","0","0"
"POINT (13.348287757000037 52.481844467000030)","Unfall 125202 (2024) Kat:3, Licht: 2","125202","3","2","5","10","00","1","","2","0","1","0","1"
"POINT (13.347319306000031 52.476359171000070)","Unfall 125203 (2024) Kat:3, Licht: 2","125203","3","6","3","10","20","1","","2","0","1","0","0"
"POINT (13.454247849000069 52.463075115000038)","Unfall 125205 (2024) Kat:2, Licht: 0","125205","2","7","0","10","13","1","","0","0","0","0","1"
"POINT (13.467792002000067 52.514485689000026)","Unfall 125206 (2024) Kat:3, Licht: 2","125206","3","1","0","10","01","1","","2","1","0","0","0"
"POINT (13.177662426000040 52.515814304000060)","Unfall 125208 (2024) Kat:3, Licht: 1","125208","3","3","5","10","17","7","","1","0","1","0","0"
"POINT (13.471408803000031 52.513974522000069)","Unfall 125209 (2024) Kat:3, Licht: 0","125209","3","6","2","10","14","7","","0","0","1","0","0"
"POINT (13.404100503000052 52.568580137000026)","Unfall 125210 (2024) Kat:3, Licht: 0","125210","3","5","1","10","12","7","","0","1","1","0","0"
"POINT (13.386150593000025 52.489377130000037)","Unfall 125212 (2024) Kat:3, Licht: 2","125212","3","6","3","10","23","6","","2","0","1","0","1"
"POINT (13.305972826000072 52.511452460000044)","Unfall 125213 (2024) Kat:3, Licht: 0","125213","3","6","3","10","14","6","","0","0","1","0","1"
"POINT (13.378277441000023 52.434788941000079)","Unfall 125214 (2024) Kat:2, Licht: 0","125214","2","2","5","10","12","5","","0","0","1","0","1"
"POINT (13.350360169000055 52.480859989000066)","Unfall 125215 (2024) Kat:3, Licht: 2","125215","3","4","6","10","21","5","","2","0","1","1","0"
"POINT (13.374638992000030 52.516015997000068)","Unfall 125216 (2024) Kat:3, Licht: 0","125216","3","6","2","10","11","5","","0","0","1","0","0"
"POINT (13.347607028000027 52.476109708000081)","Unfall 125217 (2024) Kat:3, Licht: 1","125217","3","6","2","10","16","4","","1","0","1","0","0"
"POINT (13.385480516000030 52.438635804000057)","Unfall 125221 (2024) Kat:3, Licht: 2","125221","3","7","6","10","19","4","","2","0","0","1","0"
"POINT (13.261210768000069 52.508682838000027)","Unfall 125222 (2024) Kat:3, Licht: 2","125222","3","3","5","10","21","4","","2","0","1","0","0"
"POINT (13.389136182000072 52.498064671000066)","Unfall 125223 (2024) Kat:3, Licht: 0","125223","3","2","0","10","08","4","","0","1","0","0","0"
"POINT (13.415229497000041 52.379800347000071)","Unfall 125224 (2024) Kat:3, Licht: 2","125224","3","3","5","10","20","3","","2","1","1","0","0"
"POINT (13.369893972000057 52.515833129000043)","Unfall 125225 (2024) Kat:3, Licht: 0","125225","3","2","5","10","14","3","","0","0","1","0","0"
"POINT (13.468627018000063 52.447942202000036)","Unfall 125226 (2024) Kat:3, Licht: 0","125226","3","6","3","10","15","3","","0","0","1","0","0"
"POINT (13.295319195000047 52.491355200000044)","Unfall 125227 (2024) Kat:3, Licht: 0","125227","3","6","2","10","08","3","","0","0","1","0","0"
"POINT (13.424078871000063 52.539089033000039)","Unfall 125228 (2024) Kat:3, Licht: 2","125228","3","2","6","10","20","3","","2","0","1","1","0"
"POINT (13.401731938000069 52.588008938000030)","Unfall 125229 (2024) Kat:3, Licht: 0","125229","3","4","6","10","15","6","","0","1","0","1","0"
"POINT (13.385436996000067 52.438628451000056)","Unfall 125230 (2024) Kat:3, Licht: 0","125230","3","6","2","10","16","2","","0","0","1","0","0"
"POINT (13.591272095000022 52.505085169000040)","Unfall 125231 (2024) Kat:3, Licht: 0","125231","3","6","2","10","09","2","","0","0","1","0","0"
"POINT (13.263223001000028 52.435010602000034)","Unfall 125232 (2024) Kat:3, Licht: 2","125232","3","6","0","10","19","2","","2","0","1","0","0"
"POINT (13.396464283000057 52.423153649000028)","Unfall 125233 (2024) Kat:3, Licht: 0","125233","3","6","3","10","07","2","","0","0","1","0","1"
"POINT (13.381725682000024 52.498642005000079)","Unfall 125234 (2024) Kat:3, Licht: 2","125234","3","1","0","10","18","2","","2","0","0","0","1"
"POINT (13.404543104000027 52.519996257000059)","Unfall 125235 (2024) Kat:3, Licht: 0","125235","3","3","5","11","13","3","","0","1","1","0","0"
"POINT (13.384267196000053 52.438429727000027)","Unfall 125236 (2024) Kat:3, Licht: 0","125236","3","3","5","10","16","2","","0","0","1","0","0"
"POINT (13.408543568000027 52.522016094000037)","Unfall 125237 (2024) Kat:3, Licht: 2","125237","3","7","6","10","02","1","","2","0","1","1","0"
"POINT (13.291296408000051 52.493662224000047)","Unfall 125238 (2024) Kat:3, Licht: 2","125238","3","6","2","10","22","1","","2","0","1","0","0"
"POINT (13.444975840000041 52.614394937000043)","Unfall 125239 (2024) Kat:3, Licht: 2","125239","3","1","9","10","19","1","","2","0","1","0","0"
"POINT (13.366084976000025 52.503534749000039)","Unfall 125240 (2024) Kat:3, Licht: 2","125240","3","5","1","10","04","1","","2","0","1","0","0"
"POINT (13.334333189000063 52.513507367000045)","Unfall 125242 (2024) Kat:3, Licht: 2","125242","3","6","3","10","01","1","","2","0","1","0","0"
"POINT (13.191077307000057 52.514223922000042)","Unfall 125244 (2024) Kat:2, Licht: 0","125244","2","2","5","10","13","7","","0","0","1","0","1"
"POINT (13.282996103000073 52.497356533000072)","Unfall 125246 (2024) Kat:3, Licht: 0","125246","3","6","2","10","14","6","","0","0","1","0","0"
"POINT (13.429571346000046 52.532991749000075)","Unfall 125247 (2024) Kat:3, Licht: 2","125247","3","2","5","10","18","6","","2","0","1","0","0"
"POINT (13.217911292000053 52.428065761000028)","Unfall 125248 (2024) Kat:3, Licht: 0","125248","3","4","6","10","10","6","","0","0","1","1","0"
"POINT (13.286279850000028 52.531969571000047)","Unfall 125249 (2024) Kat:3, Licht: 0","125249","3","6","2","10","11","6","","0","0","1","0","0"
"POINT (13.447963398000070 52.525634732000071)","Unfall 125250 (2024) Kat:3, Licht: 0","125250","3","2","5","10","11","6","","0","1","1","0","0"
"POINT (13.398339126000053 52.571009631000038)","Unfall 125252 (2024) Kat:3, Licht: 0","125252","3","2","0","10","09","6","","0","0","1","0","1"
"POINT (13.282145897000078 52.521210781000036)","Unfall 125253 (2024) Kat:3, Licht: 0","125253","3","3","5","10","14","6","","0","0","1","0","0"
"POINT (13.359344846000056 52.489262394000036)","Unfall 125255 (2024) Kat:3, Licht: 0","125255","3","4","6","10","18","6","","0","1","0","1","0"
"POINT (13.403492573000051 52.582908165000049)","Unfall 125256 (2024) Kat:3, Licht: 0","125256","3","3","5","10","07","5","","0","1","1","0","0"
"POINT (13.363382516000058 52.565411978000043)","Unfall 125257 (2024) Kat:2, Licht: 2","125257","2","1","9","10","23","5","","2","0","1","0","0"
"POINT (13.459452686000077 52.492887870000061)","Unfall 125258 (2024) Kat:3, Licht: 2","125258","3","2","5","10","06","5","","2","1","1","0","0"
"POINT (13.419584449000070 52.525170178000053)","Unfall 125259 (2024) Kat:3, Licht: 2","125259","3","6","2","10","20","5","","2","0","1","0","0"
"POINT (13.411966548000066 52.541040491000047)","Unfall 125261 (2024) Kat:3, Licht: 0","125261","3","2","5","10","14","5","","0","1","1","0","0"
"POINT (13.368583337000075 52.471562103000053)","Unfall 125262 (2024) Kat:3, Licht: 1","125262","3","6","2","10","18","4","","1","0","1","0","0"
"POINT (13.240822099000070 52.507440175000056)","Unfall 125263 (2024) Kat:3, Licht: 0","125263","3","6","2","10","11","4","","0","0","1","0","0"
"POINT (13.416484797000066 52.540493439000045)","Unfall 125264 (2024) Kat:3, Licht: 0","125264","3","2","5","10","10","4","","0","1","1","0","0"
"POINT (13.281953576000035 52.498302479000074)","Unfall 125265 (2024) Kat:3, Licht: 0","125265","3","6","2","10","12","4","","0","0","1","0","0"
"POINT (13.332699641000033 52.597267685000077)","Unfall 125266 (2024) Kat:3, Licht: 0","125266","3","6","2","10","16","3","","0","0","1","0","0"
"POINT (13.369821003000027 52.515829593000035)","Unfall 125269 (2024) Kat:3, Licht: 0","125269","3","2","5","10","09","3","","0","0","1","0","0"
"POINT (13.283310301000029 52.510190749000060)","Unfall 125270 (2024) Kat:3, Licht: 0","125270","3","2","5","10","17","3","","0","1","0","0","0"
"POINT (13.419837037000036 52.524862700000028)","Unfall 125271 (2024) Kat:3, Licht: 0","125271","3","6","2","10","16","3","","0","0","1","0","0"
"POINT (13.304797432000044 52.511564748000069)","Unfall 125273 (2024) Kat:3, Licht: 0","125273","3","5","5","10","17","3","","0","0","1","0","0"
"POINT (13.323145791000059 52.512534895000044)","Unfall 125274 (2024) Kat:3, Licht: 2","125274","3","2","3","10","00","2","","2","0","1","0","1"
"POINT (13.263816386000030 52.491620439000030)","Unfall 125276 (2024) Kat:2, Licht: 0","125276","2","6","2","10","14","1","","0","0","1","0","0"
"POINT (13.482725294000034 52.579579976000048)","Unfall 125277 (2024) Kat:2, Licht: 2","125277","2","6","4","10","22","7","","2","0","1","0","0"
"POINT (13.309607157000073 52.511879590000035)","Unfall 125278 (2024) Kat:3, Licht: 0","125278","3","6","3","10","15","6","","0","0","1","0","0"
"POINT (13.305079552000052 52.573141924000026)","Unfall 125279 (2024) Kat:3, Licht: 0","125279","3","6","2","10","12","6","","0","0","1","0","1"
"POINT (13.464488829000061 52.551436613000078)","Unfall 125281 (2024) Kat:3, Licht: 0","125281","3","7","9","10","11","6","","0","0","1","0","0"
"POINT (13.289910776000056 52.533393615000080)","Unfall 125282 (2024) Kat:3, Licht: 0","125282","3","3","3","10","17","5","","0","0","1","0","0"
"POINT (13.442911160000051 52.462891646000060)","Unfall 125283 (2024) Kat:3, Licht: 0","125283","3","6","2","10","15","5","","0","0","1","0","0"
"POINT (13.589463552000041 52.504982812000037)","Unfall 125285 (2024) Kat:3, Licht: 0","125285","3","3","5","10","17","4","","0","0","1","0","1"
"POINT (13.281671610000046 52.510083576000056)","Unfall 125286 (2024) Kat:2, Licht: 2","125286","2","6","2","10","23","4","","2","0","1","0","1"
"POINT (13.575749748000021 52.505186095000056)","Unfall 125287 (2024) Kat:3, Licht: 0","125287","3","6","2","10","14","4","","0","0","1","0","0"
"POINT (13.365467087000070 52.558193001000063)","Unfall 125289 (2024) Kat:3, Licht: 0","125289","3","6","2","10","13","4","","0","0","1","0","0"
"POINT (13.367258128000060 52.551561991000028)","Unfall 125290 (2024) Kat:3, Licht: 2","125290","3","4","6","10","19","3","","2","1","0","1","0"
"POINT (13.368479908000040 52.541022852000026)","Unfall 125291 (2024) Kat:3, Licht: 0","125291","3","6","2","10","17","3","","0","0","1","0","0"
"POINT (13.395619653000040 52.467039456000066)","Unfall 125292 (2024) Kat:3, Licht: 0","125292","3","6","0","10","07","3","","0","0","1","0","1"
"POINT (13.467202314000076 52.553123146000075)","Unfall 125293 (2024) Kat:3, Licht: 0","125293","3","6","2","10","17","3","","0","0","1","0","0"
"POINT (13.538354841000057 52.525147933000028)","Unfall 125294 (2024) Kat:3, Licht: 0","125294","3","7","1","10","17","3","","0","0","1","0","0"
"POINT (13.301826248000054 52.486764524000080)","Unfall 125296 (2024) Kat:2, Licht: 2","125296","2","1","8","11","22","4","","2","0","1","0","0"
"POINT (13.347372551000035 52.476537772000029)","Unfall 125297 (2024) Kat:3, Licht: 0","125297","3","6","2","10","14","3","","0","0","1","0","0"
"POINT (13.445409275000031 52.545977506000042)","Unfall 125298 (2024) Kat:3, Licht: 0","125298","3","5","1","10","13","3","","0","1","1","0","0"
"POINT (13.477043688000037 52.513407703000041)","Unfall 125299 (2024) Kat:3, Licht: 2","125299","3","2","2","10","19","3","","2","0","1","0","0"
"POINT (13.436721579000050 52.517474516000050)","Unfall 125300 (2024) Kat:3, Licht: 1","125300","3","6","3","10","06","3","","1","0","1","0","1"
"POINT (13.581817389000037 52.505082815000037)","Unfall 125302 (2024) Kat:2, Licht: 0","125302","2","3","5","09","17","2","","0","1","1","0","0"
"POINT (13.361948221000034 52.413748465000026)","Unfall 125303 (2024) Kat:3, Licht: 0","125303","3","2","2","09","17","2","","0","0","1","0","0"
"POINT (13.455359620000024 52.461769286000049)","Unfall 125304 (2024) Kat:3, Licht: 0","125304","3","1","0","09","10","1","","0","0","0","0","1"
"POINT (13.390411418000042 52.433185856000080)","Unfall 125305 (2024) Kat:3, Licht: 0","125305","3","7","6","09","15","1","","0","1","1","1","1"
"POINT (13.420298445000071 52.525255762000029)","Unfall 125306 (2024) Kat:3, Licht: 0","125306","3","6","2","09","16","7","","0","0","1","0","1"
"POINT (13.348331758000029 52.481875619000050)","Unfall 125308 (2024) Kat:2, Licht: 0","125308","2","7","5","09","13","7","","0","0","1","0","1"
"POINT (13.449668085000042 52.523134961000039)","Unfall 125309 (2024) Kat:3, Licht: 0","125309","3","6","2","09","16","7","","0","0","1","0","1"
"POINT (13.305287845000066 52.572678136000036)","Unfall 125310 (2024) Kat:3, Licht: 0","125310","3","6","2","09","13","6","","0","0","1","0","0"
"POINT (13.385302049000074 52.462536831000079)","Unfall 125313 (2024) Kat:2, Licht: 0","125313","2","2","2","09","12","6","","0","1","1","0","0"
"POINT (13.454197633000035 52.515612823000026)","Unfall 125316 (2024) Kat:3, Licht: 0","125316","3","1","0","09","11","6","","0","1","0","0","0"
"POINT (13.333969936000074 52.593641739000077)","Unfall 125317 (2024) Kat:3, Licht: 0","125317","3","6","3","11","11","4","","0","0","1","0","0"
"POINT (13.283102563000057 52.510010544000068)","Unfall 125318 (2024) Kat:3, Licht: 2","125318","3","7","0","09","19","5","","2","0","1","0","1"
"POINT (13.418740184000058 52.540146445000062)","Unfall 125319 (2024) Kat:3, Licht: 0","125319","3","3","5","09","07","5","","0","1","1","0","0"
"POINT (13.396345477000068 52.423365281000031)","Unfall 125320 (2024) Kat:2, Licht: 0","125320","2","2","5","09","13","5","","0","0","1","0","0"
"POINT (13.305061965000050 52.511582652000072)","Unfall 125321 (2024) Kat:3, Licht: 1","125321","3","2","6","09","21","4","","1","0","1","1","0"
"POINT (13.208821589000024 52.447111852000035)","Unfall 125322 (2024) Kat:3, Licht: 0","125322","3","6","0","09","16","4","","0","0","1","0","0"
"POINT (13.374874413000043 52.503053591000082)","Unfall 125323 (2024) Kat:3, Licht: 2","125323","3","2","6","09","22","4","","2","0","1","1","0"
"POINT (13.438993158000073 52.541487103000065)","Unfall 125325 (2024) Kat:1, Licht: 0","125325","1","4","6","09","12","3","","0","0","0","1","0"
"POINT (13.374357302000021 52.509236794000060)","Unfall 125326 (2024) Kat:3, Licht: 2","125326","3","4","6","09","15","3","","2","1","0","1","0"
"POINT (13.292042571000025 52.493111636000037)","Unfall 125327 (2024) Kat:3, Licht: 0","125327","3","6","2","09","14","3","","0","0","1","0","0"
"POINT (13.365036473000032 52.560404246000076)","Unfall 125330 (2024) Kat:3, Licht: 0","125330","3","6","2","09","12","3","","0","0","1","0","1"
"POINT (13.300043517000063 52.488060762000032)","Unfall 125332 (2024) Kat:3, Licht: 0","125332","3","6","2","09","13","3","","0","0","1","0","0"
"POINT (13.432568294000077 52.461837615000036)","Unfall 125333 (2024) Kat:3, Licht: 0","125333","3","6","2","09","13","3","","0","0","1","0","0"
"POINT (13.321568464000052 52.477990419000037)","Unfall 125334 (2024) Kat:3, Licht: 0","125334","3","6","2","09","15","2","","0","0","1","0","0"
"POINT (13.454210554000042 52.515867852000042)","Unfall 125335 (2024) Kat:3, Licht: 1","125335","3","1","0","09","19","2","","1","1","0","0","0"
"POINT (13.331716406000055 52.600278880000076)","Unfall 125336 (2024) Kat:3, Licht: 0","125336","3","3","5","09","13","2","","0","0","1","0","0"
"POINT (13.468693247000033 52.484241587000042)","Unfall 125337 (2024) Kat:3, Licht: 0","125337","3","2","5","09","10","2","","0","1","1","0","0"
"POINT (13.453731595000022 52.515963466000073)","Unfall 125338 (2024) Kat:3, Licht: 0","125338","3","2","5","09","06","2","","0","1","1","0","0"
"POINT (13.323903808000068 52.607778335000035)","Unfall 125339 (2024) Kat:3, Licht: 0","125339","3","2","5","09","14","2","","0","1","0","0","0"
"POINT (13.326700001000063 52.512989580000067)","Unfall 125341 (2024) Kat:3, Licht: 0","125341","3","3","5","09","11","2","","0","1","1","0","0"
"POINT (13.297397267000065 52.511079706000032)","Unfall 125343 (2024) Kat:3, Licht: 0","125343","3","6","3","09","16","2","","0","0","1","0","1"
"POINT (13.544447982000065 52.518658347000041)","Unfall 125344 (2024) Kat:3, Licht: 0","125344","3","1","1","09","09","2","","0","0","1","0","0"