WKT,Name,OBJECTID,UKATEGORIE,UTYP1,UART,UMONAT,USTUNDE,UWOCHENTAG,STRZUSTAND,ULICHTVERH,ISTRAD,ISTPKW,ISTFUSS,ISTKRAD
"POINT (13.283303324000030 52.497075962000054)","Unfall 125345 (2024) Kat:3, Licht: 2","125345","3","6","2","09","19","1","","2","0","1","0","0"
"POINT (13.423938554000074 52.539112444000068)","Unfall 125347 (2024) Kat:3, Licht: 0","125347","3","2","2","09","14","1","","0","0","1","0","0"
"POINT (13.249828263000040 52.507989549000058)","Unfall 125350 (2024) Kat:3, Licht: 0","125350","3","3","5","09","11","7","","0","0","1","0","1"
"POINT (13.407061597000052 52.461922462000075)","Unfall 125351 (2024) Kat:2, Licht: 0","125351","2","6","3","09","11","7","","0","0","1","0","0"
"POINT (13.169030726000074 52.420641810000063)","Unfall 125352 (2024) Kat:3, Licht: 2","125352","3","5","1","09","21","7","","2","0","1","0","0"
"POINT (13.320776896000041 52.454940515000033)","Unfall 125353 (2024) Kat:3, Licht: 2","125353","3","6","2","09","21","7","","2","0","1","0","0"
"POINT (13.413739161000024 52.550653852000039)","Unfall 125354 (2024) Kat:3, Licht: 0","125354","3","1","0","09","11","7","","0","0","0","0","1"
"POINT (13.356987198000070 52.486941878000039)","Unfall 125355 (2024) Kat:2, Licht: 0","125355","2","2","0","11","13","3","","0","0","1","0","0"
"POINT (13.394393223000066 52.426148323000064)","Unfall 125356 (2024) Kat:3, Licht: 2","125356","3","2","5","09","20","6","","2","1","1","0","0"
"POINT (13.418735433000052 52.523884594000037)","Unfall 125357 (2024) Kat:2, Licht: 1","125357","2","1","0","09","19","6","","1","1","0","0","0"
"POINT (13.262499628000057 52.490577469000073)","Unfall 125358 (2024) Kat:3, Licht: 0","125358","3","6","2","09","12","6","","0","0","1","0","0"
"POINT (13.247831642000051 52.478811682000071)","Unfall 125360 (2024) Kat:3, Licht: 0","125360","3","6","3","09","14","6","","0","0","1","0","0"
"POINT (13.620300797000027 52.504370623000057)","Unfall 125361 (2024) Kat:3, Licht: 0","125361","3","6","3","09","12","6","","0","0","1","0","1"
"POINT (13.483354951000024 52.577468603000057)","Unfall 125362 (2024) Kat:3, Licht: 0","125362","3","6","3","09","11","6","","0","0","1","0","1"
"POINT (13.537625826000067 52.510006895000060)","Unfall 125365 (2024) Kat:2, Licht: 2","125365","2","1","0","09","23","6","","2","0","0","0","1"
"POINT (13.368758533000062 52.541148390000046)","Unfall 125367 (2024) Kat:3, Licht: 0","125367","3","2","5","09","18","5","","0","1","1","0","0"
"POINT (13.250012380000044 52.508000798000069)","Unfall 125368 (2024) Kat:3, Licht: 2","125368","3","6","3","09","20","5","","2","0","1","0","1"
"POINT (13.419799299000033 52.524830375000079)","Unfall 125370 (2024) Kat:3, Licht: 2","125370","3","6","2","09","03","5","","2","0","1","0","0"
"POINT (13.418424789000028 52.521315477000030)","Unfall 125371 (2024) Kat:3, Licht: 0","125371","3","4","6","09","16","5","","0","1","0","1","0"
"POINT (13.242355534000069 52.507533287000058)","Unfall 125372 (2024) Kat:2, Licht: 0","125372","2","6","3","09","11","5","","0","1","0","0","0"
"POINT (13.556736538000052 52.560395596000035)","Unfall 125375 (2024) Kat:2, Licht: 0","125375","2","6","2","09","12","4","","0","0","1","0","0"
"POINT (13.240313747000073 52.433239891000028)","Unfall 125377 (2024) Kat:3, Licht: 0","125377","3","2","2","09","09","4","","0","1","1","0","0"
"POINT (13.335038208000071 52.464840168000080)","Unfall 125379 (2024) Kat:2, Licht: 0","125379","2","6","3","09","17","4","","0","0","1","0","1"
"POINT (13.356923794000068 52.486863038000081)","Unfall 125380 (2024) Kat:3, Licht: 0","125380","3","2","2","09","16","4","","0","0","1","0","1"
"POINT (13.386525320000032 52.440044590000070)","Unfall 125381 (2024) Kat:3, Licht: 0","125381","3","6","3","09","16","3","","0","0","1","0","0"
"POINT (13.450114853000059 52.516273017000060)","Unfall 125382 (2024) Kat:3, Licht: 0","125382","3","3","5","09","16","3","","0","1","1","0","0"
"POINT (13.168588984000053 52.420680687000072)","Unfall 125383 (2024) Kat:3, Licht: 0","125383","3","6","3","09","13","3","","0","1","0","0","0"
"POINT (13.174979195000049 52.419959222000045)","Unfall 125385 (2024) Kat:2, Licht: 0","125385","2","3","5","09","09","3","","0","1","1","0","0"
"POINT (13.452528162000021 52.518321065000066)","Unfall 125388 (2024) Kat:3, Licht: 0","125388","3","6","2","09","17","3","","0","1","0","0","0"
"POINT (13.536709817000030 52.532709808000050)","Unfall 125389 (2024) Kat:3, Licht: 0","125389","3","7","6","09","11","3","","0","0","1","1","0"
"POINT (13.368539964000036 52.541199316000075)","Unfall 125391 (2024) Kat:3, Licht: 2","125391","3","2","5","09","05","2","","2","1","1","0","0"
"POINT (13.513159855000026 52.454123431000028)","Unfall 125393 (2024) Kat:3, Licht: 2","125393","3","7","0","09","00","4","","2","0","0","0","0"
"POINT (13.384614510000063 52.452484101000039)","Unfall 125394 (2024) Kat:3, Licht: 0","125394","3","6","2","09","17","4","","0","0","1","0","0"
"POINT (13.341562325000041 52.478769950000071)","Unfall 125395 (2024) Kat:2, Licht: 2","125395","2","1","3","09","23","1","","2","0","1","0","0"
"POINT (13.474703003000059 52.488237583000057)","Unfall 125396 (2024) Kat:3, Licht: 2","125396","3","1","9","09","00","1","","2","0","1","0","0"
"POINT (13.244165836000036 52.507643859000041)","Unfall 125397 (2024) Kat:3, Licht: 0","125397","3","1","0","09","13","7","","0","0","0","0","1"
"POINT (13.553946983000060 52.509321762000070)","Unfall 125398 (2024) Kat:2, Licht: 0","125398","2","1","0","09","16","7","","0","0","0","0","1"
"POINT (13.328135355000029 52.477927402000034)","Unfall 125399 (2024) Kat:3, Licht: 0","125399","3","6","2","09","16","7","","0","0","1","0","0"
"POINT (13.428638709000040 52.537565392000033)","Unfall 125400 (2024) Kat:3, Licht: 1","125400","3","2","5","09","20","6","","1","1","1","0","0"
"POINT (13.384612829000048 52.452492977000077)","Unfall 125401 (2024) Kat:3, Licht: 0","125401","3","6","2","09","08","6","","0","0","1","0","1"
"POINT (13.396367165000072 52.423325357000067)","Unfall 125403 (2024) Kat:3, Licht: 0","125403","3","3","5","09","11","5","","0","1","0","0","1"
"POINT (13.356231928000057 52.473650462000080)","Unfall 125404 (2024) Kat:3, Licht: 0","125404","3","6","2","09","09","5","","0","0","1","0","0"
"POINT (13.313160647000075 52.621489962000055)","Unfall 125405 (2024) Kat:3, Licht: 0","125405","3","5","5","09","18","5","","0","0","1","0","1"
"POINT (13.478101316000050 52.513302058000079)","Unfall 125406 (2024) Kat:3, Licht: 0","125406","3","6","4","09","17","5","","0","1","0","0","0"
"POINT (13.365228500000057 52.558236139000030)","Unfall 125409 (2024) Kat:3, Licht: 0","125409","3","6","2","09","17","5","","0","0","1","0","0"
"POINT (13.284621269000070 52.510274251000055)","Unfall 125410 (2024) Kat:3, Licht: 0","125410","3","6","2","09","17","5","","0","0","1","0","0"
"POINT (13.454190766000067 52.515928909000081)","Unfall 125412 (2024) Kat:3, Licht: 0","125412","3","1","0","09","12","5","","0","1","0","0","0"
"POINT (13.310409820000075 52.565175432000046)","Unfall 125413 (2024) Kat:2, Licht: 0","125413","2","1","8","09","15","4","","0","0","0","0","1"
"POINT (13.391114157000061 52.431929504000038)","Unfall 125414 (2024) Kat:3, Licht: 0","125414","3","2","5","09","12","4","","0","0","1","0","0"
"POINT (13.467138420000026 52.514400372000068)","Unfall 125415 (2024) Kat:3, Licht: 2","125415","3","6","2","09","21","4","","2","0","0","0","1"
"POINT (13.388417415000049 52.493799558000035)","Unfall 125416 (2024) Kat:3, Licht: 0","125416","3","6","2","11","13","6","","0","0","1","0","0"
"POINT (13.429853584000057 52.533629503000043)","Unfall 125417 (2024) Kat:2, Licht: 0","125417","2","6","2","09","13","4","","0","0","1","0","1"
"POINT (13.359494662000031 52.489427227000078)","Unfall 125418 (2024) Kat:3, Licht: 0","125418","3","2","0","09","13","4","","0","1","1","0","0"
"POINT (13.449237831000062 52.463364552000030)","Unfall 125419 (2024) Kat:3, Licht: 0","125419","3","6","2","11","13","1","","0","0","1","0","0"
"POINT (13.436893785000052 52.539680484000030)","Unfall 125420 (2024) Kat:3, Licht: 2","125420","3","1","0","09","00","4","","2","1","0","0","0"
"POINT (13.463251194000065 52.497874360000026)","Unfall 125421 (2024) Kat:3, Licht: 0","125421","3","7","5","09","18","4","","0","0","1","0","1"
"POINT (13.402318991000072 52.580671453000036)","Unfall 125422 (2024) Kat:3, Licht: 0","125422","3","6","3","09","08","4","","0","0","1","0","1"
"POINT (13.493068653000023 52.467840479000074)","Unfall 125424 (2024) Kat:2, Licht: 0","125424","2","2","5","09","15","3","","0","0","1","0","1"
"POINT (13.403082137000069 52.463800248000041)","Unfall 125425 (2024) Kat:3, Licht: 2","125425","3","1","0","09","23","2","","2","0","0","0","1"
"POINT (13.387319198000057 52.440174295000077)","Unfall 125426 (2024) Kat:3, Licht: 0","125426","3","6","2","09","18","2","","0","0","1","0","1"
"POINT (13.403506017000041 52.569316098000058)","Unfall 125427 (2024) Kat:3, Licht: 0","125427","3","4","6","09","14","2","","0","0","1","1","0"
"POINT (13.281767565000052 52.505749884000068)","Unfall 125429 (2024) Kat:3, Licht: 0","125429","3","6","2","09","18","1","","0","0","1","0","1"
"POINT (13.284339723000073 52.509605184000065)","Unfall 125430 (2024) Kat:3, Licht: 0","125430","3","6","3","09","11","1","","0","0","1","0","0"
"POINT (13.404854248000049 52.519927313000039)","Unfall 125432 (2024) Kat:3, Licht: 0","125432","3","6","4","09","16","1","","0","1","0","0","0"
"POINT (13.318761132000077 52.478125711000075)","Unfall 125434 (2024) Kat:3, Licht: 0","125434","3","1","0","09","16","1","","0","0","0","0","1"
"POINT (13.459164879000070 52.492933635000043)","Unfall 125435 (2024) Kat:3, Licht: 1","125435","3","2","5","09","19","1","","1","1","1","0","0"
"POINT (13.368488936000062 52.506547111000032)","Unfall 125436 (2024) Kat:3, Licht: 0","125436","3","6","2","09","13","7","","0","0","1","0","0"
"POINT (13.402983636000044 52.597439784000073)","Unfall 125437 (2024) Kat:3, Licht: 0","125437","3","6","2","09","15","7","","0","0","1","0","0"
"POINT (13.388931131000049 52.497685195000031)","Unfall 125438 (2024) Kat:3, Licht: 2","125438","3","3","5","09","23","7","","2","0","1","0","0"
"POINT (13.376903304000052 52.500801685000056)","Unfall 125439 (2024) Kat:3, Licht: 2","125439","3","1","0","09","21","7","","2","0","0","0","1"
"POINT (13.261251196000046 52.489588523000066)","Unfall 125440 (2024) Kat:3, Licht: 0","125440","3","6","2","09","16","7","","0","0","1","0","0"
"POINT (13.412002238000071 52.541531004000035)","Unfall 125441 (2024) Kat:3, Licht: 2","125441","3","7","0","09","02","7","","2","0","0","0","0"
"POINT (13.096749912000064 52.413239133000047)","Unfall 125442 (2024) Kat:2, Licht: 0","125442","2","3","5","09","15","6","","0","1","0","0","1"
"POINT (13.378177757000060 52.434580667000034)","Unfall 125443 (2024) Kat:3, Licht: 1","125443","3","6","2","09","19","6","","1","0","1","0","0"
"POINT (13.460850014000073 52.630077998000047)","Unfall 125445 (2024) Kat:3, Licht: 0","125445","3","7","0","09","13","6","","0","0","1","0","0"
"POINT (13.336614066000038 52.478519991000042)","Unfall 125446 (2024) Kat:2, Licht: 0","125446","2","6","3","09","15","6","","0","0","1","0","1"
"POINT (13.337066245000074 52.478568059000054)","Unfall 125447 (2024) Kat:2, Licht: 0","125447","2","6","3","09","15","6","","0","0","1","0","1"
"POINT (13.361943702000076 52.413611576000051)","Unfall 125449 (2024) Kat:3, Licht: 0","125449","3","2","2","09","09","6","","0","0","1","0","0"
"POINT (13.281820608000032 52.505904716000032)","Unfall 125451 (2024) Kat:3, Licht: 0","125451","3","6","2","09","06","6","","0","0","1","0","0"
"POINT (13.273539260000064 52.509738833000029)","Unfall 125452 (2024) Kat:2, Licht: 2","125452","2","7","6","09","04","6","","2","1","0","1","0"
"POINT (13.396371707000071 52.423317327000063)","Unfall 125454 (2024) Kat:3, Licht: 0","125454","3","2","5","09","16","6","","0","0","1","0","0"
"POINT (13.363789615000030 52.515327983000077)","Unfall 125456 (2024) Kat:3, Licht: 0","125456","3","1","0","09","19","6","","0","0","0","0","1"
"POINT (13.284380182000064 52.510259083000051)","Unfall 125458 (2024) Kat:3, Licht: 0","125458","3","7","0","09","17","6","","0","0","1","0","1"
"POINT (13.477671462000046 52.513491399000031)","Unfall 125459 (2024) Kat:3, Licht: 0","125459","3","6","2","09","16","5","","0","0","1","0","1"
"POINT (13.309282685000028 52.511666153000078)","Unfall 125460 (2024) Kat:3, Licht: 0","125460","3","3","5","09","10","5","","0","1","1","0","0"
"POINT (13.555528093000078 52.509205157000054)","Unfall 125461 (2024) Kat:3, Licht: 0","125461","3","1","0","09","10","5","","0","1","0","0","0"
"POINT (13.429421363000074 52.518227093000064)","Unfall 125462 (2024) Kat:3, Licht: 0","125462","3","6","3","09","13","5","","0","0","1","0","1"
"POINT (13.416384431000040 52.522004397000046)","Unfall 125463 (2024) Kat:3, Licht: 2","125463","3","2","5","09","20","5","","2","0","1","0","0"
"POINT (13.403065852000054 52.594318276000081)","Unfall 125465 (2024) Kat:3, Licht: 2","125465","3","3","5","09","20","5","","2","1","1","0","0"
"POINT (13.281497336000029 52.498799748000067)","Unfall 125466 (2024) Kat:3, Licht: 0","125466","3","6","2","09","17","5","","0","0","1","0","0"
"POINT (13.410929892000070 52.523347106000074)","Unfall 125468 (2024) Kat:2, Licht: 0","125468","2","4","6","09","13","5","","0","0","0","1","0"
"POINT (13.462025718000064 52.495179428000029)","Unfall 125469 (2024) Kat:3, Licht: 0","125469","3","1","0","09","13","5","","0","1","0","0","0"
"POINT (13.372016585000040 52.505132103000051)","Unfall 125470 (2024) Kat:3, Licht: 0","125470","3","2","5","09","11","5","","0","0","1","0","0"
"POINT (13.365476282000031 52.558144128000038)","Unfall 125471 (2024) Kat:3, Licht: 0","125471","3","5","2","09","13","4","","0","0","1","0","1"
"POINT (13.403121360000057 52.569351067000071)","Unfall 125472 (2024) Kat:3, Licht: 0","125472","3","6","2","09","09","4","","0","0","1","0","0"
"POINT (13.453716581000037 52.516006467000068)","Unfall 125473 (2024) Kat:3, Licht: 0","125473","3","2","2","09","08","4","","0","0","1","0","1"
"POINT (13.369719040000064 52.515823684000054)","Unfall 125474 (2024) Kat:3, Licht: 1","125474","3","2","5","09","18","4","","1","1","1","0","0"
"POINT (13.356053802000076 52.473532332000048)","Unfall 125475 (2024) Kat:3, Licht: 0","125475","3","3","5","09","17","4","","0","0","1","0","0"
"POINT (13.609561204000045 52.504926533000059)","Unfall 125476 (2024) Kat:3, Licht: 0","125476","3","3","5","09","10","4","","0","0","1","0","0"
"POINT (13.476724808000029 52.513584258000037)","Unfall 125477 (2024) Kat:2, Licht: 0","125477","2","2","5","09","10","4","","0","1","1","0","0"
"POINT (13.348420230000045 52.481717126000035)","Unfall 125479 (2024) Kat:3, Licht: 0","125479","3","2","5","09","09","4","","0","1","1","0","0"
"POINT (13.314824942000030 52.512221367000052)","Unfall 125480 (2024) Kat:3, Licht: 0","125480","3","6","2","09","18","3","","0","1","0","0","0"
"POINT (13.403254581000056 52.580837824000071)","Unfall 125481 (2024) Kat:2, Licht: 0","125481","2","1","0","09","18","3","","0","1","0","0","0"
"POINT (13.488225605000025 52.512417646000074)","Unfall 125483 (2024) Kat:3, Licht: 1","125483","3","3","5","09","06","6","","1","0","1","0","1"
"POINT (13.328341436000073 52.477928826000038)","Unfall 125484 (2024) Kat:3, Licht: 0","125484","3","1","8","09","06","3","","0","0","0","0","1"
"POINT (13.285464978000050 52.513180714000043)","Unfall 125485 (2024) Kat:3, Licht: 0","125485","3","6","2","09","13","3","","0","0","1","0","0"
"POINT (13.384590810000077 52.452609269000050)","Unfall 125486 (2024) Kat:3, Licht: 0","125486","3","2","5","09","17","3","","0","1","1","0","0"
"POINT (13.413033343000052 52.545693814000060)","Unfall 125488 (2024) Kat:3, Licht: 0","125488","3","7","0","09","17","3","","0","1","0","0","0"
"POINT (13.478209355000047 52.569049263000068)","Unfall 125489 (2024) Kat:3, Licht: 0","125489","3","1","8","09","16","3","","0","0","1","0","0"
"POINT (13.289275181000050 52.510560348000070)","Unfall 125491 (2024) Kat:3, Licht: 0","125491","3","2","5","09","10","3","","0","1","1","0","0"
"POINT (13.387663797000073 52.439492870000038)","Unfall 125492 (2024) Kat:3, Licht: 0","125492","3","6","2","09","09","3","","0","0","1","0","0"
"POINT (13.385511317000066 52.465231195000058)","Unfall 125493 (2024) Kat:3, Licht: 0","125493","3","6","3","09","07","2","","0","1","0","0","0"
"POINT (13.396174882000025 52.423052178000034)","Unfall 125495 (2024) Kat:2, Licht: 0","125495","2","6","3","09","10","2","","0","1","0","0","0"
"POINT (13.507842315000062 52.429294095000046)","Unfall 125497 (2024) Kat:3, Licht: 0","125497","3","6","2","09","09","2","","0","0","1","0","0"
"POINT (13.436964348000060 52.534177362000037)","Unfall 125498 (2024) Kat:3, Licht: 0","125498","3","6","2","10","09","2","","0","0","0","0","1"
"POINT (13.369903269000076 52.541787870000064)","Unfall 125499 (2024) Kat:3, Licht: 0","125499","3","7","0","09","12","2","","0","0","0","0","1"
"POINT (13.379862748000050 52.469898612000065)","Unfall 125500 (2024) Kat:3, Licht: 0","125500","3","6","2","09","15","6","","0","0","1","0","0"
"POINT (13.404336489000059 52.568287986000030)","Unfall 125501 (2024) Kat:3, Licht: 2","125501","3","5","1","09","20","2","","2","1","1","0","0"
"POINT (13.260308033000058 52.435164734000068)","Unfall 125502 (2024) Kat:3, Licht: 0","125502","3","2","2","09","16","2","","0","1","1","0","0"
"POINT (13.484389828000076 52.512805095000033)","Unfall 125503 (2024) Kat:3, Licht: 0","125503","3","2","5","09","15","2","","0","0","1","0","1"
"POINT (13.448640273000024 52.505095075000042)","Unfall 125504 (2024) Kat:3, Licht: 0","125504","3","6","3","09","19","1","","0","1","0","0","0"
"POINT (13.368484143000046 52.471599810000043)","Unfall 125505 (2024) Kat:1, Licht: 0","125505","1","1","9","08","15","7","","0","0","0","0","1"
"POINT (13.405057286000044 52.513681113000075)","Unfall 125506 (2024) Kat:3, Licht: 0","125506","3","6","4","08","18","7","","0","0","0","0","0"
"POINT (13.439119464000044 52.541191157000071)","Unfall 125507 (2024) Kat:3, Licht: 0","125507","3","2","5","08","18","7","","0","0","1","0","1"
"POINT (13.328105244000028 52.460488149000071)","Unfall 125509 (2024) Kat:3, Licht: 0","125509","3","3","5","08","13","7","","0","0","1","0","0"
"POINT (13.616692550000039 52.504735806000042)","Unfall 125510 (2024) Kat:3, Licht: 0","125510","3","3","5","08","13","7","","0","1","1","0","0"
"POINT (13.364409469000066 52.563763668000036)","Unfall 125511 (2024) Kat:3, Licht: 0","125511","3","2","5","08","14","6","","0","1","0","0","0"
"POINT (13.442832065000061 52.516859919000069)","Unfall 125512 (2024) Kat:2, Licht: 0","125512","2","2","5","08","13","6","","0","1","0","0","0"
"POINT (13.286367052000060 52.593681103000051)","Unfall 125513 (2024) Kat:2, Licht: 0","125513","2","6","0","08","13","6","","0","0","1","0","1"
"POINT (13.388848981000024 52.498114333000046)","Unfall 125514 (2024) Kat:3, Licht: 0","125514","3","2","5","08","07","6","","0","0","1","0","0"
"POINT (13.403967827000031 52.409871929000076)","Unfall 125515 (2024) Kat:2, Licht: 0","125515","2","2","5","08","17","5","","0","0","1","0","0"
"POINT (13.147350648000042 52.494457730000079)","Unfall 125516 (2024) Kat:2, Licht: 0","125516","2","1","9","08","14","5","","0","0","1","0","0"
"POINT (13.351852887000064 52.472922607000044)","Unfall 125517 (2024) Kat:3, Licht: 0","125517","3","6","2","08","13","5","","0","0","1","0","0"
"POINT (13.376450816000045 52.430927885000074)","Unfall 125518 (2024) Kat:2, Licht: 2","125518","2","3","5","08","20","5","","2","0","1","0","1"
"POINT (13.367311920000077 52.551484569000081)","Unfall 125520 (2024) Kat:3, Licht: 0","125520","3","3","5","08","08","5","","0","0","1","0","0"
"POINT (13.348456177000060 52.481700980000028)","Unfall 125521 (2024) Kat:3, Licht: 0","125521","3","2","6","08","14","5","","0","0","1","1","0"
"POINT (13.361723622000056 52.413485360000038)","Unfall 125523 (2024) Kat:3, Licht: 0","125523","3","6","3","08","09","5","","0","0","1","0","0"
"POINT (13.386495453000066 52.442229029000032)","Unfall 125524 (2024) Kat:3, Licht: 0","125524","3","6","2","08","16","4","","0","0","1","0","0"
"POINT (13.208458618000066 52.425520251000080)","Unfall 125525 (2024) Kat:2, Licht: 0","125525","2","5","1","08","13","4","","0","0","1","0","0"
"POINT (13.350186123000071 52.481099776000065)","Unfall 125526 (2024) Kat:2, Licht: 0","125526","2","6","2","08","07","4","","0","0","1","0","0"
"POINT (13.415956550000033 52.522188577000065)","Unfall 125527 (2024) Kat:2, Licht: 0","125527","2","1","0","08","19","4","","0","1","0","0","0"
"POINT (13.429065619000028 52.518214128000068)","Unfall 125528 (2024) Kat:3, Licht: 0","125528","3","3","5","08","18","4","","0","1","1","0","0"
"POINT (13.349918585000069 52.481215710000072)","Unfall 125530 (2024) Kat:3, Licht: 0","125530","3","2","5","08","16","4","","0","0","1","0","1"
"POINT (13.370864884000071 52.470830442000079)","Unfall 125531 (2024) Kat:3, Licht: 2","125531","3","6","2","11","17","5","","2","0","1","0","0"
"POINT (13.482495363000055 52.512996407000060)","Unfall 125532 (2024) Kat:3, Licht: 0","125532","3","6","3","08","08","4","","0","1","0","0","0"
"POINT (13.348018853000042 52.476003030000072)","Unfall 125533 (2024) Kat:3, Licht: 0","125533","3","6","2","08","06","4","","0","0","1","0","0"
"POINT (13.361799984000072 52.474211414000081)","Unfall 125534 (2024) Kat:3, Licht: 0","125534","3","6","2","08","15","3","","0","0","1","0","0"
"POINT (13.389452790000064 52.435488881000026)","Unfall 125536 (2024) Kat:3, Licht: 2","125536","3","6","3","08","20","3","","2","1","1","0","0"
"POINT (13.429326549000052 52.532784027000048)","Unfall 125538 (2024) Kat:3, Licht: 0","125538","3","6","2","08","14","3","","0","0","1","0","0"
"POINT (13.271385564000070 52.509400240000048)","Unfall 125539 (2024) Kat:3, Licht: 0","125539","3","2","3","08","14","3","","0","0","1","0","0"
"POINT (13.354029404000073 52.479099976000043)","Unfall 125540 (2024) Kat:3, Licht: 0","125540","3","4","6","08","12","3","","0","0","1","1","0"
"POINT (13.348125002000074 52.574356812000076)","Unfall 125541 (2024) Kat:2, Licht: 0","125541","2","6","2","08","08","3","","0","0","1","0","1"
"POINT (13.284607000000051 52.442535544000066)","Unfall 125542 (2024) Kat:2, Licht: 0","125542","2","6","3","08","07","2","","0","0","1","0","0"
"POINT (13.371228821000045 52.470761526000047)","Unfall 125543 (2024) Kat:3, Licht: 0","125543","3","6","2","08","16","2","","0","0","1","0","0"
"POINT (13.454215421000072 52.515847596000071)","Unfall 125544 (2024) Kat:3, Licht: 0","125544","3","2","5","08","16","2","","0","1","1","0","0"
"POINT (13.361359480000033 52.496228760000065)","Unfall 125545 (2024) Kat:3, Licht: 2","125545","3","7","0","12","23","7","","2","0","1","0","0"
"POINT (13.364252477000036 52.563422340000045)","Unfall 125546 (2024) Kat:3, Licht: 0","125546","3","7","6","08","12","2","","0","0","1","1","0"
"POINT (13.471068090000074 52.565779856000063)","Unfall 125547 (2024) Kat:3, Licht: 0","125547","3","2","5","08","11","2","","0","1","1","0","0"
"POINT (13.369966596000040 52.515838243000076)","Unfall 125549 (2024) Kat:3, Licht: 2","125549","3","7","5","10","21","5","","2","0","1","0","1"
"POINT (13.484430234000058 52.512801121000052)","Unfall 125550 (2024) Kat:2, Licht: 0","125550","2","2","5","08","09","2","","0","0","1","0","0"
"POINT (13.368749105000063 52.541144054000029)","Unfall 125553 (2024) Kat:3, Licht: 2","125553","3","2","5","08","20","1","","2","1","1","0","0"
"POINT (13.451822451000055 52.510242583000036)","Unfall 125554 (2024) Kat:3, Licht: 0","125554","3","6","3","08","18","1","","0","1","0","0","0"
"POINT (13.362598210000044 52.499171680000075)","Unfall 125555 (2024) Kat:3, Licht: 0","125555","3","6","2","08","15","1","","0","0","1","0","0"
"POINT (13.334472869000024 52.593228438000040)","Unfall 125557 (2024) Kat:2, Licht: 0","125557","2","1","0","08","15","1","","0","0","0","0","1"
"POINT (13.363446575000069 52.500486976000047)","Unfall 125558 (2024) Kat:2, Licht: 0","125558","2","6","2","08","14","1","","0","0","1","0","0"
"POINT (13.468671740000048 52.514398681000046)","Unfall 125559 (2024) Kat:3, Licht: 0","125559","3","7","6","08","16","1","","0","0","0","1","0"
"POINT (13.460645029000034 52.494045631000063)","Unfall 125560 (2024) Kat:3, Licht: 2","125560","3","4","6","08","05","7","","2","0","0","1","0"
"POINT (13.407369805000030 52.515270453000028)","Unfall 125561 (2024) Kat:3, Licht: 0","125561","3","6","2","08","13","7","","0","0","1","0","0"
"POINT (13.404597637000052 52.519797672000038)","Unfall 125563 (2024) Kat:3, Licht: 0","125563","3","6","2","08","12","7","","0","0","1","0","0"
"POINT (13.453741869000055 52.515934038000069)","Unfall 125564 (2024) Kat:3, Licht: 0","125564","3","2","5","08","17","7","","0","1","1","0","0"
"POINT (13.511004669000044 52.428454495000040)","Unfall 125565 (2024) Kat:3, Licht: 0","125565","3","6","2","08","10","7","","0","0","1","0","0"
"POINT (13.352551781000045 52.480069576000062)","Unfall 125566 (2024) Kat:3, Licht: 0","125566","3","6","2","08","10","7","","0","0","1","0","0"
"POINT (13.412278324000056 52.519252583000082)","Unfall 125567 (2024) Kat:3, Licht: 0","125567","3","2","5","08","09","6","","0","1","0","0","0"
"POINT (13.294485005000070 52.491843713000037)","Unfall 125569 (2024) Kat:3, Licht: 1","125569","3","1","9","08","05","6","","1","0","1","0","0"
"POINT (13.591360423000026 52.505084153000041)","Unfall 125571 (2024) Kat:3, Licht: 0","125571","3","6","2","08","13","5","","0","0","1","0","0"
"POINT (13.332304194000073 52.598612441000057)","Unfall 125572 (2024) Kat:3, Licht: 0","125572","3","6","2","08","11","5","","0","0","1","0","0"
"POINT (13.282654413000046 52.528456450000078)","Unfall 125573 (2024) Kat:3, Licht: 0","125573","3","6","3","08","06","5","","0","0","0","0","1"
"POINT (13.349295170000062 52.481477181000059)","Unfall 125574 (2024) Kat:2, Licht: 0","125574","2","4","6","08","15","5","","0","1","0","1","0"
"POINT (13.412701536000043 52.545718014000045)","Unfall 125575 (2024) Kat:3, Licht: 0","125575","3","7","0","10","08","3","","0","1","0","0","0"
"POINT (13.357149257000060 52.473782390000054)","Unfall 125576 (2024) Kat:3, Licht: 0","125576","3","6","2","08","15","4","","0","0","1","0","0"
"POINT (13.282723002000068 52.528561487000047)","Unfall 125577 (2024) Kat:3, Licht: 0","125577","3","6","3","08","15","4","","0","0","1","0","0"
"POINT (13.365481950000060 52.558095654000056)","Unfall 125578 (2024) Kat:3, Licht: 0","125578","3","3","5","08","17","4","","0","1","1","0","0"
"POINT (13.439202309000052 52.541664571000069)","Unfall 125579 (2024) Kat:3, Licht: 0","125579","3","4","0","08","08","3","","0","1","0","1","0"
"POINT (13.447594366000033 52.526178439000034)","Unfall 125580 (2024) Kat:3, Licht: 0","125580","3","4","6","08","15","3","","0","1","0","1","0"
"POINT (13.269421381000029 52.509185937000041)","Unfall 125581 (2024) Kat:3, Licht: 0","125581","3","5","1","08","15","3","","0","1","1","0","0"
"POINT (13.332815632000063 52.596727208000061)","Unfall 125582 (2024) Kat:3, Licht: 0","125582","3","5","1","08","11","3","","0","1","1","0","0"
"POINT (13.216640899000026 52.509062511000081)","Unfall 125583 (2024) Kat:1, Licht: 0","125583","1","7","5","08","15","3","","0","0","1","0","1"