WKT,Name,OBJECTID,UKATEGORIE,UTYP1,UART,UMONAT,USTUNDE,UWOCHENTAG,STRZUSTAND,ULICHTVERH,ISTRAD,ISTPKW,ISTFUSS,ISTKRAD
"POINT (13.558220690000041 52.562809670000036)","Unfall 125584 (2024) Kat:3, Licht: 0","125584","3","6","3","08","11","2","","0","0","0","0","1"
"POINT (13.367370130000040 52.551387374000058)","Unfall 125585 (2024) Kat:3, Licht: 0","125585","3","2","5","08","18","2","","0","1","1","0","0"
"POINT (13.360332860000028 52.515109632000076)","Unfall 125586 (2024) Kat:3, Licht: 0","125586","3","3","5","08","17","2","","0","1","0","0","1"
"POINT (13.388565629000027 52.436454391000041)","Unfall 125588 (2024) Kat:3, Licht: 0","125588","3","2","5","08","12","2","","0","1","1","0","0"
"POINT (13.431602851000036 52.622850733000064)","Unfall 125590 (2024) Kat:3, Licht: 0","125590","3","6","2","08","11","2","","0","0","0","0","0"
"POINT (13.511556793000068 52.455375895000032)","Unfall 125591 (2024) Kat:3, Licht: 0","125591","3","4","6","08","15","1","","0","0","1","1","0"
"POINT (13.388859210000021 52.497623414000032)","Unfall 125592 (2024) Kat:3, Licht: 2","125592","3","2","5","08","20","1","","2","1","1","0","0"
"POINT (13.420751665000068 52.520604376000051)","Unfall 125593 (2024) Kat:1, Licht: 2","125593","1","7","6","08","05","1","","2","0","1","1","0"
"POINT (13.366627741000059 52.504201026000032)","Unfall 125594 (2024) Kat:2, Licht: 0","125594","2","6","4","08","17","7","","0","1","0","0","0"
"POINT (13.265752386000031 52.435883203000060)","Unfall 125595 (2024) Kat:3, Licht: 0","125595","3","2","0","08","13","7","","0","1","1","0","0"
"POINT (13.413650904000065 52.540784921000068)","Unfall 125596 (2024) Kat:3, Licht: 0","125596","3","7","0","08","07","7","","0","1","0","0","0"
"POINT (13.247881227000050 52.478625037000029)","Unfall 125597 (2024) Kat:2, Licht: 0","125597","2","6","2","08","15","6","","0","0","1","0","0"
"POINT (13.284530155000027 52.508503160000032)","Unfall 125598 (2024) Kat:3, Licht: 0","125598","3","6","2","08","08","6","","0","0","1","0","0"
"POINT (13.354149083000038 52.479007092000074)","Unfall 125599 (2024) Kat:3, Licht: 0","125599","3","2","5","08","19","6","","0","0","1","0","0"
"POINT (13.384712163000074 52.451968376000082)","Unfall 125600 (2024) Kat:3, Licht: 0","125600","3","3","5","08","17","6","","0","1","1","0","0"
"POINT (13.388858413000037 52.498112616000071)","Unfall 125601 (2024) Kat:3, Licht: 0","125601","3","2","5","08","12","6","","0","0","1","0","0"
"POINT (13.362690696000072 52.474026074000051)","Unfall 125602 (2024) Kat:2, Licht: 0","125602","2","6","2","08","13","6","","0","0","1","0","0"
"POINT (13.295356886000036 52.540483391000066)","Unfall 125604 (2024) Kat:3, Licht: 0","125604","3","6","2","08","06","2","","0","0","1","0","0"
"POINT (13.416765200000043 52.522083334000058)","Unfall 125605 (2024) Kat:3, Licht: 0","125605","3","2","5","08","06","6","","0","1","0","0","0"
"POINT (13.471769617000064 52.513938143000075)","Unfall 125607 (2024) Kat:3, Licht: 2","125607","3","6","2","08","03","5","","2","0","1","0","1"
"POINT (13.384224015000029 52.458600305000061)","Unfall 125609 (2024) Kat:3, Licht: 0","125609","3","1","8","08","17","5","","0","1","0","0","0"
"POINT (13.359329517000049 52.489548233000050)","Unfall 125611 (2024) Kat:3, Licht: 2","125611","3","5","1","08","21","5","","2","0","1","0","0"
"POINT (13.269415426000023 52.437627733000056)","Unfall 125612 (2024) Kat:3, Licht: 0","125612","3","3","5","08","18","5","","0","0","1","0","0"
"POINT (13.372127395000064 52.505163632000063)","Unfall 125613 (2024) Kat:3, Licht: 2","125613","3","3","5","09","22","3","","2","0","1","0","0"
"POINT (13.385730522000074 52.478982002000066)","Unfall 125614 (2024) Kat:3, Licht: 0","125614","3","6","1","08","10","5","","0","0","1","0","1"
"POINT (13.457747526000048 52.491806762000067)","Unfall 125615 (2024) Kat:3, Licht: 0","125615","3","3","5","08","08","5","","0","0","1","0","0"
"POINT (13.301518656000042 52.448686491000046)","Unfall 125616 (2024) Kat:2, Licht: 0","125616","2","2","5","08","07","5","","0","1","0","0","0"
"POINT (13.294535004000068 52.510892749000050)","Unfall 125618 (2024) Kat:3, Licht: 0","125618","3","6","3","08","16","4","","0","0","0","0","1"
"POINT (13.232281772000022 52.506908354000075)","Unfall 125619 (2024) Kat:3, Licht: 2","125619","3","6","3","08","21","4","","2","0","0","0","1"
"POINT (13.261936862000027 52.434799657000042)","Unfall 125620 (2024) Kat:3, Licht: 0","125620","3","5","1","08","17","4","","0","0","1","0","0"
"POINT (13.299949231000028 52.547110387000032)","Unfall 125623 (2024) Kat:2, Licht: 0","125623","2","6","2","08","14","4","","0","0","1","0","0"
"POINT (13.454037398000025 52.515240107000068)","Unfall 125624 (2024) Kat:2, Licht: 0","125624","2","6","3","08","14","4","","0","1","0","0","0"
"POINT (13.376887559000068 52.516071150000073)","Unfall 125626 (2024) Kat:3, Licht: 2","125626","3","1","0","08","22","3","","2","0","0","0","1"
"POINT (13.369495655000037 52.528842379000082)","Unfall 125627 (2024) Kat:3, Licht: 0","125627","3","6","2","08","11","3","","0","0","1","0","0"
"POINT (13.324758723000059 52.606872030000034)","Unfall 125628 (2024) Kat:3, Licht: 0","125628","3","3","5","09","16","3","","0","0","1","0","0"
"POINT (13.484425854000051 52.512801552000042)","Unfall 125629 (2024) Kat:3, Licht: 0","125629","3","3","0","08","09","3","","0","0","0","0","1"
"POINT (13.389271189000056 52.497460849000049)","Unfall 125630 (2024) Kat:3, Licht: 0","125630","3","2","5","08","07","3","","0","1","0","0","0"
"POINT (13.505238288000044 52.510723171000052)","Unfall 125631 (2024) Kat:3, Licht: 0","125631","3","6","2","08","19","2","","0","0","1","0","1"
"POINT (13.304170836000026 52.449602846000062)","Unfall 125633 (2024) Kat:3, Licht: 0","125633","3","2","5","08","17","2","","0","0","1","0","1"
"POINT (13.387742670000023 52.438771737000081)","Unfall 125635 (2024) Kat:3, Licht: 0","125635","3","6","0","08","18","2","","0","0","1","0","1"
"POINT (13.584279470000070 52.505052018000072)","Unfall 125637 (2024) Kat:2, Licht: 0","125637","2","3","0","08","17","2","","0","1","1","0","0"
"POINT (13.301651449000076 52.511359975000062)","Unfall 125638 (2024) Kat:3, Licht: 0","125638","3","2","2","08","18","2","","0","0","1","0","0"
"POINT (13.567252808000035 52.506761404000031)","Unfall 125639 (2024) Kat:2, Licht: 0","125639","2","6","2","08","14","2","","0","0","1","0","1"
"POINT (13.485563784000021 52.512553686000047)","Unfall 125640 (2024) Kat:3, Licht: 0","125640","3","6","2","08","15","2","","0","0","1","0","0"
"POINT (13.558180329000038 52.562759359000040)","Unfall 125641 (2024) Kat:3, Licht: 0","125641","3","3","5","08","05","2","","0","0","1","0","0"
"POINT (13.373917283000026 52.470433485000058)","Unfall 125643 (2024) Kat:3, Licht: 2","125643","3","6","3","08","23","1","","2","0","1","0","0"
"POINT (13.451560419000032 52.509687810000059)","Unfall 125644 (2024) Kat:3, Licht: 0","125644","3","4","6","08","18","1","","0","1","0","1","0"
"POINT (13.347747852000055 52.476217065000071)","Unfall 125645 (2024) Kat:3, Licht: 0","125645","3","6","2","08","10","1","","0","0","1","0","0"
"POINT (13.454219957000078 52.515828727000041)","Unfall 125646 (2024) Kat:3, Licht: 0","125646","3","2","5","08","19","1","","0","1","1","0","0"
"POINT (13.479423271000030 52.484556827000063)","Unfall 125648 (2024) Kat:3, Licht: 0","125648","3","3","5","08","18","1","","0","0","1","0","0"
"POINT (13.320848169000044 52.609621257000072)","Unfall 125649 (2024) Kat:3, Licht: 0","125649","3","6","6","08","16","1","","0","1","0","1","0"
"POINT (13.338642821000064 52.478675241000076)","Unfall 125651 (2024) Kat:3, Licht: 0","125651","3","6","2","08","17","6","","0","0","1","0","0"
"POINT (13.361903903000041 52.413458823000042)","Unfall 125652 (2024) Kat:3, Licht: 0","125652","3","6","2","08","13","1","","0","0","1","0","1"
"POINT (13.179545082000061 52.516555774000039)","Unfall 125653 (2024) Kat:3, Licht: 1","125653","3","6","2","08","17","6","","1","0","1","0","0"
"POINT (13.500822587000073 52.462692976000028)","Unfall 125654 (2024) Kat:3, Licht: 0","125654","3","3","5","08","12","6","","0","1","1","0","0"
"POINT (13.430382721000058 52.533696394000060)","Unfall 125656 (2024) Kat:3, Licht: 0","125656","3","5","1","08","18","6","","0","1","1","0","0"
"POINT (13.300015328000029 52.534420122000029)","Unfall 125658 (2024) Kat:3, Licht: 0","125658","3","1","0","08","14","6","","0","0","1","0","0"
"POINT (13.386053390000029 52.483188029000075)","Unfall 125659 (2024) Kat:3, Licht: 0","125659","3","2","5","08","13","6","","0","1","1","0","0"
"POINT (13.381590754000058 52.499178333000032)","Unfall 125660 (2024) Kat:2, Licht: 0","125660","2","1","9","08","18","5","","0","0","0","0","1"
"POINT (13.324965906000045 52.606619567000052)","Unfall 125661 (2024) Kat:3, Licht: 2","125661","3","1","9","10","20","4","","2","1","1","0","0"
"POINT (13.269408387000055 52.437624459000062)","Unfall 125662 (2024) Kat:3, Licht: 0","125662","3","3","5","08","08","5","","0","0","1","0","1"
"POINT (13.411023869000076 52.523164887000064)","Unfall 125664 (2024) Kat:3, Licht: 0","125664","3","4","6","08","20","5","","0","1","0","1","0"
"POINT (13.258116820000055 52.508509117000074)","Unfall 125665 (2024) Kat:3, Licht: 0","125665","3","2","5","08","17","5","","0","0","1","0","0"
"POINT (13.272167077000063 52.438679623000041)","Unfall 125666 (2024) Kat:3, Licht: 0","125666","3","3","5","08","14","5","","0","1","1","0","0"
"POINT (13.341091124000059 52.586561052000036)","Unfall 125667 (2024) Kat:3, Licht: 0","125667","3","7","5","08","14","5","","0","0","1","0","0"
"POINT (13.464456514000062 52.514672594000047)","Unfall 125669 (2024) Kat:3, Licht: 0","125669","3","4","6","08","18","5","","0","1","0","1","0"
"POINT (13.175469040000053 52.419947135000029)","Unfall 125670 (2024) Kat:3, Licht: 0","125670","3","2","2","08","10","5","","0","1","1","0","0"
"POINT (13.608385112000065 52.504807939000045)","Unfall 125671 (2024) Kat:3, Licht: 0","125671","3","2","5","08","15","4","","0","1","1","0","0"
"POINT (13.348627161000024 52.474882451000042)","Unfall 125672 (2024) Kat:2, Licht: 0","125672","2","1","0","08","17","3","","0","0","0","0","1"
"POINT (13.368746742000042 52.541142968000031)","Unfall 125674 (2024) Kat:3, Licht: 0","125674","3","2","5","08","18","3","","0","1","1","0","0"
"POINT (13.354224054000042 52.478953633000060)","Unfall 125675 (2024) Kat:3, Licht: 0","125675","3","2","5","08","15","3","","0","1","0","0","0"
"POINT (13.386043156000028 52.482405862000064)","Unfall 125676 (2024) Kat:3, Licht: 0","125676","3","6","2","08","15","3","","0","0","1","0","0"
"POINT (13.328590138000038 52.477931573000035)","Unfall 125678 (2024) Kat:3, Licht: 0","125678","3","1","8","08","17","2","","0","0","0","0","1"
"POINT (13.433617985000069 52.536077344000034)","Unfall 125679 (2024) Kat:3, Licht: 0","125679","3","6","2","08","19","2","","0","1","1","0","0"
"POINT (13.383957176000024 52.457511740000029)","Unfall 125680 (2024) Kat:3, Licht: 0","125680","3","2","5","08","16","2","","0","1","1","0","0"
"POINT (13.453679839000074 52.463606326000047)","Unfall 125681 (2024) Kat:2, Licht: 0","125681","2","1","0","08","16","2","","0","0","0","0","1"
"POINT (13.385501858000055 52.466570290000050)","Unfall 125682 (2024) Kat:3, Licht: 0","125682","3","6","3","08","17","2","","0","0","1","0","0"
"POINT (13.175692821000041 52.419877012000029)","Unfall 125683 (2024) Kat:3, Licht: 0","125683","3","6","3","08","15","2","","0","0","1","0","0"
"POINT (13.359916611000074 52.515185124000027)","Unfall 125684 (2024) Kat:2, Licht: 0","125684","2","6","4","08","12","1","","0","1","0","0","0"
"POINT (13.354251759000022 52.485239810000053)","Unfall 125686 (2024) Kat:3, Licht: 1","125686","3","6","2","08","21","7","","1","0","1","0","0"
"POINT (13.457982832000027 52.492065328000081)","Unfall 125687 (2024) Kat:3, Licht: 0","125687","3","6","3","08","19","7","","0","1","1","0","0"
"POINT (13.424181545000067 52.539068053000051)","Unfall 125688 (2024) Kat:3, Licht: 0","125688","3","2","5","10","14","7","","0","0","1","0","0"
"POINT (13.361433756000054 52.496404121000069)","Unfall 125689 (2024) Kat:3, Licht: 0","125689","3","5","1","08","14","7","","0","1","1","0","0"
"POINT (13.191382350000026 52.514162503000080)","Unfall 125690 (2024) Kat:2, Licht: 2","125690","2","6","2","08","03","7","","2","0","1","0","0"
"POINT (13.374086167000030 52.509214938000071)","Unfall 125691 (2024) Kat:2, Licht: 0","125691","2","1","0","08","08","6","","0","1","0","0","0"
"POINT (13.292946504000042 52.535743732000071)","Unfall 125693 (2024) Kat:2, Licht: 0","125693","2","6","3","08","16","6","","0","0","1","0","1"
"POINT (13.363494371000058 52.535978389000036)","Unfall 125694 (2024) Kat:3, Licht: 0","125694","3","6","2","08","15","5","","0","0","1","0","1"
"POINT (13.361729975000060 52.497103448000075)","Unfall 125695 (2024) Kat:3, Licht: 1","125695","3","5","1","08","22","5","","1","1","1","0","0"
"POINT (13.428144285000030 52.623753629000078)","Unfall 125696 (2024) Kat:2, Licht: 0","125696","2","1","8","08","09","5","","0","0","0","0","1"
"POINT (13.291453268000055 52.444721031000029)","Unfall 125698 (2024) Kat:3, Licht: 0","125698","3","5","1","08","07","5","","0","1","1","0","0"
"POINT (13.408588467000072 52.516649741000037)","Unfall 125699 (2024) Kat:3, Licht: 0","125699","3","6","2","08","07","5","","0","0","1","0","0"
"POINT (13.310300010000049 52.481699909000042)","Unfall 125700 (2024) Kat:3, Licht: 0","125700","3","6","2","07","14","4","","0","0","0","0","0"
"POINT (13.414241356000048 52.553148840000063)","Unfall 125701 (2024) Kat:3, Licht: 0","125701","3","6","3","07","15","4","","0","1","0","0","0"
"POINT (13.403445114000021 52.582992964000027)","Unfall 125703 (2024) Kat:3, Licht: 0","125703","3","7","2","07","13","4","","0","0","1","0","1"
"POINT (13.479434046000051 52.484544784000036)","Unfall 125704 (2024) Kat:3, Licht: 0","125704","3","3","5","07","18","4","","0","1","1","0","0"
"POINT (13.420309415000077 52.525264919000051)","Unfall 125706 (2024) Kat:3, Licht: 0","125706","3","2","5","07","18","3","","0","1","1","0","0"
"POINT (13.419803240000022 52.524833750000028)","Unfall 125708 (2024) Kat:3, Licht: 0","125708","3","6","2","09","13","2","","0","0","1","0","0"
"POINT (13.458668551000073 52.515256555000065)","Unfall 125709 (2024) Kat:3, Licht: 0","125709","3","4","6","07","18","3","","0","1","0","1","0"
"POINT (13.365500195000038 52.557977599000026)","Unfall 125710 (2024) Kat:3, Licht: 0","125710","3","3","5","07","10","3","","0","0","1","0","0"
"POINT (13.320219506000058 52.610003179000046)","Unfall 125711 (2024) Kat:3, Licht: 0","125711","3","1","0","09","14","1","","0","1","0","0","0"
"POINT (13.324206186000026 52.512689456000032)","Unfall 125712 (2024) Kat:3, Licht: 0","125712","3","4","6","07","13","3","","0","1","0","1","0"
"POINT (13.505111010000064 52.510731199000077)","Unfall 125714 (2024) Kat:2, Licht: 0","125714","2","2","5","07","19","3","","0","1","1","0","0"
"POINT (13.295103257000051 52.491481856000064)","Unfall 125715 (2024) Kat:3, Licht: 0","125715","3","6","2","07","17","3","","0","0","1","0","1"
"POINT (13.349893663000046 52.481226163000031)","Unfall 125717 (2024) Kat:3, Licht: 0","125717","3","4","6","12","12","3","","0","0","1","1","0"
"POINT (13.387319198000057 52.440174295000077)","Unfall 125718 (2024) Kat:3, Licht: 0","125718","3","6","3","07","14","3","","0","1","0","0","0"
"POINT (13.561717348000059 52.508524402000035)","Unfall 125719 (2024) Kat:3, Licht: 2","125719","3","1","9","07","03","3","","2","0","1","0","0"
"POINT (13.411971881000056 52.541113776000032)","Unfall 125721 (2024) Kat:3, Licht: 0","125721","3","3","2","07","15","3","","0","0","1","0","0"
"POINT (13.427512690000071 52.518917398000042)","Unfall 125722 (2024) Kat:2, Licht: 0","125722","2","3","5","07","15","2","","0","1","1","0","0"
"POINT (13.283265122000046 52.510187862000066)","Unfall 125724 (2024) Kat:2, Licht: 1","125724","2","7","0","07","18","2","","1","0","1","0","0"
"POINT (13.280742071000077 52.502177362000054)","Unfall 125725 (2024) Kat:3, Licht: 0","125725","3","3","5","07","16","2","","0","0","1","0","0"
"POINT (13.424163913000029 52.539301967000029)","Unfall 125726 (2024) Kat:3, Licht: 2","125726","3","2","5","07","04","1","","2","0","1","0","0"
"POINT (13.384622360000037 52.452442645000076)","Unfall 125727 (2024) Kat:3, Licht: 1","125727","3","1","0","07","21","6","","1","1","0","0","0"
"POINT (13.389140071000043 52.498029240000051)","Unfall 125728 (2024) Kat:2, Licht: 0","125728","2","3","5","07","20","6","","0","0","1","0","1"
"POINT (13.258344793000049 52.508524429000033)","Unfall 125729 (2024) Kat:3, Licht: 0","125729","3","7","5","07","13","6","","0","1","1","0","0"
"POINT (13.327035770000066 52.512868878000063)","Unfall 125730 (2024) Kat:3, Licht: 2","125730","3","7","1","11","23","3","","2","0","1","0","0"
"POINT (13.368491990000052 52.541015326000036)","Unfall 125731 (2024) Kat:3, Licht: 1","125731","3","2","5","07","17","6","","1","1","1","0","0"
"POINT (13.281687715000032 52.498591555000075)","Unfall 125732 (2024) Kat:3, Licht: 0","125732","3","6","2","07","13","5","","0","0","1","0","0"
"POINT (13.377469571000063 52.470116789000031)","Unfall 125733 (2024) Kat:3, Licht: 0","125733","3","6","2","07","09","5","","0","0","1","0","0"
"POINT (13.461198372000069 52.454540725000072)","Unfall 125735 (2024) Kat:3, Licht: 2","125735","3","6","2","07","00","5","","2","0","1","0","0"
"POINT (13.554314032000036 52.557889063000061)","Unfall 125736 (2024) Kat:3, Licht: 0","125736","3","3","5","07","17","4","","0","0","1","0","0"
"POINT (13.323146154000028 52.512535048000075)","Unfall 125737 (2024) Kat:3, Licht: 1","125737","3","7","6","07","18","3","","1","1","0","1","0"
"POINT (13.416093171000057 52.522379586000056)","Unfall 125738 (2024) Kat:3, Licht: 0","125738","3","7","4","07","19","3","","0","1","0","0","0"
"POINT (13.349718752000058 52.481299524000065)","Unfall 125739 (2024) Kat:3, Licht: 0","125739","3","1","9","07","15","3","","0","0","1","0","0"
"POINT (13.290532857000073 52.533086846000060)","Unfall 125740 (2024) Kat:3, Licht: 0","125740","3","6","2","07","09","3","","0","0","1","0","0"
"POINT (13.366008710000074 52.532803199000057)","Unfall 125741 (2024) Kat:3, Licht: 0","125741","3","4","6","07","16","2","","0","0","0","1","1"
"POINT (13.375164314000074 52.502926186000082)","Unfall 125742 (2024) Kat:2, Licht: 0","125742","2","4","6","07","11","2","","0","0","1","1","0"
"POINT (13.404674205000049 52.520068197000057)","Unfall 125743 (2024) Kat:3, Licht: 2","125743","3","3","5","07","01","2","","2","0","1","0","0"
"POINT (13.610578602000032 52.504918101000044)","Unfall 125744 (2024) Kat:3, Licht: 0","125744","3","6","2","07","06","2","","0","0","1","0","0"
"POINT (13.496756483000070 52.465316007000069)","Unfall 125745 (2024) Kat:3, Licht: 0","125745","3","6","6","10","14","6","","0","1","0","1","0"
"POINT (13.617935993000060 52.504638953000040)","Unfall 125746 (2024) Kat:3, Licht: 0","125746","3","3","5","07","15","2","","0","1","1","0","0"
"POINT (13.385834696000074 52.473481810000067)","Unfall 125747 (2024) Kat:3, Licht: 2","125747","3","1","0","10","19","1","","2","0","0","0","1"
"POINT (13.402518824000026 52.592214622000029)","Unfall 125748 (2024) Kat:3, Licht: 0","125748","3","3","5","07","06","2","","0","1","1","0","0"
"POINT (13.353734170000052 52.484998610000048)","Unfall 125749 (2024) Kat:3, Licht: 0","125749","3","6","2","07","15","1","","0","0","1","0","0"
"POINT (13.353042422000044 52.402258356000061)","Unfall 125750 (2024) Kat:2, Licht: 0","125750","2","3","5","11","08","4","","0","0","1","0","0"
"POINT (13.388546411000050 52.510274762000051)","Unfall 125751 (2024) Kat:3, Licht: 0","125751","3","5","1","07","18","1","","0","1","1","0","0"
"POINT (13.205923108000036 52.511219173000029)","Unfall 125753 (2024) Kat:2, Licht: 0","125753","2","2","5","07","11","1","","0","0","1","0","1"
"POINT (13.348238328000036 52.475500768000074)","Unfall 125754 (2024) Kat:3, Licht: 0","125754","3","6","3","07","09","7","","0","0","1","0","0"
"POINT (13.374609952000071 52.503181142000074)","Unfall 125756 (2024) Kat:3, Licht: 0","125756","3","6","3","07","18","7","","0","0","1","0","1"
"POINT (13.473649986000055 52.481128083000044)","Unfall 125757 (2024) Kat:3, Licht: 0","125757","3","6","2","07","11","7","","0","0","1","0","1"
"POINT (13.466909728000076 52.485445691000052)","Unfall 125758 (2024) Kat:3, Licht: 0","125758","3","7","1","07","15","7","","0","0","1","0","0"
"POINT (13.622720923000031 52.503961031000074)","Unfall 125759 (2024) Kat:3, Licht: 0","125759","3","6","2","07","14","6","","0","0","1","0","0"
"POINT (13.285232824000047 52.509564625000053)","Unfall 125760 (2024) Kat:3, Licht: 0","125760","3","6","2","07","17","6","","0","0","1","0","0"
"POINT (13.323699164000061 52.607924936000074)","Unfall 125761 (2024) Kat:3, Licht: 0","125761","3","3","5","07","10","6","","0","1","1","0","0"
"POINT (13.473206080000068 52.566678515000035)","Unfall 125763 (2024) Kat:3, Licht: 0","125763","3","3","0","08","14","4","","0","1","1","0","0"
"POINT (13.454192475000070 52.515923635000036)","Unfall 125764 (2024) Kat:3, Licht: 0","125764","3","6","3","07","17","6","","0","1","0","0","0"
"POINT (13.363772689000029 52.565037294000035)","Unfall 125765 (2024) Kat:3, Licht: 0","125765","3","1","0","07","12","6","","0","0","0","0","1"
"POINT (13.370190811000043 52.539957219000030)","Unfall 125766 (2024) Kat:3, Licht: 0","125766","3","2","0","07","09","5","","0","1","1","0","0"
"POINT (13.348287757000037 52.481844467000030)","Unfall 125767 (2024) Kat:3, Licht: 0","125767","3","2","0","07","19","5","","0","1","1","0","0"
"POINT (13.408650073000047 52.517223569000066)","Unfall 125768 (2024) Kat:3, Licht: 0","125768","3","6","3","07","11","5","","0","0","1","0","1"
"POINT (13.459503721000033 52.492784597000082)","Unfall 125769 (2024) Kat:3, Licht: 0","125769","3","6","2","07","16","5","","0","0","1","0","1"
"POINT (13.314893527000038 52.512033921000068)","Unfall 125771 (2024) Kat:3, Licht: 0","125771","3","2","5","07","09","5","","0","1","1","0","0"
"POINT (13.283101357000021 52.518924931000072)","Unfall 125772 (2024) Kat:3, Licht: 0","125772","3","6","3","07","17","5","","0","0","1","0","1"
"POINT (13.262416869000049 52.490511912000045)","Unfall 125775 (2024) Kat:3, Licht: 0","125775","3","6","2","07","15","5","","0","0","1","0","0"
"POINT (13.440828326000030 52.543047362000038)","Unfall 125776 (2024) Kat:3, Licht: 0","125776","3","7","5","09","09","7","","0","1","1","0","0"
"POINT (13.388123226000062 52.493767225000056)","Unfall 125777 (2024) Kat:3, Licht: 0","125777","3","6","2","07","14","5","","0","0","1","0","0"
"POINT (13.296881774000042 52.542663948000040)","Unfall 125778 (2024) Kat:2, Licht: 0","125778","2","6","3","07","14","5","","0","0","1","0","0"
"POINT (13.285321705000058 52.531330054000080)","Unfall 125780 (2024) Kat:3, Licht: 0","125780","3","6","2","07","11","5","","0","0","1","0","0"
"POINT (13.425267649000034 52.519232158000079)","Unfall 125781 (2024) Kat:3, Licht: 2","125781","3","7","0","07","23","4","","2","1","0","0","0"
"POINT (13.476589605000072 52.513449890000061)","Unfall 125782 (2024) Kat:3, Licht: 0","125782","3","4","6","07","16","4","","0","1","0","1","0"
"POINT (13.322966858000029 52.512542899000039)","Unfall 125783 (2024) Kat:3, Licht: 0","125783","3","6","3","07","08","4","","0","0","1","0","1"
"POINT (13.360916597000028 52.492655137000042)","Unfall 125784 (2024) Kat:3, Licht: 0","125784","3","6","2","07","17","4","","0","1","1","0","0"
"POINT (13.414637135000021 52.556074505000026)","Unfall 125785 (2024) Kat:3, Licht: 0","125785","3","2","5","07","15","4","","0","1","1","0","0"
"POINT (13.542196093000030 52.510054175000050)","Unfall 125787 (2024) Kat:2, Licht: 0","125787","2","2","5","07","11","4","","0","1","0","0","0"
"POINT (13.424248608000028 52.528783380000050)","Unfall 125792 (2024) Kat:3, Licht: 0","125792","3","1","0","07","15","3","","0","0","0","0","1"
"POINT (13.297253965000039 52.510880805000056)","Unfall 125793 (2024) Kat:3, Licht: 0","125793","3","2","5","07","15","3","","0","1","1","0","0"
"POINT (13.357898829000021 52.487673998000048)","Unfall 125794 (2024) Kat:3, Licht: 0","125794","3","6","0","07","16","3","","0","0","1","0","1"
"POINT (13.414159353000059 52.552770877000057)","Unfall 125795 (2024) Kat:3, Licht: 0","125795","3","6","3","07","14","3","","0","1","1","0","0"
"POINT (13.262915644000032 52.434936488000062)","Unfall 125796 (2024) Kat:3, Licht: 0","125796","3","6","3","07","16","3","","0","0","1","0","0"
"POINT (13.358568207000076 52.573429865000037)","Unfall 125798 (2024) Kat:3, Licht: 0","125798","3","7","1","07","15","3","","0","0","1","0","0"
"POINT (13.387360731000058 52.492577980000078)","Unfall 125799 (2024) Kat:2, Licht: 0","125799","2","4","6","07","16","2","","0","0","0","1","0"
"POINT (13.411309956000025 52.518927019000046)","Unfall 125800 (2024) Kat:3, Licht: 0","125800","3","6","2","07","15","2","","0","0","1","0","0"
"POINT (13.385740878000036 52.469464723000044)","Unfall 125801 (2024) Kat:3, Licht: 0","125801","3","3","5","07","11","2","","0","1","1","0","0"
"POINT (13.349700241000050 52.482611850000069)","Unfall 125802 (2024) Kat:3, Licht: 0","125802","3","2","5","07","10","2","","0","1","1","0","0"
"POINT (13.309891111000070 52.481772395000064)","Unfall 125803 (2024) Kat:3, Licht: 0","125803","3","6","2","07","12","2","","0","0","1","0","0"
"POINT (13.416404280000052 52.522294243000033)","Unfall 125807 (2024) Kat:3, Licht: 0","125807","3","6","6","07","10","2","","0","1","0","1","0"
"POINT (13.461062199000025 52.489393919000065)","Unfall 125808 (2024) Kat:3, Licht: 0","125808","3","1","8","07","16","1","","0","0","0","0","1"
"POINT (13.454190221000033 52.515930591000028)","Unfall 125810 (2024) Kat:3, Licht: 0","125810","3","1","0","07","12","1","","0","1","0","0","0"
"POINT (13.300006995000047 52.511252188000071)","Unfall 125812 (2024) Kat:3, Licht: 0","125812","3","2","0","07","16","1","","0","1","0","0","0"
"POINT (13.197237294000047 52.415647282000066)","Unfall 125813 (2024) Kat:3, Licht: 2","125813","3","6","2","09","21","1","","2","0","1","0","0"
"POINT (13.557892210000034 52.562351065000030)","Unfall 125814 (2024) Kat:2, Licht: 1","125814","2","1","8","07","03","1","","1","0","1","0","0"
"POINT (13.368360665000068 52.506331690000081)","Unfall 125816 (2024) Kat:3, Licht: 0","125816","3","2","5","07","18","7","","0","1","1","0","0"
"POINT (13.387595107000038 52.439675456000032)","Unfall 125817 (2024) Kat:3, Licht: 0","125817","3","2","5","07","13","7","","0","0","1","0","0"
"POINT (13.483316846000037 52.583087903000035)","Unfall 125819 (2024) Kat:3, Licht: 0","125819","3","2","5","07","13","7","","0","1","1","0","0"
"POINT (13.424330618000056 52.539268381000056)","Unfall 125821 (2024) Kat:3, Licht: 2","125821","3","2","5","07","04","7","","2","0","1","0","0"
"POINT (13.359805785000049 52.515075275000072)","Unfall 125822 (2024) Kat:2, Licht: 0","125822","2","7","6","07","17","7","","0","0","0","1","0"
"POINT (13.304054079000025 52.449377744000060)","Unfall 125823 (2024) Kat:3, Licht: 0","125823","3","6","3","07","16","7","","0","0","1","0","0"
"POINT (13.385826973000064 52.483609474000048)","Unfall 125824 (2024) Kat:3, Licht: 0","125824","3","6","2","07","17","6","","0","0","1","0","1"