WKT,Name,OBJECTID,UKATEGORIE,UTYP1,UART,UMONAT,USTUNDE,UWOCHENTAG,STRZUSTAND,ULICHTVERH,ISTRAD,ISTPKW,ISTFUSS,ISTKRAD
"POINT (13.414794708000045 52.555023255000037)","Unfall 125825 (2024) Kat:3, Licht: 0","125825","3","2","5","10","11","5","","0","1","1","0","0"
"POINT (13.354228975000069 52.478950188000056)","Unfall 125826 (2024) Kat:3, Licht: 0","125826","3","6","2","08","12","2","","0","0","1","0","0"
"POINT (13.499168465000025 52.463781829000027)","Unfall 125827 (2024) Kat:3, Licht: 0","125827","3","3","5","07","06","6","","0","1","1","0","0"
"POINT (13.348287757000037 52.481844467000030)","Unfall 125828 (2024) Kat:3, Licht: 0","125828","3","4","6","07","14","6","","0","1","0","1","0"
"POINT (13.453696485000023 52.518582432000073)","Unfall 125829 (2024) Kat:3, Licht: 2","125829","3","1","0","12","03","4","","2","0","0","0","0"
"POINT (13.455529201000047 52.500316539000039)","Unfall 125830 (2024) Kat:3, Licht: 0","125830","3","3","5","07","08","5","","0","0","1","0","0"
"POINT (13.288138676000074 52.494084081000040)","Unfall 125831 (2024) Kat:3, Licht: 0","125831","3","6","2","07","17","5","","0","0","1","0","0"
"POINT (13.439255271000036 52.541306432000056)","Unfall 125832 (2024) Kat:3, Licht: 0","125832","3","2","5","07","18","5","","0","1","1","0","0"
"POINT (13.474729531000037 52.513768462000030)","Unfall 125835 (2024) Kat:2, Licht: 0","125835","2","7","0","08","14","3","","0","0","1","0","1"
"POINT (13.465909229000033 52.514530332000049)","Unfall 125836 (2024) Kat:3, Licht: 0","125836","3","4","6","07","17","5","","0","1","0","1","0"
"POINT (13.384777813000028 52.450558699000055)","Unfall 125837 (2024) Kat:3, Licht: 0","125837","3","7","6","10","12","4","","0","0","0","1","0"
"POINT (13.404263682000021 52.568378121000080)","Unfall 125838 (2024) Kat:3, Licht: 0","125838","3","5","1","07","16","5","","0","1","1","0","0"
"POINT (13.281330745000048 52.441534481000076)","Unfall 125839 (2024) Kat:3, Licht: 0","125839","3","3","5","07","07","2","","0","0","1","0","1"
"POINT (13.400173632000076 52.416591836000066)","Unfall 125840 (2024) Kat:2, Licht: 0","125840","2","7","5","07","10","5","","0","0","1","0","1"
"POINT (13.463338868000051 52.497847436000029)","Unfall 125841 (2024) Kat:3, Licht: 0","125841","3","1","0","07","16","5","","0","1","0","0","0"
"POINT (13.350191332000065 52.482876162000082)","Unfall 125842 (2024) Kat:3, Licht: 0","125842","3","6","2","07","14","5","","0","0","1","0","0"
"POINT (13.414447760000030 52.552540137000051)","Unfall 125844 (2024) Kat:3, Licht: 0","125844","3","5","1","07","17","5","","0","1","1","0","0"
"POINT (13.421527816000037 52.539701789000048)","Unfall 125845 (2024) Kat:3, Licht: 0","125845","3","4","6","07","14","5","","0","0","0","1","0"
"POINT (13.412891458000047 52.540989703000037)","Unfall 125846 (2024) Kat:3, Licht: 0","125846","3","7","7","07","16","4","","0","1","0","0","0"
"POINT (13.615978508000069 52.504782892000037)","Unfall 125847 (2024) Kat:3, Licht: 0","125847","3","7","5","07","15","4","","0","1","1","0","0"
"POINT (13.377039173000071 52.501801846000035)","Unfall 125848 (2024) Kat:3, Licht: 0","125848","3","6","2","07","13","4","","0","0","1","0","0"
"POINT (13.260659096000040 52.435105865000082)","Unfall 125849 (2024) Kat:3, Licht: 0","125849","3","2","5","07","17","4","","0","1","1","0","0"
"POINT (13.411313162000056 52.518928561000052)","Unfall 125850 (2024) Kat:3, Licht: 0","125850","3","2","5","10","09","2","","0","1","1","0","0"
"POINT (13.358883297000034 52.489064549000034)","Unfall 125851 (2024) Kat:3, Licht: 0","125851","3","6","2","07","16","4","","0","0","1","0","0"
"POINT (13.407509878000042 52.461840017000043)","Unfall 125852 (2024) Kat:3, Licht: 0","125852","3","6","2","07","07","4","","0","0","1","0","0"
"POINT (13.385731194000073 52.469078246000038)","Unfall 125853 (2024) Kat:3, Licht: 0","125853","3","2","5","07","08","4","","0","1","1","0","0"
"POINT (13.278397657000028 52.601873990000058)","Unfall 125856 (2024) Kat:3, Licht: 0","125856","3","6","2","07","08","4","","0","0","1","0","0"
"POINT (13.227383193000037 52.506898932000070)","Unfall 125858 (2024) Kat:2, Licht: 0","125858","2","6","2","07","17","3","","0","0","1","0","1"
"POINT (13.430940118000024 52.582667283000035)","Unfall 125859 (2024) Kat:3, Licht: 0","125859","3","3","3","07","17","3","","0","0","1","0","1"
"POINT (13.303694138000026 52.511303547000068)","Unfall 125860 (2024) Kat:3, Licht: 0","125860","3","4","6","07","16","3","","0","1","1","1","0"
"POINT (13.365489771000057 52.558028757000045)","Unfall 125861 (2024) Kat:2, Licht: 0","125861","2","3","5","08","14","6","","0","0","1","0","1"
"POINT (13.414635677000035 52.556084210000051)","Unfall 125862 (2024) Kat:3, Licht: 0","125862","3","2","5","07","14","3","","0","1","1","0","0"
"POINT (13.385758772000031 52.470021464000069)","Unfall 125863 (2024) Kat:3, Licht: 0","125863","3","6","2","07","11","3","","0","0","1","0","0"
"POINT (13.258384658000068 52.508526745000040)","Unfall 125864 (2024) Kat:3, Licht: 0","125864","3","3","5","07","13","3","","0","1","1","0","0"
"POINT (13.349306343000023 52.475173505000043)","Unfall 125865 (2024) Kat:3, Licht: 0","125865","3","6","3","07","15","3","","0","0","1","0","0"
"POINT (13.430133974000057 52.518315621000056)","Unfall 125866 (2024) Kat:3, Licht: 0","125866","3","1","0","07","17","2","","0","1","0","0","0"
"POINT (13.349849636000044 52.574093526000070)","Unfall 125867 (2024) Kat:3, Licht: 2","125867","3","5","1","11","18","6","","2","0","1","0","0"
"POINT (13.448757368000031 52.505285718000039)","Unfall 125868 (2024) Kat:3, Licht: 2","125868","3","4","6","07","22","2","","2","1","0","1","0"
"POINT (13.390346242000021 52.618552002000058)","Unfall 125871 (2024) Kat:3, Licht: 0","125871","3","2","5","07","19","2","","0","0","1","0","0"
"POINT (13.470966796000027 52.514165887000047)","Unfall 125872 (2024) Kat:3, Licht: 0","125872","3","2","5","07","08","2","","0","1","1","0","0"
"POINT (13.398487074000059 52.576710109000032)","Unfall 125874 (2024) Kat:3, Licht: 0","125874","3","6","2","07","16","2","","0","0","1","0","0"
"POINT (13.260670625000046 52.434962175000067)","Unfall 125875 (2024) Kat:3, Licht: 0","125875","3","7","0","07","08","2","","0","0","0","0","0"
"POINT (13.442678932000035 52.544617539000058)","Unfall 125876 (2024) Kat:3, Licht: 0","125876","3","3","5","07","07","2","","0","1","1","0","0"
"POINT (13.354620977000025 52.478478236000058)","Unfall 125878 (2024) Kat:3, Licht: 2","125878","3","6","2","12","20","1","","2","0","1","0","0"
"POINT (13.415805805000048 52.379143849000059)","Unfall 125879 (2024) Kat:2, Licht: 0","125879","2","1","8","07","14","1","","0","0","0","0","1"
"POINT (13.444948857000043 52.529134466000073)","Unfall 125880 (2024) Kat:3, Licht: 0","125880","3","6","2","07","12","1","","0","1","0","0","0"
"POINT (13.368572930000028 52.541214442000069)","Unfall 125881 (2024) Kat:3, Licht: 0","125881","3","2","5","07","15","1","","0","1","1","0","0"
"POINT (13.281343522000043 52.503957506000063)","Unfall 125882 (2024) Kat:3, Licht: 0","125882","3","6","2","07","14","1","","0","0","1","0","0"
"POINT (13.233376949000046 52.466783999000029)","Unfall 125884 (2024) Kat:3, Licht: 0","125884","3","6","3","07","13","1","","0","0","1","0","0"
"POINT (13.284954447000075 52.516230149000080)","Unfall 125885 (2024) Kat:3, Licht: 2","125885","3","1","8","07","04","1","","2","0","1","0","0"
"POINT (13.347844027000065 52.574468808000063)","Unfall 125887 (2024) Kat:3, Licht: 0","125887","3","3","5","07","20","1","","0","0","1","0","0"
"POINT (13.193914433000032 52.424560939000060)","Unfall 125889 (2024) Kat:3, Licht: 0","125889","3","6","2","07","14","7","","0","0","1","0","0"
"POINT (13.390162782000061 52.469189541000048)","Unfall 125891 (2024) Kat:3, Licht: 0","125891","3","6","2","07","19","7","","0","0","1","0","0"
"POINT (13.368582363000030 52.541218771000047)","Unfall 125892 (2024) Kat:3, Licht: 0","125892","3","2","5","08","17","7","","0","0","1","0","0"
"POINT (13.311851520000062 52.480677362000051)","Unfall 125893 (2024) Kat:3, Licht: 0","125893","3","6","3","07","10","7","","0","0","1","0","0"
"POINT (13.378290140000047 52.434815472000082)","Unfall 125894 (2024) Kat:2, Licht: 0","125894","2","2","5","07","14","7","","0","0","1","0","1"
"POINT (13.454213896000056 52.515853947000039)","Unfall 125895 (2024) Kat:3, Licht: 0","125895","3","2","5","07","11","7","","0","1","1","0","0"
"POINT (13.347653360000038 52.574472325000045)","Unfall 125896 (2024) Kat:3, Licht: 0","125896","3","6","3","11","12","4","","0","0","0","0","0"
"POINT (13.280119782000043 52.500114287000031)","Unfall 125897 (2024) Kat:3, Licht: 0","125897","3","6","2","07","14","6","","0","0","1","0","1"
"POINT (13.411241071000063 52.518893868000077)","Unfall 125898 (2024) Kat:3, Licht: 0","125898","3","2","0","07","08","6","","0","1","1","0","0"
"POINT (13.558260821000033 52.562859697000079)","Unfall 125899 (2024) Kat:3, Licht: 1","125899","3","3","5","07","20","6","","1","1","1","0","0"
"POINT (13.247697248000065 52.614012868000032)","Unfall 125900 (2024) Kat:3, Licht: 0","125900","3","1","9","07","08","6","","0","0","0","0","1"
"POINT (13.225581406000060 52.460361497000065)","Unfall 125901 (2024) Kat:2, Licht: 0","125901","2","7","8","07","19","6","","0","0","1","0","0"
"POINT (13.359031365000021 52.573402370000053)","Unfall 125902 (2024) Kat:3, Licht: 2","125902","3","2","5","07","20","5","","2","0","1","0","0"
"POINT (13.387611444000072 52.438998104000063)","Unfall 125904 (2024) Kat:3, Licht: 0","125904","3","2","5","07","07","5","","0","1","1","0","0"
"POINT (13.369517191000057 52.528849794000052)","Unfall 125905 (2024) Kat:3, Licht: 0","125905","3","7","5","07","17","5","","0","0","1","0","0"
"POINT (13.399498024000025 52.417179260000069)","Unfall 125906 (2024) Kat:2, Licht: 0","125906","2","7","6","07","10","5","","0","0","1","1","0"
"POINT (13.388779495000051 52.498129870000071)","Unfall 125907 (2024) Kat:3, Licht: 0","125907","3","3","0","07","08","5","","0","0","1","0","1"
"POINT (13.405010481000033 52.520006542000033)","Unfall 125908 (2024) Kat:3, Licht: 0","125908","3","2","0","07","08","5","","0","1","1","0","0"
"POINT (13.389309859000036 52.497305254000082)","Unfall 125909 (2024) Kat:3, Licht: 0","125909","3","6","2","07","08","5","","0","0","1","0","1"
"POINT (13.282979511000065 52.528660248000051)","Unfall 125910 (2024) Kat:3, Licht: 0","125910","3","6","2","07","07","5","","0","0","1","0","1"
"POINT (13.447383956000067 52.526455587000044)","Unfall 125911 (2024) Kat:3, Licht: 0","125911","3","3","2","07","17","5","","0","1","1","0","0"
"POINT (13.348747213000024 52.481995122000058)","Unfall 125913 (2024) Kat:2, Licht: 0","125913","2","6","0","07","13","5","","0","1","0","0","0"
"POINT (13.352959971000075 52.472986443000082)","Unfall 125914 (2024) Kat:3, Licht: 0","125914","3","6","2","07","17","5","","0","0","1","0","0"
"POINT (13.288149011000030 52.494217092000042)","Unfall 125915 (2024) Kat:3, Licht: 2","125915","3","1","8","07","01","4","","2","0","1","0","0"
"POINT (13.421543683000039 52.539503469000067)","Unfall 125917 (2024) Kat:3, Licht: 2","125917","3","2","5","11","17","3","","2","0","1","0","0"
"POINT (13.505013951000024 52.510611262000054)","Unfall 125918 (2024) Kat:2, Licht: 0","125918","2","2","5","07","15","4","","0","1","1","0","0"
"POINT (13.282756418000076 52.528610613000069)","Unfall 125919 (2024) Kat:3, Licht: 0","125919","3","6","3","07","09","4","","0","0","1","0","0"
"POINT (13.461954924000054 52.514929289000065)","Unfall 125921 (2024) Kat:3, Licht: 1","125921","3","6","3","07","17","3","","1","1","0","0","0"
"POINT (13.343541215000073 52.583371191000026)","Unfall 125922 (2024) Kat:3, Licht: 0","125922","3","6","3","07","17","3","","0","0","1","0","0"
"POINT (13.359631520000050 52.572622170000045)","Unfall 125923 (2024) Kat:3, Licht: 0","125923","3","6","3","07","12","3","","0","0","1","0","1"
"POINT (13.322836269000049 52.608436422000068)","Unfall 125924 (2024) Kat:3, Licht: 0","125924","3","2","5","07","06","3","","0","1","1","0","0"
"POINT (13.386023661000024 52.443912279000074)","Unfall 125925 (2024) Kat:3, Licht: 0","125925","3","3","0","07","15","2","","0","0","1","0","1"
"POINT (13.447383956000067 52.526455587000044)","Unfall 125926 (2024) Kat:3, Licht: 0","125926","3","3","5","07","14","2","","0","1","1","0","0"
"POINT (13.333461770000042 52.513447182000050)","Unfall 125927 (2024) Kat:3, Licht: 0","125927","3","7","0","06","15","1","","0","1","0","0","0"
"POINT (13.369659525000031 52.544053379000047)","Unfall 125929 (2024) Kat:2, Licht: 2","125929","2","6","3","10","05","3","","2","1","0","0","0"
"POINT (13.425001425000062 52.529440527000077)","Unfall 125930 (2024) Kat:3, Licht: 0","125930","3","4","6","06","13","1","","0","1","0","1","0"
"POINT (13.281233455000063 52.499115455000037)","Unfall 125931 (2024) Kat:2, Licht: 2","125931","2","6","3","06","02","1","","2","0","1","0","1"
"POINT (13.359544001000074 52.489481513000044)","Unfall 125932 (2024) Kat:3, Licht: 2","125932","3","5","1","06","22","7","","2","1","1","0","0"
"POINT (13.511827643000061 52.455025467000041)","Unfall 125933 (2024) Kat:3, Licht: 0","125933","3","6","2","06","08","7","","0","0","1","0","0"
"POINT (13.385332006000056 52.462665217000051)","Unfall 125935 (2024) Kat:3, Licht: 0","125935","3","6","2","09","15","3","","0","0","1","0","1"
"POINT (13.303896678000058 52.485027630000047)","Unfall 125936 (2024) Kat:3, Licht: 0","125936","3","6","2","06","13","6","","0","0","1","0","0"
"POINT (13.304125779000060 52.449403857000050)","Unfall 125938 (2024) Kat:3, Licht: 0","125938","3","6","2","06","12","6","","0","0","1","0","0"
"POINT (13.368749058000049 52.541144033000080)","Unfall 125940 (2024) Kat:3, Licht: 0","125940","3","1","9","06","05","6","","0","1","0","0","0"
"POINT (13.385477610000066 52.447678892000056)","Unfall 125941 (2024) Kat:2, Licht: 2","125941","2","6","3","06","01","6","","2","1","1","0","0"
"POINT (13.589063178000060 52.504987484000026)","Unfall 125942 (2024) Kat:3, Licht: 0","125942","3","2","5","06","17","5","","0","1","1","0","0"
"POINT (13.442679262000070 52.544617738000056)","Unfall 125943 (2024) Kat:3, Licht: 0","125943","3","3","0","06","15","5","","0","1","1","0","0"
"POINT (13.289216215000067 52.510390406000056)","Unfall 125946 (2024) Kat:3, Licht: 0","125946","3","2","5","06","08","5","","0","1","1","0","0"
"POINT (13.352150464000033 52.480095300000073)","Unfall 125947 (2024) Kat:3, Licht: 0","125947","3","7","5","06","18","5","","0","0","1","0","1"
"POINT (13.413665266000066 52.550242650000030)","Unfall 125948 (2024) Kat:3, Licht: 0","125948","3","4","0","06","16","5","","0","1","0","1","0"
"POINT (13.581492463000075 52.505190648000053)","Unfall 125950 (2024) Kat:3, Licht: 0","125950","3","3","5","06","05","5","","0","0","1","0","0"
"POINT (13.449689525000053 52.516315549000069)","Unfall 125951 (2024) Kat:3, Licht: 0","125951","3","7","1","06","06","5","","0","1","0","0","0"
"POINT (13.311534161000054 52.480716093000069)","Unfall 125952 (2024) Kat:3, Licht: 0","125952","3","7","0","06","15","5","","0","0","0","0","0"
"POINT (13.448378078000076 52.504694722000067)","Unfall 125954 (2024) Kat:3, Licht: 0","125954","3","4","6","06","19","4","","0","1","0","1","0"
"POINT (13.334751700000027 52.513536270000031)","Unfall 125955 (2024) Kat:3, Licht: 2","125955","3","6","2","06","23","4","","2","0","1","0","0"
"POINT (13.347402503000069 52.476512177000075)","Unfall 125956 (2024) Kat:3, Licht: 0","125956","3","6","2","06","17","4","","0","0","1","0","0"
"POINT (13.486271465000073 52.624713784000051)","Unfall 125957 (2024) Kat:3, Licht: 0","125957","3","6","3","06","14","4","","0","0","1","0","0"
"POINT (13.451035078000075 52.521797416000027)","Unfall 125958 (2024) Kat:3, Licht: 0","125958","3","6","2","06","15","4","","0","0","1","0","0"
"POINT (13.447550521000039 52.526243036000039)","Unfall 125959 (2024) Kat:3, Licht: 2","125959","3","3","5","11","22","4","","2","0","1","0","0"
"POINT (13.353712102000031 52.479126163000046)","Unfall 125960 (2024) Kat:3, Licht: 0","125960","3","4","6","06","20","4","","0","1","0","1","0"
"POINT (13.398396779000052 52.578523700000062)","Unfall 125961 (2024) Kat:2, Licht: 0","125961","2","6","3","06","14","4","","0","0","1","0","0"
"POINT (13.366855860000044 52.472331127000075)","Unfall 125962 (2024) Kat:3, Licht: 0","125962","3","6","2","06","09","4","","0","0","1","0","0"
"POINT (13.410148231000051 52.522854517000042)","Unfall 125964 (2024) Kat:3, Licht: 0","125964","3","6","3","06","08","4","","0","1","0","0","0"
"POINT (13.463553864000062 52.551218072000040)","Unfall 125965 (2024) Kat:3, Licht: 0","125965","3","6","2","06","05","4","","0","0","1","0","0"
"POINT (13.304815469000062 52.484593893000067)","Unfall 125966 (2024) Kat:3, Licht: 0","125966","3","3","5","06","12","3","","0","0","1","0","0"
"POINT (13.292510583000023 52.492838452000058)","Unfall 125968 (2024) Kat:3, Licht: 0","125968","3","6","3","06","17","3","","0","0","1","0","1"
"POINT (13.165568902000075 52.420325771000080)","Unfall 125969 (2024) Kat:3, Licht: 0","125969","3","3","5","06","19","3","","0","0","1","0","1"
"POINT (13.475960002000022 52.479324641000062)","Unfall 125970 (2024) Kat:3, Licht: 2","125970","3","7","6","06","22","3","","2","0","1","1","0"
"POINT (13.427423149000049 52.531550582000079)","Unfall 125971 (2024) Kat:3, Licht: 1","125971","3","4","6","06","20","3","","1","1","0","1","0"
"POINT (13.378294571000026 52.500161353000067)","Unfall 125973 (2024) Kat:3, Licht: 0","125973","3","7","0","06","17","3","","0","0","0","0","1"
"POINT (13.350474608000070 52.483026379000080)","Unfall 125974 (2024) Kat:3, Licht: 0","125974","3","6","2","06","12","3","","0","0","1","0","0"
"POINT (13.392004790000044 52.431021554000040)","Unfall 125976 (2024) Kat:3, Licht: 0","125976","3","6","2","06","08","3","","0","0","1","0","0"
"POINT (13.476728568000055 52.513583924000045)","Unfall 125977 (2024) Kat:3, Licht: 0","125977","3","2","6","06","15","5","","0","1","0","1","0"
"POINT (13.453588819000061 52.518428907000043)","Unfall 125978 (2024) Kat:3, Licht: 0","125978","3","2","5","06","17","2","","0","1","1","0","0"
"POINT (13.450471915000037 52.522630024000080)","Unfall 125979 (2024) Kat:3, Licht: 0","125979","3","5","1","06","08","2","","0","1","1","0","0"
"POINT (13.312860155000067 52.511900340000068)","Unfall 125980 (2024) Kat:3, Licht: 0","125980","3","5","1","06","17","2","","0","1","1","0","0"
"POINT (13.432704261000026 52.536178068000027)","Unfall 125981 (2024) Kat:3, Licht: 0","125981","3","2","0","06","17","2","","0","1","1","0","0"
"POINT (13.419200222000029 52.524309698000081)","Unfall 125982 (2024) Kat:3, Licht: 0","125982","3","6","3","06","11","2","","0","0","1","0","1"
"POINT (13.455454939000049 52.500340550000033)","Unfall 125983 (2024) Kat:3, Licht: 0","125983","3","6","3","06","17","1","","0","1","0","0","0"
"POINT (13.414831963000040 52.554751869000029)","Unfall 125984 (2024) Kat:3, Licht: 0","125984","3","6","3","06","15","1","","0","1","0","0","0"
"POINT (13.401552171000048 52.580536867000035)","Unfall 125986 (2024) Kat:3, Licht: 0","125986","3","5","0","06","15","1","","0","0","0","0","0"
"POINT (13.280446682000047 52.441070424000031)","Unfall 125989 (2024) Kat:2, Licht: 0","125989","2","6","2","06","17","7","","0","0","1","0","0"
"POINT (13.388706086000070 52.494500025000036)","Unfall 125990 (2024) Kat:3, Licht: 0","125990","3","5","1","06","20","7","","0","1","1","0","0"
"POINT (13.396679933000030 52.422772357000042)","Unfall 125992 (2024) Kat:3, Licht: 0","125992","3","2","5","06","13","7","","0","0","1","0","0"
"POINT (13.414701201000071 52.520638715000075)","Unfall 125994 (2024) Kat:3, Licht: 0","125994","3","6","2","06","15","7","","0","0","1","0","1"
"POINT (13.274982630000068 52.500385595000068)","Unfall 125996 (2024) Kat:3, Licht: 0","125996","3","6","2","06","21","6","","0","0","1","0","0"
"POINT (13.276997400000027 52.502226082000050)","Unfall 125997 (2024) Kat:3, Licht: 0","125997","3","6","2","06","21","6","","0","0","1","0","0"
"POINT (13.348125002000074 52.574356812000076)","Unfall 125999 (2024) Kat:3, Licht: 0","125999","3","6","2","06","16","6","","0","0","1","0","0"
"POINT (13.426483835000056 52.530363339000075)","Unfall 126000 (2024) Kat:3, Licht: 0","126000","3","2","5","06","17","6","","0","1","1","0","0"
"POINT (13.281301995000035 52.499033453000038)","Unfall 126002 (2024) Kat:3, Licht: 0","126002","3","6","3","06","16","6","","0","0","1","0","0"
"POINT (13.191133923000052 52.514212542000053)","Unfall 126003 (2024) Kat:3, Licht: 0","126003","3","3","5","06","11","6","","0","0","1","0","0"
"POINT (13.368754461000037 52.541297737000036)","Unfall 126004 (2024) Kat:3, Licht: 0","126004","3","6","3","06","09","6","","0","0","1","0","1"
"POINT (13.412366423000037 52.544518962000041)","Unfall 126005 (2024) Kat:3, Licht: 0","126005","3","6","4","06","10","6","","0","1","0","0","0"
"POINT (13.175487152000073 52.419941459000029)","Unfall 126006 (2024) Kat:3, Licht: 0","126006","3","2","5","06","05","6","","0","1","0","0","0"
"POINT (13.311132056000076 52.566718051000066)","Unfall 126007 (2024) Kat:3, Licht: 2","126007","3","6","2","06","23","6","","2","0","1","0","1"
"POINT (13.388850254000033 52.498114101000056)","Unfall 126008 (2024) Kat:3, Licht: 0","126008","3","3","0","06","18","5","","0","0","0","0","1"
"POINT (13.338045307000073 52.590222648000065)","Unfall 126009 (2024) Kat:3, Licht: 0","126009","3","7","5","06","06","5","","0","0","1","0","1"
"POINT (13.365776490000030 52.533038844000032)","Unfall 126010 (2024) Kat:3, Licht: 0","126010","3","7","6","06","17","5","","0","0","0","1","0"
"POINT (13.247891048000042 52.614199959000075)","Unfall 126012 (2024) Kat:2, Licht: 2","126012","2","6","4","06","01","5","","2","0","1","0","0"
"POINT (13.368657996000024 52.506310256000063)","Unfall 126013 (2024) Kat:3, Licht: 0","126013","3","4","6","06","20","4","","0","0","1","1","0"
"POINT (13.396684478000054 52.517458961000045)","Unfall 126015 (2024) Kat:3, Licht: 0","126015","3","6","2","06","15","4","","0","1","0","0","0"
"POINT (13.459005402000059 52.492819144000066)","Unfall 126016 (2024) Kat:3, Licht: 1","126016","3","4","6","06","21","4","","1","0","0","1","0"
"POINT (13.368539964000036 52.541199316000075)","Unfall 126017 (2024) Kat:3, Licht: 0","126017","3","2","5","06","17","4","","0","1","1","0","0"
"POINT (13.289612506000026 52.510415492000050)","Unfall 126018 (2024) Kat:3, Licht: 0","126018","3","7","1","06","07","4","","0","0","1","0","0"
"POINT (13.452654461000066 52.463810283000043)","Unfall 126019 (2024) Kat:2, Licht: 2","126019","2","1","9","06","22","3","","2","0","1","0","0"
"POINT (13.358273631000031 52.488085490000060)","Unfall 126021 (2024) Kat:3, Licht: 0","126021","3","4","6","06","18","3","","0","1","0","1","0"
"POINT (13.330235659000039 52.462319638000054)","Unfall 126022 (2024) Kat:3, Licht: 0","126022","3","1","0","06","16","3","","0","0","0","0","1"
"POINT (13.353254107000055 52.479689597000061)","Unfall 126023 (2024) Kat:3, Licht: 0","126023","3","3","5","06","17","3","","0","1","1","0","0"
"POINT (13.355087600000047 52.485445825000056)","Unfall 126024 (2024) Kat:3, Licht: 0","126024","3","6","3","06","16","3","","0","1","0","0","0"
"POINT (13.270282813000051 52.509234744000082)","Unfall 126026 (2024) Kat:3, Licht: 0","126026","3","2","5","06","12","3","","0","0","1","0","0"
"POINT (13.368933940000034 52.540953687000069)","Unfall 126028 (2024) Kat:3, Licht: 0","126028","3","6","2","06","15","3","","0","0","1","0","1"
"POINT (13.457229014000063 52.515401504000067)","Unfall 126030 (2024) Kat:3, Licht: 0","126030","3","2","0","06","16","2","","0","1","1","0","0"
"POINT (13.354161958000077 52.478997099000026)","Unfall 126032 (2024) Kat:3, Licht: 0","126032","3","2","5","06","11","2","","0","0","1","0","1"
"POINT (13.477269788000058 52.513385119000077)","Unfall 126034 (2024) Kat:3, Licht: 0","126034","3","3","5","06","16","2","","0","0","1","0","0"
"POINT (13.364167206000047 52.564291126000057)","Unfall 126036 (2024) Kat:3, Licht: 0","126036","3","2","5","06","14","2","","0","1","1","0","0"
"POINT (13.587632660000054 52.505112930000053)","Unfall 126037 (2024) Kat:3, Licht: 0","126037","3","2","2","06","13","2","","0","0","1","0","0"
"POINT (13.390584633000060 52.432876332000035)","Unfall 126040 (2024) Kat:3, Licht: 0","126040","3","6","2","06","10","2","","0","0","0","0","1"
"POINT (13.313005935000035 52.479891485000053)","Unfall 126041 (2024) Kat:2, Licht: 0","126041","2","7","3","06","06","2","","0","0","1","0","0"
"POINT (13.346769335000033 52.579171670000051)","Unfall 126042 (2024) Kat:3, Licht: 2","126042","3","6","2","11","15","5","","2","0","1","0","0"
"POINT (13.271318188000066 52.438408874000061)","Unfall 126043 (2024) Kat:3, Licht: 0","126043","3","2","0","06","16","2","","0","1","1","0","0"
"POINT (13.384386410000047 52.453742105000060)","Unfall 126046 (2024) Kat:3, Licht: 0","126046","3","4","0","06","15","1","","0","1","0","1","0"
"POINT (13.385849621000034 52.485917876000030)","Unfall 126049 (2024) Kat:3, Licht: 2","126049","3","6","2","06","23","1","","2","0","1","0","0"
"POINT (13.414605836000021 52.556292616000064)","Unfall 126050 (2024) Kat:3, Licht: 0","126050","3","2","5","06","12","1","","0","1","1","0","0"
"POINT (13.263429033000023 52.435205828000051)","Unfall 126051 (2024) Kat:3, Licht: 0","126051","3","2","5","06","12","1","","0","1","0","0","1"
"POINT (13.291369144000043 52.493715433000034)","Unfall 126052 (2024) Kat:3, Licht: 0","126052","3","6","2","06","10","1","","0","0","1","0","0"
"POINT (13.271424597000077 52.438443490000054)","Unfall 126053 (2024) Kat:3, Licht: 0","126053","3","3","5","06","10","1","","0","0","1","0","0"
"POINT (13.271443127000055 52.438259852000044)","Unfall 126054 (2024) Kat:3, Licht: 0","126054","3","3","5","06","19","7","","0","0","1","0","0"
"POINT (13.455415877000064 52.500353180000047)","Unfall 126055 (2024) Kat:3, Licht: 0","126055","3","3","5","06","10","7","","0","1","1","0","0"
"POINT (13.301327050000054 52.511338944000045)","Unfall 126059 (2024) Kat:3, Licht: 2","126059","3","3","5","06","01","7","","2","0","1","0","0"
"POINT (13.343598823000036 52.583291180000060)","Unfall 126060 (2024) Kat:2, Licht: 0","126060","2","6","2","06","18","7","","0","0","1","0","1"
"POINT (13.502712700000075 52.510945391000064)","Unfall 126061 (2024) Kat:2, Licht: 2","126061","2","7","3","06","22","6","","2","0","1","0","0"
"POINT (13.364128488000063 52.501276915000062)","Unfall 126062 (2024) Kat:3, Licht: 0","126062","3","6","2","06","16","6","","0","0","1","0","0"
"POINT (13.497592987000075 52.464887991000069)","Unfall 126064 (2024) Kat:3, Licht: 0","126064","3","7","5","06","14","6","","0","0","1","0","0"
"POINT (13.433298598000022 52.535933942000042)","Unfall 126065 (2024) Kat:3, Licht: 0","126065","3","3","0","06","19","6","","0","1","0","0","0"
"POINT (13.401663997000071 52.511320516000069)","Unfall 126067 (2024) Kat:3, Licht: 0","126067","3","2","2","06","15","6","","0","0","1","0","0"
"POINT (13.474113701000022 52.513695539000082)","Unfall 126068 (2024) Kat:3, Licht: 0","126068","3","7","6","06","07","6","","0","1","0","1","0"
"POINT (13.504986248000023 52.510612939000055)","Unfall 126069 (2024) Kat:3, Licht: 0","126069","3","2","5","06","15","5","","0","1","1","0","0"