WKT,Name,OBJECTID,UKATEGORIE,UTYP1,UART,UMONAT,USTUNDE,UWOCHENTAG,STRZUSTAND,ULICHTVERH,ISTRAD,ISTPKW,ISTFUSS,ISTKRAD
"POINT (13.389579252000033 52.434660504000078)","Unfall 126070 (2024) Kat:3, Licht: 0","126070","3","6","2","06","17","5","","0","0","1","0","0"
"POINT (13.379061060000026 52.470044218000055)","Unfall 126072 (2024) Kat:3, Licht: 0","126072","3","6","2","06","10","5","","0","0","1","0","0"
"POINT (13.338681773000076 52.478677889000039)","Unfall 126073 (2024) Kat:3, Licht: 0","126073","3","6","2","06","18","5","","0","0","1","0","1"
"POINT (13.459471527000062 52.492902109000056)","Unfall 126074 (2024) Kat:3, Licht: 0","126074","3","3","5","06","17","5","","0","1","1","0","0"
"POINT (13.484369699000069 52.512807074000079)","Unfall 126075 (2024) Kat:2, Licht: 0","126075","2","3","5","06","09","5","","0","0","1","0","1"
"POINT (13.295940916000063 52.579908556000078)","Unfall 126076 (2024) Kat:3, Licht: 0","126076","3","6","2","06","09","5","","0","0","1","0","0"
"POINT (13.323047932000065 52.512493611000082)","Unfall 126077 (2024) Kat:3, Licht: 0","126077","3","2","3","07","13","6","","0","0","1","0","0"
"POINT (13.405753199000060 52.520611599000063)","Unfall 126078 (2024) Kat:3, Licht: 0","126078","3","6","3","06","16","4","","0","1","1","0","0"
"POINT (13.386171112000056 52.487953401000027)","Unfall 126081 (2024) Kat:3, Licht: 0","126081","3","6","3","06","09","4","","0","1","0","0","0"
"POINT (13.284924550000028 52.509099126000081)","Unfall 126082 (2024) Kat:2, Licht: 0","126082","2","6","2","06","11","6","","0","0","1","0","0"
"POINT (13.468745346000048 52.484206294000046)","Unfall 126083 (2024) Kat:3, Licht: 0","126083","3","3","5","06","15","4","","0","1","1","0","0"
"POINT (13.130899517000046 52.481656456000053)","Unfall 126084 (2024) Kat:3, Licht: 0","126084","3","6","4","06","16","4","","0","0","1","0","0"
"POINT (13.447589305000065 52.526185895000026)","Unfall 126087 (2024) Kat:3, Licht: 0","126087","3","6","3","06","10","4","","0","0","1","0","1"
"POINT (13.484259667000060 52.512686704000032)","Unfall 126088 (2024) Kat:3, Licht: 0","126088","3","2","5","06","16","4","","0","1","1","0","0"
"POINT (13.294352343000071 52.510700036000060)","Unfall 126089 (2024) Kat:3, Licht: 0","126089","3","5","1","06","14","4","","0","0","1","0","0"
"POINT (13.482801076000044 52.580229560000078)","Unfall 126090 (2024) Kat:3, Licht: 0","126090","3","4","6","09","15","5","","0","1","0","1","0"
"POINT (13.312933015000056 52.622245746000033)","Unfall 126091 (2024) Kat:2, Licht: 0","126091","2","4","6","06","09","4","","0","0","1","1","0"
"POINT (13.535280064000062 52.510208608000028)","Unfall 126092 (2024) Kat:3, Licht: 2","126092","3","1","8","06","00","4","","2","0","1","0","0"
"POINT (13.451047713000037 52.521778609000080)","Unfall 126094 (2024) Kat:3, Licht: 1","126094","3","6","0","06","21","3","","1","1","0","0","0"
"POINT (13.386651772000050 52.438835993000055)","Unfall 126095 (2024) Kat:3, Licht: 0","126095","3","4","0","06","17","3","","0","0","0","1","0"
"POINT (13.460052560000065 52.515118699000027)","Unfall 126096 (2024) Kat:3, Licht: 0","126096","3","2","5","06","11","3","","0","1","1","0","0"
"POINT (13.497819710000044 52.621595982000031)","Unfall 126098 (2024) Kat:3, Licht: 0","126098","3","7","0","06","14","3","","0","0","1","0","0"
"POINT (13.350533184000028 52.474555801000065)","Unfall 126100 (2024) Kat:3, Licht: 0","126100","3","6","2","06","15","3","","0","0","1","0","1"
"POINT (13.304110635000029 52.574490663000063)","Unfall 126102 (2024) Kat:3, Licht: 0","126102","3","6","3","10","07","4","","0","0","1","0","0"
"POINT (13.403480991000038 52.582929683000032)","Unfall 126103 (2024) Kat:3, Licht: 0","126103","3","3","5","06","09","3","","0","1","1","0","0"
"POINT (13.412723758000027 52.519400207000047)","Unfall 126104 (2024) Kat:3, Licht: 2","126104","3","1","0","09","23","5","","2","0","0","0","1"
"POINT (13.363991302000045 52.564623826000059)","Unfall 126105 (2024) Kat:3, Licht: 0","126105","3","2","5","06","08","3","","0","1","1","0","0"
"POINT (13.309598226000048 52.535705939000081)","Unfall 126106 (2024) Kat:2, Licht: 2","126106","2","6","2","06","21","2","","2","0","1","0","0"
"POINT (13.355691913000044 52.477740419000042)","Unfall 126107 (2024) Kat:3, Licht: 0","126107","3","6","2","06","17","2","","0","0","1","0","0"
"POINT (13.558252275000029 52.562849043000028)","Unfall 126108 (2024) Kat:3, Licht: 0","126108","3","2","5","06","17","2","","0","0","0","0","0"
"POINT (13.348345066000036 52.475573053000062)","Unfall 126109 (2024) Kat:3, Licht: 0","126109","3","6","3","06","09","2","","0","0","1","0","0"
"POINT (13.260220397000069 52.435046851000038)","Unfall 126110 (2024) Kat:3, Licht: 0","126110","3","2","5","06","08","2","","0","0","1","0","0"
"POINT (13.285231895000038 52.509563224000033)","Unfall 126111 (2024) Kat:3, Licht: 2","126111","3","1","8","06","23","1","","2","0","1","0","0"
"POINT (13.385740859000066 52.469500996000079)","Unfall 126112 (2024) Kat:3, Licht: 1","126112","3","2","5","11","17","2","","1","0","1","0","0"
"POINT (13.357661967000070 52.487416022000048)","Unfall 126113 (2024) Kat:3, Licht: 0","126113","3","1","0","06","10","1","","0","0","0","0","1"
"POINT (13.422488025000064 52.539350284000079)","Unfall 126115 (2024) Kat:2, Licht: 2","126115","2","6","2","06","00","1","","2","0","1","0","1"
"POINT (13.406234957000038 52.405369335000046)","Unfall 126117 (2024) Kat:3, Licht: 0","126117","3","7","6","06","19","1","","0","1","0","1","0"
"POINT (13.388611990000072 52.497679206000043)","Unfall 126118 (2024) Kat:3, Licht: 0","126118","3","6","2","06","15","1","","0","0","1","0","0"
"POINT (13.378893608000055 52.509663030000070)","Unfall 126121 (2024) Kat:3, Licht: 2","126121","3","7","0","06","00","1","","2","0","0","0","1"
"POINT (13.321690794000062 52.561598384000035)","Unfall 126122 (2024) Kat:2, Licht: 0","126122","2","1","9","06","20","7","","0","0","0","0","1"
"POINT (13.424284666000062 52.539037850000057)","Unfall 126123 (2024) Kat:2, Licht: 2","126123","2","2","5","06","01","7","","2","0","1","0","1"
"POINT (13.548369464000075 52.550698991000047)","Unfall 126124 (2024) Kat:3, Licht: 0","126124","3","2","0","06","17","7","","0","0","1","0","0"
"POINT (13.452141070000039 52.548642484000027)","Unfall 126126 (2024) Kat:3, Licht: 0","126126","3","5","1","06","15","6","","0","1","0","0","0"
"POINT (13.396274744000038 52.423489273000030)","Unfall 126128 (2024) Kat:2, Licht: 0","126128","2","4","6","06","13","6","","0","0","1","1","0"
"POINT (13.385786874000075 52.624400067000067)","Unfall 126129 (2024) Kat:3, Licht: 2","126129","3","1","9","06","04","6","","2","0","1","0","0"
"POINT (13.452568632000066 52.511912790000054)","Unfall 126130 (2024) Kat:3, Licht: 0","126130","3","6","3","06","14","6","","0","1","0","0","0"
"POINT (13.377744458000052 52.433674700000040)","Unfall 126131 (2024) Kat:3, Licht: 0","126131","3","6","2","06","10","6","","0","0","1","0","0"
"POINT (13.419995420000078 52.524998540000070)","Unfall 126132 (2024) Kat:3, Licht: 0","126132","3","2","5","06","13","5","","0","1","1","0","0"
"POINT (13.447958739000057 52.526303574000053)","Unfall 126134 (2024) Kat:3, Licht: 0","126134","3","2","5","06","09","5","","0","1","1","0","0"
"POINT (13.306018000000051 52.554211792000046)","Unfall 126135 (2024) Kat:3, Licht: 0","126135","3","6","2","06","16","5","","0","0","1","0","0"
"POINT (13.454205602000059 52.515631359000054)","Unfall 126136 (2024) Kat:3, Licht: 2","126136","3","3","5","06","22","4","","2","1","0","0","0"
"POINT (13.281275230000062 52.499065474000076)","Unfall 126137 (2024) Kat:3, Licht: 0","126137","3","6","3","06","20","4","","0","0","1","0","0"
"POINT (13.385773251000046 52.480526231000056)","Unfall 126138 (2024) Kat:3, Licht: 0","126138","3","2","5","06","16","4","","0","1","1","0","0"
"POINT (13.406875605000039 52.392642061000060)","Unfall 126139 (2024) Kat:3, Licht: 0","126139","3","2","5","06","07","4","","0","0","1","0","0"
"POINT (13.512956599000063 52.454261431000077)","Unfall 126140 (2024) Kat:3, Licht: 1","126140","3","6","2","06","21","4","","1","0","1","0","0"
"POINT (13.493323044000022 52.467881673000079)","Unfall 126141 (2024) Kat:3, Licht: 0","126141","3","2","5","06","05","4","","0","1","1","0","0"
"POINT (13.386410301000069 52.442482839000036)","Unfall 126142 (2024) Kat:2, Licht: 0","126142","2","4","6","06","16","4","","0","1","0","1","0"
"POINT (13.579642220000039 52.505093540000075)","Unfall 126143 (2024) Kat:3, Licht: 0","126143","3","6","2","06","15","4","","0","0","1","0","0"
"POINT (13.367829851000067 52.515703096000038)","Unfall 126145 (2024) Kat:3, Licht: 0","126145","3","6","3","08","18","4","","0","0","1","0","0"
"POINT (13.462763593000034 52.550984565000078)","Unfall 126146 (2024) Kat:3, Licht: 0","126146","3","1","0","06","14","4","","0","1","0","0","0"
"POINT (13.385790257000053 52.471001131000037)","Unfall 126148 (2024) Kat:3, Licht: 0","126148","3","7","0","06","07","4","","0","1","0","0","0"
"POINT (13.283755638000059 52.496281513000042)","Unfall 126150 (2024) Kat:3, Licht: 0","126150","3","6","3","06","14","3","","0","0","1","0","0"
"POINT (13.237564926000061 52.507239719000040)","Unfall 126151 (2024) Kat:3, Licht: 2","126151","3","7","0","06","02","3","","2","0","1","0","0"
"POINT (13.334754154000052 52.464911999000037)","Unfall 126152 (2024) Kat:2, Licht: 0","126152","2","1","9","06","06","2","","0","0","0","0","1"
"POINT (13.396038268000041 52.423295485000040)","Unfall 126153 (2024) Kat:3, Licht: 0","126153","3","2","0","06","14","2","","0","0","1","0","0"
"POINT (13.293174796000073 52.510632038000040)","Unfall 126154 (2024) Kat:3, Licht: 0","126154","3","2","5","06","13","2","","0","1","1","0","0"
"POINT (13.408517935000077 52.388548546000038)","Unfall 126156 (2024) Kat:3, Licht: 0","126156","3","3","5","06","09","2","","0","1","1","0","0"
"POINT (13.283839380000074 52.507472089000032)","Unfall 126158 (2024) Kat:3, Licht: 0","126158","3","6","2","06","08","2","","0","0","1","0","0"
"POINT (13.477984982000066 52.513460778000081)","Unfall 126160 (2024) Kat:3, Licht: 0","126160","3","6","2","06","19","1","","0","0","1","0","0"
"POINT (13.261483147000035 52.508699682000042)","Unfall 126161 (2024) Kat:3, Licht: 0","126161","3","6","2","06","11","7","","0","0","1","0","0"
"POINT (13.454202398000064 52.515893019000032)","Unfall 126162 (2024) Kat:3, Licht: 0","126162","3","1","0","06","11","7","","0","1","0","0","0"
"POINT (13.478932227000030 52.627359982000030)","Unfall 126163 (2024) Kat:3, Licht: 0","126163","3","6","2","06","15","4","","0","0","1","0","0"
"POINT (13.431983590000073 52.517974245000062)","Unfall 126164 (2024) Kat:3, Licht: 2","126164","3","6","4","06","00","7","","2","1","0","0","0"
"POINT (13.374502123000070 52.502583877000063)","Unfall 126165 (2024) Kat:2, Licht: 0","126165","2","1","9","06","17","7","","0","0","1","0","0"
"POINT (13.442708668000023 52.544635491000065)","Unfall 126166 (2024) Kat:3, Licht: 0","126166","3","3","5","10","09","3","","0","1","1","0","0"
"POINT (13.368089481000027 52.505834296000046)","Unfall 126167 (2024) Kat:3, Licht: 0","126167","3","3","5","06","13","7","","0","0","1","0","0"
"POINT (13.260665119000066 52.435104888000069)","Unfall 126168 (2024) Kat:3, Licht: 2","126168","3","3","5","05","23","6","","2","0","1","0","0"
"POINT (13.484320634000028 52.512812040000028)","Unfall 126169 (2024) Kat:2, Licht: 2","126169","2","7","0","05","23","6","","2","0","0","0","1"
"POINT (13.385807739000029 52.482234191000032)","Unfall 126170 (2024) Kat:3, Licht: 0","126170","3","6","2","05","19","6","","0","0","1","0","0"
"POINT (13.446247958000072 52.527533203000075)","Unfall 126171 (2024) Kat:3, Licht: 2","126171","3","6","2","11","17","4","","2","0","1","0","0"
"POINT (13.323816944000043 52.607855120000067)","Unfall 126172 (2024) Kat:3, Licht: 0","126172","3","4","6","06","17","2","","0","0","1","1","0"
"POINT (13.378024204000042 52.509604640000077)","Unfall 126173 (2024) Kat:3, Licht: 0","126173","3","6","4","05","16","6","","0","1","0","0","0"
"POINT (13.324209728000028 52.607507912000074)","Unfall 126174 (2024) Kat:3, Licht: 0","126174","3","3","5","05","16","6","","0","0","1","0","0"
"POINT (13.412506545000042 52.519470984000066)","Unfall 126175 (2024) Kat:3, Licht: 0","126175","3","6","0","05","09","6","","0","0","1","0","1"
"POINT (13.402658905000067 52.601430005000054)","Unfall 126176 (2024) Kat:3, Licht: 0","126176","3","1","0","05","18","5","","0","0","0","0","1"
"POINT (13.292845365000062 52.533688674000075)","Unfall 126177 (2024) Kat:3, Licht: 0","126177","3","6","2","05","14","5","","0","0","1","0","0"
"POINT (13.364233112000022 52.563518717000079)","Unfall 126178 (2024) Kat:3, Licht: 0","126178","3","1","1","05","19","5","","0","0","1","0","1"
"POINT (13.428791523000029 52.537778539000044)","Unfall 126179 (2024) Kat:3, Licht: 0","126179","3","2","6","05","09","5","","0","0","1","1","0"
"POINT (13.553388778000055 52.509345547000066)","Unfall 126180 (2024) Kat:3, Licht: 0","126180","3","2","5","06","11","3","","0","1","1","0","0"
"POINT (13.381392508000033 52.516669093000075)","Unfall 126181 (2024) Kat:3, Licht: 0","126181","3","6","3","05","08","5","","0","1","1","0","0"
"POINT (13.376101618000064 52.430191529000069)","Unfall 126183 (2024) Kat:3, Licht: 0","126183","3","3","5","05","06","5","","0","1","0","0","0"
"POINT (13.452484236000032 52.518398330000082)","Unfall 126184 (2024) Kat:3, Licht: 0","126184","3","6","2","05","13","5","","0","0","1","0","1"
"POINT (13.357188368000038 52.473789652000050)","Unfall 126185 (2024) Kat:3, Licht: 0","126185","3","6","2","05","17","4","","0","0","1","0","0"
"POINT (13.315640897000037 52.613437032000036)","Unfall 126188 (2024) Kat:3, Licht: 0","126188","3","2","5","05","06","4","","0","1","1","0","0"
"POINT (13.263606527000036 52.435103622000042)","Unfall 126189 (2024) Kat:3, Licht: 0","126189","3","2","5","05","08","4","","0","1","1","0","0"
"POINT (13.537594818000059 52.527006605000054)","Unfall 126190 (2024) Kat:3, Licht: 0","126190","3","2","5","05","16","3","","0","0","1","0","0"
"POINT (13.384843706000026 52.450206690000073)","Unfall 126191 (2024) Kat:3, Licht: 0","126191","3","3","5","05","16","3","","0","0","1","0","0"
"POINT (13.483358030000034 52.577458332000049)","Unfall 126192 (2024) Kat:3, Licht: 0","126192","3","6","2","05","10","3","","0","0","1","0","0"
"POINT (13.368483927000057 52.506538700000078)","Unfall 126193 (2024) Kat:3, Licht: 0","126193","3","1","0","05","07","3","","0","0","0","0","1"
"POINT (13.200011485000061 52.440142656000035)","Unfall 126195 (2024) Kat:3, Licht: 0","126195","3","6","2","05","11","3","","0","0","1","0","0"
"POINT (13.428520181000067 52.532099770000059)","Unfall 126197 (2024) Kat:3, Licht: 0","126197","3","6","2","05","17","3","","0","1","0","0","0"
"POINT (13.420291864000035 52.525250268000036)","Unfall 126198 (2024) Kat:3, Licht: 0","126198","3","6","2","05","13","3","","0","0","1","0","0"
"POINT (13.240241224000044 52.433223119000047)","Unfall 126199 (2024) Kat:3, Licht: 0","126199","3","3","5","05","06","3","","0","1","1","0","0"
"POINT (13.517587235000065 52.427830384000060)","Unfall 126201 (2024) Kat:3, Licht: 2","126201","3","1","8","05","20","2","","2","0","1","0","0"
"POINT (13.598722353000028 52.505019539000045)","Unfall 126203 (2024) Kat:3, Licht: 0","126203","3","2","5","05","18","2","","0","0","1","0","0"
"POINT (13.351523109000027 52.483582810000030)","Unfall 126204 (2024) Kat:3, Licht: 0","126204","3","2","5","05","16","2","","0","1","0","0","0"
"POINT (13.460742332000052 52.493866970000056)","Unfall 126205 (2024) Kat:2, Licht: 0","126205","2","3","5","05","13","2","","0","1","0","0","0"
"POINT (13.331600440000045 52.477845436000052)","Unfall 126207 (2024) Kat:3, Licht: 0","126207","3","6","2","05","07","2","","0","0","1","0","0"
"POINT (13.340346262000025 52.478630242000065)","Unfall 126208 (2024) Kat:3, Licht: 0","126208","3","6","3","05","14","2","","0","0","1","0","0"
"POINT (13.314490548000038 52.453140605000044)","Unfall 126209 (2024) Kat:3, Licht: 0","126209","3","1","0","06","17","1","","0","0","0","0","1"
"POINT (13.521843655000055 52.421952970000063)","Unfall 126210 (2024) Kat:3, Licht: 0","126210","3","6","3","05","12","2","","0","0","1","0","1"
"POINT (13.454230561000031 52.515689412000029)","Unfall 126211 (2024) Kat:3, Licht: 0","126211","3","6","2","05","10","2","","0","0","1","0","0"
"POINT (13.419517914000039 52.525108176000060)","Unfall 126212 (2024) Kat:3, Licht: 0","126212","3","2","5","05","10","2","","0","1","0","0","0"
"POINT (13.261469966000050 52.508698868000067)","Unfall 126213 (2024) Kat:2, Licht: 0","126213","2","6","2","05","16","1","","0","0","1","0","0"
"POINT (13.402791158000070 52.593171965000067)","Unfall 126214 (2024) Kat:3, Licht: 0","126214","3","3","5","05","09","1","","0","0","1","0","0"
"POINT (13.458967659000052 52.492792461000079)","Unfall 126215 (2024) Kat:3, Licht: 0","126215","3","3","5","05","15","1","","0","1","1","0","0"
"POINT (13.285991143000047 52.494626068000059)","Unfall 126216 (2024) Kat:3, Licht: 0","126216","3","6","2","05","13","1","","0","0","1","0","0"
"POINT (13.453638132000037 52.463626196000064)","Unfall 126217 (2024) Kat:3, Licht: 2","126217","3","1","8","05","02","1","","2","0","0","0","1"
"POINT (13.388880074000042 52.498108671000068)","Unfall 126218 (2024) Kat:3, Licht: 0","126218","3","2","5","05","16","7","","0","0","1","0","0"
"POINT (13.412291271000072 52.544217523000043)","Unfall 126219 (2024) Kat:3, Licht: 0","126219","3","6","3","05","16","7","","0","1","0","0","0"
"POINT (13.580977454000049 52.505083800000079)","Unfall 126220 (2024) Kat:3, Licht: 2","126220","3","6","3","05","17","7","","2","0","1","0","1"
"POINT (13.446011123000062 52.528160896000031)","Unfall 126221 (2024) Kat:3, Licht: 0","126221","3","5","5","05","14","7","","0","1","1","0","0"
"POINT (13.284302823000075 52.495893863000049)","Unfall 126222 (2024) Kat:2, Licht: 0","126222","2","6","2","05","11","7","","0","0","1","0","0"
"POINT (13.368393016000027 52.541072201000077)","Unfall 126223 (2024) Kat:3, Licht: 2","126223","3","3","5","05","23","6","","2","0","1","0","1"
"POINT (13.419937412000024 52.524948678000044)","Unfall 126226 (2024) Kat:3, Licht: 0","126226","3","2","5","05","18","6","","0","0","1","0","0"
"POINT (13.412783300000058 52.519407245000082)","Unfall 126227 (2024) Kat:3, Licht: 0","126227","3","6","0","05","13","6","","0","0","1","0","0"
"POINT (13.423042860000066 52.519904825000026)","Unfall 126228 (2024) Kat:3, Licht: 0","126228","3","5","1","05","11","6","","0","1","1","0","0"
"POINT (13.360891565000031 52.492300525000076)","Unfall 126229 (2024) Kat:3, Licht: 0","126229","3","5","1","05","20","5","","0","0","1","0","1"
"POINT (13.356307412000035 52.473575418000053)","Unfall 126230 (2024) Kat:3, Licht: 0","126230","3","6","2","05","18","5","","0","0","1","0","0"
"POINT (13.289200207000022 52.510389407000048)","Unfall 126231 (2024) Kat:3, Licht: 0","126231","3","2","5","05","17","5","","0","1","1","0","0"
"POINT (13.413014698000040 52.545623794000051)","Unfall 126232 (2024) Kat:3, Licht: 0","126232","3","7","1","05","17","5","","0","0","1","0","0"
"POINT (13.368019592000053 52.505728976000057)","Unfall 126233 (2024) Kat:3, Licht: 0","126233","3","6","2","05","15","5","","0","0","1","0","0"
"POINT (13.370176235000031 52.539966298000081)","Unfall 126235 (2024) Kat:3, Licht: 0","126235","3","2","5","05","08","5","","0","1","0","0","0"
"POINT (13.316467033000038 52.614074808000055)","Unfall 126236 (2024) Kat:3, Licht: 0","126236","3","3","5","05","17","5","","0","1","1","0","0"
"POINT (13.553043018000039 52.509055665000062)","Unfall 126237 (2024) Kat:3, Licht: 0","126237","3","2","5","05","17","5","","0","1","1","0","0"
"POINT (13.340891112000065 52.478636518000030)","Unfall 126238 (2024) Kat:3, Licht: 0","126238","3","6","2","05","08","5","","0","0","1","0","0"
"POINT (13.402098203000037 52.580631713000059)","Unfall 126239 (2024) Kat:3, Licht: 0","126239","3","4","0","05","20","5","","0","0","0","1","0"
"POINT (13.312897353000039 52.622364145000063)","Unfall 126241 (2024) Kat:2, Licht: 0","126241","2","2","5","05","16","5","","0","0","1","0","1"
"POINT (13.364892643000076 52.561180417000060)","Unfall 126242 (2024) Kat:3, Licht: 0","126242","3","6","3","05","16","4","","0","0","1","0","1"
"POINT (13.385784803000035 52.481040441000061)","Unfall 126243 (2024) Kat:3, Licht: 0","126243","3","2","5","05","08","4","","0","1","0","0","0"
"POINT (13.402902045000076 52.411178003000032)","Unfall 126244 (2024) Kat:3, Licht: 0","126244","3","4","6","07","16","6","","0","0","1","1","0"
"POINT (13.462178776000030 52.495070890000079)","Unfall 126245 (2024) Kat:3, Licht: 2","126245","3","6","2","05","01","4","","2","1","1","0","0"
"POINT (13.398460874000023 52.576778317000048)","Unfall 126246 (2024) Kat:3, Licht: 0","126246","3","1","0","12","15","4","","0","0","0","0","1"
"POINT (13.378283747000069 52.434802114000036)","Unfall 126247 (2024) Kat:3, Licht: 0","126247","3","6","3","05","19","3","","0","0","1","0","0"
"POINT (13.389465671000039 52.496678308000071)","Unfall 126249 (2024) Kat:3, Licht: 2","126249","3","6","2","08","22","7","","2","0","1","0","0"
"POINT (13.227396627000076 52.506896211000026)","Unfall 126250 (2024) Kat:3, Licht: 0","126250","3","6","2","05","18","3","","0","0","1","0","1"
"POINT (13.382233870000050 52.439332160000049)","Unfall 126252 (2024) Kat:3, Licht: 2","126252","3","6","0","05","21","3","","2","0","1","0","1"
"POINT (13.371044568000059 52.470934334000049)","Unfall 126253 (2024) Kat:3, Licht: 1","126253","3","6","2","05","17","3","","1","0","1","0","0"
"POINT (13.386008101000073 52.480923308000058)","Unfall 126255 (2024) Kat:3, Licht: 1","126255","3","6","2","05","06","3","","1","0","1","0","0"
"POINT (13.281239235000044 52.499108538000030)","Unfall 126256 (2024) Kat:3, Licht: 0","126256","3","6","3","11","07","6","","0","0","1","0","0"
"POINT (13.487332345000027 52.471699359000070)","Unfall 126257 (2024) Kat:3, Licht: 0","126257","3","7","0","05","16","3","","0","1","0","0","0"
"POINT (13.269480515000055 52.437658007000039)","Unfall 126258 (2024) Kat:3, Licht: 0","126258","3","3","5","05","13","3","","0","0","1","0","0"
"POINT (13.379424963000076 52.470028806000073)","Unfall 126260 (2024) Kat:3, Licht: 0","126260","3","6","2","05","12","3","","0","0","1","0","0"
"POINT (13.203963747000046 52.511615984000059)","Unfall 126261 (2024) Kat:3, Licht: 0","126261","3","6","2","05","20","2","","0","0","1","0","0"
"POINT (13.282758371000057 52.441780533000042)","Unfall 126265 (2024) Kat:3, Licht: 0","126265","3","2","5","05","13","2","","0","0","1","0","0"
"POINT (13.351997108000035 52.484174827000061)","Unfall 126266 (2024) Kat:3, Licht: 2","126266","3","7","0","05","03","2","","2","0","0","0","0"
"POINT (13.353168663000076 52.479748350000079)","Unfall 126267 (2024) Kat:3, Licht: 0","126267","3","6","2","09","15","1","","0","1","0","0","0"
"POINT (13.439136618000077 52.517228472000056)","Unfall 126268 (2024) Kat:3, Licht: 0","126268","3","6","2","05","18","2","","0","0","1","0","0"
"POINT (13.412691342000073 52.540935564000051)","Unfall 126270 (2024) Kat:3, Licht: 0","126270","3","1","0","05","13","2","","0","0","0","0","1"
"POINT (13.459243181000033 52.492857697000034)","Unfall 126271 (2024) Kat:3, Licht: 0","126271","3","3","5","05","13","2","","0","0","1","0","0"
"POINT (13.116872494000063 52.414657330000068)","Unfall 126272 (2024) Kat:3, Licht: 0","126272","3","7","3","05","11","2","","0","0","1","0","0"
"POINT (13.305359015000022 52.511413051000034)","Unfall 126274 (2024) Kat:3, Licht: 2","126274","3","5","1","05","21","1","","2","0","1","0","0"
"POINT (13.344126259000063 52.471807025000032)","Unfall 126275 (2024) Kat:2, Licht: 0","126275","2","7","0","05","17","1","","0","0","0","0","1"
"POINT (13.308805652000046 52.557126225000047)","Unfall 126277 (2024) Kat:2, Licht: 0","126277","2","6","2","05","11","1","","0","0","1","0","0"
"POINT (13.416341488000057 52.522263861000056)","Unfall 126278 (2024) Kat:3, Licht: 0","126278","3","2","0","05","05","1","","0","0","1","0","0"
"POINT (13.306433823000077 52.567427882000061)","Unfall 126279 (2024) Kat:3, Licht: 2","126279","3","6","3","05","22","7","","2","0","1","0","0"
"POINT (13.357135292000066 52.487107374000061)","Unfall 126281 (2024) Kat:3, Licht: 2","126281","3","6","2","05","23","7","","2","0","1","0","0"
"POINT (13.203783785000041 52.423664760000065)","Unfall 126282 (2024) Kat:2, Licht: 0","126282","2","2","5","05","18","6","","0","1","1","0","0"
"POINT (13.407206112000040 52.390422679000039)","Unfall 126283 (2024) Kat:3, Licht: 2","126283","3","1","0","11","05","3","","2","1","0","0","0"
"POINT (13.338708124000050 52.478481358000067)","Unfall 126284 (2024) Kat:3, Licht: 0","126284","3","6","2","05","16","6","","0","0","1","0","0"
"POINT (13.386053784000069 52.483218069000031)","Unfall 126285 (2024) Kat:2, Licht: 0","126285","2","2","6","05","06","6","","0","0","0","1","0"
"POINT (13.306011640000065 52.554205057000047)","Unfall 126286 (2024) Kat:3, Licht: 0","126286","3","6","2","05","16","6","","0","0","1","0","0"
"POINT (13.460217453000041 52.515102277000040)","Unfall 126287 (2024) Kat:2, Licht: 0","126287","2","7","0","05","15","6","","0","1","0","0","0"
"POINT (13.466163951000055 52.485951666000062)","Unfall 126289 (2024) Kat:2, Licht: 0","126289","2","4","6","05","11","6","","0","0","0","1","1"
"POINT (13.280155538000031 52.501882896000041)","Unfall 126290 (2024) Kat:3, Licht: 0","126290","3","6","2","05","09","6","","0","0","1","0","0"
"POINT (13.278137210000068 52.601977200000078)","Unfall 126292 (2024) Kat:3, Licht: 2","126292","3","7","1","05","04","6","","2","0","1","0","0"
"POINT (13.387611444000072 52.438998104000063)","Unfall 126293 (2024) Kat:2, Licht: 2","126293","2","6","2","05","22","6","","2","0","0","0","1"
"POINT (13.373967496000034 52.470089358000052)","Unfall 126294 (2024) Kat:3, Licht: 0","126294","3","6","3","05","16","6","","0","0","1","0","0"
"POINT (13.354743947000031 52.476953490000028)","Unfall 126295 (2024) Kat:3, Licht: 0","126295","3","6","3","05","17","5","","0","0","1","0","0"
"POINT (13.454190766000067 52.515928909000081)","Unfall 126296 (2024) Kat:2, Licht: 0","126296","2","1","0","05","12","5","","0","1","0","0","0"
"POINT (13.365720820000035 52.533095332000073)","Unfall 126297 (2024) Kat:3, Licht: 0","126297","3","4","6","05","16","5","","0","0","0","1","1"
"POINT (13.474904694000031 52.567410417000076)","Unfall 126299 (2024) Kat:3, Licht: 0","126299","3","7","5","05","15","5","","0","0","1","0","1"
"POINT (13.388855602000035 52.498113127000067)","Unfall 126300 (2024) Kat:2, Licht: 2","126300","2","3","5","05","01","5","","2","0","1","0","0"
"POINT (13.319664395000075 52.537004430000081)","Unfall 126301 (2024) Kat:3, Licht: 0","126301","3","6","2","05","14","4","","0","0","1","0","0"
"POINT (13.283002070000066 52.528693117000046)","Unfall 126302 (2024) Kat:3, Licht: 0","126302","3","6","2","05","17","4","","0","0","1","0","0"
"POINT (13.468107595000049 52.514301702000068)","Unfall 126303 (2024) Kat:3, Licht: 0","126303","3","7","0","05","17","4","","0","0","1","1","1"
"POINT (13.298995981000076 52.488825004000034)","Unfall 126304 (2024) Kat:3, Licht: 0","126304","3","6","2","05","13","4","","0","0","1","0","0"