WKT,Name,OBJECTID,UKATEGORIE,UTYP1,UART,UMONAT,USTUNDE,UWOCHENTAG,STRZUSTAND,ULICHTVERH,ISTRAD,ISTPKW,ISTFUSS,ISTKRAD
"POINT (13.266561707000051 52.436051935000080)","Unfall 126305 (2024) Kat:3, Licht: 0","126305","3","3","5","05","07","4","","0","0","0","0","1"
"POINT (13.334305409000024 52.513505449000036)","Unfall 126306 (2024) Kat:3, Licht: 0","126306","3","6","3","05","17","4","","0","1","0","0","0"
"POINT (13.454216622000047 52.515842603000067)","Unfall 126307 (2024) Kat:3, Licht: 0","126307","3","6","3","05","12","4","","0","1","1","0","0"
"POINT (13.370243768000023 52.539817385000049)","Unfall 126309 (2024) Kat:3, Licht: 0","126309","3","3","5","05","08","4","","0","1","0","0","0"
"POINT (13.280250039000066 52.499996088000046)","Unfall 126310 (2024) Kat:3, Licht: 0","126310","3","3","5","05","06","4","","0","0","1","0","0"
"POINT (13.442961679000064 52.544788240000059)","Unfall 126312 (2024) Kat:2, Licht: 0","126312","2","4","6","05","11","3","","0","0","0","1","0"
"POINT (13.538615897000057 52.509962526000038)","Unfall 126313 (2024) Kat:3, Licht: 0","126313","3","6","2","05","17","3","","0","0","1","0","0"
"POINT (13.346621370000037 52.579362604000039)","Unfall 126314 (2024) Kat:3, Licht: 0","126314","3","2","5","05","16","3","","0","1","1","0","0"
"POINT (13.442615979000038 52.462633663000076)","Unfall 126315 (2024) Kat:3, Licht: 0","126315","3","6","2","05","13","3","","0","0","1","0","0"
"POINT (13.378852879000021 52.470053036000081)","Unfall 126316 (2024) Kat:3, Licht: 0","126316","3","6","2","05","09","3","","0","0","1","0","0"
"POINT (13.295088801000077 52.539364754000076)","Unfall 126318 (2024) Kat:2, Licht: 0","126318","2","6","2","05","14","3","","0","0","0","0","0"
"POINT (13.403042700000071 52.464047615000027)","Unfall 126320 (2024) Kat:3, Licht: 0","126320","3","6","2","05","07","3","","0","0","1","0","0"
"POINT (13.515063522000048 52.453035250000028)","Unfall 126322 (2024) Kat:3, Licht: 0","126322","3","2","4","05","11","2","","0","0","1","0","1"
"POINT (13.260434161000035 52.435010648000059)","Unfall 126324 (2024) Kat:3, Licht: 0","126324","3","6","3","05","14","2","","0","1","0","0","0"
"POINT (13.432876562000047 52.536365761000070)","Unfall 126325 (2024) Kat:3, Licht: 0","126325","3","4","6","05","14","2","","0","0","1","1","0"
"POINT (13.347837836000053 52.574254805000066)","Unfall 126327 (2024) Kat:2, Licht: 0","126327","2","1","0","05","12","2","","0","1","0","0","0"
"POINT (13.411260520000042 52.518903227000067)","Unfall 126328 (2024) Kat:3, Licht: 0","126328","3","2","5","05","08","2","","0","1","1","0","0"
"POINT (13.513857790000031 52.510196863000033)","Unfall 126329 (2024) Kat:3, Licht: 0","126329","3","5","1","05","19","2","","0","1","1","0","0"
"POINT (13.419528289000027 52.520978253000067)","Unfall 126331 (2024) Kat:3, Licht: 0","126331","3","6","3","05","14","2","","0","1","0","0","0"
"POINT (13.546943392000060 52.549019565000037)","Unfall 126332 (2024) Kat:3, Licht: 0","126332","3","6","2","05","18","1","","0","0","1","0","0"
"POINT (13.461787625000056 52.494742792000068)","Unfall 126334 (2024) Kat:2, Licht: 2","126334","2","6","2","05","23","7","","2","0","1","0","0"
"POINT (13.460109927000076 52.515112985000030)","Unfall 126335 (2024) Kat:3, Licht: 0","126335","3","2","5","05","17","7","","0","1","1","0","0"
"POINT (13.590872331000071 52.505089765000037)","Unfall 126336 (2024) Kat:3, Licht: 0","126336","3","2","5","05","12","7","","0","1","1","0","0"
"POINT (13.370308064000028 52.539851539000040)","Unfall 126337 (2024) Kat:3, Licht: 0","126337","3","3","2","05","12","6","","0","0","1","0","0"
"POINT (13.427663735000067 52.628836620000072)","Unfall 126338 (2024) Kat:2, Licht: 0","126338","2","6","2","05","12","6","","0","0","1","0","0"
"POINT (13.438638543000025 52.541193631000056)","Unfall 126339 (2024) Kat:1, Licht: 1","126339","1","4","6","11","16","2","","1","0","0","1","0"
"POINT (13.310092572000030 52.558775870000034)","Unfall 126340 (2024) Kat:3, Licht: 0","126340","3","1","9","05","16","6","","0","0","1","0","0"
"POINT (13.218061232000025 52.428099908000036)","Unfall 126342 (2024) Kat:3, Licht: 0","126342","3","4","6","05","17","6","","0","1","0","1","0"
"POINT (13.442173001000072 52.543827214000032)","Unfall 126344 (2024) Kat:3, Licht: 1","126344","3","3","0","12","16","4","","1","0","1","0","1"
"POINT (13.460437212000045 52.493884072000071)","Unfall 126345 (2024) Kat:3, Licht: 0","126345","3","6","2","05","16","6","","0","1","1","0","0"
"POINT (13.454213288000062 52.515856477000057)","Unfall 126347 (2024) Kat:3, Licht: 0","126347","3","2","5","05","14","6","","0","1","1","0","0"
"POINT (13.455879585000048 52.461247139000079)","Unfall 126348 (2024) Kat:3, Licht: 0","126348","3","6","3","05","10","6","","0","0","1","0","0"
"POINT (13.139100764000034 52.488037725000027)","Unfall 126349 (2024) Kat:2, Licht: 0","126349","2","7","8","05","09","6","","0","0","0","0","0"
"POINT (13.438627136000036 52.541184008000073)","Unfall 126350 (2024) Kat:3, Licht: 0","126350","3","2","6","05","14","6","","0","0","1","1","0"
"POINT (13.353942717000052 52.478952580000055)","Unfall 126351 (2024) Kat:3, Licht: 0","126351","3","2","5","05","08","6","","0","0","1","0","1"
"POINT (13.435929474000034 52.534673286000043)","Unfall 126352 (2024) Kat:3, Licht: 0","126352","3","2","5","08","10","3","","0","1","1","0","0"
"POINT (13.337576538000064 52.466772167000045)","Unfall 126353 (2024) Kat:3, Licht: 2","126353","3","1","9","05","00","6","","2","0","0","0","1"
"POINT (13.549074254000061 52.509370211000032)","Unfall 126355 (2024) Kat:3, Licht: 0","126355","3","6","2","11","06","2","","0","0","1","0","0"
"POINT (13.412306299000022 52.519404295000072)","Unfall 126356 (2024) Kat:3, Licht: 0","126356","3","3","0","05","15","5","","0","1","1","0","0"
"POINT (13.454229287000032 52.515686452000068)","Unfall 126357 (2024) Kat:3, Licht: 2","126357","3","2","5","05","23","5","","2","0","1","0","0"
"POINT (13.359647560000042 52.489892969000039)","Unfall 126358 (2024) Kat:3, Licht: 0","126358","3","5","1","05","10","5","","0","1","1","0","0"
"POINT (13.403471181000043 52.582947910000030)","Unfall 126359 (2024) Kat:3, Licht: 2","126359","3","2","5","05","00","5","","2","1","1","0","0"
"POINT (13.286238697000044 52.532185183000081)","Unfall 126361 (2024) Kat:3, Licht: 0","126361","3","3","5","09","07","2","","0","0","1","0","0"
"POINT (13.452041835000045 52.463690519000068)","Unfall 126362 (2024) Kat:3, Licht: 0","126362","3","6","2","05","14","4","","0","0","1","0","0"
"POINT (13.399883771000077 52.416507560000070)","Unfall 126363 (2024) Kat:3, Licht: 0","126363","3","3","5","06","13","4","","0","1","1","0","0"
"POINT (13.427975276000041 52.537787772000058)","Unfall 126364 (2024) Kat:3, Licht: 0","126364","3","5","5","05","15","4","","0","1","0","0","0"
"POINT (13.179007316000025 52.516594244000032)","Unfall 126365 (2024) Kat:3, Licht: 2","126365","3","2","5","11","07","5","","2","1","1","0","0"
"POINT (13.349388843000042 52.475129129000038)","Unfall 126366 (2024) Kat:3, Licht: 0","126366","3","1","9","05","09","4","","0","0","1","0","0"
"POINT (13.120471035000037 52.477559124000038)","Unfall 126368 (2024) Kat:3, Licht: 0","126368","3","2","5","05","15","4","","0","1","1","0","0"
"POINT (13.466751873000021 52.514442191000057)","Unfall 126369 (2024) Kat:2, Licht: 0","126369","2","7","2","05","20","3","","0","0","1","0","0"
"POINT (13.398236306000058 52.579258740000057)","Unfall 126370 (2024) Kat:3, Licht: 0","126370","3","6","2","05","19","3","","0","0","1","0","1"
"POINT (13.402787226000044 52.593157581000071)","Unfall 126372 (2024) Kat:2, Licht: 0","126372","2","3","5","05","19","3","","0","0","1","0","0"
"POINT (13.548639846000071 52.551322693000031)","Unfall 126374 (2024) Kat:3, Licht: 0","126374","3","6","2","05","19","3","","0","0","1","0","0"
"POINT (13.427030789000071 52.518971020000038)","Unfall 126375 (2024) Kat:3, Licht: 0","126375","3","5","1","05","18","3","","0","1","1","0","0"
"POINT (13.386930839000058 52.491667118000066)","Unfall 126377 (2024) Kat:3, Licht: 0","126377","3","6","3","05","10","3","","0","0","1","0","0"
"POINT (13.217531363000035 52.427978771000028)","Unfall 126378 (2024) Kat:3, Licht: 0","126378","3","1","0","05","11","3","","0","1","0","0","0"
"POINT (13.231568513000070 52.506863187000079)","Unfall 126379 (2024) Kat:3, Licht: 0","126379","3","6","2","05","17","2","","0","0","1","0","0"
"POINT (13.301601128000073 52.511167315000080)","Unfall 126380 (2024) Kat:3, Licht: 0","126380","3","3","5","05","11","2","","0","0","1","0","0"
"POINT (13.386441921000028 52.510147954000047)","Unfall 126381 (2024) Kat:3, Licht: 0","126381","3","6","3","05","18","2","","0","1","1","0","0"
"POINT (13.281572281000024 52.505252343000052)","Unfall 126382 (2024) Kat:3, Licht: 0","126382","3","6","2","05","13","2","","0","0","1","0","0"
"POINT (13.281806297000060 52.505862943000068)","Unfall 126384 (2024) Kat:3, Licht: 0","126384","3","6","2","05","08","2","","0","0","1","0","0"
"POINT (13.200546648000056 52.440570168000079)","Unfall 126385 (2024) Kat:3, Licht: 0","126385","3","6","2","05","14","2","","0","0","1","0","0"
"POINT (13.281789879000030 52.505815017000032)","Unfall 126386 (2024) Kat:3, Licht: 0","126386","3","6","2","05","13","2","","0","0","1","0","0"
"POINT (13.388690917000076 52.498151632000031)","Unfall 126387 (2024) Kat:3, Licht: 0","126387","3","2","5","05","08","2","","0","0","1","0","0"
"POINT (13.356642050000062 52.473829473000080)","Unfall 126389 (2024) Kat:3, Licht: 0","126389","3","6","2","05","16","2","","0","0","1","0","0"
"POINT (13.378852879000021 52.470053036000081)","Unfall 126390 (2024) Kat:3, Licht: 0","126390","3","6","2","05","17","1","","0","0","1","0","0"
"POINT (13.389304195000022 52.497328041000060)","Unfall 126391 (2024) Kat:3, Licht: 0","126391","3","6","2","06","09","7","","0","0","1","0","0"
"POINT (13.370428424000067 52.539910422000048)","Unfall 126392 (2024) Kat:3, Licht: 0","126392","3","2","5","05","15","1","","0","0","1","0","0"
"POINT (13.486706992000052 52.624711371000046)","Unfall 126393 (2024) Kat:3, Licht: 0","126393","3","1","9","05","13","1","","0","0","1","0","0"
"POINT (13.272444871000062 52.438570981000055)","Unfall 126394 (2024) Kat:3, Licht: 2","126394","3","1","9","05","02","1","","2","0","1","0","0"
"POINT (13.416201468000054 52.540339472000028)","Unfall 126395 (2024) Kat:3, Licht: 2","126395","3","2","5","05","22","7","","2","0","1","0","0"
"POINT (13.331713490000027 52.463648011000032)","Unfall 126396 (2024) Kat:2, Licht: 2","126396","2","1","8","05","21","7","","2","0","0","0","1"
"POINT (13.368492194000055 52.541015200000061)","Unfall 126397 (2024) Kat:3, Licht: 0","126397","3","2","5","06","15","4","","0","0","1","0","0"
"POINT (13.386677145000021 52.498646333000067)","Unfall 126398 (2024) Kat:3, Licht: 2","126398","3","6","2","05","22","7","","2","0","1","0","0"
"POINT (13.299138626000058 52.511194821000061)","Unfall 126399 (2024) Kat:3, Licht: 0","126399","3","2","5","05","16","7","","0","1","1","0","0"
"POINT (13.395032808000053 52.467135151000036)","Unfall 126400 (2024) Kat:3, Licht: 0","126400","3","1","0","08","12","3","","0","0","0","0","1"
"POINT (13.347722488000045 52.574270879000039)","Unfall 126401 (2024) Kat:3, Licht: 0","126401","3","3","5","05","18","6","","0","0","1","0","0"
"POINT (13.333338684000068 52.594229136000081)","Unfall 126402 (2024) Kat:3, Licht: 0","126402","3","6","2","05","14","6","","0","0","1","0","0"
"POINT (13.581345194000050 52.505085513000040)","Unfall 126403 (2024) Kat:3, Licht: 0","126403","3","2","5","05","16","6","","0","1","1","0","0"
"POINT (13.353997761000073 52.478913063000050)","Unfall 126404 (2024) Kat:2, Licht: 0","126404","2","7","6","05","18","6","","0","1","0","1","0"
"POINT (13.285158996000064 52.509453147000045)","Unfall 126405 (2024) Kat:3, Licht: 0","126405","3","6","2","05","15","6","","0","0","1","0","0"
"POINT (13.447327960000052 52.503310497000029)","Unfall 126407 (2024) Kat:3, Licht: 0","126407","3","7","6","06","16","3","","0","0","0","1","0"
"POINT (13.370572471000060 52.539974793000056)","Unfall 126408 (2024) Kat:3, Licht: 0","126408","3","2","5","05","17","5","","0","1","1","0","0"
"POINT (13.357194851000031 52.486909345000072)","Unfall 126409 (2024) Kat:3, Licht: 0","126409","3","1","0","05","17","5","","0","1","0","0","0"
"POINT (13.606290777000027 52.504953342000078)","Unfall 126411 (2024) Kat:3, Licht: 0","126411","3","3","5","05","15","5","","0","1","1","0","0"
"POINT (13.177249907000032 52.419364834000078)","Unfall 126412 (2024) Kat:3, Licht: 0","126412","3","2","2","05","14","5","","0","1","1","0","0"
"POINT (13.332386763000045 52.598297981000030)","Unfall 126413 (2024) Kat:3, Licht: 0","126413","3","6","2","05","10","5","","0","0","1","0","0"
"POINT (13.387230886000054 52.440157955000075)","Unfall 126414 (2024) Kat:3, Licht: 1","126414","3","2","5","05","05","5","","1","0","0","0","1"
"POINT (13.385775274000025 52.480616234000081)","Unfall 126415 (2024) Kat:3, Licht: 0","126415","3","2","5","05","15","5","","0","1","0","0","0"
"POINT (13.233074576000035 52.466545228000030)","Unfall 126416 (2024) Kat:3, Licht: 0","126416","3","6","2","05","12","4","","0","0","1","0","0"
"POINT (13.477178440000046 52.513541064000037)","Unfall 126417 (2024) Kat:3, Licht: 1","126417","3","6","2","04","17","3","","1","0","1","0","0"
"POINT (13.282716967000056 52.528552615000081)","Unfall 126418 (2024) Kat:3, Licht: 0","126418","3","6","2","04","11","3","","0","0","1","0","0"
"POINT (13.362972832000025 52.473958029000073)","Unfall 126419 (2024) Kat:3, Licht: 0","126419","3","6","2","04","15","3","","0","0","1","0","0"
"POINT (13.433024368000076 52.536060583000051)","Unfall 126420 (2024) Kat:3, Licht: 0","126420","3","2","5","04","13","3","","0","0","1","0","0"
"POINT (13.365257222000025 52.558087181000076)","Unfall 126421 (2024) Kat:3, Licht: 0","126421","3","3","5","04","11","3","","0","0","1","0","0"
"POINT (13.299831571000027 52.534060948000047)","Unfall 126423 (2024) Kat:2, Licht: 0","126423","2","6","0","04","16","3","","0","0","1","0","1"
"POINT (13.385563075000050 52.447222391000082)","Unfall 126425 (2024) Kat:3, Licht: 0","126425","3","4","6","06","15","5","","0","1","0","1","0"
"POINT (13.375949621000075 52.429861146000064)","Unfall 126426 (2024) Kat:3, Licht: 0","126426","3","2","5","04","10","3","","0","1","1","0","0"
"POINT (13.377096202000075 52.432302830000026)","Unfall 126427 (2024) Kat:3, Licht: 0","126427","3","6","1","04","16","2","","0","0","1","0","1"
"POINT (13.281555428000047 52.521985330000064)","Unfall 126428 (2024) Kat:3, Licht: 0","126428","3","6","2","08","18","3","","0","0","1","0","1"
"POINT (13.415150173000029 52.379910679000034)","Unfall 126429 (2024) Kat:3, Licht: 0","126429","3","4","6","05","16","5","","0","1","0","1","0"
"POINT (13.401754893000032 52.511349611000071)","Unfall 126430 (2024) Kat:3, Licht: 0","126430","3","3","5","04","19","2","","0","1","1","0","0"
"POINT (13.385762495000051 52.470073339000066)","Unfall 126432 (2024) Kat:3, Licht: 0","126432","3","6","2","04","15","2","","0","0","1","0","0"
"POINT (13.369185401000038 52.547228699000073)","Unfall 126433 (2024) Kat:3, Licht: 0","126433","3","6","3","04","09","2","","0","1","0","0","0"
"POINT (13.388863765000053 52.498111641000037)","Unfall 126434 (2024) Kat:3, Licht: 1","126434","3","2","5","04","05","2","","1","0","1","0","0"
"POINT (13.284575522000068 52.495659636000028)","Unfall 126435 (2024) Kat:3, Licht: 0","126435","3","6","2","04","12","2","","0","0","1","0","0"
"POINT (13.388669845000038 52.498156808000033)","Unfall 126437 (2024) Kat:3, Licht: 0","126437","3","6","2","04","16","2","","0","0","1","0","0"
"POINT (13.447714952000069 52.526593261000073)","Unfall 126438 (2024) Kat:3, Licht: 2","126438","3","4","0","04","01","1","","2","0","0","1","1"
"POINT (13.263301061000050 52.508812091000038)","Unfall 126439 (2024) Kat:3, Licht: 2","126439","3","6","3","04","22","1","","2","0","1","0","0"
"POINT (13.276953427000024 52.509778913000048)","Unfall 126440 (2024) Kat:3, Licht: 2","126440","3","7","6","06","22","4","","2","0","1","1","0"
"POINT (13.359650273000057 52.489895909000040)","Unfall 126441 (2024) Kat:3, Licht: 2","126441","3","6","0","04","21","1","","2","0","1","0","1"
"POINT (13.304086696000070 52.485076425000045)","Unfall 126443 (2024) Kat:3, Licht: 2","126443","3","6","3","04","21","1","","2","0","1","0","1"
"POINT (13.623360273000060 52.504005769000059)","Unfall 126444 (2024) Kat:3, Licht: 0","126444","3","6","2","04","14","1","","0","0","1","0","0"
"POINT (13.250968986000032 52.508059238000044)","Unfall 126445 (2024) Kat:3, Licht: 0","126445","3","1","0","04","10","1","","0","0","0","0","1"
"POINT (13.557513890000052 52.561546337000038)","Unfall 126447 (2024) Kat:2, Licht: 0","126447","2","6","0","04","13","7","","0","0","0","0","1"
"POINT (13.363761512000053 52.564703312000063)","Unfall 126449 (2024) Kat:3, Licht: 0","126449","3","4","6","04","12","7","","0","0","1","1","0"
"POINT (13.390948863000062 52.432225444000039)","Unfall 126450 (2024) Kat:3, Licht: 2","126450","3","7","5","04","23","7","","2","0","0","0","1"
"POINT (13.388244130000032 52.493545631000075)","Unfall 126451 (2024) Kat:3, Licht: 2","126451","3","7","5","12","22","4","","2","1","0","0","0"
"POINT (13.476421401000039 52.568112094000071)","Unfall 126452 (2024) Kat:3, Licht: 0","126452","3","3","5","04","15","7","","0","1","1","0","0"
"POINT (13.283846704000041 52.510225013000081)","Unfall 126453 (2024) Kat:3, Licht: 0","126453","3","6","3","04","13","7","","0","0","1","0","0"
"POINT (13.435705026000051 52.462254343000041)","Unfall 126454 (2024) Kat:3, Licht: 0","126454","3","6","2","04","15","6","","0","0","1","0","0"
"POINT (13.493089950000069 52.467826133000074)","Unfall 126455 (2024) Kat:3, Licht: 0","126455","3","2","5","04","08","6","","0","0","1","0","0"
"POINT (13.451970147000054 52.519762661000073)","Unfall 126457 (2024) Kat:3, Licht: 0","126457","3","6","2","09","08","6","","0","1","0","0","0"
"POINT (13.387582880000025 52.510217261000037)","Unfall 126458 (2024) Kat:2, Licht: 0","126458","2","6","2","04","08","5","","0","0","1","0","1"
"POINT (13.290891924000050 52.510662335000063)","Unfall 126459 (2024) Kat:3, Licht: 0","126459","3","6","2","04","17","5","","0","0","1","0","1"
"POINT (13.395292247000043 52.467024747000039)","Unfall 126460 (2024) Kat:3, Licht: 0","126460","3","6","2","04","16","5","","0","0","1","0","0"
"POINT (13.444310012000074 52.545488407000050)","Unfall 126461 (2024) Kat:2, Licht: 0","126461","2","2","6","04","15","5","","0","0","0","1","0"
"POINT (13.472413485000061 52.514016774000027)","Unfall 126462 (2024) Kat:3, Licht: 0","126462","3","6","4","04","18","5","","0","1","0","0","0"
"POINT (13.398251509000033 52.578331437000031)","Unfall 126464 (2024) Kat:3, Licht: 0","126464","3","6","2","04","07","5","","0","0","1","0","0"
"POINT (13.293077238000023 52.492664013000081)","Unfall 126465 (2024) Kat:3, Licht: 0","126465","3","6","2","04","15","4","","0","0","1","0","0"
"POINT (13.384585050000055 52.460129498000072)","Unfall 126466 (2024) Kat:3, Licht: 0","126466","3","6","2","04","12","4","","0","0","1","0","0"
"POINT (13.375200477000021 52.502910409000037)","Unfall 126467 (2024) Kat:3, Licht: 0","126467","3","4","6","09","18","4","","0","1","0","1","0"
"POINT (13.452556282000046 52.511884692000081)","Unfall 126468 (2024) Kat:3, Licht: 0","126468","3","6","2","05","19","4","","0","0","1","0","0"
"POINT (13.384786812000073 52.451574153000081)","Unfall 126469 (2024) Kat:3, Licht: 0","126469","3","6","2","04","18","4","","0","0","1","0","0"
"POINT (13.320525713000052 52.512403008000035)","Unfall 126471 (2024) Kat:2, Licht: 2","126471","2","1","0","04","22","3","","2","0","0","0","0"
"POINT (13.235872098000073 52.507135500000061)","Unfall 126472 (2024) Kat:2, Licht: 0","126472","2","4","6","04","11","3","","0","0","1","1","0"
"POINT (13.389016194000021 52.469327231000079)","Unfall 126473 (2024) Kat:3, Licht: 0","126473","3","6","2","08","13","5","","0","0","1","0","0"
"POINT (13.288407586000062 52.510505595000041)","Unfall 126474 (2024) Kat:3, Licht: 0","126474","3","7","6","04","16","3","","0","1","0","1","0"
"POINT (13.284311996000042 52.516732439000066)","Unfall 126475 (2024) Kat:3, Licht: 0","126475","3","6","2","04","07","2","","0","0","1","0","0"
"POINT (13.341411322000056 52.586152427000059)","Unfall 126478 (2024) Kat:3, Licht: 0","126478","3","6","2","04","15","2","","0","0","1","0","0"
"POINT (13.282993880000049 52.528957259000038)","Unfall 126480 (2024) Kat:3, Licht: 0","126480","3","6","2","04","14","2","","0","0","1","0","0"
"POINT (13.281909046000067 52.509933653000076)","Unfall 126481 (2024) Kat:3, Licht: 0","126481","3","6","2","04","13","2","","0","0","1","0","1"
"POINT (13.260700242000041 52.435099185000070)","Unfall 126482 (2024) Kat:3, Licht: 0","126482","3","2","2","04","13","2","","0","0","1","0","0"
"POINT (13.412301243000059 52.559528075000060)","Unfall 126483 (2024) Kat:3, Licht: 2","126483","3","6","3","04","20","2","","2","0","1","0","0"
"POINT (13.463323957000057 52.514792964000037)","Unfall 126484 (2024) Kat:3, Licht: 2","126484","3","2","5","04","00","2","","2","1","1","0","0"
"POINT (13.378990856000030 52.509669561000067)","Unfall 126485 (2024) Kat:3, Licht: 0","126485","3","7","5","04","16","2","","0","0","1","0","1"
"POINT (13.466795180000076 52.514585306000072)","Unfall 126486 (2024) Kat:3, Licht: 0","126486","3","4","6","04","15","2","","0","1","0","1","0"
"POINT (13.423921608000057 52.539341517000082)","Unfall 126488 (2024) Kat:2, Licht: 0","126488","2","4","6","04","08","1","","0","0","0","1","1"
"POINT (13.365255538000042 52.558095907000052)","Unfall 126489 (2024) Kat:3, Licht: 2","126489","3","3","5","04","22","7","","2","0","1","0","0"
"POINT (13.447908622000057 52.547067320000053)","Unfall 126490 (2024) Kat:2, Licht: 0","126490","2","2","5","04","18","7","","0","0","1","0","1"
"POINT (13.271070725000072 52.509274674000039)","Unfall 126491 (2024) Kat:3, Licht: 2","126491","3","2","5","04","00","7","","2","1","0","0","0"
"POINT (13.416216785000074 52.522075341000061)","Unfall 126492 (2024) Kat:3, Licht: 1","126492","3","6","3","08","07","3","","1","1","0","0","0"
"POINT (13.412325462000069 52.541134337000074)","Unfall 126493 (2024) Kat:3, Licht: 2","126493","3","2","5","04","23","7","","2","1","0","0","0"
"POINT (13.544022097000038 52.511175465000065)","Unfall 126495 (2024) Kat:3, Licht: 0","126495","3","7","8","04","12","7","","0","0","1","0","0"
"POINT (13.460078508000038 52.550268015000029)","Unfall 126497 (2024) Kat:3, Licht: 0","126497","3","6","2","04","11","7","","0","0","1","0","0"
"POINT (13.364761081000040 52.560671697000032)","Unfall 126499 (2024) Kat:3, Licht: 2","126499","3","6","2","04","00","6","","2","0","1","0","0"
"POINT (13.473272888000054 52.566706928000031)","Unfall 126500 (2024) Kat:3, Licht: 0","126500","3","2","5","09","14","4","","0","1","1","0","0"
"POINT (13.349532856000053 52.474733718000039)","Unfall 126501 (2024) Kat:3, Licht: 2","126501","3","6","2","04","22","6","","2","0","1","0","0"
"POINT (13.444542568000031 52.529507949000049)","Unfall 126502 (2024) Kat:3, Licht: 2","126502","3","6","2","04","22","6","","2","0","1","0","0"
"POINT (13.295196991000068 52.539913657000056)","Unfall 126504 (2024) Kat:3, Licht: 0","126504","3","6","2","04","14","5","","0","0","0","0","1"
"POINT (13.447248829000046 52.526584182000079)","Unfall 126505 (2024) Kat:3, Licht: 0","126505","3","6","2","04","07","5","","0","0","1","0","0"
"POINT (13.344544466000059 52.582061923000026)","Unfall 126507 (2024) Kat:3, Licht: 0","126507","3","7","5","09","12","7","","0","0","1","0","0"
"POINT (13.364103013000033 52.564412533000052)","Unfall 126508 (2024) Kat:3, Licht: 0","126508","3","2","5","04","16","5","","0","1","1","0","0"
"POINT (13.271379456000034 52.438238883000054)","Unfall 126510 (2024) Kat:3, Licht: 0","126510","3","2","5","04","09","5","","0","1","1","0","0"
"POINT (13.462274275000027 52.495150993000038)","Unfall 126511 (2024) Kat:3, Licht: 0","126511","3","6","2","04","18","4","","0","0","1","0","1"
"POINT (13.412222716000031 52.519225761000030)","Unfall 126512 (2024) Kat:2, Licht: 2","126512","2","4","6","04","23","4","","2","0","1","1","0"
"POINT (13.428613513000073 52.461686548000046)","Unfall 126513 (2024) Kat:3, Licht: 0","126513","3","6","2","04","16","4","","0","0","1","0","0"
"POINT (13.385056158000054 52.461474666000072)","Unfall 126514 (2024) Kat:3, Licht: 0","126514","3","2","5","04","08","4","","0","1","1","0","0"
"POINT (13.315633281000032 52.512083075000078)","Unfall 126515 (2024) Kat:3, Licht: 0","126515","3","4","6","04","15","4","","0","0","0","1","0"
"POINT (13.437979432000077 52.540629773000035)","Unfall 126516 (2024) Kat:2, Licht: 1","126516","2","4","6","04","05","3","","1","0","0","1","0"
"POINT (13.473106110000060 52.513945377000027)","Unfall 126517 (2024) Kat:3, Licht: 0","126517","3","6","2","04","14","3","","0","0","1","0","1"
"POINT (13.414089610000076 52.550665777000063)","Unfall 126520 (2024) Kat:2, Licht: 2","126520","2","2","5","04","22","3","","2","1","1","0","0"
"POINT (13.403424775000076 52.583027187000027)","Unfall 126521 (2024) Kat:2, Licht: 0","126521","2","3","5","04","08","3","","0","0","1","0","1"
"POINT (13.332503395000060 52.597301697000034)","Unfall 126522 (2024) Kat:3, Licht: 1","126522","3","3","5","04","05","3","","1","1","1","0","0"
"POINT (13.214955024000062 52.427591647000042)","Unfall 126523 (2024) Kat:2, Licht: 0","126523","2","1","0","04","16","2","","0","1","0","0","0"
"POINT (13.453522430000021 52.548775858000056)","Unfall 126524 (2024) Kat:3, Licht: 0","126524","3","6","2","04","16","2","","0","0","1","0","0"
"POINT (13.368764195000040 52.541150994000077)","Unfall 126525 (2024) Kat:3, Licht: 2","126525","3","2","2","04","22","2","","2","0","1","0","0"
"POINT (13.403359556000055 52.519315418000076)","Unfall 126526 (2024) Kat:3, Licht: 0","126526","3","5","1","04","16","2","","0","1","1","0","0"
"POINT (13.386940724000056 52.491689488000077)","Unfall 126527 (2024) Kat:2, Licht: 0","126527","2","6","3","04","18","2","","0","0","1","0","1"
"POINT (13.324921190000055 52.606674057000077)","Unfall 126528 (2024) Kat:3, Licht: 0","126528","3","6","3","09","09","2","","0","1","0","0","0"
"POINT (13.432022573000040 52.462143468000079)","Unfall 126529 (2024) Kat:2, Licht: 0","126529","2","3","5","04","10","2","","0","0","1","0","0"
"POINT (13.369613503000039 52.539477608000027)","Unfall 126530 (2024) Kat:3, Licht: 0","126530","3","6","3","04","18","1","","0","0","1","0","1"
"POINT (13.385060871000064 52.461496336000039)","Unfall 126532 (2024) Kat:3, Licht: 2","126532","3","2","2","04","01","7","","2","0","1","0","0"
"POINT (13.295920204000026 52.541282913000032)","Unfall 126533 (2024) Kat:2, Licht: 2","126533","2","6","3","04","23","7","","2","0","1","0","0"
"POINT (13.334948607000058 52.478324946000043)","Unfall 126534 (2024) Kat:3, Licht: 0","126534","3","6","2","04","16","7","","0","0","1","0","0"
"POINT (13.286327445000040 52.532174763000057)","Unfall 126535 (2024) Kat:2, Licht: 0","126535","2","6","2","04","14","7","","0","0","1","0","1"
"POINT (13.209757645000025 52.426289697000072)","Unfall 126537 (2024) Kat:3, Licht: 0","126537","3","2","5","04","14","6","","0","1","1","0","0"