WKT,Name,OBJECTID,UKATEGORIE,UTYP1,UART,UMONAT,USTUNDE,UWOCHENTAG,STRZUSTAND,ULICHTVERH,ISTRAD,ISTPKW,ISTFUSS,ISTKRAD
"POINT (13.377691870000035 52.433564142000080)","Unfall 126539 (2024) Kat:3, Licht: 0","126539","3","2","5","09","16","4","","0","1","1","0","0"
"POINT (13.366976199000021 52.472276275000070)","Unfall 126540 (2024) Kat:3, Licht: 0","126540","3","6","2","04","14","6","","0","0","1","0","1"
"POINT (13.358998462000045 52.573411191000048)","Unfall 126541 (2024) Kat:2, Licht: 0","126541","2","3","5","04","13","6","","0","0","1","0","1"
"POINT (13.385498090000056 52.469544770000027)","Unfall 126542 (2024) Kat:3, Licht: 0","126542","3","2","5","04","18","6","","0","0","1","0","1"
"POINT (13.418637491000027 52.524285809000048)","Unfall 126543 (2024) Kat:3, Licht: 0","126543","3","2","5","04","09","5","","0","0","0","0","0"
"POINT (13.216641610000067 52.509062372000074)","Unfall 126545 (2024) Kat:3, Licht: 0","126545","3","3","5","04","16","5","","0","0","1","0","1"
"POINT (13.473623537000037 52.513749065000070)","Unfall 126546 (2024) Kat:3, Licht: 2","126546","3","5","1","09","23","6","","2","1","1","0","0"
"POINT (13.439004993000026 52.541097157000081)","Unfall 126547 (2024) Kat:3, Licht: 0","126547","3","2","5","04","14","5","","0","1","1","0","0"
"POINT (13.369910779000065 52.541801578000047)","Unfall 126548 (2024) Kat:3, Licht: 0","126548","3","2","5","04","17","5","","0","1","1","0","0"
"POINT (13.337411757000041 52.466633893000051)","Unfall 126549 (2024) Kat:3, Licht: 1","126549","3","1","9","04","19","4","","1","0","0","0","1"
"POINT (13.385758164000038 52.470013910000034)","Unfall 126551 (2024) Kat:3, Licht: 0","126551","3","3","5","04","17","4","","0","1","1","0","0"
"POINT (13.366516656000044 52.537701320000053)","Unfall 126553 (2024) Kat:3, Licht: 0","126553","3","7","6","11","14","2","","0","0","1","1","0"
"POINT (13.620664609000073 52.504200674000060)","Unfall 126554 (2024) Kat:3, Licht: 0","126554","3","2","5","08","14","6","","0","0","1","0","1"
"POINT (13.430186069000058 52.537022264000029)","Unfall 126555 (2024) Kat:3, Licht: 0","126555","3","7","0","04","17","4","","0","1","0","0","0"
"POINT (13.512067815000023 52.454864585000053)","Unfall 126556 (2024) Kat:3, Licht: 0","126556","3","2","3","04","16","4","","0","1","0","0","0"
"POINT (13.448563992000061 52.504970880000030)","Unfall 126557 (2024) Kat:3, Licht: 0","126557","3","4","6","04","13","4","","0","1","0","1","0"
"POINT (13.291100993000043 52.493607090000069)","Unfall 126558 (2024) Kat:3, Licht: 0","126558","3","6","2","04","09","4","","0","0","1","0","0"
"POINT (13.291100993000043 52.493607090000069)","Unfall 126559 (2024) Kat:3, Licht: 0","126559","3","7","0","04","09","4","","0","0","1","0","0"
"POINT (13.292295054000022 52.493119771000067)","Unfall 126561 (2024) Kat:3, Licht: 0","126561","3","6","0","04","06","4","","0","0","1","0","0"
"POINT (13.315335503000028 52.612948562000042)","Unfall 126564 (2024) Kat:2, Licht: 1","126564","2","3","5","11","15","6","","1","1","1","0","0"
"POINT (13.380432445000054 52.499261383000032)","Unfall 126565 (2024) Kat:3, Licht: 0","126565","3","2","5","08","13","5","","0","1","1","0","0"
"POINT (13.399726662000035 52.417381094000064)","Unfall 126566 (2024) Kat:3, Licht: 0","126566","3","7","0","04","15","4","","0","0","1","0","1"
"POINT (13.512981084000046 52.454431082000042)","Unfall 126567 (2024) Kat:3, Licht: 0","126567","3","6","3","04","07","4","","0","0","1","0","1"
"POINT (13.417331255000022 52.540363419000073)","Unfall 126569 (2024) Kat:3, Licht: 0","126569","3","5","1","04","18","3","","0","1","1","0","0"
"POINT (13.310269796000057 52.565130931000056)","Unfall 126571 (2024) Kat:3, Licht: 1","126571","3","6","2","04","19","3","","1","0","1","0","0"
"POINT (13.289482554000074 52.510573428000043)","Unfall 126572 (2024) Kat:3, Licht: 0","126572","3","6","2","04","14","3","","0","0","1","0","0"
"POINT (13.285173638000060 52.509475255000041)","Unfall 126573 (2024) Kat:3, Licht: 0","126573","3","6","2","04","08","3","","0","0","1","0","0"
"POINT (13.388089848000050 52.493319548000045)","Unfall 126575 (2024) Kat:3, Licht: 0","126575","3","4","6","04","17","3","","0","1","0","1","0"
"POINT (13.442862255000023 52.462636906000057)","Unfall 126576 (2024) Kat:2, Licht: 0","126576","2","6","2","04","15","2","","0","0","1","0","1"
"POINT (13.416400029000044 52.522290464000037)","Unfall 126577 (2024) Kat:3, Licht: 0","126577","3","2","5","04","06","2","","0","1","1","0","0"
"POINT (13.476449248000051 52.568125142000042)","Unfall 126578 (2024) Kat:2, Licht: 0","126578","2","3","5","04","09","2","","0","1","0","0","0"
"POINT (13.378044408000051 52.470087271000068)","Unfall 126579 (2024) Kat:3, Licht: 0","126579","3","6","2","04","15","2","","0","0","1","0","0"
"POINT (13.425111166000022 52.519279294000057)","Unfall 126580 (2024) Kat:2, Licht: 0","126580","2","1","0","04","18","2","","0","1","0","0","0"
"POINT (13.420096822000062 52.525085034000028)","Unfall 126581 (2024) Kat:3, Licht: 0","126581","3","6","3","04","14","2","","0","0","1","0","0"
"POINT (13.406833511000059 52.521155380000039)","Unfall 126582 (2024) Kat:3, Licht: 0","126582","3","6","2","04","14","2","","0","0","1","0","0"
"POINT (13.493326617000037 52.467879308000079)","Unfall 126583 (2024) Kat:2, Licht: 0","126583","2","3","5","05","17","6","","0","0","1","0","1"
"POINT (13.478801617000045 52.513232100000039)","Unfall 126584 (2024) Kat:3, Licht: 0","126584","3","6","2","04","15","2","","0","0","1","0","0"
"POINT (13.282877722000023 52.441817143000037)","Unfall 126585 (2024) Kat:3, Licht: 1","126585","3","2","2","04","20","6","","1","0","1","0","0"
"POINT (13.349061822000067 52.482222234000062)","Unfall 126586 (2024) Kat:3, Licht: 0","126586","3","5","1","04","11","2","","0","0","1","0","0"
"POINT (13.414554146000057 52.556665278000082)","Unfall 126587 (2024) Kat:3, Licht: 0","126587","3","6","3","11","15","3","","0","1","0","0","0"
"POINT (13.248596469000063 52.507914362000065)","Unfall 126588 (2024) Kat:2, Licht: 0","126588","2","4","6","05","19","2","","0","1","0","1","0"
"POINT (13.300525573000073 52.487707606000072)","Unfall 126589 (2024) Kat:3, Licht: 0","126589","3","3","5","04","11","1","","0","1","1","0","0"
"POINT (13.197966037000072 52.419610754000075)","Unfall 126590 (2024) Kat:3, Licht: 0","126590","3","7","0","04","17","1","","0","0","1","0","0"
"POINT (13.381666561000031 52.509846421000077)","Unfall 126591 (2024) Kat:3, Licht: 0","126591","3","7","6","04","11","1","","0","0","0","1","0"
"POINT (13.483040217000053 52.581937536000055)","Unfall 126593 (2024) Kat:3, Licht: 0","126593","3","6","3","04","09","1","","0","1","1","0","0"
"POINT (13.483670586000073 52.583971759000065)","Unfall 126594 (2024) Kat:3, Licht: 0","126594","3","3","5","04","12","1","","0","0","1","0","1"
"POINT (13.280494960000055 52.499671280000030)","Unfall 126595 (2024) Kat:3, Licht: 0","126595","3","6","2","04","12","7","","0","0","1","0","0"
"POINT (13.363751335000075 52.565077679000069)","Unfall 126596 (2024) Kat:3, Licht: 2","126596","3","2","5","04","23","7","","2","1","1","0","0"
"POINT (13.311591411000052 52.565123209000035)","Unfall 126597 (2024) Kat:3, Licht: 0","126597","3","6","2","04","10","7","","0","0","1","0","0"
"POINT (13.303779396000039 52.485307456000044)","Unfall 126598 (2024) Kat:3, Licht: 0","126598","3","6","2","07","13","5","","0","0","1","0","0"
"POINT (13.265453580000042 52.606705248000026)","Unfall 126599 (2024) Kat:1, Licht: 0","126599","1","1","9","04","17","7","","0","0","0","0","0"
"POINT (13.353582681000034 52.473527095000065)","Unfall 126600 (2024) Kat:2, Licht: 0","126600","2","7","2","04","15","6","","0","0","1","0","0"
"POINT (13.345565336000050 52.580737168000041)","Unfall 126601 (2024) Kat:3, Licht: 0","126601","3","3","5","04","14","6","","0","1","1","0","0"
"POINT (13.433744834000038 52.536016571000062)","Unfall 126603 (2024) Kat:3, Licht: 0","126603","3","7","6","06","16","4","","0","1","0","1","0"
"POINT (13.282786287000022 52.504670639000040)","Unfall 126604 (2024) Kat:3, Licht: 0","126604","3","6","2","04","15","6","","0","0","1","0","0"
"POINT (13.334120557000062 52.593525813000042)","Unfall 126605 (2024) Kat:3, Licht: 0","126605","3","3","5","04","13","5","","0","0","1","0","0"
"POINT (13.470711836000078 52.514044708000029)","Unfall 126606 (2024) Kat:3, Licht: 2","126606","3","3","5","04","20","5","","2","1","1","0","0"
"POINT (13.362494657000070 52.498920346000034)","Unfall 126607 (2024) Kat:3, Licht: 2","126607","3","6","3","04","18","5","","2","0","1","0","0"
"POINT (13.418066086000067 52.540250539000056)","Unfall 126608 (2024) Kat:3, Licht: 0","126608","3","2","5","04","12","5","","0","1","1","0","0"
"POINT (13.487617800000066 52.512480153000070)","Unfall 126609 (2024) Kat:3, Licht: 0","126609","3","6","2","04","09","5","","0","0","1","0","0"
"POINT (13.421974993000049 52.539641511000070)","Unfall 126610 (2024) Kat:3, Licht: 0","126610","3","6","2","04","15","5","","0","0","1","0","0"
"POINT (13.385741313000040 52.469482066000069)","Unfall 126612 (2024) Kat:3, Licht: 1","126612","3","2","5","04","19","4","","1","1","1","0","0"
"POINT (13.326040075000037 52.512805753000066)","Unfall 126613 (2024) Kat:2, Licht: 0","126613","2","6","3","06","16","5","","0","0","1","0","1"
"POINT (13.348411558000066 52.475800411000080)","Unfall 126614 (2024) Kat:3, Licht: 1","126614","3","1","9","04","18","4","","1","0","1","0","0"
"POINT (13.385885506000022 52.475584594000054)","Unfall 126615 (2024) Kat:3, Licht: 0","126615","3","5","1","04","12","4","","0","0","1","0","0"
"POINT (13.455882192000047 52.461535684000069)","Unfall 126616 (2024) Kat:3, Licht: 0","126616","3","6","2","10","13","1","","0","0","1","0","0"
"POINT (13.447624683000072 52.526671579000038)","Unfall 126617 (2024) Kat:3, Licht: 2","126617","3","4","6","04","22","4","","2","0","1","1","0"
"POINT (13.285471564000034 52.494751614000052)","Unfall 126619 (2024) Kat:3, Licht: 0","126619","3","6","2","04","09","4","","0","0","1","0","0"
"POINT (13.406399731000022 52.395429761000059)","Unfall 126621 (2024) Kat:2, Licht: 0","126621","2","5","1","04","10","3","","0","0","1","0","1"
"POINT (13.419043745000067 52.524166582000078)","Unfall 126622 (2024) Kat:3, Licht: 0","126622","3","6","2","04","18","3","","0","0","1","0","0"
"POINT (13.321369353000023 52.609309617000065)","Unfall 126623 (2024) Kat:3, Licht: 0","126623","3","7","1","12","15","1","","0","0","1","0","0"
"POINT (13.262252152000030 52.490381435000074)","Unfall 126624 (2024) Kat:3, Licht: 0","126624","3","6","2","04","12","3","","0","0","1","0","0"
"POINT (13.368681368000068 52.541264198000079)","Unfall 126625 (2024) Kat:3, Licht: 0","126625","3","4","6","04","17","3","","0","1","0","1","0"
"POINT (13.368758533000062 52.541148390000046)","Unfall 126627 (2024) Kat:3, Licht: 0","126627","3","2","5","04","14","3","","0","1","1","0","0"
"POINT (13.311981032000062 52.625437181000052)","Unfall 126628 (2024) Kat:3, Licht: 0","126628","3","5","5","04","14","3","","0","0","1","0","0"
"POINT (13.461434871000051 52.453777661000061)","Unfall 126629 (2024) Kat:2, Licht: 0","126629","2","1","2","04","08","3","","0","0","1","0","1"
"POINT (13.467517039000029 52.514512881000030)","Unfall 126630 (2024) Kat:3, Licht: 2","126630","3","2","6","11","18","3","","2","0","1","1","0"
"POINT (13.384846746000051 52.450190448000058)","Unfall 126631 (2024) Kat:3, Licht: 2","126631","3","7","5","04","21","2","","2","0","1","0","0"
"POINT (13.155696473000035 52.419172586000059)","Unfall 126632 (2024) Kat:2, Licht: 0","126632","2","4","6","06","10","6","","0","1","0","1","0"
"POINT (13.437455750000026 52.539780267000026)","Unfall 126633 (2024) Kat:2, Licht: 0","126633","2","5","1","04","12","2","","0","1","1","0","0"
"POINT (13.367394959000023 52.551625264000052)","Unfall 126635 (2024) Kat:3, Licht: 0","126635","3","2","5","04","15","2","","0","0","1","0","0"
"POINT (13.362639847000025 52.473897575000080)","Unfall 126637 (2024) Kat:3, Licht: 0","126637","3","6","3","04","12","2","","0","0","1","0","0"
"POINT (13.297084726000037 52.510869407000030)","Unfall 126638 (2024) Kat:3, Licht: 2","126638","3","4","6","11","20","4","","2","0","1","1","0"
"POINT (13.285594636000042 52.494825209000055)","Unfall 126639 (2024) Kat:3, Licht: 0","126639","3","6","2","10","09","3","","0","0","1","0","0"
"POINT (13.285894644000052 52.494670202000066)","Unfall 126640 (2024) Kat:3, Licht: 0","126640","3","6","2","03","14","1","","0","0","1","0","0"
"POINT (13.355359197000041 52.485767801000065)","Unfall 126642 (2024) Kat:3, Licht: 1","126642","3","5","1","03","18","1","","1","0","1","0","0"
"POINT (13.385967032000053 52.479667294000080)","Unfall 126643 (2024) Kat:3, Licht: 0","126643","3","7","6","05","12","1","","0","0","1","1","1"
"POINT (13.357258906000027 52.487245515000041)","Unfall 126644 (2024) Kat:3, Licht: 0","126644","3","5","1","03","17","7","","0","1","1","0","0"
"POINT (13.343709203000060 52.583137022000074)","Unfall 126645 (2024) Kat:2, Licht: 0","126645","2","1","0","03","11","7","","0","0","0","0","1"
"POINT (13.370962961000032 52.470811870000034)","Unfall 126646 (2024) Kat:3, Licht: 0","126646","3","6","2","03","15","7","","0","0","1","0","0"
"POINT (13.279944116000024 52.500266766000038)","Unfall 126647 (2024) Kat:3, Licht: 2","126647","3","6","2","03","23","7","","2","0","1","0","0"
"POINT (13.279908881000040 52.500313055000049)","Unfall 126648 (2024) Kat:3, Licht: 2","126648","3","6","2","03","23","7","","2","0","1","0","0"
"POINT (13.453760539000029 52.515859396000053)","Unfall 126650 (2024) Kat:2, Licht: 2","126650","2","2","5","03","19","7","","2","0","1","0","1"
"POINT (13.512611394000032 52.454495806000068)","Unfall 126652 (2024) Kat:3, Licht: 0","126652","3","2","5","03","14","6","","0","1","1","0","0"
"POINT (13.328257428000029 52.603178055000058)","Unfall 126653 (2024) Kat:3, Licht: 0","126653","3","5","1","03","12","5","","0","0","0","0","1"
"POINT (13.416122346000066 52.522116335000078)","Unfall 126654 (2024) Kat:3, Licht: 0","126654","3","6","2","03","09","5","","0","0","1","0","0"
"POINT (13.301367734000053 52.487097425000059)","Unfall 126655 (2024) Kat:3, Licht: 2","126655","3","1","0","03","22","5","","2","0","0","0","1"
"POINT (13.446597961000066 52.527618045000054)","Unfall 126657 (2024) Kat:2, Licht: 1","126657","2","6","3","03","18","5","","1","1","1","0","0"
"POINT (13.314363042000025 52.511999010000068)","Unfall 126658 (2024) Kat:2, Licht: 0","126658","2","6","2","03","14","4","","0","0","1","0","0"
"POINT (13.414857751000056 52.554538294000054)","Unfall 126659 (2024) Kat:3, Licht: 0","126659","3","2","5","03","15","4","","0","1","1","0","0"
"POINT (13.315862104000075 52.617623231000039)","Unfall 126660 (2024) Kat:2, Licht: 1","126660","2","3","5","03","18","4","","1","0","1","0","1"
"POINT (13.350006124000060 52.481177777000028)","Unfall 126661 (2024) Kat:3, Licht: 0","126661","3","2","5","03","15","4","","0","0","1","0","0"
"POINT (13.357262540000022 52.473803426000075)","Unfall 126663 (2024) Kat:3, Licht: 0","126663","3","6","2","03","11","4","","0","0","1","0","0"
"POINT (13.283303686000068 52.442145994000043)","Unfall 126664 (2024) Kat:3, Licht: 0","126664","3","6","3","03","13","4","","0","0","1","0","0"
"POINT (13.280211585000075 52.500044027000058)","Unfall 126665 (2024) Kat:3, Licht: 0","126665","3","3","5","03","12","4","","0","0","1","0","0"
"POINT (13.311250132000055 52.511986981000064)","Unfall 126666 (2024) Kat:3, Licht: 0","126666","3","6","4","03","17","4","","0","1","0","0","0"
"POINT (13.306621463000056 52.484875805000058)","Unfall 126667 (2024) Kat:1, Licht: 0","126667","1","1","8","03","16","4","","0","0","0","0","1"
"POINT (13.487498080000023 52.459309822000080)","Unfall 233549 (2024) Kat:2, Licht: 2","233549","2","5","1","02","22","6","","2","0","1","0","1"
"POINT (13.196603746000051 52.526086774000078)","Unfall 233550 (2024) Kat:2, Licht: 2","233550","2","6","3","02","18","6","","2","0","1","0","0"
"POINT (13.268522037000025 52.405834020000043)","Unfall 233551 (2024) Kat:3, Licht: 1","233551","3","3","5","02","17","6","","1","0","1","0","1"
"POINT (13.344072659000062 52.519010143000060)","Unfall 233552 (2024) Kat:3, Licht: 0","233552","3","1","0","02","12","6","","0","0","0","0","0"
"POINT (13.446390611000027 52.521653326000035)","Unfall 233553 (2024) Kat:2, Licht: 0","233553","2","5","0","02","09","6","","0","0","1","0","0"
"POINT (13.387649787000043 52.496318459000065)","Unfall 233554 (2024) Kat:2, Licht: 0","233554","2","4","6","02","09","6","","0","1","0","1","0"
"POINT (13.549617406000038 52.543533088000061)","Unfall 233555 (2024) Kat:3, Licht: 0","233555","3","3","0","02","09","6","","0","0","1","0","0"
"POINT (13.443586066000023 52.464274495000041)","Unfall 233556 (2024) Kat:3, Licht: 1","233556","3","2","5","02","18","6","","1","0","1","0","0"
"POINT (13.511974876000068 52.510082983000075)","Unfall 233557 (2024) Kat:3, Licht: 2","233557","3","2","2","02","18","6","","2","0","1","0","0"
"POINT (13.517325346000064 52.535663591000059)","Unfall 233558 (2024) Kat:3, Licht: 0","233558","3","4","6","02","15","6","","0","0","0","1","0"
"POINT (13.240101194000033 52.618709293000052)","Unfall 233559 (2024) Kat:2, Licht: 0","233559","2","2","5","02","09","6","","0","0","1","0","0"
"POINT (13.262567967000052 52.541284368000049)","Unfall 233560 (2024) Kat:3, Licht: 0","233560","3","2","5","02","07","6","","0","0","1","0","0"
"POINT (13.305561827000076 52.476380542000072)","Unfall 233561 (2024) Kat:3, Licht: 2","233561","3","6","2","02","21","6","","2","0","1","0","0"
"POINT (13.402549379000050 52.523827172000040)","Unfall 233562 (2024) Kat:3, Licht: 2","233562","3","4","6","02","21","6","","2","0","1","1","0"
"POINT (13.442312933000039 52.483350845000075)","Unfall 233563 (2024) Kat:3, Licht: 2","233563","3","5","1","02","20","6","","2","1","1","0","0"
"POINT (13.392098973000031 52.439925636000055)","Unfall 233564 (2024) Kat:3, Licht: 2","233564","3","2","6","02","22","6","","2","0","0","1","0"
"POINT (13.430391044000032 52.510423122000077)","Unfall 233565 (2024) Kat:3, Licht: 0","233565","3","3","5","02","17","6","","0","0","1","0","0"
"POINT (13.333042959000068 52.578949323000074)","Unfall 233566 (2024) Kat:3, Licht: 0","233566","3","2","5","02","12","6","","0","1","1","0","0"
"POINT (13.371028332000037 52.533735658000069)","Unfall 233567 (2024) Kat:3, Licht: 0","233567","3","5","1","02","12","6","","0","1","1","0","0"
"POINT (13.515773274000026 52.493743687000062)","Unfall 233568 (2024) Kat:3, Licht: 1","233568","3","3","0","02","07","5","","1","0","1","0","1"
"POINT (13.320926957000040 52.513137865000033)","Unfall 233569 (2024) Kat:3, Licht: 2","233569","3","3","5","02","18","5","","2","1","0","0","0"
"POINT (13.381563533000076 52.561632576000079)","Unfall 233570 (2024) Kat:3, Licht: 2","233570","3","3","5","02","21","5","","2","0","1","0","0"
"POINT (13.614740673000028 52.447203992000027)","Unfall 233571 (2024) Kat:2, Licht: 2","233571","2","5","1","02","19","5","","2","0","1","0","0"
"POINT (13.315751777000060 52.479551811000078)","Unfall 233572 (2024) Kat:3, Licht: 0","233572","3","1","0","02","16","5","","0","1","0","0","0"
"POINT (13.412235367000051 52.587994843000047)","Unfall 233573 (2024) Kat:3, Licht: 0","233573","3","3","0","02","15","5","","0","0","1","0","1"
"POINT (13.508409892000032 52.452796039000077)","Unfall 233574 (2024) Kat:3, Licht: 0","233574","3","2","6","02","14","5","","0","0","1","1","0"
"POINT (13.390111458000035 52.519951300000059)","Unfall 233575 (2024) Kat:3, Licht: 2","233575","3","2","6","02","18","5","","2","0","1","1","0"
"POINT (13.429428668000071 52.494682542000078)","Unfall 233576 (2024) Kat:3, Licht: 0","233576","3","5","0","02","13","5","","0","1","0","0","0"
"POINT (13.352372530000025 52.506412292000050)","Unfall 233577 (2024) Kat:3, Licht: 0","233577","3","6","2","02","13","5","","0","0","1","0","0"
"POINT (13.348772034000035 52.459132117000081)","Unfall 233578 (2024) Kat:3, Licht: 0","233578","3","2","5","02","09","5","","0","1","1","0","0"
"POINT (13.469809091000059 52.563993735000054)","Unfall 233579 (2024) Kat:3, Licht: 0","233579","3","3","5","02","12","5","","0","0","1","0","0"
"POINT (13.398592668000049 52.507521264000047)","Unfall 233580 (2024) Kat:3, Licht: 0","233580","3","7","5","02","08","5","","0","0","1","0","0"
"POINT (13.376709578000032 52.489360614000077)","Unfall 233581 (2024) Kat:3, Licht: 0","233581","3","2","5","02","09","5","","0","1","1","0","0"
"POINT (13.175602297000069 52.517231374000062)","Unfall 233582 (2024) Kat:3, Licht: 0","233582","3","2","2","02","08","5","","0","0","1","0","1"
"POINT (13.324161264000054 52.560889055000075)","Unfall 233583 (2024) Kat:3, Licht: 2","233583","3","2","5","02","06","5","","2","1","0","0","0"
"POINT (13.278319628000077 52.473404388000063)","Unfall 233584 (2024) Kat:3, Licht: 1","233584","3","3","5","02","18","5","","1","0","1","0","0"
"POINT (13.324969830000043 52.588689255000077)","Unfall 233585 (2024) Kat:2, Licht: 0","233585","2","7","1","02","15","5","","0","0","1","0","0"
"POINT (13.510324161000028 52.540481335000038)","Unfall 233586 (2024) Kat:3, Licht: 0","233586","3","2","5","02","15","5","","0","1","1","0","0"
"POINT (13.328527432000044 52.478712951000034)","Unfall 233587 (2024) Kat:3, Licht: 0","233587","3","2","2","02","15","5","","0","1","1","0","0"
"POINT (13.473621799000057 52.535791463000066)","Unfall 233588 (2024) Kat:3, Licht: 1","233588","3","4","6","02","07","5","","1","0","1","1","0"
"POINT (13.411307208000039 52.567233791000035)","Unfall 233589 (2024) Kat:3, Licht: 0","233589","3","7","6","02","10","5","","0","0","1","1","0"
"POINT (13.519325985000023 52.429176441000038)","Unfall 233590 (2024) Kat:3, Licht: 1","233590","3","6","2","02","10","5","","1","0","1","0","0"
"POINT (13.157504106000033 52.548892061000060)","Unfall 233591 (2024) Kat:3, Licht: 0","233591","3","5","1","02","09","5","","0","1","0","0","0"
"POINT (13.347410842000045 52.546940038000059)","Unfall 233592 (2024) Kat:3, Licht: 0","233592","3","6","4","02","08","5","","0","1","1","0","0"
"POINT (13.383816315000047 52.503397973000062)","Unfall 233593 (2024) Kat:3, Licht: 0","233593","3","4","6","02","08","5","","0","0","1","1","0"
"POINT (13.540078913000059 52.434879049000074)","Unfall 233594 (2024) Kat:3, Licht: 0","233594","3","3","5","02","12","5","","0","1","1","0","0"
"POINT (13.136061763000043 52.535837606000030)","Unfall 233595 (2024) Kat:3, Licht: 2","233595","3","6","3","02","02","5","","2","0","1","0","0"
"POINT (13.346032266000066 52.591533647000063)","Unfall 233596 (2024) Kat:3, Licht: 0","233596","3","2","5","02","12","5","","0","0","1","0","0"
"POINT (13.306891425000060 52.500848763000079)","Unfall 233597 (2024) Kat:3, Licht: 2","233597","3","3","5","02","19","5","","2","0","1","0","0"
"POINT (13.396311318000073 52.517339106000065)","Unfall 233598 (2024) Kat:3, Licht: 2","233598","3","3","5","02","19","5","","2","1","1","0","0"
"POINT (13.411911485000076 52.492107315000055)","Unfall 233599 (2024) Kat:3, Licht: 2","233599","3","4","6","02","18","5","","2","0","1","1","0"
"POINT (13.297248751000041 52.511590952000063)","Unfall 233600 (2024) Kat:3, Licht: 0","233600","3","5","1","02","15","5","","0","1","1","0","0"
"POINT (13.395844771000043 52.538219304000052)","Unfall 233601 (2024) Kat:3, Licht: 0","233601","3","2","5","02","14","5","","0","1","1","0","0"
"POINT (13.403213331000075 52.463430166000080)","Unfall 233602 (2024) Kat:3, Licht: 0","233602","3","3","5","02","11","5","","0","0","0","0","0"
"POINT (13.489534561000028 52.542555145000051)","Unfall 233603 (2024) Kat:3, Licht: 0","233603","3","6","3","02","08","5","","0","1","1","0","0"
"POINT (13.318418632000032 52.413731619000032)","Unfall 233604 (2024) Kat:3, Licht: 2","233604","3","5","1","02","04","5","","2","0","1","0","0"
"POINT (13.401413937000029 52.386215101000062)","Unfall 233605 (2024) Kat:3, Licht: 0","233605","3","2","6","02","14","5","","0","0","1","1","0"
"POINT (13.432636631000037 52.480740837000042)","Unfall 233606 (2024) Kat:3, Licht: 2","233606","3","7","0","02","05","5","","2","0","0","0","0"
"POINT (13.413446696000051 52.549662313000056)","Unfall 233607 (2024) Kat:3, Licht: 2","233607","3","4","6","02","18","5","","2","0","0","1","0"
"POINT (13.330348964000052 52.570169338000028)","Unfall 233608 (2024) Kat:3, Licht: 1","233608","3","3","1","02","06","4","","1","1","1","0","0"
"POINT (13.293674946000067 52.484369678000064)","Unfall 233609 (2024) Kat:3, Licht: 0","233609","3","3","5","02","14","4","","0","0","1","0","0"
"POINT (13.351078576000077 52.504197071000078)","Unfall 233610 (2024) Kat:3, Licht: 0","233610","3","6","2","02","13","4","","0","0","1","0","0"
"POINT (13.432088114000067 52.510566177000044)","Unfall 233611 (2024) Kat:3, Licht: 2","233611","3","2","6","02","18","4","","2","0","1","1","0"
"POINT (13.545194220000042 52.425738348000039)","Unfall 233612 (2024) Kat:3, Licht: 2","233612","3","2","5","02","21","4","","2","0","1","0","0"
"POINT (13.331355138000049 52.573598753000056)","Unfall 233613 (2024) Kat:3, Licht: 2","233613","3","3","5","02","17","4","","2","0","1","0","0"
"POINT (13.587897973000054 52.519347896000056)","Unfall 233614 (2024) Kat:3, Licht: 0","233614","3","7","2","02","13","4","","0","0","1","0","0"
"POINT (13.458641245000024 52.555546479000043)","Unfall 233615 (2024) Kat:3, Licht: 0","233615","3","2","6","02","12","4","","0","0","1","1","0"
"POINT (13.366636036000045 52.475247419000027)","Unfall 233616 (2024) Kat:3, Licht: 0","233616","3","6","2","02","12","4","","0","0","1","0","0"
"POINT (13.434219166000048 52.446137501000067)","Unfall 233617 (2024) Kat:3, Licht: 0","233617","3","2","5","02","10","4","","0","0","1","1","0"
"POINT (13.601005226000041 52.451713991000076)","Unfall 233618 (2024) Kat:3, Licht: 0","233618","3","2","5","02","15","4","","0","1","0","0","0"
"POINT (13.417373114000043 52.583998403000066)","Unfall 233619 (2024) Kat:3, Licht: 0","233619","3","6","2","02","10","4","","0","0","1","0","0"
"POINT (13.357536875000051 52.476433612000051)","Unfall 233620 (2024) Kat:3, Licht: 2","233620","3","7","5","02","20","4","","2","0","1","0","0"
"POINT (13.366882239000063 52.463802592000036)","Unfall 233621 (2024) Kat:3, Licht: 0","233621","3","3","5","02","09","4","","0","0","1","0","0"
"POINT (13.435728245000064 52.468995909000057)","Unfall 233622 (2024) Kat:3, Licht: 2","233622","3","3","5","02","19","4","","2","1","1","0","0"
"POINT (13.379325086000051 52.524426875000074)","Unfall 233623 (2024) Kat:3, Licht: 2","233623","3","5","1","02","18","4","","2","1","1","0","0"
"POINT (13.432197910000070 52.499275048000072)","Unfall 233624 (2024) Kat:2, Licht: 2","233624","2","3","5","02","18","4","","2","1","1","0","0"
"POINT (13.307223677000025 52.419779971000082)","Unfall 233625 (2024) Kat:3, Licht: 0","233625","3","6","2","02","15","4","","0","0","1","0","0"
"POINT (13.391427011000076 52.502152550000062)","Unfall 233626 (2024) Kat:3, Licht: 0","233626","3","3","5","02","15","4","","0","1","0","0","0"
"POINT (13.300760043000025 52.489449068000056)","Unfall 233627 (2024) Kat:2, Licht: 0","233627","2","2","6","02","12","4","","0","0","0","1","0"