WKT,Name,OBJECTID,UKATEGORIE,UTYP1,UART,UMONAT,USTUNDE,UWOCHENTAG,STRZUSTAND,ULICHTVERH,ISTRAD,ISTPKW,ISTFUSS,ISTKRAD
"POINT (13.384910319000028 52.531554489000030)","Unfall 233628 (2024) Kat:3, Licht: 0","233628","3","6","3","02","08","4","","0","1","1","0","0"
"POINT (13.438557554000056 52.500282622000043)","Unfall 233629 (2024) Kat:3, Licht: 2","233629","3","1","0","02","20","3","","2","1","0","0","0"
"POINT (13.291430339000044 52.633029670000042)","Unfall 233630 (2024) Kat:3, Licht: 2","233630","3","4","6","02","19","3","","2","0","1","1","0"
"POINT (13.310205217000032 52.493592384000067)","Unfall 233631 (2024) Kat:3, Licht: 2","233631","3","2","5","02","17","3","","2","1","1","0","0"
"POINT (13.179659318000063 52.421874370000069)","Unfall 233632 (2024) Kat:3, Licht: 0","233632","3","2","5","02","11","3","","0","0","1","0","0"
"POINT (13.589065116000029 52.428403047000074)","Unfall 233633 (2024) Kat:2, Licht: 0","233633","2","3","5","02","10","3","","0","1","1","0","0"
"POINT (13.446016433000068 52.505423804000031)","Unfall 233634 (2024) Kat:3, Licht: 2","233634","3","4","6","02","23","3","","2","0","1","1","0"
"POINT (13.405581342000062 52.452754010000035)","Unfall 233635 (2024) Kat:3, Licht: 2","233635","3","5","1","02","21","3","","2","0","1","0","0"
"POINT (13.507096922000073 52.462922911000078)","Unfall 233636 (2024) Kat:3, Licht: 0","233636","3","4","6","02","17","3","","0","0","1","1","0"
"POINT (13.495970595000074 52.547914460000072)","Unfall 233637 (2024) Kat:3, Licht: 0","233637","3","5","1","02","07","3","","0","1","1","0","0"
"POINT (13.435214561000066 52.491190256000039)","Unfall 233638 (2024) Kat:3, Licht: 0","233638","3","2","5","02","15","3","","0","1","1","0","0"
"POINT (13.458965541000055 52.526241636000066)","Unfall 233639 (2024) Kat:3, Licht: 0","233639","3","4","6","02","13","3","","0","0","1","1","0"
"POINT (13.316190401000028 52.440291533000050)","Unfall 233640 (2024) Kat:3, Licht: 0","233640","3","6","2","02","12","3","","0","0","1","0","0"
"POINT (13.292254053000022 52.492845608000039)","Unfall 233641 (2024) Kat:2, Licht: 0","233641","2","3","2","02","12","3","","0","0","1","0","1"
"POINT (13.483751109000025 52.467944813000031)","Unfall 233642 (2024) Kat:3, Licht: 0","233642","3","6","2","02","09","3","","0","1","1","0","0"
"POINT (13.505439839000076 52.445566538000037)","Unfall 233643 (2024) Kat:3, Licht: 0","233643","3","5","0","02","11","3","","0","0","1","0","0"
"POINT (13.426077293000048 52.575764533000040)","Unfall 233644 (2024) Kat:2, Licht: 0","233644","2","3","5","02","10","3","","0","0","1","0","0"
"POINT (13.293209310000066 52.534591970000065)","Unfall 233645 (2024) Kat:3, Licht: 0","233645","3","6","0","02","08","3","","0","0","1","0","0"
"POINT (13.424301512000056 52.501785307000034)","Unfall 233646 (2024) Kat:3, Licht: 2","233646","3","1","9","02","02","3","","2","0","1","0","0"
"POINT (13.403061860000037 52.447651878000045)","Unfall 233647 (2024) Kat:3, Licht: 0","233647","3","6","2","02","15","3","","0","0","1","0","0"
"POINT (13.395204420000027 52.546132984000053)","Unfall 233648 (2024) Kat:3, Licht: 0","233648","3","3","5","02","10","2","","0","1","1","0","0"
"POINT (13.418547084000068 52.542775359000075)","Unfall 233649 (2024) Kat:3, Licht: 1","233649","3","6","0","02","07","2","","1","1","0","0","0"
"POINT (13.547001021000028 52.542604874000062)","Unfall 233650 (2024) Kat:3, Licht: 0","233650","3","4","0","02","15","2","","0","0","0","1","0"
"POINT (13.278234778000069 52.468496633000029)","Unfall 233651 (2024) Kat:3, Licht: 0","233651","3","3","5","02","14","2","","0","0","1","0","0"
"POINT (13.359339453000075 52.546209715000032)","Unfall 233652 (2024) Kat:3, Licht: 0","233652","3","5","1","02","09","2","","0","1","1","0","0"
"POINT (13.414986804000023 52.504802315000063)","Unfall 233653 (2024) Kat:3, Licht: 0","233653","3","3","5","02","08","2","","0","1","1","0","0"
"POINT (13.433716263000065 52.491663806000076)","Unfall 233654 (2024) Kat:3, Licht: 0","233654","3","6","4","02","15","2","","0","1","1","0","0"
"POINT (13.507418097000027 52.448276286000066)","Unfall 233655 (2024) Kat:3, Licht: 2","233655","3","5","1","02","19","2","","2","0","1","0","0"
"POINT (13.291760525000029 52.595937207000077)","Unfall 233656 (2024) Kat:3, Licht: 2","233656","3","2","6","02","19","2","","2","0","1","1","0"
"POINT (13.345809253000027 52.494407547000037)","Unfall 233657 (2024) Kat:3, Licht: 2","233657","3","2","2","02","18","2","","2","0","1","0","0"
"POINT (13.279949519000070 52.520503519000044)","Unfall 233658 (2024) Kat:3, Licht: 0","233658","3","6","2","02","16","2","","0","0","1","0","0"
"POINT (13.229782889000035 52.430751459000078)","Unfall 233659 (2024) Kat:3, Licht: 0","233659","3","2","5","02","16","2","","0","1","1","0","0"
"POINT (13.404326023000067 52.527194668000050)","Unfall 233660 (2024) Kat:3, Licht: 0","233660","3","3","5","02","16","2","","0","1","1","0","0"
"POINT (13.385386103000030 52.446801563000065)","Unfall 233661 (2024) Kat:3, Licht: 0","233661","3","4","6","02","14","2","","0","0","1","1","0"
"POINT (13.158532596000043 52.531623700000068)","Unfall 233662 (2024) Kat:3, Licht: 0","233662","3","2","2","02","14","2","","0","0","1","0","0"
"POINT (13.227535881000051 52.542062365000049)","Unfall 233663 (2024) Kat:3, Licht: 0","233663","3","7","6","02","14","2","","0","0","1","1","0"
"POINT (13.298585492000029 52.457687581000073)","Unfall 233664 (2024) Kat:3, Licht: 0","233664","3","6","2","02","13","2","","0","0","1","0","0"
"POINT (13.580440666000072 52.443198131000031)","Unfall 233665 (2024) Kat:2, Licht: 0","233665","2","4","6","02","12","2","","0","0","1","1","0"
"POINT (13.319599231000041 52.471557710000070)","Unfall 233666 (2024) Kat:3, Licht: 0","233666","3","6","3","02","13","2","","0","0","1","0","1"
"POINT (13.350571356000046 52.549429165000049)","Unfall 233667 (2024) Kat:3, Licht: 1","233667","3","2","6","02","07","2","","1","0","1","1","0"
"POINT (13.392726437000022 52.504357566000067)","Unfall 233668 (2024) Kat:2, Licht: 0","233668","2","3","5","02","10","2","","0","0","1","0","0"
"POINT (13.283313760000055 52.518666400000029)","Unfall 233669 (2024) Kat:3, Licht: 0","233669","3","2","2","02","10","2","","0","0","1","0","0"
"POINT (13.500095809000072 52.561572215000069)","Unfall 233670 (2024) Kat:3, Licht: 0","233670","3","7","6","02","07","2","","0","0","1","1","0"
"POINT (13.351982116000045 52.435917396000036)","Unfall 233671 (2024) Kat:3, Licht: 0","233671","3","2","5","02","08","2","","0","1","1","0","0"
"POINT (13.531309246000035 52.485154254000065)","Unfall 233672 (2024) Kat:3, Licht: 0","233672","3","6","2","02","08","2","","0","0","1","0","0"
"POINT (13.525876143000062 52.422972668000057)","Unfall 233673 (2024) Kat:3, Licht: 1","233673","3","2","5","02","07","2","","1","1","1","0","0"
"POINT (13.360535888000072 52.596778821000044)","Unfall 233674 (2024) Kat:3, Licht: 2","233674","3","2","6","02","05","2","","2","0","1","1","0"
"POINT (13.433716263000065 52.491663806000076)","Unfall 233675 (2024) Kat:3, Licht: 0","233675","3","6","4","02","15","1","","0","1","1","0","0"
"POINT (13.426257117000034 52.542878824000070)","Unfall 233676 (2024) Kat:2, Licht: 2","233676","2","3","5","02","17","1","","2","1","0","0","0"
"POINT (13.454499345000045 52.547946979000073)","Unfall 233677 (2024) Kat:3, Licht: 2","233677","3","7","0","02","20","1","","2","1","0","0","0"
"POINT (13.361841347000052 52.497735754000075)","Unfall 233678 (2024) Kat:3, Licht: 2","233678","3","3","5","02","02","2","","2","0","1","0","0"
"POINT (13.194223437000062 52.528964752000036)","Unfall 233679 (2024) Kat:3, Licht: 2","233679","3","4","6","02","17","1","","2","0","1","1","0"
"POINT (13.435736079000037 52.466882794000071)","Unfall 233680 (2024) Kat:3, Licht: 0","233680","3","3","5","02","12","1","","0","0","1","0","0"
"POINT (13.270552723000037 52.451017859000046)","Unfall 233681 (2024) Kat:2, Licht: 2","233681","2","2","5","02","00","1","","2","1","1","0","0"
"POINT (13.292265146000034 52.441408529000057)","Unfall 233682 (2024) Kat:2, Licht: 2","233682","2","2","6","02","21","1","","2","0","1","1","0"
"POINT (13.418523930000049 52.500212039000075)","Unfall 233683 (2024) Kat:3, Licht: 2","233683","3","4","6","02","18","1","","2","0","1","1","0"
"POINT (13.406658806000053 52.498440998000035)","Unfall 233684 (2024) Kat:3, Licht: 1","233684","3","2","5","02","16","1","","1","0","1","0","0"
"POINT (13.341591614000038 52.442102554000030)","Unfall 233685 (2024) Kat:3, Licht: 2","233685","3","6","2","02","18","1","","2","0","1","0","0"
"POINT (13.184484199000053 52.547637092000059)","Unfall 233686 (2024) Kat:2, Licht: 2","233686","2","2","6","02","23","1","","2","0","1","1","0"
"POINT (13.425130234000051 52.480572080000059)","Unfall 233687 (2024) Kat:3, Licht: 2","233687","3","2","6","02","22","1","","2","0","0","1","0"
"POINT (13.376312621000068 52.543090985000049)","Unfall 233688 (2024) Kat:3, Licht: 2","233688","3","2","6","02","20","1","","2","0","1","1","0"
"POINT (13.475086672000032 52.463357622000046)","Unfall 233689 (2024) Kat:3, Licht: 2","233689","3","2","5","02","00","1","","2","0","1","0","0"
"POINT (13.295643805000054 52.530444400000079)","Unfall 233690 (2024) Kat:3, Licht: 0","233690","3","7","2","02","16","1","","0","0","1","0","0"
"POINT (13.380705284000044 52.516626909000081)","Unfall 233691 (2024) Kat:3, Licht: 2","233691","3","2","5","02","22","1","","2","1","1","0","0"
"POINT (13.247514578000050 52.467441636000046)","Unfall 233692 (2024) Kat:3, Licht: 0","233692","3","2","5","02","14","7","","0","1","1","0","0"
"POINT (13.157818915000064 52.543092372000046)","Unfall 233693 (2024) Kat:3, Licht: 2","233693","3","2","5","02","18","7","","2","0","1","0","0"
"POINT (13.592520357000069 52.484664813000052)","Unfall 233694 (2024) Kat:3, Licht: 0","233694","3","7","0","02","14","7","","0","1","0","0","0"
"POINT (13.460008480000056 52.432080453000026)","Unfall 233695 (2024) Kat:3, Licht: 2","233695","3","2","6","02","06","7","","2","0","1","1","0"
"POINT (13.208687634000057 52.561587810000049)","Unfall 233696 (2024) Kat:2, Licht: 2","233696","2","2","6","02","06","7","","2","0","1","1","0"
"POINT (13.425920672000075 52.478146901000059)","Unfall 233697 (2024) Kat:3, Licht: 2","233697","3","3","5","02","19","7","","2","1","0","0","0"
"POINT (13.478117339000050 52.417847324000036)","Unfall 233698 (2024) Kat:3, Licht: 2","233698","3","3","5","02","18","7","","2","0","1","0","0"
"POINT (13.430590903000052 52.486050408000040)","Unfall 233699 (2024) Kat:3, Licht: 1","233699","3","6","2","02","16","7","","1","1","1","0","0"
"POINT (13.495793447000040 52.626043556000070)","Unfall 233700 (2024) Kat:2, Licht: 2","233700","2","6","2","02","18","7","","2","0","1","0","0"
"POINT (13.394311903000073 52.504525601000068)","Unfall 233701 (2024) Kat:3, Licht: 2","233701","3","4","6","02","17","7","","2","0","1","1","0"
"POINT (13.334366701000022 52.464140086000043)","Unfall 233702 (2024) Kat:3, Licht: 0","233702","3","6","2","02","14","7","","0","0","1","0","0"
"POINT (13.406653549000055 52.498434085000042)","Unfall 233703 (2024) Kat:3, Licht: 2","233703","3","2","5","02","01","7","","2","0","1","0","0"
"POINT (13.371693149000066 52.546321434000049)","Unfall 233704 (2024) Kat:3, Licht: 2","233704","3","5","1","02","20","7","","2","1","1","0","0"
"POINT (13.419787033000034 52.496387061000064)","Unfall 233705 (2024) Kat:3, Licht: 2","233705","3","2","5","02","22","7","","2","0","1","0","0"
"POINT (13.405919161000043 52.513927844000079)","Unfall 233706 (2024) Kat:3, Licht: 2","233706","3","4","6","02","18","7","","2","0","1","1","0"
"POINT (13.504254784000068 52.454837197000074)","Unfall 233707 (2024) Kat:3, Licht: 0","233707","3","7","2","02","14","7","","0","0","1","0","0"
"POINT (13.320247113000050 52.476773933000061)","Unfall 233708 (2024) Kat:3, Licht: 0","233708","3","2","5","02","12","7","","0","0","1","0","1"
"POINT (13.371275484000023 52.436473816000046)","Unfall 233709 (2024) Kat:3, Licht: 0","233709","3","3","5","02","12","7","","0","0","1","0","0"
"POINT (13.388231192000035 52.520527184000059)","Unfall 233710 (2024) Kat:3, Licht: 2","233710","3","7","0","02","22","6","","2","0","1","0","0"
"POINT (13.427428997000050 52.552405299000043)","Unfall 233711 (2024) Kat:3, Licht: 0","233711","3","3","5","02","11","6","","0","0","1","0","0"
"POINT (13.337028275000023 52.500988208000081)","Unfall 233712 (2024) Kat:2, Licht: 1","233712","2","4","6","02","17","6","","1","1","0","1","0"
"POINT (13.580596043000071 52.459903892000057)","Unfall 233713 (2024) Kat:2, Licht: 2","233713","2","4","6","02","06","6","","2","0","0","1","0"
"POINT (13.337193602000070 52.464382883000042)","Unfall 233714 (2024) Kat:3, Licht: 2","233714","3","6","0","02","19","6","","2","0","0","0","0"
"POINT (13.198207067000055 52.533024796000063)","Unfall 233715 (2024) Kat:3, Licht: 2","233715","3","2","6","02","18","6","","2","0","0","1","0"
"POINT (13.182269885000039 52.538447980000058)","Unfall 233716 (2024) Kat:2, Licht: 0","233716","2","2","6","02","09","6","","0","0","1","1","0"
"POINT (13.519547636000027 52.530710717000034)","Unfall 233717 (2024) Kat:3, Licht: 0","233717","3","3","5","02","08","6","","0","1","1","0","0"
"POINT (13.365974256000072 52.429878307000081)","Unfall 233718 (2024) Kat:3, Licht: 0","233718","3","6","2","02","12","6","","0","0","1","0","0"
"POINT (13.361541278000061 52.412543516000028)","Unfall 233719 (2024) Kat:3, Licht: 0","233719","3","2","0","02","07","6","","0","0","0","1","0"
"POINT (13.384733260000075 52.514530556000068)","Unfall 233720 (2024) Kat:3, Licht: 2","233720","3","3","5","02","06","6","","2","0","1","0","0"
"POINT (13.513280812000062 52.505413966000049)","Unfall 233721 (2024) Kat:2, Licht: 2","233721","2","3","5","02","06","6","","2","0","1","0","1"
"POINT (13.280398179000031 52.518492877000028)","Unfall 233722 (2024) Kat:3, Licht: 2","233722","3","2","5","02","18","6","","2","0","0","0","0"
"POINT (13.519136758000059 52.510521365000045)","Unfall 233723 (2024) Kat:3, Licht: 2","233723","3","4","6","02","17","6","","2","0","1","1","0"
"POINT (13.191226866000022 52.568244985000035)","Unfall 233724 (2024) Kat:3, Licht: 2","233724","3","7","6","02","18","6","","2","0","1","1","0"
"POINT (13.393613582000057 52.498116127000060)","Unfall 233725 (2024) Kat:3, Licht: 2","233725","3","6","0","02","18","6","","2","0","1","0","1"
"POINT (13.269782924000026 52.449145709000049)","Unfall 233726 (2024) Kat:3, Licht: 0","233726","3","7","5","02","11","6","","0","0","1","0","0"
"POINT (13.436663333000070 52.479883970000060)","Unfall 233727 (2024) Kat:3, Licht: 2","233727","3","2","6","02","06","6","","2","0","1","1","0"
"POINT (13.587034283000037 52.523601041000063)","Unfall 233728 (2024) Kat:2, Licht: 2","233728","2","2","6","02","06","6","","2","0","1","1","0"
"POINT (13.390356202000078 52.562906965000082)","Unfall 233729 (2024) Kat:3, Licht: 2","233729","3","5","0","02","06","6","","2","0","1","0","1"
"POINT (13.429974534000053 52.510026971000059)","Unfall 233730 (2024) Kat:3, Licht: 2","233730","3","6","3","02","20","6","","2","1","1","0","0"
"POINT (13.389052000000049 52.398409689000061)","Unfall 233731 (2024) Kat:3, Licht: 2","233731","3","2","6","02","19","5","","2","0","1","1","0"
"POINT (13.333567282000047 52.502193372000079)","Unfall 233732 (2024) Kat:2, Licht: 2","233732","2","2","6","02","19","5","","2","0","1","1","0"
"POINT (13.432545816000072 52.557601744000067)","Unfall 233733 (2024) Kat:3, Licht: 1","233733","3","7","5","02","16","5","","1","0","1","0","0"
"POINT (13.345919899000023 52.436292713000057)","Unfall 233734 (2024) Kat:3, Licht: 2","233734","3","2","0","02","23","5","","2","0","1","0","0"
"POINT (13.407913293000036 52.452520430000050)","Unfall 233735 (2024) Kat:3, Licht: 2","233735","3","2","5","02","22","5","","2","0","1","0","0"
"POINT (13.321755169000028 52.501441604000036)","Unfall 233736 (2024) Kat:2, Licht: 2","233736","2","4","6","02","22","5","","2","0","1","1","0"
"POINT (13.517752310000049 52.535073920000059)","Unfall 233737 (2024) Kat:3, Licht: 2","233737","3","6","2","02","18","5","","2","0","1","0","0"
"POINT (13.361640336000050 52.570682980000072)","Unfall 233738 (2024) Kat:3, Licht: 2","233738","3","6","2","02","17","5","","2","0","1","0","0"
"POINT (13.344779373000051 52.489130544000034)","Unfall 233739 (2024) Kat:3, Licht: 0","233739","3","2","6","02","15","5","","0","0","1","1","0"
"POINT (13.339038417000040 52.550422000000026)","Unfall 233740 (2024) Kat:3, Licht: 2","233740","3","2","6","02","22","5","","2","0","1","1","0"
"POINT (13.369649526000046 52.492928238000047)","Unfall 233741 (2024) Kat:3, Licht: 2","233741","3","4","6","02","20","5","","2","0","1","1","0"
"POINT (13.376683999000022 52.410996428000033)","Unfall 233742 (2024) Kat:3, Licht: 0","233742","3","6","4","02","10","5","","0","0","1","0","0"
"POINT (13.390047451000044 52.509497732000057)","Unfall 233743 (2024) Kat:3, Licht: 2","233743","3","3","5","02","06","5","","2","0","1","0","0"
"POINT (13.393764518000069 52.489205441000081)","Unfall 233744 (2024) Kat:3, Licht: 2","233744","3","2","2","02","17","5","","2","1","1","0","0"
"POINT (13.193665092000060 52.533393161000049)","Unfall 233745 (2024) Kat:3, Licht: 0","233745","3","7","5","02","14","5","","0","1","1","0","0"
"POINT (13.507955409000033 52.418831290000071)","Unfall 233746 (2024) Kat:3, Licht: 2","233746","3","1","1","02","02","5","","2","0","1","0","0"
"POINT (13.284904125000025 52.518738093000081)","Unfall 233747 (2024) Kat:3, Licht: 2","233747","3","6","2","02","18","5","","2","0","1","0","0"
"POINT (13.551698670000064 52.525623665000069)","Unfall 233748 (2024) Kat:2, Licht: 0","233748","2","4","6","02","13","5","","0","0","1","1","0"
"POINT (13.433718104000036 52.560325431000081)","Unfall 233749 (2024) Kat:3, Licht: 0","233749","3","3","5","02","14","4","","0","1","1","0","0"
"POINT (13.335412582000060 52.464242549000062)","Unfall 233750 (2024) Kat:3, Licht: 0","233750","3","6","2","02","11","4","","0","0","1","0","0"
"POINT (13.496512704000054 52.628754925000067)","Unfall 233751 (2024) Kat:2, Licht: 0","233751","2","7","5","02","10","4","","0","0","1","0","0"
"POINT (13.326742075000027 52.537042530000065)","Unfall 233752 (2024) Kat:3, Licht: 2","233752","3","2","5","02","21","4","","2","1","1","0","0"
"POINT (13.386632995000070 52.490077235000058)","Unfall 233753 (2024) Kat:2, Licht: 0","233753","2","2","5","02","14","4","","0","1","1","0","0"
"POINT (13.433460022000077 52.481815428000061)","Unfall 233754 (2024) Kat:3, Licht: 0","233754","3","6","3","02","14","4","","0","1","1","0","0"
"POINT (13.297949016000075 52.578190731000063)","Unfall 233755 (2024) Kat:3, Licht: 0","233755","3","2","5","02","13","4","","0","0","1","0","0"
"POINT (13.436925397000039 52.452727088000074)","Unfall 233756 (2024) Kat:3, Licht: 0","233756","3","3","5","02","13","4","","0","0","1","0","0"
"POINT (13.232430112000031 52.540651528000069)","Unfall 233757 (2024) Kat:3, Licht: 0","233757","3","2","5","02","12","4","","0","0","1","0","0"
"POINT (13.294797085000027 52.576503104000039)","Unfall 233758 (2024) Kat:3, Licht: 2","233758","3","2","6","02","04","4","","2","0","0","1","0"
"POINT (13.294989277000070 52.539624362000040)","Unfall 233759 (2024) Kat:3, Licht: 0","233759","3","3","5","02","15","3","","0","0","1","0","0"
"POINT (13.486392374000047 52.424618614000053)","Unfall 233760 (2024) Kat:2, Licht: 0","233760","2","2","5","02","16","3","","0","1","1","0","0"
"POINT (13.592599001000053 52.532693228000028)","Unfall 233761 (2024) Kat:3, Licht: 0","233761","3","6","2","02","10","3","","0","0","1","0","0"
"POINT (13.517810874000077 52.466151857000057)","Unfall 233762 (2024) Kat:3, Licht: 0","233762","3","3","5","02","09","3","","0","0","1","0","0"
"POINT (13.362172226000041 52.497935209000048)","Unfall 233763 (2024) Kat:3, Licht: 0","233763","3","2","2","02","12","3","","0","0","1","0","0"
"POINT (13.320462349000024 52.501679342000045)","Unfall 233764 (2024) Kat:3, Licht: 0","233764","3","5","1","02","13","3","","0","1","1","0","0"
"POINT (13.507775524000067 52.546382433000076)","Unfall 233765 (2024) Kat:3, Licht: 0","233765","3","2","5","02","12","3","","0","0","1","0","0"
"POINT (13.417837798000050 52.410192780000045)","Unfall 233766 (2024) Kat:3, Licht: 2","233766","3","7","5","02","00","3","","2","0","1","0","0"
"POINT (13.328411155000026 52.565319714000054)","Unfall 233767 (2024) Kat:3, Licht: 0","233767","3","4","6","02","14","6","","0","0","1","1","0"
"POINT (13.441775094000036 52.469710932000055)","Unfall 233768 (2024) Kat:3, Licht: 1","233768","3","2","2","02","17","3","","1","1","1","0","0"
"POINT (13.440186613000037 52.481728752000038)","Unfall 233769 (2024) Kat:3, Licht: 1","233769","3","2","5","02","19","3","","1","0","1","0","0"
"POINT (13.363435265000021 52.571505609000042)","Unfall 233770 (2024) Kat:3, Licht: 2","233770","3","7","6","02","17","3","","2","0","1","1","0"
"POINT (13.387666092000075 52.523832510000034)","Unfall 233771 (2024) Kat:3, Licht: 2","233771","3","2","5","02","17","3","","2","0","1","0","0"
"POINT (13.377413920000038 52.509662731000049)","Unfall 233772 (2024) Kat:3, Licht: 0","233772","3","2","5","02","14","3","","0","1","1","0","0"
"POINT (13.267531451000025 52.512123272000053)","Unfall 233773 (2024) Kat:2, Licht: 0","233773","2","2","6","02","12","3","","0","0","1","1","0"
"POINT (13.239637914000070 52.605342078000035)","Unfall 233774 (2024) Kat:3, Licht: 0","233774","3","3","5","02","12","3","","0","0","1","0","0"
"POINT (13.233847110000056 52.539593488000037)","Unfall 233775 (2024) Kat:3, Licht: 0","233775","3","2","2","02","10","3","","0","0","1","0","0"
"POINT (13.300662275000036 52.444043434000037)","Unfall 233776 (2024) Kat:3, Licht: 0","233776","3","3","0","02","09","3","","0","0","1","0","0"
"POINT (13.433009557000048 52.452427079000074)","Unfall 233777 (2024) Kat:3, Licht: 2","233777","3","3","5","02","19","3","","2","0","1","0","0"
"POINT (13.294458700000064 52.576468684000076)","Unfall 233778 (2024) Kat:3, Licht: 2","233778","3","4","6","02","04","2","","2","0","0","1","0"
"POINT (13.300732655000047 52.489469873000075)","Unfall 233779 (2024) Kat:3, Licht: 2","233779","3","2","6","02","06","2","","2","0","0","1","0"
"POINT (13.338488670000061 52.503342330000066)","Unfall 233780 (2024) Kat:3, Licht: 0","233780","3","6","2","02","14","2","","0","0","1","0","0"
"POINT (13.379179989000022 52.525213084000029)","Unfall 233781 (2024) Kat:3, Licht: 0","233781","3","2","5","02","07","2","","0","0","1","0","0"
"POINT (13.377920046000042 52.544251680000059)","Unfall 233782 (2024) Kat:2, Licht: 0","233782","2","7","6","02","09","2","","0","0","1","1","0"
"POINT (13.345680269000070 52.554673708000053)","Unfall 233783 (2024) Kat:3, Licht: 1","233783","3","7","5","02","16","2","","1","0","1","0","1"
"POINT (13.304117250000047 52.499532276000082)","Unfall 233784 (2024) Kat:3, Licht: 0","233784","3","6","3","02","16","2","","0","1","1","0","0"
"POINT (13.331405354000026 52.483920070000067)","Unfall 233785 (2024) Kat:3, Licht: 0","233785","3","3","5","02","12","2","","0","1","1","0","0"
"POINT (13.311600189000046 52.479517393000037)","Unfall 233786 (2024) Kat:3, Licht: 0","233786","3","2","6","02","11","2","","0","0","1","1","0"
"POINT (13.351132883000048 52.567599212000061)","Unfall 233787 (2024) Kat:3, Licht: 0","233787","3","2","5","02","11","2","","0","0","1","0","0"
"POINT (13.507101789000046 52.463241245000063)","Unfall 233788 (2024) Kat:3, Licht: 2","233788","3","3","5","02","06","2","","2","0","0","0","0"
"POINT (13.379310531000044 52.540513206000071)","Unfall 233789 (2024) Kat:3, Licht: 0","233789","3","3","5","02","13","2","","0","1","1","0","0"
"POINT (13.376044668000077 52.477511655000058)","Unfall 233790 (2024) Kat:3, Licht: 0","233790","3","5","0","02","07","2","","0","0","1","0","0"
"POINT (13.401463957000033 52.414545322000038)","Unfall 233791 (2024) Kat:3, Licht: 2","233791","3","2","6","02","07","2","","2","0","1","1","0"
"POINT (13.395828484000049 52.565956563000043)","Unfall 233792 (2024) Kat:3, Licht: 0","233792","3","2","5","02","10","1","","0","1","0","0","0"
"POINT (13.321692159000065 52.435680649000062)","Unfall 233793 (2024) Kat:3, Licht: 1","233793","3","3","5","02","16","1","","1","0","1","0","0"
"POINT (13.284936585000025 52.464509582000062)","Unfall 233794 (2024) Kat:2, Licht: 0","233794","2","4","0","02","11","1","","0","1","0","1","0"
"POINT (13.406658806000053 52.498440998000035)","Unfall 233795 (2024) Kat:3, Licht: 0","233795","3","2","5","02","09","1","","0","0","1","0","0"
"POINT (13.395384044000025 52.528916955000057)","Unfall 233796 (2024) Kat:3, Licht: 2","233796","3","4","6","02","00","1","","2","0","1","1","0"
"POINT (13.386262727000030 52.531374333000031)","Unfall 233797 (2024) Kat:3, Licht: 2","233797","3","2","3","02","17","1","","2","0","1","0","0"
"POINT (13.408568055000046 52.527685630000065)","Unfall 233798 (2024) Kat:3, Licht: 2","233798","3","5","1","02","17","1","","2","1","1","0","0"
"POINT (13.244321131000049 52.543949394000038)","Unfall 233799 (2024) Kat:2, Licht: 2","233799","2","3","5","02","21","1","","2","1","1","0","0"
"POINT (13.398137077000058 52.388859386000036)","Unfall 233800 (2024) Kat:3, Licht: 0","233800","3","5","0","02","11","1","","0","1","1","0","0"
"POINT (13.317113291000055 52.491449132000071)","Unfall 233801 (2024) Kat:3, Licht: 2","233801","3","6","2","02","17","7","","2","0","1","0","0"
"POINT (13.392612295000049 52.491786351000030)","Unfall 233802 (2024) Kat:3, Licht: 0","233802","3","3","5","02","14","7","","0","1","1","0","0"
"POINT (13.418600075000029 52.498862218000056)","Unfall 233803 (2024) Kat:3, Licht: 0","233803","3","2","5","02","13","7","","0","1","1","0","0"
"POINT (13.179610740000044 52.500643556000057)","Unfall 233804 (2024) Kat:3, Licht: 2","233804","3","7","8","02","18","7","","2","0","1","0","0"
"POINT (13.478718450000031 52.477575585000068)","Unfall 233805 (2024) Kat:3, Licht: 0","233805","3","2","5","02","14","7","","0","0","1","0","0"
"POINT (13.467619786000057 52.534005467000043)","Unfall 233806 (2024) Kat:2, Licht: 0","233806","2","1","0","02","12","7","","0","0","0","0","1"
"POINT (13.287160427000060 52.586069172000066)","Unfall 233807 (2024) Kat:3, Licht: 2","233807","3","6","2","02","01","7","","2","0","1","0","0"
"POINT (13.418729674000076 52.499015587000031)","Unfall 233808 (2024) Kat:3, Licht: 2","233808","3","6","3","02","21","7","","2","0","1","0","0"
"POINT (13.390321847000052 52.535596602000055)","Unfall 233809 (2024) Kat:3, Licht: 0","233809","3","6","2","02","12","7","","0","0","1","0","0"
"POINT (13.335025627000050 52.498106491000044)","Unfall 233810 (2024) Kat:3, Licht: 0","233810","3","2","6","02","09","7","","0","0","1","1","0"
"POINT (13.370774606000055 52.590501798000048)","Unfall 233811 (2024) Kat:3, Licht: 0","233811","3","1","0","02","14","7","","0","1","0","0","0"
"POINT (13.314893035000068 52.469444058000079)","Unfall 233812 (2024) Kat:3, Licht: 0","233812","3","1","0","02","09","7","","0","1","0","0","0"
"POINT (13.586990052000033 52.441038519000074)","Unfall 233813 (2024) Kat:3, Licht: 0","233813","3","3","5","02","07","6","","0","1","1","0","0"
"POINT (13.428080576000070 52.473528116000068)","Unfall 233814 (2024) Kat:3, Licht: 2","233814","3","6","2","02","18","6","","2","0","1","0","0"