WKT,Name,OBJECTID,UKATEGORIE,UTYP1,UART,UMONAT,USTUNDE,UWOCHENTAG,STRZUSTAND,ULICHTVERH,ISTRAD,ISTPKW,ISTFUSS,ISTKRAD
"POINT (13.200419941000064 52.549910152000052)","Unfall 233815 (2024) Kat:3, Licht: 0","233815","3","5","1","02","13","6","","0","0","1","0","0"
"POINT (13.326405482000041 52.591639269000041)","Unfall 233816 (2024) Kat:2, Licht: 2","233816","2","2","5","02","22","7","","2","0","1","0","0"
"POINT (13.192295691000027 52.536113911000029)","Unfall 233817 (2024) Kat:3, Licht: 0","233817","3","5","1","02","09","6","","0","0","1","0","0"
"POINT (13.513025369000047 52.494221344000039)","Unfall 233818 (2024) Kat:3, Licht: 0","233818","3","3","5","02","08","6","","0","1","1","0","0"
"POINT (13.348427241000024 52.453888111000026)","Unfall 233819 (2024) Kat:2, Licht: 0","233819","2","7","5","02","12","6","","0","0","1","0","0"
"POINT (13.283128668000074 52.484480256000040)","Unfall 233820 (2024) Kat:3, Licht: 0","233820","3","6","2","02","08","6","","0","0","1","0","0"
"POINT (13.540283849000048 52.525908501000060)","Unfall 233821 (2024) Kat:3, Licht: 0","233821","3","2","5","02","07","6","","0","0","1","0","0"
"POINT (13.445373876000076 52.495396599000060)","Unfall 233822 (2024) Kat:3, Licht: 2","233822","3","7","6","02","18","3","","2","0","0","1","0"
"POINT (13.378576686000031 52.544759312000053)","Unfall 233823 (2024) Kat:3, Licht: 2","233823","3","2","5","02","18","6","","2","0","1","0","0"
"POINT (13.153465488000052 52.553437895000059)","Unfall 233824 (2024) Kat:3, Licht: 2","233824","3","6","2","02","18","6","","2","0","1","0","0"
"POINT (13.598259610000071 52.547517514000049)","Unfall 233825 (2024) Kat:3, Licht: 0","233825","3","6","2","02","12","6","","0","0","1","0","0"
"POINT (13.359021020000057 52.412923325000065)","Unfall 233826 (2024) Kat:3, Licht: 0","233826","3","6","2","02","10","6","","0","0","1","0","0"
"POINT (13.396037934000049 52.538349966000055)","Unfall 233827 (2024) Kat:3, Licht: 2","233827","3","2","5","02","00","6","","2","1","0","0","0"
"POINT (13.446646013000077 52.502813844000059)","Unfall 233828 (2024) Kat:3, Licht: 2","233828","3","7","5","02","22","6","","2","0","1","0","0"
"POINT (13.448791594000056 52.478597296000032)","Unfall 233829 (2024) Kat:3, Licht: 0","233829","3","4","6","02","15","6","","0","0","1","1","0"
"POINT (13.314337070000022 52.472284872000046)","Unfall 233830 (2024) Kat:3, Licht: 0","233830","3","6","2","02","11","6","","0","0","1","0","0"
"POINT (13.403156606000039 52.515962921000039)","Unfall 233831 (2024) Kat:3, Licht: 0","233831","3","5","1","02","09","6","","0","0","1","0","1"
"POINT (13.199946905000047 52.535881627000037)","Unfall 233832 (2024) Kat:3, Licht: 2","233832","3","4","6","02","06","5","","2","0","1","1","0"
"POINT (13.362646166000047 52.412216053000066)","Unfall 233833 (2024) Kat:3, Licht: 0","233833","3","6","3","02","09","5","","0","0","1","0","0"
"POINT (13.499259492000022 52.627789284000073)","Unfall 233834 (2024) Kat:2, Licht: 2","233834","2","5","1","02","06","5","","2","0","1","0","0"
"POINT (13.500206836000075 52.510616173000074)","Unfall 233835 (2024) Kat:3, Licht: 0","233835","3","6","6","02","12","5","","0","0","0","1","0"
"POINT (13.406292616000030 52.524951438000073)","Unfall 233836 (2024) Kat:3, Licht: 2","233836","3","2","5","02","17","5","","2","1","1","0","0"
"POINT (13.334349718000055 52.595562897000036)","Unfall 233837 (2024) Kat:3, Licht: 1","233837","3","7","5","02","17","5","","1","0","1","0","1"
"POINT (13.285334892000037 52.595179825000059)","Unfall 233838 (2024) Kat:3, Licht: 0","233838","3","6","2","02","12","5","","0","0","1","0","0"
"POINT (13.378151814000034 52.466462690000071)","Unfall 233839 (2024) Kat:3, Licht: 0","233839","3","2","5","02","12","1","","0","0","1","0","0"
"POINT (13.439243942000076 52.489530489000060)","Unfall 233840 (2024) Kat:3, Licht: 0","233840","3","1","0","02","15","5","","0","1","0","0","0"
"POINT (13.471550527000034 52.583757560000038)","Unfall 233841 (2024) Kat:2, Licht: 0","233841","2","1","8","02","14","5","","0","0","1","0","0"
"POINT (13.416333124000062 52.511036728000079)","Unfall 233842 (2024) Kat:3, Licht: 0","233842","3","3","5","02","11","5","","0","1","1","0","0"
"POINT (13.296601448000047 52.443049606000045)","Unfall 233843 (2024) Kat:2, Licht: 1","233843","2","2","6","02","07","5","","1","0","1","1","0"
"POINT (13.290229554000064 52.470510307000040)","Unfall 233844 (2024) Kat:3, Licht: 2","233844","3","3","5","02","05","5","","2","0","1","0","0"
"POINT (13.356437098000072 52.507149109000068)","Unfall 233845 (2024) Kat:3, Licht: 2","233845","3","6","3","02","20","5","","2","0","1","0","0"
"POINT (13.455181365000044 52.617068218000043)","Unfall 233846 (2024) Kat:3, Licht: 1","233846","3","6","2","02","17","5","","1","0","1","0","0"
"POINT (13.325324434000038 52.499971444000039)","Unfall 233847 (2024) Kat:3, Licht: 2","233847","3","6","3","02","19","5","","2","0","1","0","0"
"POINT (13.202915361000066 52.544899022000038)","Unfall 233848 (2024) Kat:3, Licht: 2","233848","3","1","1","02","17","5","","2","1","1","0","0"
"POINT (13.188617675000046 52.556418643000029)","Unfall 233849 (2024) Kat:3, Licht: 1","233849","3","6","2","02","15","5","","1","0","1","0","0"
"POINT (13.165403812000022 52.551210357000059)","Unfall 233850 (2024) Kat:2, Licht: 0","233850","2","2","5","02","16","5","","0","0","1","0","0"
"POINT (13.341177536000032 52.476311606000081)","Unfall 233851 (2024) Kat:3, Licht: 0","233851","3","3","5","02","15","5","","0","0","1","0","0"
"POINT (13.361736024000038 52.562027899000043)","Unfall 233852 (2024) Kat:3, Licht: 0","233852","3","7","2","02","15","5","","0","0","1","0","0"
"POINT (13.343183987000032 52.529535721000059)","Unfall 233853 (2024) Kat:3, Licht: 0","233853","3","7","0","02","11","5","","0","1","0","0","0"
"POINT (13.573606012000027 52.549908183000070)","Unfall 233854 (2024) Kat:3, Licht: 0","233854","3","3","5","02","14","5","","0","0","1","0","0"
"POINT (13.348970657000052 52.514830705000065)","Unfall 233855 (2024) Kat:3, Licht: 0","233855","3","1","0","02","09","5","","0","0","0","0","1"
"POINT (13.393713905000027 52.498126359000082)","Unfall 233856 (2024) Kat:3, Licht: 0","233856","3","6","0","02","08","5","","0","0","1","0","1"
"POINT (13.586644506000027 52.516593243000045)","Unfall 233857 (2024) Kat:3, Licht: 1","233857","3","3","5","02","07","5","","1","1","1","0","0"
"POINT (13.300060043000030 52.519593796000038)","Unfall 233858 (2024) Kat:3, Licht: 1","233858","3","6","2","02","06","5","","1","0","1","0","0"
"POINT (13.258861968000076 52.517806197000027)","Unfall 233859 (2024) Kat:3, Licht: 1","233859","3","5","1","02","17","5","","1","1","1","0","0"
"POINT (13.411294413000064 52.492421800000045)","Unfall 233860 (2024) Kat:3, Licht: 0","233860","3","7","6","02","07","5","","0","1","0","1","0"
"POINT (13.457684095000047 52.466261450000047)","Unfall 233861 (2024) Kat:3, Licht: 0","233861","3","2","5","02","11","5","","0","0","0","0","0"
"POINT (13.289488243000051 52.477355553000052)","Unfall 233862 (2024) Kat:3, Licht: 0","233862","3","5","1","02","12","5","","0","1","1","0","0"
"POINT (13.424753543000065 52.528104528000028)","Unfall 233863 (2024) Kat:3, Licht: 0","233863","3","6","2","02","09","5","","0","0","1","0","0"
"POINT (13.551673237000045 52.533776553000052)","Unfall 233864 (2024) Kat:3, Licht: 0","233864","3","4","6","01","13","4","","0","0","0","1","0"
"POINT (13.517371816000036 52.454481257000054)","Unfall 233865 (2024) Kat:3, Licht: 2","233865","3","3","2","01","19","4","","2","1","1","0","0"
"POINT (13.664523854000038 52.372151211000073)","Unfall 233866 (2024) Kat:2, Licht: 2","233866","2","1","0","01","19","4","","2","0","0","0","1"
"POINT (13.382305939000048 52.553302710000082)","Unfall 233867 (2024) Kat:3, Licht: 2","233867","3","2","5","01","19","4","","2","0","0","0","0"
"POINT (13.308267557000022 52.488551585000039)","Unfall 233868 (2024) Kat:3, Licht: 1","233868","3","2","0","01","17","4","","1","0","1","1","0"
"POINT (13.381514956000046 52.429372394000040)","Unfall 233869 (2024) Kat:3, Licht: 0","233869","3","1","0","01","16","4","","0","1","0","0","0"
"POINT (13.476756665000039 52.499842834000049)","Unfall 233870 (2024) Kat:3, Licht: 0","233870","3","3","1","01","13","4","","0","1","1","0","0"
"POINT (13.290101467000056 52.444636426000045)","Unfall 233871 (2024) Kat:3, Licht: 0","233871","3","3","5","01","15","4","","0","1","1","0","0"
"POINT (13.518658488000028 52.531412558000056)","Unfall 233872 (2024) Kat:3, Licht: 0","233872","3","3","5","01","13","4","","0","1","1","0","0"
"POINT (13.412568009000040 52.533015731000035)","Unfall 233873 (2024) Kat:3, Licht: 0","233873","3","6","2","01","08","4","","0","0","1","0","0"
"POINT (13.400554426000042 52.490480923000064)","Unfall 233874 (2024) Kat:3, Licht: 2","233874","3","3","5","01","21","4","","2","1","0","0","0"
"POINT (13.432934902000056 52.518022640000027)","Unfall 233875 (2024) Kat:3, Licht: 2","233875","3","3","5","01","17","4","","2","0","1","0","0"
"POINT (13.379189937000035 52.447301982000056)","Unfall 233876 (2024) Kat:3, Licht: 2","233876","3","6","2","01","17","4","","2","0","1","0","0"
"POINT (13.486931645000027 52.617497895000042)","Unfall 233877 (2024) Kat:3, Licht: 0","233877","3","2","5","01","10","4","","0","0","1","0","0"
"POINT (13.301865825000050 52.440487156000074)","Unfall 233878 (2024) Kat:3, Licht: 0","233878","3","7","0","01","08","4","","0","0","1","0","0"
"POINT (13.385919570000056 52.445575902000030)","Unfall 233879 (2024) Kat:3, Licht: 2","233879","3","2","5","01","18","4","","2","1","1","0","0"
"POINT (13.398119927000039 52.392574529000058)","Unfall 233880 (2024) Kat:3, Licht: 2","233880","3","2","6","01","17","4","","2","0","1","1","0"
"POINT (13.137002977000066 52.528540449000047)","Unfall 233881 (2024) Kat:3, Licht: 1","233881","3","1","1","01","16","4","","1","0","1","0","0"
"POINT (13.414277002000063 52.520103497000036)","Unfall 233882 (2024) Kat:3, Licht: 0","233882","3","5","1","01","12","4","","0","1","1","0","0"
"POINT (13.512551641000073 52.464437886000042)","Unfall 233883 (2024) Kat:2, Licht: 0","233883","2","4","6","01","11","4","","0","0","1","1","0"
"POINT (13.458215374000076 52.499630064000030)","Unfall 233884 (2024) Kat:3, Licht: 0","233884","3","3","5","01","08","4","","0","0","1","0","0"
"POINT (13.430418782000061 52.499213537000060)","Unfall 233885 (2024) Kat:3, Licht: 0","233885","3","3","5","01","07","4","","0","1","1","0","0"
"POINT (13.508966231000045 52.546402094000030)","Unfall 233886 (2024) Kat:3, Licht: 2","233886","3","1","0","01","05","4","","2","1","0","0","0"
"POINT (13.475430153000048 52.536680350000040)","Unfall 233887 (2024) Kat:3, Licht: 2","233887","3","6","2","01","17","4","","2","0","1","0","0"
"POINT (13.333210690000044 52.484011451000072)","Unfall 233888 (2024) Kat:2, Licht: 0","233888","2","3","5","01","15","4","","0","1","1","0","0"
"POINT (13.385419761000037 52.516651221000075)","Unfall 233889 (2024) Kat:3, Licht: 0","233889","3","6","3","01","10","4","","0","0","0","0","0"
"POINT (13.338491492000060 52.450964258000056)","Unfall 233890 (2024) Kat:3, Licht: 0","233890","3","6","0","01","15","3","","0","0","1","0","0"
"POINT (13.363143038000032 52.566243566000026)","Unfall 233891 (2024) Kat:2, Licht: 0","233891","2","6","0","01","14","3","","0","0","1","0","0"
"POINT (13.290849846000071 52.626448631000073)","Unfall 233892 (2024) Kat:3, Licht: 0","233892","3","4","6","01","11","3","","0","0","1","1","0"
"POINT (13.435187316000054 52.426494381000055)","Unfall 233893 (2024) Kat:3, Licht: 0","233893","3","6","2","01","07","3","","0","0","1","0","0"
"POINT (13.205861110000058 52.542164562000039)","Unfall 233894 (2024) Kat:3, Licht: 1","233894","3","4","6","01","07","3","","1","0","1","1","0"
"POINT (13.354678791000026 52.554405472000042)","Unfall 233895 (2024) Kat:3, Licht: 1","233895","3","5","1","01","06","3","","1","1","0","0","0"
"POINT (13.434718969000073 52.504567540000039)","Unfall 233896 (2024) Kat:3, Licht: 1","233896","3","2","5","01","16","3","","1","1","0","0","0"
"POINT (13.351886715000035 52.439928174000045)","Unfall 233897 (2024) Kat:3, Licht: 0","233897","3","2","5","01","16","3","","0","0","1","0","0"
"POINT (13.516857504000029 52.535314084000049)","Unfall 233898 (2024) Kat:3, Licht: 0","233898","3","6","2","01","11","3","","0","0","1","0","0"
"POINT (13.293011705000026 52.423994957000048)","Unfall 233899 (2024) Kat:3, Licht: 0","233899","3","2","5","01","11","3","","0","1","1","0","0"
"POINT (13.348050667000052 52.500522634000049)","Unfall 233900 (2024) Kat:3, Licht: 0","233900","3","3","5","01","09","3","","0","1","1","0","0"
"POINT (13.396229281000046 52.513120170000036)","Unfall 233901 (2024) Kat:3, Licht: 0","233901","3","2","4","01","09","3","","0","1","1","0","0"
"POINT (13.345575779000058 52.492241531000047)","Unfall 233902 (2024) Kat:2, Licht: 0","233902","2","5","1","01","08","3","","0","1","1","0","0"
"POINT (13.323317966000047 52.449842991000082)","Unfall 233903 (2024) Kat:3, Licht: 2","233903","3","5","1","01","18","3","","2","1","1","0","0"
"POINT (13.437927306000063 52.500348920000079)","Unfall 233904 (2024) Kat:2, Licht: 1","233904","2","2","5","01","17","3","","1","0","1","0","1"
"POINT (13.273208944000032 52.540888446000054)","Unfall 233905 (2024) Kat:3, Licht: 0","233905","3","4","6","01","14","3","","0","0","1","1","0"
"POINT (13.296424354000067 52.529292473000055)","Unfall 233906 (2024) Kat:3, Licht: 0","233906","3","2","5","02","08","5","","0","0","1","0","0"
"POINT (13.378152801000056 52.529132104000041)","Unfall 233907 (2024) Kat:3, Licht: 1","233907","3","6","2","01","17","2","","1","0","1","0","0"
"POINT (13.573673410000026 52.484968185000071)","Unfall 233908 (2024) Kat:3, Licht: 1","233908","3","2","5","01","07","2","","1","1","1","0","0"
"POINT (13.344345720000035 52.504337231000079)","Unfall 233909 (2024) Kat:3, Licht: 2","233909","3","3","5","01","21","2","","2","0","1","0","0"
"POINT (13.430121044000032 52.486072775000082)","Unfall 233910 (2024) Kat:3, Licht: 0","233910","3","2","5","01","14","2","","0","0","1","0","1"
"POINT (13.502071979000050 52.461028574000068)","Unfall 233911 (2024) Kat:3, Licht: 0","233911","3","2","5","01","12","2","","0","1","0","0","0"
"POINT (13.540375869000059 52.434993182000028)","Unfall 233912 (2024) Kat:2, Licht: 0","233912","2","4","6","02","15","7","","0","0","1","1","0"
"POINT (13.377343348000068 52.549644307000051)","Unfall 233913 (2024) Kat:2, Licht: 0","233913","2","2","5","01","11","2","","0","0","0","0","0"
"POINT (13.588564228000052 52.455510347000029)","Unfall 233914 (2024) Kat:3, Licht: 0","233914","3","5","1","01","14","2","","0","1","1","0","0"
"POINT (13.612230309000040 52.511819613000057)","Unfall 233915 (2024) Kat:3, Licht: 1","233915","3","6","3","01","17","2","","1","0","1","0","1"
"POINT (13.386465868000073 52.549469975000079)","Unfall 233916 (2024) Kat:2, Licht: 0","233916","2","2","5","01","15","2","","0","0","1","0","0"
"POINT (13.566154435000044 52.534336318000044)","Unfall 233917 (2024) Kat:3, Licht: 0","233917","3","2","2","01","16","2","","0","1","1","0","0"
"POINT (13.279724785000042 52.432458939000071)","Unfall 233918 (2024) Kat:3, Licht: 2","233918","3","2","5","01","19","2","","2","0","1","0","0"
"POINT (13.520590881000032 52.459985546000041)","Unfall 233919 (2024) Kat:3, Licht: 0","233919","3","6","4","01","13","3","","0","1","0","0","0"
"POINT (13.406295028000045 52.547063212000069)","Unfall 233920 (2024) Kat:3, Licht: 2","233920","3","5","5","01","18","2","","2","1","1","0","0"
"POINT (13.360400827000035 52.490383522000059)","Unfall 233921 (2024) Kat:3, Licht: 0","233921","3","2","5","01","14","2","","0","0","1","0","0"
"POINT (13.401835729000027 52.386683970000036)","Unfall 233922 (2024) Kat:3, Licht: 0","233922","3","7","5","01","15","2","","0","0","1","0","1"
"POINT (13.435290346000045 52.491165800000033)","Unfall 233923 (2024) Kat:3, Licht: 0","233923","3","2","6","01","08","2","","0","0","1","1","0"
"POINT (13.308091977000061 52.432551856000032)","Unfall 233924 (2024) Kat:3, Licht: 2","233924","3","6","2","01","17","2","","2","0","1","0","0"
"POINT (13.171590251000055 52.511017813000080)","Unfall 233925 (2024) Kat:3, Licht: 2","233925","3","2","6","01","07","2","","2","0","0","1","0"
"POINT (13.480335742000022 52.460034837000080)","Unfall 233926 (2024) Kat:3, Licht: 0","233926","3","6","2","01","15","2","","0","0","1","0","0"
"POINT (13.330794340000068 52.565657616000067)","Unfall 233927 (2024) Kat:2, Licht: 1","233927","2","7","5","01","16","2","","1","0","1","0","1"
"POINT (13.339223950000076 52.550426402000028)","Unfall 233928 (2024) Kat:3, Licht: 0","233928","3","2","5","01","14","2","","0","1","1","0","0"
"POINT (13.279635188000043 52.627674212000045)","Unfall 233929 (2024) Kat:3, Licht: 2","233929","3","5","4","01","18","1","","2","1","1","0","0"
"POINT (13.452726885000061 52.512428501000045)","Unfall 233930 (2024) Kat:3, Licht: 0","233930","3","2","0","01","16","1","","0","0","0","0","0"
"POINT (13.350025980000055 52.541764585000067)","Unfall 233931 (2024) Kat:3, Licht: 0","233931","3","4","6","01","14","1","","0","0","1","1","0"
"POINT (13.558092351000028 52.455707397000026)","Unfall 233932 (2024) Kat:2, Licht: 0","233932","2","2","5","01","13","1","","0","1","1","0","0"
"POINT (13.266217366000035 52.482709860000057)","Unfall 233933 (2024) Kat:3, Licht: 0","233933","3","2","5","01","11","1","","0","1","1","0","0"
"POINT (13.435049645000049 52.478659706000030)","Unfall 233934 (2024) Kat:3, Licht: 2","233934","3","7","0","01","00","1","","2","0","0","0","0"
"POINT (13.402178028000037 52.530855897000038)","Unfall 233935 (2024) Kat:3, Licht: 2","233935","3","7","6","01","17","1","","2","0","1","1","0"
"POINT (13.368252190000021 52.523626010000044)","Unfall 233936 (2024) Kat:3, Licht: 0","233936","3","5","1","01","14","1","","0","0","1","0","0"
"POINT (13.351285114000063 52.569701349000070)","Unfall 233937 (2024) Kat:3, Licht: 0","233937","3","5","1","01","14","1","","0","0","1","0","0"
"POINT (13.325345348000042 52.461788629000068)","Unfall 233938 (2024) Kat:2, Licht: 0","233938","2","4","6","01","15","1","","0","0","1","1","0"
"POINT (13.451357219000045 52.527295429000048)","Unfall 233939 (2024) Kat:3, Licht: 2","233939","3","6","2","01","05","1","","2","0","1","0","0"
"POINT (13.503600035000034 52.509656451000069)","Unfall 233940 (2024) Kat:3, Licht: 2","233940","3","3","5","01","03","1","","2","0","1","0","0"
"POINT (13.376942161000045 52.461674277000043)","Unfall 233941 (2024) Kat:2, Licht: 2","233941","2","4","6","02","01","6","","2","0","1","1","0"
"POINT (13.407084290000057 52.498475068000062)","Unfall 233942 (2024) Kat:3, Licht: 0","233942","3","5","1","01","09","7","","0","1","1","0","0"
"POINT (13.314586597000073 52.559258702000079)","Unfall 233943 (2024) Kat:3, Licht: 2","233943","3","4","6","01","19","7","","2","0","1","1","0"
"POINT (13.324141473000054 52.502409918000069)","Unfall 233944 (2024) Kat:3, Licht: 2","233944","3","6","0","01","19","7","","2","0","1","0","0"
"POINT (13.403302675000077 52.559525123000071)","Unfall 233945 (2024) Kat:3, Licht: 0","233945","3","3","5","01","10","7","","0","0","1","0","0"
"POINT (13.431539253000039 52.484391705000064)","Unfall 233946 (2024) Kat:3, Licht: 2","233946","3","6","0","01","06","7","","2","1","1","0","0"
"POINT (13.307743397000024 52.429680308000059)","Unfall 233947 (2024) Kat:3, Licht: 2","233947","3","6","2","01","17","7","","2","0","1","0","0"
"POINT (13.361194576000059 52.494232275000059)","Unfall 233948 (2024) Kat:3, Licht: 0","233948","3","2","2","01","13","7","","0","0","1","0","0"
"POINT (13.418277866000039 52.515390362000062)","Unfall 233949 (2024) Kat:3, Licht: 1","233949","3","2","6","02","05","4","","1","0","1","1","0"
"POINT (13.298127867000062 52.578092695000066)","Unfall 233950 (2024) Kat:3, Licht: 2","233950","3","7","0","01","21","7","","2","0","1","0","0"
"POINT (13.335622151000052 52.542023825000058)","Unfall 233951 (2024) Kat:3, Licht: 0","233951","3","2","5","01","12","7","","0","0","1","0","0"
"POINT (13.220175908000044 52.431747768000037)","Unfall 233952 (2024) Kat:3, Licht: 0","233952","3","3","0","01","10","7","","0","1","0","0","0"
"POINT (13.198401418000060 52.534964134000063)","Unfall 233953 (2024) Kat:3, Licht: 2","233953","3","7","8","01","03","7","","2","0","0","0","1"
"POINT (13.393767393000076 52.489214606000075)","Unfall 233954 (2024) Kat:3, Licht: 0","233954","3","1","0","01","14","7","","0","0","0","0","0"
"POINT (13.419366473000025 52.487608678000072)","Unfall 233955 (2024) Kat:3, Licht: 2","233955","3","3","5","01","06","6","","2","0","1","0","0"
"POINT (13.365125804000058 52.562822300000050)","Unfall 233956 (2024) Kat:3, Licht: 2","233956","3","6","0","01","18","6","","2","0","1","0","1"
"POINT (13.333150794000062 52.532878415000027)","Unfall 233957 (2024) Kat:3, Licht: 2","233957","3","5","5","01","18","6","","2","1","1","0","0"
"POINT (13.488334769000062 52.451287639000043)","Unfall 233958 (2024) Kat:3, Licht: 2","233958","3","2","6","01","18","6","","2","0","1","1","0"
"POINT (13.447536985000056 52.437009565000039)","Unfall 233959 (2024) Kat:3, Licht: 2","233959","3","6","3","01","17","6","","2","0","1","0","0"
"POINT (13.449469060000069 52.537083009000071)","Unfall 233960 (2024) Kat:3, Licht: 0","233960","3","2","5","01","13","6","","0","1","1","0","0"
"POINT (13.318609443000071 52.498195443000043)","Unfall 233961 (2024) Kat:3, Licht: 0","233961","3","2","6","01","13","6","","0","0","1","1","0"
"POINT (13.299673845000029 52.487538572000062)","Unfall 233962 (2024) Kat:3, Licht: 0","233962","3","7","0","01","09","6","","0","1","0","0","0"
"POINT (13.347525108000070 52.578534728000079)","Unfall 233963 (2024) Kat:3, Licht: 0","233963","3","6","2","01","08","6","","0","0","1","0","0"
"POINT (13.318411564000030 52.501364288000048)","Unfall 233964 (2024) Kat:3, Licht: 1","233964","3","3","5","01","07","6","","1","0","1","0","0"
"POINT (13.469611176000058 52.451968736000026)","Unfall 233965 (2024) Kat:3, Licht: 2","233965","3","3","5","01","06","6","","2","1","1","0","0"
"POINT (13.570229812000036 52.555708562000063)","Unfall 233966 (2024) Kat:3, Licht: 2","233966","3","3","0","01","19","6","","2","0","1","0","1"
"POINT (13.610869822000041 52.456668231000037)","Unfall 233967 (2024) Kat:2, Licht: 0","233967","2","3","5","01","08","6","","0","1","0","0","0"
"POINT (13.409345911000059 52.501721957000029)","Unfall 233968 (2024) Kat:2, Licht: 0","233968","2","2","6","01","07","6","","0","0","1","1","0"
"POINT (13.311964737000039 52.571666019000077)","Unfall 233969 (2024) Kat:3, Licht: 2","233969","3","3","5","01","06","6","","2","0","1","0","0"
"POINT (13.200805397000067 52.538891757000044)","Unfall 233970 (2024) Kat:3, Licht: 2","233970","3","6","2","01","18","6","","2","0","1","0","0"
"POINT (13.204272601000071 52.540695392000032)","Unfall 233971 (2024) Kat:2, Licht: 1","233971","2","3","5","01","17","6","","1","0","1","0","0"
"POINT (13.554980488000069 52.535489538000036)","Unfall 233972 (2024) Kat:3, Licht: 0","233972","3","4","6","01","13","6","","0","0","1","1","0"
"POINT (13.474715322000065 52.520460628000080)","Unfall 233973 (2024) Kat:3, Licht: 0","233973","3","6","2","01","13","6","","0","0","1","0","0"
"POINT (13.412503188000073 52.394287766000048)","Unfall 233974 (2024) Kat:3, Licht: 0","233974","3","3","5","01","08","6","","0","0","1","0","0"
"POINT (13.185531120000064 52.551544820000061)","Unfall 233975 (2024) Kat:2, Licht: 0","233975","2","2","5","01","07","6","","0","1","1","0","0"
"POINT (13.340385839000021 52.504214248000039)","Unfall 233976 (2024) Kat:3, Licht: 2","233976","3","3","5","01","07","6","","2","1","1","0","0"
"POINT (13.413875245000042 52.552120016000060)","Unfall 233977 (2024) Kat:2, Licht: 2","233977","2","3","5","01","17","6","","2","1","1","0","0"
"POINT (13.196308926000029 52.537586610000062)","Unfall 233978 (2024) Kat:3, Licht: 2","233978","3","7","6","01","00","3","","2","0","0","1","0"
"POINT (13.346988695000050 52.553376965000041)","Unfall 233979 (2024) Kat:3, Licht: 1","233979","3","4","6","01","16","6","","1","0","1","1","0"
"POINT (13.423536768000076 52.555072432000031)","Unfall 233980 (2024) Kat:3, Licht: 0","233980","3","2","6","01","14","6","","0","0","1","1","0"
"POINT (13.287717285000042 52.506544147000056)","Unfall 233981 (2024) Kat:2, Licht: 2","233981","2","1","0","01","20","6","","2","1","0","0","0"
"POINT (13.315040719000024 52.500962291000064)","Unfall 233982 (2024) Kat:3, Licht: 1","233982","3","3","5","01","15","6","","1","0","1","0","0"
"POINT (13.404511965000040 52.489685146000056)","Unfall 233983 (2024) Kat:3, Licht: 2","233983","3","6","2","02","21","1","","2","0","1","0","0"
"POINT (13.247887993000063 52.537555848000068)","Unfall 233984 (2024) Kat:3, Licht: 0","233984","3","3","5","01","12","6","","0","0","1","0","0"
"POINT (13.430719203000024 52.421617019000053)","Unfall 233985 (2024) Kat:3, Licht: 0","233985","3","6","2","01","09","6","","0","0","1","0","0"
"POINT (13.360877646000063 52.491323026000032)","Unfall 233986 (2024) Kat:3, Licht: 0","233986","3","3","5","01","08","5","","0","0","1","0","1"
"POINT (13.412810628000045 52.503051943000060)","Unfall 233987 (2024) Kat:3, Licht: 2","233987","3","6","2","01","19","5","","2","0","1","0","0"
"POINT (13.404560350000054 52.508947527000032)","Unfall 233988 (2024) Kat:2, Licht: 2","233988","2","2","6","01","17","5","","2","0","1","1","0"
"POINT (13.400073689000067 52.509555580000040)","Unfall 233989 (2024) Kat:3, Licht: 0","233989","3","5","5","01","15","5","","0","0","1","0","0"
"POINT (13.508257469000057 52.463646957000037)","Unfall 233990 (2024) Kat:3, Licht: 0","233990","3","1","0","01","09","5","","0","1","0","0","0"
"POINT (13.198541776000070 52.542888011000059)","Unfall 233991 (2024) Kat:3, Licht: 2","233991","3","7","5","01","18","5","","2","0","1","0","0"
"POINT (13.396100095000065 52.538293018000047)","Unfall 233992 (2024) Kat:3, Licht: 1","233992","3","3","5","01","06","5","","1","0","1","0","0"
"POINT (13.350693269000033 52.515158992000067)","Unfall 233993 (2024) Kat:3, Licht: 2","233993","3","3","5","01","06","5","","2","0","1","0","0"
"POINT (13.348711212000069 52.606542669000078)","Unfall 233994 (2024) Kat:3, Licht: 2","233994","3","3","5","01","21","5","","2","0","1","0","0"
"POINT (13.380647506000059 52.503692539000042)","Unfall 233995 (2024) Kat:3, Licht: 2","233995","3","4","6","01","17","5","","2","0","1","1","0"
"POINT (13.344758908000074 52.437537344000077)","Unfall 233996 (2024) Kat:3, Licht: 0","233996","3","6","0","01","09","5","","0","0","1","0","0"
"POINT (13.372660303000032 52.460293982000053)","Unfall 233997 (2024) Kat:3, Licht: 0","233997","3","3","5","01","08","5","","0","1","1","0","0"
"POINT (13.577517959000033 52.455744579000054)","Unfall 233998 (2024) Kat:3, Licht: 2","233998","3","6","3","01","20","5","","2","1","1","0","0"
"POINT (13.305507520000049 52.435009860000036)","Unfall 233999 (2024) Kat:3, Licht: 0","233999","3","6","2","01","14","5","","0","0","1","0","0"
"POINT (13.476694838000071 52.476510164000047)","Unfall 234000 (2024) Kat:3, Licht: 2","234000","3","4","6","01","07","5","","2","0","1","1","0"
"POINT (13.575337818000037 52.453818979000062)","Unfall 234001 (2024) Kat:3, Licht: 2","234001","3","3","5","01","07","4","","2","0","1","0","0"