WKT,Name,OBJECTID,UKATEGORIE,UTYP1,UART,UMONAT,USTUNDE,UWOCHENTAG,STRZUSTAND,ULICHTVERH,ISTRAD,ISTPKW,ISTFUSS,ISTKRAD
"POINT (13.417026280000073 52.418220316000031)","Unfall 234002 (2024) Kat:3, Licht: 2","234002","3","2","6","01","19","4","","2","0","1","1","0"
"POINT (13.340064727000026 52.448111436000033)","Unfall 234003 (2024) Kat:3, Licht: 2","234003","3","2","5","01","19","4","","2","0","1","0","0"
"POINT (13.419167874000038 52.487480127000026)","Unfall 234004 (2024) Kat:3, Licht: 2","234004","3","6","2","01","17","4","","2","0","1","0","0"
"POINT (13.250811307000049 52.434839801000066)","Unfall 234005 (2024) Kat:3, Licht: 0","234005","3","3","5","01","15","4","","0","0","1","0","0"
"POINT (13.281181680000032 52.499554938000074)","Unfall 234006 (2024) Kat:3, Licht: 0","234006","3","6","3","01","15","4","","0","0","1","0","1"
"POINT (13.338278018000040 52.505088233000038)","Unfall 234007 (2024) Kat:3, Licht: 0","234007","3","7","1","01","12","4","","0","0","1","0","0"
"POINT (13.345704297000054 52.494247103000077)","Unfall 234008 (2024) Kat:2, Licht: 0","234008","2","2","6","01","12","4","","0","0","1","1","0"
"POINT (13.352046312000027 52.418428396000081)","Unfall 234009 (2024) Kat:2, Licht: 2","234009","2","3","5","01","21","4","","2","0","1","0","0"
"POINT (13.614535548000049 52.517405647000032)","Unfall 234010 (2024) Kat:3, Licht: 2","234010","3","4","6","01","20","4","","2","0","1","1","0"
"POINT (13.273230795000075 52.508435709000082)","Unfall 234011 (2024) Kat:3, Licht: 2","234011","3","4","6","01","17","4","","2","0","1","1","0"
"POINT (13.430808337000030 52.590238677000059)","Unfall 234012 (2024) Kat:3, Licht: 1","234012","3","6","2","01","16","4","","1","0","1","0","0"
"POINT (13.188711773000023 52.546513788000027)","Unfall 234013 (2024) Kat:3, Licht: 0","234013","3","3","5","01","13","4","","0","1","1","0","0"
"POINT (13.158946170000036 52.462855499000057)","Unfall 234014 (2024) Kat:2, Licht: 0","234014","2","6","2","01","10","4","","0","0","1","0","0"
"POINT (13.485831697000037 52.620797268000047)","Unfall 234015 (2024) Kat:2, Licht: 1","234015","2","4","6","01","07","4","","1","0","1","1","0"
"POINT (13.156236864000050 52.543464313000072)","Unfall 234016 (2024) Kat:3, Licht: 2","234016","3","2","5","01","07","4","","2","0","1","0","1"
"POINT (13.291548069000044 52.510472277000076)","Unfall 234017 (2024) Kat:3, Licht: 0","234017","3","2","5","01","12","4","","0","1","1","0","0"
"POINT (13.377264204000028 52.553634271000078)","Unfall 234018 (2024) Kat:3, Licht: 0","234018","3","3","5","01","07","4","","0","1","1","0","0"
"POINT (13.538649006000071 52.524639563000051)","Unfall 234019 (2024) Kat:3, Licht: 1","234019","3","3","5","01","07","4","","1","0","1","0","0"
"POINT (13.473347025000066 52.432539194000071)","Unfall 234020 (2024) Kat:3, Licht: 0","234020","3","2","6","01","07","4","","0","0","1","1","0"
"POINT (13.299730209000074 52.473407617000078)","Unfall 234021 (2024) Kat:2, Licht: 2","234021","2","2","6","01","18","4","","2","0","0","1","0"
"POINT (13.403171261000068 52.463429693000080)","Unfall 234022 (2024) Kat:2, Licht: 2","234022","2","3","5","01","18","4","","2","0","1","0","0"
"POINT (13.495278299000063 52.488591316000054)","Unfall 234023 (2024) Kat:3, Licht: 0","234023","3","7","1","01","15","4","","0","0","1","0","0"
"POINT (13.461453576000054 52.512140989000045)","Unfall 234024 (2024) Kat:3, Licht: 0","234024","3","3","5","01","15","4","","0","1","1","0","0"
"POINT (13.440301718000057 52.419348347000039)","Unfall 234025 (2024) Kat:3, Licht: 0","234025","3","3","5","01","14","4","","0","0","1","0","0"
"POINT (13.315047618000051 52.576345205000052)","Unfall 234026 (2024) Kat:3, Licht: 0","234026","3","5","1","01","13","4","","0","1","1","0","0"
"POINT (13.324699762000023 52.491367645000082)","Unfall 234027 (2024) Kat:2, Licht: 2","234027","2","3","0","01","18","4","","2","0","1","0","1"
"POINT (13.436748600000044 52.493660817000034)","Unfall 234028 (2024) Kat:3, Licht: 0","234028","3","4","6","02","14","5","","0","0","1","1","0"
"POINT (13.262742090000074 52.452316467000060)","Unfall 234029 (2024) Kat:3, Licht: 1","234029","3","2","6","01","08","4","","1","0","1","1","0"
"POINT (13.321971742000073 52.493116998000062)","Unfall 234030 (2024) Kat:3, Licht: 0","234030","3","3","5","01","14","4","","0","0","1","0","0"
"POINT (13.394055675000061 52.524691239000049)","Unfall 234031 (2024) Kat:3, Licht: 0","234031","3","6","6","01","13","4","","0","1","0","1","0"
"POINT (13.220228675000044 52.528179704000081)","Unfall 234032 (2024) Kat:3, Licht: 1","234032","3","6","2","01","07","4","","1","0","1","0","0"
"POINT (13.315588781000031 52.453386679000062)","Unfall 234033 (2024) Kat:3, Licht: 1","234033","3","2","5","01","07","4","","1","1","1","0","0"
"POINT (13.470508499000061 52.506416078000029)","Unfall 234034 (2024) Kat:3, Licht: 2","234034","3","7","5","01","07","4","","2","1","1","0","0"
"POINT (13.350579633000052 52.549423836000074)","Unfall 234035 (2024) Kat:3, Licht: 2","234035","3","2","6","01","06","4","","2","0","1","1","0"
"POINT (13.372174249000068 52.520921011000041)","Unfall 234036 (2024) Kat:3, Licht: 1","234036","3","3","5","01","16","3","","1","1","1","0","0"
"POINT (13.376845178000053 52.510731553000028)","Unfall 234037 (2024) Kat:3, Licht: 0","234037","3","2","5","01","16","3","","0","0","1","0","1"
"POINT (13.318603956000061 52.470888091000063)","Unfall 234038 (2024) Kat:3, Licht: 0","234038","3","3","5","01","10","3","","0","1","1","0","0"
"POINT (13.542866357000037 52.474520790000042)","Unfall 234039 (2024) Kat:2, Licht: 0","234039","2","6","4","01","10","3","","0","0","1","0","0"
"POINT (13.572061995000070 52.546353697000029)","Unfall 234040 (2024) Kat:3, Licht: 2","234040","3","6","2","01","19","3","","2","0","1","0","0"
"POINT (13.402880113000037 52.554549268000073)","Unfall 234041 (2024) Kat:3, Licht: 2","234041","3","3","5","01","19","3","","2","1","1","0","0"
"POINT (13.309643486000027 52.476547335000078)","Unfall 234042 (2024) Kat:3, Licht: 0","234042","3","7","1","01","14","3","","0","0","1","0","0"
"POINT (13.487558583000066 52.465979736000065)","Unfall 234043 (2024) Kat:3, Licht: 0","234043","3","4","6","01","11","3","","0","0","1","1","0"
"POINT (13.377108420000070 52.543624422000050)","Unfall 234044 (2024) Kat:3, Licht: 0","234044","3","2","5","01","08","3","","0","1","1","0","0"
"POINT (13.317475328000057 52.513888573000031)","Unfall 234045 (2024) Kat:3, Licht: 2","234045","3","1","0","01","20","3","","2","0","0","0","1"
"POINT (13.367095857000038 52.525632933000054)","Unfall 234046 (2024) Kat:3, Licht: 0","234046","3","6","2","01","13","3","","0","0","1","0","0"
"POINT (13.382288238000058 52.431018432000030)","Unfall 234047 (2024) Kat:3, Licht: 0","234047","3","2","2","02","13","2","","0","0","1","0","0"
"POINT (13.390087734000076 52.508578931000045)","Unfall 234048 (2024) Kat:3, Licht: 0","234048","3","3","5","01","12","3","","0","1","0","0","0"
"POINT (13.332784433000029 52.469024683000043)","Unfall 234049 (2024) Kat:3, Licht: 2","234049","3","2","5","01","20","2","","2","1","1","0","0"
"POINT (13.322598110000058 52.511251311000080)","Unfall 234050 (2024) Kat:3, Licht: 0","234050","3","3","5","01","09","2","","0","1","1","0","0"
"POINT (13.427632419000076 52.523056355000051)","Unfall 234051 (2024) Kat:3, Licht: 0","234051","3","4","6","01","08","2","","0","0","0","1","0"
"POINT (13.317703830000028 52.450322702000051)","Unfall 234052 (2024) Kat:2, Licht: 2","234052","2","5","1","01","07","2","","2","1","1","0","0"
"POINT (13.377158573000031 52.543663013000071)","Unfall 234053 (2024) Kat:2, Licht: 1","234053","2","3","0","01","07","2","","1","1","0","0","0"
"POINT (13.433604707000029 52.481978943000058)","Unfall 234054 (2024) Kat:3, Licht: 0","234054","3","4","6","01","14","2","","0","0","1","1","0"
"POINT (13.383732192000025 52.518051662000062)","Unfall 234055 (2024) Kat:3, Licht: 2","234055","3","3","0","01","17","2","","2","1","1","0","0"
"POINT (13.212573970000051 52.573259617000076)","Unfall 234056 (2024) Kat:3, Licht: 1","234056","3","1","0","01","16","2","","1","0","0","0","1"
"POINT (13.407760798000027 52.581844643000068)","Unfall 234057 (2024) Kat:3, Licht: 0","234057","3","3","5","01","18","2","","0","1","1","0","0"
"POINT (13.466873969000062 52.528393585000060)","Unfall 234058 (2024) Kat:3, Licht: 0","234058","3","3","5","01","14","2","","0","1","1","0","0"
"POINT (13.263664240000026 52.457308242000067)","Unfall 234059 (2024) Kat:3, Licht: 2","234059","3","5","1","01","18","2","","2","0","1","0","0"
"POINT (13.523471293000057 52.402112523000028)","Unfall 234060 (2024) Kat:3, Licht: 2","234060","3","4","6","01","17","2","","2","0","1","1","0"
"POINT (13.319906086000060 52.531378589000042)","Unfall 234061 (2024) Kat:3, Licht: 1","234061","3","5","1","01","07","2","","1","1","0","0","0"
"POINT (13.296508478000021 52.597503030000041)","Unfall 234062 (2024) Kat:3, Licht: 0","234062","3","7","1","01","11","2","","0","0","1","0","0"
"POINT (13.317459645000042 52.505736290000073)","Unfall 234063 (2024) Kat:3, Licht: 0","234063","3","7","2","01","10","2","","0","0","1","0","1"
"POINT (13.376578986000027 52.528694186000052)","Unfall 234064 (2024) Kat:3, Licht: 0","234064","3","1","0","01","10","2","","0","0","0","0","1"
"POINT (13.411134874000027 52.503516785000045)","Unfall 234065 (2024) Kat:3, Licht: 1","234065","3","1","0","01","08","2","","1","0","0","0","0"
"POINT (13.395451724000054 52.496865067000044)","Unfall 234066 (2024) Kat:3, Licht: 0","234066","3","7","6","01","08","2","","0","0","1","1","0"
"POINT (13.448062813000035 52.519313512000053)","Unfall 234067 (2024) Kat:3, Licht: 2","234067","3","6","0","01","20","2","","2","1","0","0","0"
"POINT (13.407179854000049 52.523395527000048)","Unfall 234068 (2024) Kat:3, Licht: 0","234068","3","2","5","01","09","2","","0","1","1","0","0"
"POINT (13.323863095000036 52.527912490000062)","Unfall 234069 (2024) Kat:2, Licht: 0","234069","2","2","5","01","08","2","","0","0","1","0","1"
"POINT (13.358631851000041 52.474445660000072)","Unfall 234070 (2024) Kat:3, Licht: 1","234070","3","3","5","01","15","2","","1","0","1","0","0"
"POINT (13.427762857000062 52.481093997000073)","Unfall 234071 (2024) Kat:3, Licht: 0","234071","3","3","5","01","09","2","","0","0","1","0","0"
"POINT (13.406227690000037 52.535187174000043)","Unfall 234072 (2024) Kat:3, Licht: 2","234072","3","5","1","01","20","2","","2","0","1","0","0"
"POINT (13.355281865000052 52.433658050000076)","Unfall 234073 (2024) Kat:3, Licht: 2","234073","3","5","0","01","19","2","","2","0","1","0","1"
"POINT (13.524462594000056 52.495742925000059)","Unfall 234074 (2024) Kat:3, Licht: 0","234074","3","6","2","01","15","2","","0","0","1","0","1"
"POINT (13.440169823000076 52.419425918000059)","Unfall 234075 (2024) Kat:3, Licht: 0","234075","3","3","5","01","14","2","","0","0","1","0","0"
"POINT (13.422764629000028 52.541455136000081)","Unfall 234076 (2024) Kat:3, Licht: 0","234076","3","2","0","01","13","2","","0","1","1","0","0"
"POINT (13.346283037000035 52.501082975000031)","Unfall 234077 (2024) Kat:3, Licht: 0","234077","3","2","5","01","11","2","","0","0","1","0","0"
"POINT (13.418359380000027 52.499988133000045)","Unfall 234078 (2024) Kat:3, Licht: 0","234078","3","7","2","01","09","2","","0","1","1","0","0"
"POINT (13.552205676000028 52.428165561000071)","Unfall 234079 (2024) Kat:2, Licht: 1","234079","2","2","5","01","07","2","","1","1","1","0","0"
"POINT (13.575161385000058 52.547042797000074)","Unfall 234080 (2024) Kat:3, Licht: 0","234080","3","7","5","01","13","1","","0","0","1","0","0"
"POINT (13.364492754000025 52.549648792000028)","Unfall 234081 (2024) Kat:3, Licht: 2","234081","3","2","6","01","21","1","","2","0","1","1","0"
"POINT (13.420745800000077 52.487263340000027)","Unfall 234082 (2024) Kat:3, Licht: 2","234082","3","5","1","01","20","1","","2","0","1","0","0"
"POINT (13.184723971000039 52.547591130000058)","Unfall 234083 (2024) Kat:3, Licht: 2","234083","3","2","5","01","18","1","","2","0","1","0","0"
"POINT (13.353917110000054 52.562089617000026)","Unfall 234084 (2024) Kat:3, Licht: 2","234084","3","2","5","01","16","1","","2","0","1","0","0"
"POINT (13.392906005000043 52.484275983000032)","Unfall 234085 (2024) Kat:3, Licht: 2","234085","3","1","8","01","04","1","","2","0","1","0","0"
"POINT (13.285059733000026 52.493050468000035)","Unfall 234086 (2024) Kat:2, Licht: 2","234086","2","4","6","01","23","1","","2","0","1","1","0"
"POINT (13.294530808000047 52.468294031000028)","Unfall 234087 (2024) Kat:3, Licht: 0","234087","3","3","5","01","11","7","","0","0","1","0","0"
"POINT (13.294261895000034 52.497697570000071)","Unfall 234088 (2024) Kat:3, Licht: 2","234088","3","2","5","01","21","7","","2","0","1","0","0"
"POINT (13.410317558000031 52.521668291000026)","Unfall 234089 (2024) Kat:3, Licht: 2","234089","3","6","6","01","19","7","","2","0","1","1","0"
"POINT (13.510527590000038 52.419365162000076)","Unfall 234090 (2024) Kat:3, Licht: 2","234090","3","2","6","01","18","7","","2","0","1","1","0"
"POINT (13.267576252000026 52.451190856000039)","Unfall 234091 (2024) Kat:3, Licht: 0","234091","3","5","1","01","15","7","","0","0","1","0","0"
"POINT (13.387771476000069 52.533259289000057)","Unfall 234092 (2024) Kat:3, Licht: 2","234092","3","6","2","01","23","7","","2","0","1","0","0"
"POINT (13.282843858000035 52.518644942000037)","Unfall 234093 (2024) Kat:3, Licht: 2","234093","3","3","5","01","23","7","","2","0","1","0","0"
"POINT (13.235893846000067 52.541873354000074)","Unfall 234094 (2024) Kat:3, Licht: 2","234094","3","6","2","01","17","7","","2","0","1","0","0"
"POINT (13.218553988000053 52.537361353000051)","Unfall 234095 (2024) Kat:3, Licht: 0","234095","3","6","2","01","13","7","","0","0","1","0","0"
"POINT (13.568177835000029 52.573663358000033)","Unfall 234096 (2024) Kat:3, Licht: 2","234096","3","6","2","01","21","7","","2","0","1","0","0"
"POINT (13.326099061000036 52.538377687000036)","Unfall 234097 (2024) Kat:3, Licht: 2","234097","3","2","5","01","21","7","","2","0","1","0","0"
"POINT (13.500795648000064 52.435250130000043)","Unfall 234098 (2024) Kat:3, Licht: 2","234098","3","2","5","01","17","7","","2","0","1","0","0"
"POINT (13.371398944000077 52.477863746000082)","Unfall 234099 (2024) Kat:3, Licht: 0","234099","3","5","1","01","13","7","","0","1","1","0","0"
"POINT (13.393761477000055 52.489195753000047)","Unfall 234100 (2024) Kat:3, Licht: 0","234100","3","2","3","01","12","7","","0","1","1","0","0"
"POINT (13.200743723000073 52.524502215000041)","Unfall 234101 (2024) Kat:3, Licht: 2","234101","3","5","1","01","01","7","","2","0","1","0","0"
"POINT (13.490188514000067 52.493497494000053)","Unfall 234102 (2024) Kat:3, Licht: 0","234102","3","7","5","01","12","6","","0","0","1","0","0"
"POINT (13.224771520000047 52.428669797000055)","Unfall 234103 (2024) Kat:3, Licht: 0","234103","3","3","5","01","12","1","","0","1","1","0","0"
"POINT (13.439086584000052 52.481451018000030)","Unfall 234104 (2024) Kat:3, Licht: 2","234104","3","6","2","01","19","6","","2","0","1","0","0"
"POINT (13.318724954000061 52.473762787000055)","Unfall 234105 (2024) Kat:3, Licht: 0","234105","3","1","0","01","15","6","","0","1","0","0","0"
"POINT (13.461275686000022 52.530255661000069)","Unfall 234106 (2024) Kat:3, Licht: 0","234106","3","7","6","01","14","6","","0","0","1","1","0"
"POINT (13.323571198000025 52.597755578000033)","Unfall 234107 (2024) Kat:3, Licht: 0","234107","3","3","5","01","11","6","","0","1","0","0","0"
"POINT (13.452443762000030 52.475519847000044)","Unfall 234108 (2024) Kat:3, Licht: 0","234108","3","6","3","01","10","6","","0","0","1","0","0"
"POINT (13.604225518000021 52.538817503000075)","Unfall 234109 (2024) Kat:3, Licht: 0","234109","3","4","6","01","10","6","","0","0","1","1","0"
"POINT (13.363094380000064 52.524519590000068)","Unfall 234110 (2024) Kat:3, Licht: 2","234110","3","6","2","01","17","5","","2","0","1","0","1"
"POINT (13.532328620000044 52.461698791000060)","Unfall 234111 (2024) Kat:3, Licht: 2","234111","3","3","5","01","05","6","","2","0","1","0","0"
"POINT (13.358952026000054 52.546350084000039)","Unfall 234112 (2024) Kat:3, Licht: 2","234112","3","2","6","01","20","6","","2","0","1","1","0"
"POINT (13.400666606000073 52.439833164000049)","Unfall 234113 (2024) Kat:3, Licht: 1","234113","3","6","2","01","16","6","","1","0","1","0","0"
"POINT (13.380478218000064 52.543632173000049)","Unfall 234114 (2024) Kat:2, Licht: 0","234114","2","6","2","01","12","6","","0","0","1","0","0"
"POINT (13.440747330000022 52.504718653000054)","Unfall 234115 (2024) Kat:3, Licht: 0","234115","3","2","6","01","11","6","","0","0","1","1","0"
"POINT (13.319072795000068 52.606798640000079)","Unfall 234116 (2024) Kat:3, Licht: 0","234116","3","5","1","01","07","6","","0","1","1","0","0"
"POINT (13.349157544000036 52.542310334000035)","Unfall 234117 (2024) Kat:2, Licht: 2","234117","2","4","6","01","06","6","","2","0","1","1","0"
"POINT (13.343288632000053 52.531801873000063)","Unfall 234118 (2024) Kat:3, Licht: 2","234118","3","2","5","01","20","6","","2","0","1","0","0"
"POINT (13.274557429000026 52.508010581000065)","Unfall 234119 (2024) Kat:3, Licht: 2","234119","3","2","5","01","19","6","","2","0","1","0","0"
"POINT (13.300235161000046 52.522067459000027)","Unfall 234120 (2024) Kat:2, Licht: 0","234120","2","6","3","01","13","6","","0","1","1","0","0"
"POINT (13.332402042000069 52.524215159000050)","Unfall 234121 (2024) Kat:3, Licht: 0","234121","3","7","5","01","14","6","","0","1","1","0","0"
"POINT (13.400091906000057 52.458900711000069)","Unfall 234122 (2024) Kat:3, Licht: 0","234122","3","6","2","01","11","6","","0","0","1","0","0"
"POINT (13.477235439000026 52.522987233000038)","Unfall 234123 (2024) Kat:3, Licht: 0","234123","3","2","5","01","10","6","","0","1","1","0","0"
"POINT (13.328406140000027 52.533204674000046)","Unfall 234124 (2024) Kat:3, Licht: 2","234124","3","6","2","01","18","6","","2","0","1","0","0"
"POINT (13.316243630000031 52.469922312000051)","Unfall 234125 (2024) Kat:3, Licht: 2","234125","3","2","5","01","23","6","","2","0","1","0","0"
"POINT (13.395204047000050 52.496222537000051)","Unfall 234126 (2024) Kat:3, Licht: 0","234126","3","3","5","01","14","6","","0","0","1","0","0"
"POINT (13.377045243000055 52.556477195000070)","Unfall 234127 (2024) Kat:3, Licht: 2","234127","3","2","5","01","21","5","","2","0","1","0","0"
"POINT (13.353948037000066 52.551480356000070)","Unfall 234128 (2024) Kat:3, Licht: 2","234128","3","7","5","01","17","5","","2","0","1","0","0"
"POINT (13.327690352000047 52.532832260000077)","Unfall 234129 (2024) Kat:3, Licht: 0","234129","3","5","1","01","13","5","","0","1","1","0","0"
"POINT (13.507231023000031 52.438503785000080)","Unfall 234130 (2024) Kat:2, Licht: 2","234130","2","4","6","01","18","5","","2","0","1","1","0"
"POINT (13.484507889000042 52.467394258000070)","Unfall 234131 (2024) Kat:3, Licht: 2","234131","3","2","5","01","17","5","","2","1","1","0","0"
"POINT (13.361237171000028 52.412605511000038)","Unfall 234132 (2024) Kat:2, Licht: 0","234132","2","2","6","01","11","5","","0","0","1","1","0"
"POINT (13.359269421000022 52.546384521000050)","Unfall 234133 (2024) Kat:3, Licht: 2","234133","3","6","2","01","17","5","","2","0","1","0","0"
"POINT (13.206560752000030 52.539104257000076)","Unfall 234134 (2024) Kat:3, Licht: 0","234134","3","6","0","01","15","5","","0","0","1","0","0"
"POINT (13.521723098000052 52.426705589000051)","Unfall 234135 (2024) Kat:3, Licht: 0","234135","3","6","3","01","14","5","","0","0","1","0","0"
"POINT (13.400886671000023 52.505685199000027)","Unfall 234136 (2024) Kat:3, Licht: 0","234136","3","3","5","01","08","5","","0","0","1","0","0"
"POINT (13.567942492000043 52.555968634000067)","Unfall 234137 (2024) Kat:3, Licht: 0","234137","3","6","2","01","08","5","","0","0","1","0","0"
"POINT (13.380573383000069 52.528374000000042)","Unfall 234138 (2024) Kat:3, Licht: 1","234138","3","3","5","01","07","5","","1","1","1","0","0"
"POINT (13.236919629000056 52.425426920000064)","Unfall 234139 (2024) Kat:2, Licht: 2","234139","2","1","8","01","22","4","","2","0","1","0","0"
"POINT (13.539656758000035 52.540062895000062)","Unfall 234140 (2024) Kat:3, Licht: 0","234140","3","6","3","02","07","6","","0","0","1","0","0"
"POINT (13.378535982000074 52.544784013000026)","Unfall 234141 (2024) Kat:3, Licht: 2","234141","3","2","5","01","19","4","","2","1","1","0","0"
"POINT (13.351640518000067 52.509618739000075)","Unfall 234142 (2024) Kat:3, Licht: 2","234142","3","2","0","01","22","4","","2","1","1","0","0"
"POINT (13.333642946000055 52.469842565000079)","Unfall 234143 (2024) Kat:3, Licht: 0","234143","3","4","6","01","12","4","","0","1","0","1","0"
"POINT (13.384703101000071 52.468591682000067)","Unfall 234144 (2024) Kat:2, Licht: 2","234144","2","5","1","01","17","4","","2","0","1","0","0"
"POINT (13.377001906000032 52.556643569000073)","Unfall 234145 (2024) Kat:3, Licht: 0","234145","3","7","5","01","14","7","","0","0","1","0","0"
"POINT (13.426488188000064 52.485455838000064)","Unfall 234146 (2024) Kat:2, Licht: 2","234146","2","4","6","01","17","4","","2","0","0","1","0"
"POINT (13.339744304000021 52.432837404000054)","Unfall 234147 (2024) Kat:3, Licht: 0","234147","3","4","6","01","15","4","","0","0","0","1","0"
"POINT (13.461689125000078 52.527822734000040)","Unfall 234148 (2024) Kat:3, Licht: 1","234148","3","6","0","01","15","4","","1","1","1","0","0"
"POINT (13.560201306000067 52.544917368000029)","Unfall 234149 (2024) Kat:3, Licht: 0","234149","3","1","8","01","08","4","","0","0","1","0","0"
"POINT (13.368024489000049 52.445620334000068)","Unfall 234150 (2024) Kat:3, Licht: 0","234150","3","7","2","01","08","4","","0","0","1","0","0"
"POINT (13.346273608000047 52.501075024000045)","Unfall 234151 (2024) Kat:3, Licht: 0","234151","3","2","5","01","12","4","","0","0","1","0","0"
"POINT (13.410531037000055 52.443322817000080)","Unfall 234152 (2024) Kat:2, Licht: 0","234152","2","2","6","01","11","4","","0","0","1","1","0"
"POINT (13.519138624000050 52.528917326000055)","Unfall 234153 (2024) Kat:2, Licht: 2","234153","2","4","6","01","17","4","","2","0","1","1","0"
"POINT (13.516537715000027 52.505535401000031)","Unfall 234154 (2024) Kat:3, Licht: 0","234154","3","3","5","01","10","4","","0","0","1","0","0"
"POINT (13.143032458000050 52.532579452000050)","Unfall 234155 (2024) Kat:3, Licht: 0","234155","3","6","2","01","12","4","","0","0","1","0","0"
"POINT (13.570396427000048 52.555689677000032)","Unfall 234156 (2024) Kat:3, Licht: 0","234156","3","3","0","01","13","4","","0","0","1","0","0"
"POINT (13.329246664000038 52.503139983000040)","Unfall 234157 (2024) Kat:3, Licht: 2","234157","3","4","6","01","00","4","","2","0","1","1","0"
"POINT (13.306450017000031 52.467646005000063)","Unfall 234158 (2024) Kat:3, Licht: 2","234158","3","1","1","01","00","4","","2","0","1","0","0"
"POINT (13.433306266000045 52.523103561000028)","Unfall 234159 (2024) Kat:3, Licht: 0","234159","3","2","5","01","10","3","","0","1","0","0","0"
"POINT (13.568260010000074 52.444893843000045)","Unfall 234160 (2024) Kat:3, Licht: 0","234160","3","4","6","01","13","3","","0","0","0","1","0"
"POINT (13.337927891000049 52.564412583000035)","Unfall 234161 (2024) Kat:3, Licht: 0","234161","3","7","5","01","13","3","","0","0","1","0","0"
"POINT (13.440041258000065 52.421912910000060)","Unfall 234162 (2024) Kat:3, Licht: 0","234162","3","6","2","01","12","3","","0","0","1","0","0"
"POINT (13.309394260000033 52.468708363000076)","Unfall 234163 (2024) Kat:3, Licht: 0","234163","3","3","5","01","11","3","","0","1","0","0","0"
"POINT (13.162057081000057 52.464665980000063)","Unfall 234164 (2024) Kat:2, Licht: 2","234164","2","1","4","01","05","3","","2","0","1","0","0"
"POINT (13.317238875000044 52.451380279000034)","Unfall 234165 (2024) Kat:3, Licht: 2","234165","3","6","2","01","18","3","","2","0","1","0","0"
"POINT (13.403093372000058 52.524589852000076)","Unfall 234166 (2024) Kat:3, Licht: 0","234166","3","4","6","01","15","3","","0","1","0","1","0"
"POINT (13.591722095000023 52.529321955000057)","Unfall 234167 (2024) Kat:3, Licht: 1","234167","3","3","5","01","07","3","","1","0","1","0","0"
"POINT (13.252902318000054 52.537835117000043)","Unfall 234168 (2024) Kat:2, Licht: 2","234168","2","5","1","01","02","3","","2","0","1","0","0"
"POINT (13.556246062000071 52.570538129000056)","Unfall 234169 (2024) Kat:3, Licht: 1","234169","3","4","6","01","07","3","","1","0","0","1","0"
"POINT (13.361205246000054 52.489933630000053)","Unfall 234170 (2024) Kat:3, Licht: 0","234170","3","5","5","01","09","7","","0","0","1","0","1"
"POINT (13.371564384000067 52.511180676000038)","Unfall 234171 (2024) Kat:3, Licht: 2","234171","3","6","2","01","18","3","","2","0","1","0","0"
"POINT (13.487015913000050 52.617462195000030)","Unfall 234172 (2024) Kat:2, Licht: 2","234172","2","4","6","01","18","3","","2","0","1","1","0"
"POINT (13.356155624000053 52.559591350000062)","Unfall 234173 (2024) Kat:3, Licht: 0","234173","3","7","3","01","13","3","","0","0","1","0","0"
"POINT (13.369871378000028 52.455756397000073)","Unfall 234174 (2024) Kat:3, Licht: 0","234174","3","1","0","01","08","3","","0","0","0","0","1"
"POINT (13.500918371000068 52.632214265000073)","Unfall 234175 (2024) Kat:3, Licht: 0","234175","3","7","6","01","08","2","","0","0","1","1","0"
"POINT (13.313616648000050 52.515358833000050)","Unfall 234176 (2024) Kat:3, Licht: 2","234176","3","2","6","01","17","2","","2","0","1","1","0"
"POINT (13.393873929000051 52.489554102000056)","Unfall 234177 (2024) Kat:3, Licht: 2","234177","3","6","2","01","17","2","","2","0","1","0","0"
"POINT (13.369904849000022 52.589357357000040)","Unfall 234178 (2024) Kat:3, Licht: 1","234178","3","2","5","01","16","2","","1","1","1","0","0"
"POINT (13.326150875000053 52.561921469000026)","Unfall 234179 (2024) Kat:3, Licht: 0","234179","3","6","2","01","15","2","","0","0","1","0","0"
"POINT (13.362845583000023 52.566616250000038)","Unfall 234180 (2024) Kat:3, Licht: 0","234180","3","4","6","01","09","2","","0","0","0","1","1"
"POINT (13.496662685000047 52.415790351000055)","Unfall 234181 (2024) Kat:3, Licht: 2","234181","3","3","5","01","05","2","","2","0","1","0","0"
"POINT (13.574408196000036 52.552258843000061)","Unfall 234182 (2024) Kat:3, Licht: 2","234182","3","3","5","01","19","2","","2","1","1","0","0"
"POINT (13.571877729000050 52.546304737000071)","Unfall 234183 (2024) Kat:3, Licht: 2","234183","3","6","2","01","19","2","","2","0","1","0","0"
"POINT (13.395185649000041 52.517104974000063)","Unfall 234184 (2024) Kat:2, Licht: 2","234184","2","4","6","01","18","2","","2","0","1","1","0"
"POINT (13.414063201000033 52.500420032000079)","Unfall 234185 (2024) Kat:3, Licht: 1","234185","3","3","5","01","07","2","","1","1","1","0","0"
"POINT (13.394126631000063 52.426647145000061)","Unfall 234186 (2024) Kat:3, Licht: 2","234186","3","2","6","01","17","2","","2","0","1","1","0"
"POINT (13.455404374000068 52.423184224000067)","Unfall 234187 (2024) Kat:3, Licht: 2","234187","3","4","6","01","17","2","","2","0","1","1","0"
"POINT (13.487049038000066 52.422824664000075)","Unfall 234188 (2024) Kat:3, Licht: 2","234188","3","6","4","01","17","2","","2","0","1","0","0"