WKT,Name,OBJECTID,UKATEGORIE,UTYP1,UART,UMONAT,USTUNDE,UWOCHENTAG,STRZUSTAND,ULICHTVERH,ISTRAD,ISTPKW,ISTFUSS,ISTKRAD
"POINT (13.380469037000069 52.528367659000082)","Unfall 234189 (2024) Kat:3, Licht: 0","234189","3","6","2","01","12","2","","0","0","1","0","0"
"POINT (13.491845981000040 52.511848941000039)","Unfall 234190 (2024) Kat:3, Licht: 0","234190","3","3","5","01","09","2","","0","0","1","0","0"
"POINT (13.539240427000038 52.534479445000045)","Unfall 234191 (2024) Kat:2, Licht: 2","234191","2","4","6","01","07","2","","2","0","1","1","0"
"POINT (13.131730302000051 52.391765909000071)","Unfall 234192 (2024) Kat:3, Licht: 2","234192","3","2","6","01","18","2","","2","0","1","1","0"
"POINT (13.309542643000043 52.478496738000047)","Unfall 234193 (2024) Kat:3, Licht: 0","234193","3","2","6","02","07","2","","0","0","1","1","0"
"POINT (13.315554959000053 52.458801873000027)","Unfall 234194 (2024) Kat:3, Licht: 2","234194","3","2","6","01","17","2","","2","0","1","1","0"
"POINT (13.422005312000067 52.462501610000061)","Unfall 234195 (2024) Kat:3, Licht: 0","234195","3","2","3","01","15","2","","0","1","1","0","0"
"POINT (13.344973362000076 52.491283623000072)","Unfall 234196 (2024) Kat:3, Licht: 0","234196","3","7","5","01","08","2","","0","0","1","0","1"
"POINT (13.300975711000035 52.448161524000056)","Unfall 234197 (2024) Kat:3, Licht: 0","234197","3","3","5","01","08","2","","0","0","1","0","0"
"POINT (13.384232096000062 52.509929210000053)","Unfall 234198 (2024) Kat:3, Licht: 1","234198","3","2","6","01","07","2","","1","0","1","1","0"
"POINT (13.524812166000061 52.555306696000059)","Unfall 234199 (2024) Kat:3, Licht: 2","234199","3","7","6","01","04","2","","2","1","0","1","0"
"POINT (13.574605203000033 52.425307749000069)","Unfall 234200 (2024) Kat:3, Licht: 2","234200","3","7","6","01","04","2","","2","0","0","1","0"
"POINT (13.325335816000063 52.461778557000059)","Unfall 234201 (2024) Kat:3, Licht: 2","234201","3","3","5","02","17","7","","2","0","1","0","0"
"POINT (13.386325117000069 52.501275790000079)","Unfall 234202 (2024) Kat:3, Licht: 2","234202","3","4","6","01","23","1","","2","0","1","1","0"
"POINT (13.300503816000059 52.500198575000070)","Unfall 234203 (2024) Kat:3, Licht: 0","234203","3","5","1","01","15","1","","0","1","1","0","0"
"POINT (13.465744583000060 52.557402440000033)","Unfall 234204 (2024) Kat:3, Licht: 0","234204","3","1","0","02","11","3","","0","0","0","0","0"
"POINT (13.348502310000072 52.541701536000062)","Unfall 234205 (2024) Kat:2, Licht: 0","234205","2","4","6","01","14","1","","0","0","1","1","0"
"POINT (13.410691599000074 52.552296849000072)","Unfall 234206 (2024) Kat:3, Licht: 2","234206","3","3","5","01","00","1","","2","0","1","0","0"
"POINT (13.180823110000063 52.537764319000075)","Unfall 234207 (2024) Kat:2, Licht: 2","234207","2","4","6","01","00","1","","2","0","1","1","0"
"POINT (13.430324853000059 52.485995448000040)","Unfall 234208 (2024) Kat:2, Licht: 2","234208","2","2","6","01","20","1","","2","0","1","1","0"
"POINT (13.430160372000046 52.588465617000054)","Unfall 234209 (2024) Kat:2, Licht: 2","234209","2","1","8","01","19","1","","2","0","1","1","0"
"POINT (13.294971585000042 52.506707722000044)","Unfall 234210 (2024) Kat:2, Licht: 2","234210","2","2","6","01","18","1","","2","0","1","1","0"
"POINT (13.328461341000036 52.465032050000048)","Unfall 234211 (2024) Kat:3, Licht: 1","234211","3","1","0","01","15","1","","1","0","0","0","1"
"POINT (13.454350386000044 52.540165125000044)","Unfall 234212 (2024) Kat:3, Licht: 0","234212","3","3","5","01","12","1","","0","1","1","0","0"
"POINT (13.437518443000044 52.452654967000058)","Unfall 234213 (2024) Kat:3, Licht: 2","234213","3","1","9","01","04","1","","2","0","1","0","0"
"POINT (13.591944418000026 52.529795273000047)","Unfall 234214 (2024) Kat:3, Licht: 2","234214","3","7","6","01","05","1","","2","0","1","1","0"
"POINT (13.386170307000043 52.558663938000052)","Unfall 234215 (2024) Kat:2, Licht: 2","234215","2","3","5","01","01","1","","2","0","1","0","0"
"POINT (13.478258605000065 52.537634672000081)","Unfall 234216 (2024) Kat:3, Licht: 2","234216","3","1","0","01","01","1","","2","0","0","0","1"
"POINT (13.441139294000038 52.549440584000081)","Unfall 234217 (2024) Kat:3, Licht: 0","234217","3","6","2","01","15","7","","0","0","1","0","0"
"POINT (13.367473146000066 52.525748153000052)","Unfall 234218 (2024) Kat:3, Licht: 2","234218","3","4","6","01","23","7","","2","0","1","1","0"
"POINT (13.406852222000055 52.498697466000067)","Unfall 234219 (2024) Kat:2, Licht: 2","234219","2","4","6","01","23","7","","2","0","1","1","0"
"POINT (13.441690970000025 52.469487494000077)","Unfall 234220 (2024) Kat:3, Licht: 2","234220","3","6","2","01","18","7","","2","0","1","0","0"
"POINT (13.657726880000041 52.406321487000071)","Unfall 234221 (2024) Kat:3, Licht: 2","234221","3","1","9","01","18","7","","2","0","1","0","0"
"POINT (13.508405925000034 52.549995558000035)","Unfall 234222 (2024) Kat:3, Licht: 2","234222","3","3","5","01","18","7","","2","0","1","0","0"
"POINT (13.504131583000060 52.552612171000078)","Unfall 234223 (2024) Kat:3, Licht: 1","234223","3","4","6","01","16","7","","1","0","1","1","0"
"POINT (13.489803008000024 52.420048559000065)","Unfall 234224 (2024) Kat:3, Licht: 0","234224","3","3","5","01","15","7","","0","0","1","0","0"
"POINT (13.457690337000031 52.528882701000043)","Unfall 234225 (2024) Kat:3, Licht: 0","234225","3","2","2","01","13","7","","0","0","1","0","0"
"POINT (13.370635844000049 52.466122899000027)","Unfall 234226 (2024) Kat:2, Licht: 2","234226","2","6","3","01","20","7","","2","1","1","0","0"
"POINT (13.398389014000031 52.592443096000068)","Unfall 234227 (2024) Kat:3, Licht: 0","234227","3","3","5","02","13","3","","0","0","1","0","0"
"POINT (13.331242828000029 52.487313717000063)","Unfall 234228 (2024) Kat:3, Licht: 2","234228","3","7","5","01","18","7","","2","0","1","0","0"
"POINT (13.232173899000031 52.540723327000080)","Unfall 234229 (2024) Kat:3, Licht: 0","234229","3","6","0","01","12","7","","0","0","1","0","1"
"POINT (13.342010263000077 52.434132043000034)","Unfall 234230 (2024) Kat:2, Licht: 0","234230","2","6","4","01","08","7","","0","0","1","0","0"
"POINT (13.379471847000048 52.445429696000076)","Unfall 234231 (2024) Kat:2, Licht: 2","234231","2","4","6","01","19","7","","2","0","1","1","0"
"POINT (13.317823081000029 52.501273907000041)","Unfall 234232 (2024) Kat:3, Licht: 2","234232","3","6","0","01","19","7","","2","0","1","0","0"
"POINT (13.162617738000051 52.594963913000072)","Unfall 234233 (2024) Kat:3, Licht: 2","234233","3","1","8","01","06","7","","2","0","1","0","0"
"POINT (13.345506757000067 52.531218912000043)","Unfall 234234 (2024) Kat:3, Licht: 2","234234","3","2","6","01","17","7","","2","0","1","1","0"
"POINT (13.580987979000042 52.416944599000033)","Unfall 234235 (2024) Kat:3, Licht: 1","234235","3","6","2","01","17","7","","1","0","1","0","0"
"POINT (13.289240972000073 52.466484172000037)","Unfall 234236 (2024) Kat:3, Licht: 0","234236","3","1","8","01","14","7","","0","0","1","0","0"
"POINT (13.414553419000072 52.553881051000076)","Unfall 234237 (2024) Kat:2, Licht: 2","234237","2","6","2","01","03","7","","2","0","1","0","0"
"POINT (13.313886331000049 52.490390189000038)","Unfall 234238 (2024) Kat:3, Licht: 2","234238","3","2","6","01","01","7","","2","0","1","1","0"
"POINT (13.494330658000024 52.559335467000039)","Unfall 234239 (2024) Kat:3, Licht: 2","234239","3","7","2","01","23","6","","2","0","1","0","0"
"POINT (13.386247991000062 52.490076572000078)","Unfall 234240 (2024) Kat:3, Licht: 2","234240","3","2","6","01","22","6","","2","0","1","1","0"
"POINT (13.322492928000031 52.456513361000077)","Unfall 234241 (2024) Kat:3, Licht: 2","234241","3","2","6","01","18","6","","2","0","1","1","0"
"POINT (13.440654085000062 52.546633242000041)","Unfall 234242 (2024) Kat:3, Licht: 0","234242","3","5","1","01","15","6","","0","1","1","0","0"
"POINT (13.326249140000073 52.538006276000033)","Unfall 234243 (2024) Kat:3, Licht: 0","234243","3","3","5","01","14","6","","0","0","1","0","0"
"POINT (13.550041878000059 52.542996941000069)","Unfall 234244 (2024) Kat:3, Licht: 0","234244","3","3","5","01","13","6","","0","0","1","0","0"
"POINT (13.481744666000054 52.460745985000074)","Unfall 234245 (2024) Kat:3, Licht: 0","234245","3","6","2","01","12","6","","0","0","1","0","0"
"POINT (13.370500403000051 52.468988767000042)","Unfall 234246 (2024) Kat:3, Licht: 0","234246","3","3","5","01","12","6","","0","0","1","0","0"
"POINT (13.313464229000033 52.611718172000053)","Unfall 234247 (2024) Kat:3, Licht: 2","234247","3","1","1","01","06","6","","2","0","1","0","0"
"POINT (13.296256722000066 52.497899671000027)","Unfall 234248 (2024) Kat:3, Licht: 0","234248","3","2","2","01","10","6","","0","0","1","0","0"
"POINT (13.361188176000041 52.561898700000029)","Unfall 234249 (2024) Kat:3, Licht: 0","234249","3","1","8","01","09","6","","0","0","1","0","0"
"POINT (13.477896889000021 52.571884757000078)","Unfall 234250 (2024) Kat:3, Licht: 2","234250","3","1","9","01","05","6","","2","0","1","0","0"
"POINT (13.184710648000078 52.515490663000037)","Unfall 234251 (2024) Kat:3, Licht: 0","234251","3","6","2","01","12","6","","0","0","1","0","0"
"POINT (13.350798353000073 52.504410230000076)","Unfall 234252 (2024) Kat:3, Licht: 0","234252","3","3","0","01","11","5","","0","1","1","0","0"
"POINT (13.281315469000049 52.593935424000051)","Unfall 234253 (2024) Kat:3, Licht: 0","234253","3","1","0","01","15","5","","0","1","0","0","0"
"POINT (13.433236081000075 52.552956043000052)","Unfall 234254 (2024) Kat:3, Licht: 0","234254","3","2","5","01","11","5","","0","0","1","0","0"
"POINT (13.394394060000025 52.501117702000045)","Unfall 234255 (2024) Kat:3, Licht: 2","234255","3","2","5","01","18","5","","2","0","1","0","0"
"POINT (13.459193318000075 52.444639613000049)","Unfall 234256 (2024) Kat:3, Licht: 0","234256","3","1","0","01","08","2","","0","0","1","0","1"
"POINT (13.369888550000042 52.542878777000055)","Unfall 234257 (2024) Kat:3, Licht: 0","234257","3","6","2","01","14","4","","0","0","1","0","0"
"POINT (13.466053851000026 52.496876719000056)","Unfall 234258 (2024) Kat:3, Licht: 2","234258","3","2","3","01","18","5","","2","1","1","0","0"
"POINT (13.487343150000072 52.435224709000067)","Unfall 234259 (2024) Kat:3, Licht: 2","234259","3","5","1","01","17","5","","2","0","1","0","0"
"POINT (13.415690605000066 52.605083257000047)","Unfall 234260 (2024) Kat:3, Licht: 2","234260","3","1","1","01","05","5","","2","0","1","0","0"
"POINT (13.550109076000069 52.550148592000028)","Unfall 234261 (2024) Kat:3, Licht: 0","234261","3","4","6","01","07","5","","0","0","1","1","0"
"POINT (13.434750429000076 52.422906777000037)","Unfall 234262 (2024) Kat:3, Licht: 2","234262","3","6","2","01","15","5","","2","0","1","0","0"
"POINT (13.667187902000023 52.414873316000069)","Unfall 234263 (2024) Kat:3, Licht: 0","234263","3","4","6","01","14","5","","0","0","1","1","0"
"POINT (13.307781871000032 52.488594095000053)","Unfall 234264 (2024) Kat:3, Licht: 1","234264","3","2","6","01","07","5","","1","0","1","1","0"
"POINT (13.319796291000046 52.452641610000057)","Unfall 234265 (2024) Kat:3, Licht: 2","234265","3","2","6","01","18","5","","2","0","1","1","0"
"POINT (13.511997265000048 52.470705117000080)","Unfall 234266 (2024) Kat:3, Licht: 1","234266","3","3","5","02","15","6","","1","1","1","0","0"
"POINT (13.290388591000067 52.427680747000068)","Unfall 234267 (2024) Kat:3, Licht: 0","234267","3","6","4","01","16","5","","0","0","1","0","0"
"POINT (13.185518879000028 52.537933068000029)","Unfall 234268 (2024) Kat:3, Licht: 0","234268","3","4","6","02","10","2","","0","0","0","1","0"
"POINT (13.357641095000076 52.536069221000048)","Unfall 234269 (2024) Kat:3, Licht: 1","234269","3","1","2","01","16","5","","1","0","1","0","0"
"POINT (13.307363158000044 52.627145063000057)","Unfall 234270 (2024) Kat:3, Licht: 2","234270","3","3","5","01","19","5","","2","0","1","0","0"
"POINT (13.330700617000048 52.499417749000031)","Unfall 234271 (2024) Kat:3, Licht: 2","234271","3","4","6","01","17","5","","2","0","1","1","0"
"POINT (13.574577913000041 52.405492512000080)","Unfall 234272 (2024) Kat:3, Licht: 1","234272","3","4","6","01","07","5","","1","0","1","1","0"
"POINT (13.378320128000041 52.544560975000081)","Unfall 234273 (2024) Kat:1, Licht: 2","234273","1","4","6","01","18","5","","2","0","1","1","0"
"POINT (13.322041267000031 52.503377951000061)","Unfall 234274 (2024) Kat:3, Licht: 0","234274","3","2","5","01","11","4","","0","1","1","0","0"
"POINT (13.360396140000034 52.490385559000060)","Unfall 234275 (2024) Kat:3, Licht: 2","234275","3","2","5","01","19","4","","2","1","1","0","0"
"POINT (13.303926023000031 52.415916559000038)","Unfall 234276 (2024) Kat:2, Licht: 0","234276","2","3","5","01","14","4","","0","1","1","0","0"
"POINT (13.330825731000061 52.500464557000043)","Unfall 234277 (2024) Kat:2, Licht: 0","234277","2","7","5","01","14","4","","0","0","1","0","1"
"POINT (13.175664967000046 52.517286555000055)","Unfall 234278 (2024) Kat:3, Licht: 0","234278","3","3","5","01","10","4","","0","0","1","0","0"
"POINT (13.430332543000077 52.550934558000051)","Unfall 234279 (2024) Kat:3, Licht: 0","234279","3","2","6","01","08","4","","0","0","1","1","0"
"POINT (13.400777074000075 52.414501395000059)","Unfall 234280 (2024) Kat:2, Licht: 0","234280","2","7","0","01","08","4","","0","0","1","0","0"
"POINT (13.133702725000035 52.461662784000055)","Unfall 234281 (2024) Kat:3, Licht: 1","234281","3","4","0","01","06","4","","1","0","0","1","0"
"POINT (13.452728912000055 52.548817149000058)","Unfall 234282 (2024) Kat:3, Licht: 2","234282","3","4","6","01","06","4","","2","0","1","1","0"
"POINT (13.308568021000042 52.495333802000061)","Unfall 234283 (2024) Kat:3, Licht: 0","234283","3","3","5","02","16","1","","0","0","1","0","0"
"POINT (13.397592827000040 52.495240346000060)","Unfall 234284 (2024) Kat:3, Licht: 2","234284","3","2","5","01","23","4","","2","0","1","0","0"
"POINT (13.337976496000067 52.466976183000043)","Unfall 234285 (2024) Kat:3, Licht: 2","234285","3","2","5","01","17","4","","2","0","1","0","0"
"POINT (13.524786926000047 52.564750942000046)","Unfall 234286 (2024) Kat:3, Licht: 2","234286","3","4","6","01","16","4","","2","0","1","1","0"
"POINT (13.226177222000047 52.556469960000072)","Unfall 234287 (2024) Kat:3, Licht: 2","234287","3","2","2","01","21","4","","2","0","1","0","0"
"POINT (13.378648017000046 52.544814542000040)","Unfall 234288 (2024) Kat:3, Licht: 2","234288","3","2","6","01","21","4","","2","0","1","1","0"
"POINT (13.307445112000039 52.440363111000067)","Unfall 234289 (2024) Kat:3, Licht: 0","234289","3","3","5","01","12","4","","0","0","1","0","0"
"POINT (13.213280980000036 52.561863564000078)","Unfall 234290 (2024) Kat:2, Licht: 0","234290","2","7","0","01","15","4","","0","1","0","0","0"
"POINT (13.546513382000057 52.548398975000055)","Unfall 234291 (2024) Kat:3, Licht: 0","234291","3","3","5","01","15","4","","0","1","1","0","0"
"POINT (13.309697442000072 52.431350862000045)","Unfall 234292 (2024) Kat:3, Licht: 0","234292","3","2","5","01","09","4","","0","0","1","0","0"
"POINT (13.188516830000026 52.420852045000061)","Unfall 234293 (2024) Kat:3, Licht: 0","234293","3","2","6","01","07","4","","0","0","1","1","0"
"POINT (13.272638457000028 52.539395060000061)","Unfall 234294 (2024) Kat:3, Licht: 0","234294","3","3","5","01","09","5","","0","1","1","0","0"
"POINT (13.563120383000069 52.445944004000069)","Unfall 234295 (2024) Kat:3, Licht: 2","234295","3","4","6","01","18","4","","2","1","0","1","0"
"POINT (13.428874060000055 52.508786917000066)","Unfall 234296 (2024) Kat:3, Licht: 2","234296","3","2","5","01","18","4","","2","1","1","0","0"
"POINT (13.492725289000077 52.419901478000043)","Unfall 234297 (2024) Kat:3, Licht: 0","234297","3","4","6","01","14","4","","0","0","0","1","0"
"POINT (13.323678199000028 52.445298699000034)","Unfall 234298 (2024) Kat:3, Licht: 0","234298","3","4","6","01","14","4","","0","0","1","1","0"
"POINT (13.335220430000049 52.460123341000042)","Unfall 234299 (2024) Kat:3, Licht: 0","234299","3","3","5","01","14","4","","0","0","1","0","0"
"POINT (13.488188928000056 52.413348512000027)","Unfall 234300 (2024) Kat:3, Licht: 2","234300","3","3","0","01","05","4","","2","1","1","0","0"
"POINT (13.509234453000033 52.546485821000033)","Unfall 234301 (2024) Kat:3, Licht: 0","234301","3","3","5","01","10","4","","0","0","0","0","0"
"POINT (13.422295677000022 52.555081192000046)","Unfall 234302 (2024) Kat:3, Licht: 0","234302","3","3","5","01","08","4","","0","0","1","0","0"
"POINT (13.349689382000065 52.524539793000031)","Unfall 234303 (2024) Kat:3, Licht: 0","234303","3","6","0","01","15","3","","0","0","1","0","0"
"POINT (13.293331259000070 52.445924743000035)","Unfall 234304 (2024) Kat:3, Licht: 0","234304","3","6","1","01","12","3","","0","1","1","0","0"
"POINT (13.394185118000053 52.540489146000027)","Unfall 234305 (2024) Kat:3, Licht: 2","234305","3","6","3","01","17","3","","2","0","1","0","0"
"POINT (13.334517735000077 52.502718543000071)","Unfall 234306 (2024) Kat:3, Licht: 2","234306","3","7","0","01","21","3","","2","0","1","0","0"
"POINT (13.333140912000033 52.578916755000080)","Unfall 234307 (2024) Kat:3, Licht: 0","234307","3","7","0","01","13","3","","0","0","1","0","0"
"POINT (13.379222941000023 52.429535634000047)","Unfall 234308 (2024) Kat:3, Licht: 0","234308","3","6","4","01","11","3","","0","0","1","0","0"
"POINT (13.321479837000027 52.462587453000026)","Unfall 234309 (2024) Kat:3, Licht: 0","234309","3","7","5","01","12","3","","0","0","1","0","0"
"POINT (13.437595494000050 52.455082068000081)","Unfall 234310 (2024) Kat:3, Licht: 0","234310","3","2","5","01","10","3","","0","0","1","0","0"
"POINT (13.473257127000068 52.422429016000081)","Unfall 234311 (2024) Kat:3, Licht: 0","234311","3","5","1","01","10","3","","0","1","1","0","0"
"POINT (13.487417341000025 52.533790192000026)","Unfall 234312 (2024) Kat:3, Licht: 0","234312","3","6","2","01","15","6","","0","0","1","0","0"
"POINT (13.429715455000064 52.521087261000048)","Unfall 234313 (2024) Kat:3, Licht: 0","234313","3","3","5","01","09","3","","0","1","1","0","0"
"POINT (13.270055378000052 52.510683989000029)","Unfall 234314 (2024) Kat:3, Licht: 0","234314","3","6","2","01","09","3","","0","0","1","0","0"
"POINT (13.178151839000066 52.548913680000055)","Unfall 234315 (2024) Kat:3, Licht: 2","234315","3","2","6","01","06","3","","2","0","1","1","0"
"POINT (13.176667633000022 52.539624082000046)","Unfall 234316 (2024) Kat:3, Licht: 2","234316","3","1","1","01","06","3","","2","0","1","0","0"
"POINT (13.327849705000062 52.428597428000046)","Unfall 234317 (2024) Kat:2, Licht: 2","234317","2","4","6","01","06","3","","2","0","1","1","0"
"POINT (13.294430554000030 52.576527945000066)","Unfall 234318 (2024) Kat:3, Licht: 2","234318","3","6","2","01","22","3","","2","0","1","0","0"
"POINT (13.299787177000042 52.526167782000073)","Unfall 234319 (2024) Kat:3, Licht: 1","234319","3","5","0","01","17","3","","1","0","1","0","1"
"POINT (13.380295469000032 52.405986020000057)","Unfall 234320 (2024) Kat:3, Licht: 1","234320","3","3","5","01","15","3","","1","0","1","0","0"
"POINT (13.409851361000051 52.538683042000059)","Unfall 234321 (2024) Kat:3, Licht: 0","234321","3","6","2","01","12","3","","0","0","1","0","1"
"POINT (13.232174135000037 52.540721440000027)","Unfall 234322 (2024) Kat:3, Licht: 0","234322","3","2","5","01","09","3","","0","1","1","0","0"
"POINT (13.398617134000062 52.532557600000075)","Unfall 234323 (2024) Kat:3, Licht: 2","234323","3","1","0","01","00","3","","2","1","0","0","0"
"POINT (13.344027596000046 52.438547977000042)","Unfall 234324 (2024) Kat:3, Licht: 1","234324","3","4","6","01","17","2","","1","0","0","1","0"
"POINT (13.335868201000039 52.513858286000072)","Unfall 234325 (2024) Kat:3, Licht: 0","234325","3","6","2","01","15","2","","0","0","1","0","0"
"POINT (13.293606780000061 52.484225822000042)","Unfall 234326 (2024) Kat:3, Licht: 2","234326","3","3","5","01","17","2","","2","0","1","0","0"
"POINT (13.147989061000033 52.532645310000078)","Unfall 234327 (2024) Kat:3, Licht: 0","234327","3","6","3","01","13","2","","0","0","1","0","0"
"POINT (13.207332955000027 52.528941676000045)","Unfall 234328 (2024) Kat:3, Licht: 2","234328","3","2","5","01","06","2","","2","1","1","0","0"
"POINT (13.376557735000063 52.598350936000031)","Unfall 234329 (2024) Kat:3, Licht: 0","234329","3","2","5","01","12","2","","0","1","1","0","0"
"POINT (13.247120411000026 52.524471536000078)","Unfall 234330 (2024) Kat:3, Licht: 0","234330","3","6","2","01","12","2","","0","0","1","0","0"
"POINT (13.694939406000060 52.438015692000079)","Unfall 234331 (2024) Kat:3, Licht: 0","234331","3","7","0","01","15","3","","0","1","0","0","0"
"POINT (13.303078519000053 52.505530172000078)","Unfall 234332 (2024) Kat:3, Licht: 2","234332","3","2","5","01","17","2","","2","0","1","0","0"
"POINT (13.404780505000076 52.527555771000038)","Unfall 234333 (2024) Kat:3, Licht: 0","234333","3","3","5","01","11","2","","0","0","1","0","0"
"POINT (13.176944528000035 52.553780961000029)","Unfall 234334 (2024) Kat:3, Licht: 0","234334","3","6","2","01","11","2","","0","0","1","0","0"
"POINT (13.333569423000029 52.453100074000076)","Unfall 234335 (2024) Kat:3, Licht: 0","234335","3","7","1","01","09","2","","0","0","1","0","0"
"POINT (13.422742292000066 52.541400094000039)","Unfall 234336 (2024) Kat:3, Licht: 2","234336","3","3","5","01","00","2","","2","0","1","0","0"
"POINT (13.572415271000068 52.565065256000082)","Unfall 234337 (2024) Kat:3, Licht: 2","234337","3","4","6","01","16","2","","2","0","1","1","0"
"POINT (13.297431531000029 52.436596282000039)","Unfall 234338 (2024) Kat:2, Licht: 1","234338","2","3","5","01","15","2","","1","1","1","0","0"
"POINT (13.296073295000042 52.497870436000028)","Unfall 234339 (2024) Kat:3, Licht: 0","234339","3","2","5","01","15","2","","0","1","1","0","0"
"POINT (13.410319210000068 52.503777776000049)","Unfall 234340 (2024) Kat:3, Licht: 0","234340","3","3","5","01","14","2","","0","1","1","0","0"
"POINT (13.336142974000040 52.514352042000041)","Unfall 234341 (2024) Kat:3, Licht: 0","234341","3","6","2","01","14","2","","0","0","1","0","0"
"POINT (13.389855152000052 52.510608784000055)","Unfall 234342 (2024) Kat:3, Licht: 2","234342","3","6","3","01","06","2","","2","1","0","0","0"
"POINT (13.354813680000063 52.538835337000080)","Unfall 234343 (2024) Kat:2, Licht: 0","234343","2","4","6","01","12","2","","0","0","1","1","0"
"POINT (13.505815659000064 52.546441657000059)","Unfall 234344 (2024) Kat:3, Licht: 0","234344","3","1","8","01","12","2","","0","0","1","0","0"
"POINT (13.482911088000037 52.537567921000061)","Unfall 234345 (2024) Kat:3, Licht: 0","234345","3","3","5","01","07","2","","0","1","1","0","0"
"POINT (13.392518069000062 52.398292284000036)","Unfall 234346 (2024) Kat:3, Licht: 0","234346","3","2","5","01","15","2","","0","0","1","0","0"
"POINT (13.409752348000040 52.524016870000082)","Unfall 234347 (2024) Kat:3, Licht: 0","234347","3","2","6","01","13","2","","0","0","1","1","0"
"POINT (13.579186785000047 52.500113246000069)","Unfall 234348 (2024) Kat:3, Licht: 1","234348","3","4","6","01","07","2","","1","0","1","1","0"
"POINT (13.296520561000023 52.573997027000075)","Unfall 234349 (2024) Kat:1, Licht: 2","234349","1","4","6","01","17","2","","2","0","1","1","0"
"POINT (13.247002035000037 52.538097940000057)","Unfall 234350 (2024) Kat:1, Licht: 1","234350","1","4","6","01","15","2","","1","0","0","1","0"
"POINT (13.529220405000046 52.556369970000048)","Unfall 234351 (2024) Kat:3, Licht: 2","234351","3","1","1","01","05","1","","2","0","1","0","0"
"POINT (13.357571247000067 52.535873414000037)","Unfall 234352 (2024) Kat:3, Licht: 2","234352","3","2","6","01","17","1","","2","0","1","1","0"
"POINT (13.249832422000054 52.537870461000068)","Unfall 234353 (2024) Kat:3, Licht: 0","234353","3","6","2","01","15","1","","0","0","1","0","0"
"POINT (13.500650251000025 52.561307037000063)","Unfall 234354 (2024) Kat:3, Licht: 0","234354","3","1","8","01","13","1","","0","0","1","0","0"
"POINT (13.390133048000052 52.508582582000031)","Unfall 234355 (2024) Kat:3, Licht: 0","234355","3","3","5","01","12","1","","0","0","1","0","0"
"POINT (13.326290649000043 52.537880245000053)","Unfall 234356 (2024) Kat:3, Licht: 2","234356","3","7","9","01","06","1","","2","0","1","0","0"
"POINT (13.594393491000062 52.511181606000036)","Unfall 234357 (2024) Kat:3, Licht: 2","234357","3","1","8","01","02","1","","2","0","1","0","0"
"POINT (13.481280964000064 52.609230589000049)","Unfall 234358 (2024) Kat:3, Licht: 2","234358","3","1","0","01","18","7","","2","0","0","0","1"
"POINT (13.362542333000022 52.485581225000033)","Unfall 234359 (2024) Kat:3, Licht: 2","234359","3","2","5","01","17","7","","2","0","1","0","0"
"POINT (13.148834337000039 52.532731110000043)","Unfall 234360 (2024) Kat:3, Licht: 2","234360","3","6","2","01","16","7","","2","0","1","0","0"
"POINT (13.414873205000049 52.500604210000063)","Unfall 234361 (2024) Kat:3, Licht: 1","234361","3","7","0","01","15","7","","1","0","1","0","0"
"POINT (13.378117653000061 52.466380506000064)","Unfall 234362 (2024) Kat:2, Licht: 0","234362","2","2","5","01","14","7","","0","0","1","0","0"
"POINT (13.365284109000072 52.491508249000049)","Unfall 234363 (2024) Kat:3, Licht: 2","234363","3","7","1","01","06","6","","2","0","1","0","0"
"POINT (13.459023906000027 52.550133723000044)","Unfall 234364 (2024) Kat:3, Licht: 0","234364","3","2","3","01","13","7","","0","0","1","0","0"
"POINT (13.406667046000052 52.498451833000047)","Unfall 234365 (2024) Kat:2, Licht: 2","234365","2","2","5","01","06","7","","2","0","1","0","0"
"POINT (13.422137361000068 52.553117210000039)","Unfall 234366 (2024) Kat:3, Licht: 0","234366","3","3","5","01","10","7","","0","1","1","0","0"
"POINT (13.316705241000022 52.425823704000038)","Unfall 234367 (2024) Kat:3, Licht: 1","234367","3","6","2","02","16","2","","1","0","1","0","0"
"POINT (13.446403748000023 52.423508585000036)","Unfall 234368 (2024) Kat:3, Licht: 0","234368","3","1","0","01","09","7","","0","0","0","0","0"
"POINT (13.417088752000041 52.498982287000047)","Unfall 234369 (2024) Kat:3, Licht: 2","234369","3","1","0","01","03","7","","2","1","0","0","0"
"POINT (13.292207557000040 52.443553039000051)","Unfall 234370 (2024) Kat:2, Licht: 2","234370","2","5","1","01","01","7","","2","0","1","0","0"
"POINT (13.204972797000039 52.533202727000059)","Unfall 234371 (2024) Kat:3, Licht: 0","234371","3","5","0","02","15","7","","0","0","0","0","0"
"POINT (13.385651663000033 52.484952989000078)","Unfall 234372 (2024) Kat:3, Licht: 2","234372","3","2","5","01","17","6","","2","1","1","0","0"
"POINT (13.465481312000065 52.557513081000081)","Unfall 234373 (2024) Kat:3, Licht: 0","234373","3","7","5","01","13","6","","0","0","1","0","0"
"POINT (13.157862821000037 52.543103974000076)","Unfall 234374 (2024) Kat:3, Licht: 2","234374","3","2","5","02","18","5","","2","0","1","0","0"
"POINT (13.375721623000061 52.538135587000056)","Unfall 234375 (2024) Kat:3, Licht: 0","234375","3","3","0","01","15","6","","0","0","1","0","1"