WKT,Name,OBJECTID,UKATEGORIE,UTYP1,UART,UMONAT,USTUNDE,UWOCHENTAG,STRZUSTAND,ULICHTVERH,ISTRAD,ISTPKW,ISTFUSS,ISTKRAD
"POINT (13.320351285000072 52.481742375000067)","Unfall 234376 (2024) Kat:3, Licht: 0","234376","3","2","0","01","15","5","","0","1","1","0","0"
"POINT (13.350854861000073 52.479650801000048)","Unfall 234377 (2024) Kat:3, Licht: 2","234377","3","5","1","01","23","6","","2","0","1","0","0"
"POINT (13.584261839000021 52.441677572000060)","Unfall 234378 (2024) Kat:3, Licht: 1","234378","3","3","5","01","16","6","","1","1","1","0","0"
"POINT (13.558433691000062 52.434797470000035)","Unfall 234379 (2024) Kat:3, Licht: 2","234379","3","2","6","01","16","6","","2","0","1","1","0"
"POINT (13.366625301000056 52.525711145000059)","Unfall 234380 (2024) Kat:2, Licht: 2","234380","2","4","6","01","16","6","","2","0","0","1","0"
"POINT (13.443531652000047 52.464200220000066)","Unfall 234381 (2024) Kat:3, Licht: 1","234381","3","3","5","01","15","6","","1","0","1","0","0"
"POINT (13.577406164000024 52.456205743000055)","Unfall 234382 (2024) Kat:3, Licht: 1","234382","3","4","6","01","14","6","","1","0","1","1","0"
"POINT (13.345253147000051 52.485917042000040)","Unfall 234383 (2024) Kat:3, Licht: 0","234383","3","3","5","01","09","6","","0","0","1","0","0"
"POINT (13.395509022000056 52.424407676000044)","Unfall 234384 (2024) Kat:2, Licht: 2","234384","2","2","5","01","22","6","","2","0","1","0","0"
"POINT (13.564331851000077 52.572284719000038)","Unfall 234385 (2024) Kat:3, Licht: 2","234385","3","2","6","01","16","6","","2","0","1","1","0"
"POINT (13.262907931000029 52.452344548000042)","Unfall 234386 (2024) Kat:2, Licht: 0","234386","2","3","5","01","14","6","","0","0","1","0","0"
"POINT (13.443756048000068 52.545966659000044)","Unfall 234387 (2024) Kat:3, Licht: 0","234387","3","2","6","01","09","6","","0","0","1","1","0"
"POINT (13.524475780000046 52.536430140000050)","Unfall 234388 (2024) Kat:3, Licht: 2","234388","3","2","6","01","17","6","","2","0","1","1","0"
"POINT (13.343626825000058 52.596020526000075)","Unfall 234389 (2024) Kat:2, Licht: 0","234389","2","4","6","01","14","6","","0","0","1","1","0"
"POINT (13.446895889000075 52.486793770000077)","Unfall 234390 (2024) Kat:3, Licht: 2","234390","3","4","6","01","16","5","","2","1","0","1","0"
"POINT (13.432608167000069 52.505481874000054)","Unfall 234391 (2024) Kat:3, Licht: 0","234391","3","2","5","01","13","5","","0","1","1","0","0"
"POINT (13.475705434000076 52.456079811000052)","Unfall 234392 (2024) Kat:3, Licht: 0","234392","3","6","2","01","08","5","","0","0","1","0","0"
"POINT (13.401067018000049 52.414571682000030)","Unfall 234393 (2024) Kat:3, Licht: 2","234393","3","2","5","01","21","5","","2","0","1","0","0"
"POINT (13.149520147000032 52.554128399000035)","Unfall 234394 (2024) Kat:3, Licht: 2","234394","3","4","6","01","20","5","","2","0","1","1","0"
"POINT (13.404178729000023 52.508549451000079)","Unfall 234395 (2024) Kat:3, Licht: 2","234395","3","5","1","01","18","5","","2","1","1","0","0"
"POINT (13.586173413000040 52.451537942000073)","Unfall 234396 (2024) Kat:3, Licht: 2","234396","3","3","5","01","17","5","","2","0","1","0","0"
"POINT (13.259738234000054 52.441387508000048)","Unfall 234397 (2024) Kat:3, Licht: 2","234397","3","6","3","01","16","5","","2","1","1","0","0"
"POINT (13.347780808000039 52.541176886000073)","Unfall 234398 (2024) Kat:3, Licht: 0","234398","3","6","2","01","14","5","","0","0","1","0","0"
"POINT (13.344958679000058 52.486754593000057)","Unfall 234399 (2024) Kat:3, Licht: 0","234399","3","2","6","01","13","5","","0","0","1","1","0"
"POINT (13.328346750000037 52.534375027000067)","Unfall 234400 (2024) Kat:3, Licht: 0","234400","3","6","2","01","13","5","","0","0","1","0","0"
"POINT (13.371279589000039 52.436500533000071)","Unfall 234401 (2024) Kat:3, Licht: 0","234401","3","3","5","01","07","5","","0","0","1","0","0"
"POINT (13.324039423000045 52.460256247000075)","Unfall 234402 (2024) Kat:3, Licht: 0","234402","3","6","3","01","12","5","","0","0","1","0","1"
"POINT (13.302865516000054 52.425477248000050)","Unfall 234403 (2024) Kat:3, Licht: 2","234403","3","1","9","01","23","7","","2","0","1","0","0"
"POINT (13.417331498000067 52.499013527000045)","Unfall 234404 (2024) Kat:3, Licht: 2","234404","3","6","2","01","18","5","","2","0","1","0","0"
"POINT (13.618883275000030 52.455583642000079)","Unfall 234405 (2024) Kat:1, Licht: 0","234405","1","4","6","01","13","5","","0","0","1","1","0"
"POINT (13.432939820000058 52.596058335000066)","Unfall 234406 (2024) Kat:3, Licht: 2","234406","3","4","6","01","18","4","","2","0","0","1","0"
"POINT (13.442120348000060 52.456606829000066)","Unfall 234407 (2024) Kat:3, Licht: 2","234407","3","3","5","01","19","4","","2","0","1","0","0"
"POINT (13.431770420000078 52.467943962000049)","Unfall 234408 (2024) Kat:3, Licht: 0","234408","3","5","1","01","13","4","","0","0","1","0","1"
"POINT (13.189006071000051 52.419244961000061)","Unfall 234409 (2024) Kat:3, Licht: 0","234409","3","2","5","01","12","4","","0","0","1","0","0"
"POINT (13.417791862000058 52.526245780000067)","Unfall 234410 (2024) Kat:3, Licht: 2","234410","3","6","3","01","17","4","","2","1","0","0","0"
"POINT (13.431419772000027 52.502902847000030)","Unfall 234411 (2024) Kat:3, Licht: 0","234411","3","3","5","02","15","1","","0","0","1","0","0"
"POINT (13.406749608000041 52.535742883000069)","Unfall 234412 (2024) Kat:3, Licht: 2","234412","3","2","5","01","17","4","","2","1","1","0","0"
"POINT (13.332562972000062 52.497329623000041)","Unfall 234413 (2024) Kat:3, Licht: 0","234413","3","7","6","01","15","4","","0","1","0","1","0"
"POINT (13.450859580000042 52.535871416000077)","Unfall 234414 (2024) Kat:3, Licht: 0","234414","3","6","2","01","14","4","","0","0","1","0","0"
"POINT (13.431758093000042 52.514621123000040)","Unfall 234415 (2024) Kat:3, Licht: 0","234415","3","3","5","01","13","4","","0","1","1","0","0"
"POINT (13.593500617000075 52.522669643000029)","Unfall 234416 (2024) Kat:3, Licht: 1","234416","3","2","5","01","16","3","","1","0","1","0","0"
"POINT (13.385395759000062 52.463612224000030)","Unfall 234417 (2024) Kat:3, Licht: 0","234417","3","2","5","01","13","4","","0","0","1","0","1"
"POINT (13.297972856000058 52.486438358000044)","Unfall 234418 (2024) Kat:3, Licht: 2","234418","3","6","3","01","22","4","","2","0","1","0","0"
"POINT (13.519605572000046 52.527326251000034)","Unfall 234419 (2024) Kat:3, Licht: 2","234419","3","2","5","01","07","4","","2","1","1","0","0"
"POINT (13.348162670000022 52.591761028000064)","Unfall 234420 (2024) Kat:2, Licht: 2","234420","2","6","3","01","21","4","","2","0","1","0","0"
"POINT (13.480695202000049 52.498978352000051)","Unfall 234421 (2024) Kat:3, Licht: 0","234421","3","3","5","01","16","4","","0","1","1","0","0"
"POINT (13.175260803000072 52.419857602000036)","Unfall 234422 (2024) Kat:2, Licht: 2","234422","2","3","5","01","16","4","","2","1","1","0","0"
"POINT (13.207714881000072 52.538683118000051)","Unfall 234423 (2024) Kat:2, Licht: 0","234423","2","6","2","01","14","4","","0","0","1","0","1"
"POINT (13.415116437000052 52.538347642000076)","Unfall 234424 (2024) Kat:3, Licht: 0","234424","3","3","5","01","14","4","","0","1","1","0","0"
"POINT (13.362328230000060 52.505456099000071)","Unfall 234425 (2024) Kat:3, Licht: 0","234425","3","6","3","01","13","4","","0","1","1","0","0"
"POINT (13.270659705000071 52.510313253000049)","Unfall 234426 (2024) Kat:3, Licht: 0","234426","3","6","0","01","11","4","","0","1","1","0","0"
"POINT (13.453242961000058 52.593371247000050)","Unfall 234427 (2024) Kat:3, Licht: 0","234427","3","3","5","01","08","4","","0","1","1","0","0"
"POINT (13.539777406000042 52.398593753000057)","Unfall 234428 (2024) Kat:3, Licht: 0","234428","3","4","6","01","14","4","","0","0","1","1","0"
"POINT (13.358810538000057 52.536612356000035)","Unfall 234429 (2024) Kat:3, Licht: 2","234429","3","6","2","02","20","4","","2","0","1","0","0"
"POINT (13.359688242000061 52.533324989000050)","Unfall 234430 (2024) Kat:3, Licht: 2","234430","3","3","5","01","04","4","","2","1","1","0","0"
"POINT (13.297162866000065 52.442752095000060)","Unfall 234431 (2024) Kat:3, Licht: 1","234431","3","2","6","01","19","3","","1","0","1","1","0"
"POINT (13.380573383000069 52.528374000000042)","Unfall 234432 (2024) Kat:3, Licht: 2","234432","3","3","5","01","17","3","","2","0","1","0","0"
"POINT (13.345208415000059 52.543140901000072)","Unfall 234433 (2024) Kat:3, Licht: 0","234433","3","7","5","01","09","3","","0","0","1","0","0"
"POINT (13.430391044000032 52.510423122000077)","Unfall 234434 (2024) Kat:3, Licht: 2","234434","3","3","5","01","21","3","","2","0","1","0","0"
"POINT (13.383950107000032 52.455810477000057)","Unfall 234435 (2024) Kat:3, Licht: 2","234435","3","2","2","01","20","3","","2","0","1","0","0"
"POINT (13.511509625000031 52.504353828000035)","Unfall 234436 (2024) Kat:3, Licht: 0","234436","3","2","5","01","13","3","","0","0","1","0","1"
"POINT (13.130544725000050 52.528718060000074)","Unfall 234437 (2024) Kat:3, Licht: 2","234437","3","5","1","01","22","3","","2","0","1","0","0"
"POINT (13.319899648000046 52.463134279000030)","Unfall 234438 (2024) Kat:3, Licht: 2","234438","3","2","5","01","16","3","","2","1","1","0","0"
"POINT (13.507360448000043 52.514834876000066)","Unfall 234439 (2024) Kat:3, Licht: 2","234439","3","6","4","01","16","3","","2","0","1","0","0"
"POINT (13.477920299000061 52.442216877000078)","Unfall 234440 (2024) Kat:3, Licht: 0","234440","3","3","5","01","09","3","","0","1","1","0","0"
"POINT (13.569960037000044 52.555739238000058)","Unfall 234441 (2024) Kat:3, Licht: 2","234441","3","1","9","01","22","3","","2","0","1","0","0"
"POINT (13.295767574000024 52.473755112000049)","Unfall 234442 (2024) Kat:3, Licht: 2","234442","3","7","8","01","18","3","","2","0","1","0","0"
"POINT (13.479192852000040 52.607736740000064)","Unfall 234443 (2024) Kat:3, Licht: 2","234443","3","4","6","01","17","3","","2","0","1","1","0"
"POINT (13.403003120000051 52.524448854000070)","Unfall 234444 (2024) Kat:3, Licht: 0","234444","3","7","6","01","13","3","","0","0","1","1","0"
"POINT (13.200475562000065 52.538687303000074)","Unfall 234445 (2024) Kat:2, Licht: 0","234445","2","2","6","01","10","3","","0","0","1","1","0"
"POINT (13.612719357000060 52.454205461000072)","Unfall 234446 (2024) Kat:3, Licht: 0","234446","3","4","6","01","10","3","","0","0","1","1","0"
"POINT (13.541332436000062 52.435289827000076)","Unfall 234447 (2024) Kat:3, Licht: 2","234447","3","2","6","01","23","3","","2","0","1","1","0"
"POINT (13.376472874000058 52.485034273000053)","Unfall 234448 (2024) Kat:3, Licht: 2","234448","3","3","5","01","21","3","","2","0","1","0","0"
"POINT (13.327705425000033 52.564193178000039)","Unfall 234449 (2024) Kat:3, Licht: 2","234449","3","2","6","01","19","3","","2","0","1","1","0"
"POINT (13.330090975000076 52.569449458000065)","Unfall 234450 (2024) Kat:3, Licht: 2","234450","3","2","6","01","19","3","","2","0","1","1","0"
"POINT (13.198516013000074 52.542770748000066)","Unfall 234451 (2024) Kat:3, Licht: 2","234451","3","2","6","01","17","3","","2","0","1","1","0"
"POINT (13.474106933000030 52.455379272000073)","Unfall 234452 (2024) Kat:3, Licht: 0","234452","3","6","2","01","11","3","","0","0","1","0","0"
"POINT (13.441583844000036 52.546375102000070)","Unfall 234453 (2024) Kat:3, Licht: 2","234453","3","3","5","01","06","3","","2","1","1","0","0"
"POINT (13.457814388000031 52.529039856000054)","Unfall 234454 (2024) Kat:3, Licht: 0","234454","3","3","5","01","14","2","","0","0","1","0","0"
"POINT (13.333304064000060 52.540841986000032)","Unfall 234455 (2024) Kat:2, Licht: 2","234455","2","6","4","01","05","2","","2","0","1","0","0"
"POINT (13.331249605000039 52.417913754000040)","Unfall 234456 (2024) Kat:3, Licht: 2","234456","3","4","6","01","01","2","","2","0","0","1","0"
"POINT (13.372001152000053 52.469856948000029)","Unfall 234457 (2024) Kat:3, Licht: 2","234457","3","2","5","01","22","2","","2","0","1","0","0"
"POINT (13.353944180000042 52.562139571000046)","Unfall 234458 (2024) Kat:3, Licht: 2","234458","3","6","3","01","19","2","","2","0","1","0","0"
"POINT (13.406656179000038 52.498437544000069)","Unfall 234459 (2024) Kat:3, Licht: 1","234459","3","2","5","01","05","2","","1","0","1","0","0"
"POINT (13.458230512000057 52.485751968000045)","Unfall 234460 (2024) Kat:3, Licht: 2","234460","3","3","5","01","00","2","","2","0","1","0","0"
"POINT (13.337156514000071 52.501106762000063)","Unfall 234461 (2024) Kat:3, Licht: 1","234461","3","5","1","01","07","1","","1","0","1","0","0"
"POINT (13.403269516000023 52.524910150000039)","Unfall 234462 (2024) Kat:3, Licht: 0","234462","3","2","5","01","14","4","","0","1","1","0","0"
"POINT (13.210620449000032 52.559456617000080)","Unfall 234463 (2024) Kat:3, Licht: 2","234463","3","5","1","01","02","2","","2","0","1","0","0"
"POINT (13.462827351000044 52.514977288000068)","Unfall 234464 (2024) Kat:3, Licht: 2","234464","3","4","6","01","00","2","","2","0","1","1","0"
"POINT (13.436200435000046 52.458193060000042)","Unfall 234465 (2024) Kat:2, Licht: 1","234465","2","6","3","01","07","2","","1","0","1","0","1"
"POINT (13.330996208000045 52.539792459000068)","Unfall 234466 (2024) Kat:3, Licht: 2","234466","3","7","5","01","17","2","","2","0","1","0","0"
"POINT (13.522904616000062 52.560602087000063)","Unfall 234467 (2024) Kat:3, Licht: 2","234467","3","1","8","01","05","2","","2","0","1","0","0"
"POINT (13.406492474000061 52.498225758000046)","Unfall 234468 (2024) Kat:3, Licht: 2","234468","3","1","0","01","04","2","","2","0","0","0","0"
"POINT (13.436772927000050 52.479803603000050)","Unfall 234469 (2024) Kat:3, Licht: 2","234469","3","1","4","01","01","2","","2","0","1","0","0"
"POINT (13.390193084000032 52.508644883000045)","Unfall 234470 (2024) Kat:2, Licht: 2","234470","2","3","5","01","01","2","","2","0","1","0","0"
"POINT (13.431176683000047 52.421725539000079)","Unfall 234471 (2024) Kat:2, Licht: 2","234471","2","4","6","01","00","2","","2","0","0","1","0"
"POINT (13.430507637000062 52.421566832000053)","Unfall 234472 (2024) Kat:3, Licht: 2","234472","3","4","6","01","00","2","","2","0","0","1","0"
"POINT (13.404524247000040 52.449084080000034)","Unfall 234473 (2024) Kat:3, Licht: 0","234473","3","7","1","02","09","3","","0","0","1","0","0"
"POINT (13.330912573000035 52.467462708000028)","Unfall 234505 (2024) Kat:3, Licht: 0","234505","3","2","1","02","16","6","","0","1","1","0","1"
"POINT (13.367726906000030 52.525825553000061)","Unfall 234516 (2024) Kat:3, Licht: 2","234516","3","2","6","02","22","6","","2","0","1","1","0"
"POINT (13.234395724000024 52.529337063000071)","Unfall 234517 (2024) Kat:3, Licht: 2","234517","3","2","5","02","06","5","","2","0","1","0","0"
"POINT (13.512488991000055 52.566156035000063)","Unfall 234519 (2024) Kat:3, Licht: 0","234519","3","4","6","01","07","3","","0","0","0","1","0"
"POINT (13.396079027000042 52.538177442000062)","Unfall 234529 (2024) Kat:3, Licht: 0","234529","3","2","6","01","10","5","","0","0","1","1","0"
"POINT (13.335494951000044 52.472399083000028)","Unfall 234533 (2024) Kat:3, Licht: 0","234533","3","5","1","01","12","6","","0","1","1","0","0"
"POINT (13.364641036000023 52.562713606000045)","Unfall 234540 (2024) Kat:3, Licht: 2","234540","3","2","5","01","21","2","","2","0","1","0","0"
"POINT (13.384171599000069 52.556039983000062)","Unfall 234545 (2024) Kat:3, Licht: 2","234545","3","2","6","01","21","5","","2","0","1","1","0"
"POINT (13.361471352000024 52.547772497000039)","Unfall 234548 (2024) Kat:2, Licht: 2","234548","2","4","6","01","23","6","","2","0","1","1","0"
"POINT (13.328526636000049 52.465022770000076)","Unfall 234562 (2024) Kat:3, Licht: 2","234562","3","3","5","02","00","7","","2","0","1","0","0"
"POINT (13.466139555000041 52.496825564000062)","Unfall 234590 (2024) Kat:3, Licht: 0","234590","3","2","5","02","14","5","","0","1","1","0","0"
"POINT (13.324220121000053 52.502257413000052)","Unfall 234619 (2024) Kat:3, Licht: 0","234619","3","4","0","02","16","4","","0","0","0","1","0"
"POINT (13.331365088000041 52.453209045000051)","Unfall 234628 (2024) Kat:3, Licht: 2","234628","3","2","6","02","20","5","","2","0","1","1","0"
"POINT (13.313075986000058 52.500797447000082)","Unfall 234631 (2024) Kat:3, Licht: 2","234631","3","2","6","01","22","4","","2","0","1","1","0"
"POINT (13.420047790000069 52.502234824000027)","Unfall 234637 (2024) Kat:3, Licht: 0","234637","3","3","5","01","09","7","","0","0","1","0","0"
"POINT (13.323845503000030 52.465308877000041)","Unfall 234639 (2024) Kat:3, Licht: 2","234639","3","7","6","01","19","3","","2","0","1","1","0"
"POINT (13.378481889000057 52.477537517000030)","Unfall 234649 (2024) Kat:3, Licht: 1","234649","3","5","1","01","17","1","","1","1","1","0","0"
"POINT (13.370768751000071 52.559166029000039)","Unfall 234651 (2024) Kat:3, Licht: 2","234651","3","5","1","02","19","1","","2","1","1","0","0"
"POINT (13.340578981000021 52.540689450000059)","Unfall 234657 (2024) Kat:3, Licht: 1","234657","3","7","6","01","08","2","","1","0","1","1","0"
"POINT (13.322815083000023 52.435265398000070)","Unfall 234663 (2024) Kat:3, Licht: 2","234663","3","5","1","02","18","3","","2","1","1","0","0"
"POINT (13.401188589000071 52.510418041000037)","Unfall 234668 (2024) Kat:3, Licht: 0","234668","3","2","5","01","13","6","","0","1","1","0","0"
"POINT (13.515073937000068 52.567244837000032)","Unfall 234670 (2024) Kat:3, Licht: 2","234670","3","6","2","01","18","2","","2","0","1","0","0"
"POINT (13.394076031000054 52.483975781000026)","Unfall 234673 (2024) Kat:3, Licht: 0","234673","3","7","0","01","12","5","","0","1","0","0","0"
"POINT (13.291902951000054 52.580025224000053)","Unfall 234675 (2024) Kat:3, Licht: 2","234675","3","2","5","01","07","5","","2","0","1","0","0"
"POINT (13.325918508000029 52.463625980000074)","Unfall 234702 (2024) Kat:3, Licht: 0","234702","3","5","2","04","13","7","","0","1","1","0","0"
"POINT (13.435243655000022 52.491180868000072)","Unfall 234703 (2024) Kat:3, Licht: 0","234703","3","2","5","04","17","7","","0","1","1","0","0"
"POINT (13.327704991000076 52.531066084000031)","Unfall 234704 (2024) Kat:3, Licht: 2","234704","3","6","2","04","22","7","","2","0","1","0","0"
"POINT (13.328360860000032 52.564617490000046)","Unfall 234705 (2024) Kat:2, Licht: 2","234705","2","4","6","04","21","7","","2","0","1","1","0"
"POINT (13.483832609000046 52.474097892000032)","Unfall 234706 (2024) Kat:3, Licht: 0","234706","3","2","5","04","19","7","","0","0","1","0","0"
"POINT (13.388745346000064 52.500306649000038)","Unfall 234707 (2024) Kat:3, Licht: 1","234707","3","5","1","04","18","7","","1","1","1","0","0"
"POINT (13.406501527000046 52.502625256000044)","Unfall 234708 (2024) Kat:3, Licht: 1","234708","3","3","5","04","18","7","","1","0","1","0","0"
"POINT (13.569216266000069 52.443458221000071)","Unfall 234709 (2024) Kat:3, Licht: 0","234709","3","1","1","04","18","7","","0","1","1","0","0"
"POINT (13.445887342000049 52.472271683000031)","Unfall 234710 (2024) Kat:3, Licht: 0","234710","3","3","5","04","17","7","","0","1","0","0","0"
"POINT (13.415061577000074 52.507500334000042)","Unfall 234711 (2024) Kat:3, Licht: 0","234711","3","5","1","04","15","7","","0","1","1","0","0"
"POINT (13.404685866000023 52.449241900000061)","Unfall 234712 (2024) Kat:3, Licht: 0","234712","3","6","2","04","14","7","","0","0","1","0","0"
"POINT (13.278747629000065 52.430941282000049)","Unfall 234713 (2024) Kat:3, Licht: 0","234713","3","6","2","04","13","7","","0","0","1","0","0"
"POINT (13.539759187000072 52.539824375000080)","Unfall 234714 (2024) Kat:3, Licht: 0","234714","3","3","5","04","13","7","","0","0","1","0","0"
"POINT (13.409203641000033 52.501764114000082)","Unfall 234715 (2024) Kat:3, Licht: 0","234715","3","2","5","04","12","7","","0","0","1","0","1"
"POINT (13.266317189000063 52.513118477000035)","Unfall 234716 (2024) Kat:3, Licht: 0","234716","3","7","2","04","09","7","","0","0","1","0","1"
"POINT (13.335621444000026 52.542024340000069)","Unfall 234717 (2024) Kat:3, Licht: 2","234717","3","2","5","04","02","7","","2","0","1","0","0"
"POINT (13.337947011000040 52.513696683000035)","Unfall 234718 (2024) Kat:2, Licht: 2","234718","2","2","5","04","23","7","","2","0","1","0","1"
"POINT (13.309455970000045 52.603449741000077)","Unfall 234719 (2024) Kat:2, Licht: 2","234719","2","4","6","04","20","7","","2","0","1","1","0"
"POINT (13.434792317000074 52.441316519000054)","Unfall 234720 (2024) Kat:3, Licht: 0","234720","3","6","2","04","18","7","","0","0","1","0","0"
"POINT (13.296355597000058 52.490280616000064)","Unfall 234721 (2024) Kat:2, Licht: 0","234721","2","4","6","04","14","7","","0","0","1","1","0"
"POINT (13.343013265000025 52.525525061000053)","Unfall 234722 (2024) Kat:3, Licht: 0","234722","3","2","6","04","13","6","","0","0","1","1","0"
"POINT (13.394746799000075 52.458294301000080)","Unfall 234723 (2024) Kat:3, Licht: 0","234723","3","6","3","04","10","6","","0","0","1","0","1"
"POINT (13.269604228000048 52.590819770000053)","Unfall 234724 (2024) Kat:3, Licht: 0","234724","3","7","7","04","17","6","","0","1","0","0","0"
"POINT (13.382510619000072 52.593308289000049)","Unfall 234725 (2024) Kat:3, Licht: 0","234725","3","2","5","04","14","6","","0","0","1","0","0"
"POINT (13.316437585000074 52.498651636000034)","Unfall 234726 (2024) Kat:2, Licht: 2","234726","2","2","5","04","20","6","","2","1","1","0","0"
"POINT (13.441411963000064 52.481064978000063)","Unfall 234727 (2024) Kat:2, Licht: 0","234727","2","2","5","04","14","6","","0","0","1","0","1"
"POINT (13.361394012000062 52.412574753000058)","Unfall 234728 (2024) Kat:3, Licht: 0","234728","3","2","5","04","12","6","","0","0","1","0","0"
"POINT (13.475266932000068 52.501741105000065)","Unfall 234729 (2024) Kat:3, Licht: 0","234729","3","6","2","04","12","6","","0","0","1","0","0"
"POINT (13.333002013000055 52.505173476000039)","Unfall 234730 (2024) Kat:3, Licht: 2","234730","3","5","1","04","20","6","","2","1","1","0","0"
"POINT (13.498459664000052 52.433856478000052)","Unfall 234731 (2024) Kat:2, Licht: 2","234731","2","3","5","04","20","6","","2","0","1","0","0"
"POINT (13.508712674000037 52.549721704000035)","Unfall 234732 (2024) Kat:2, Licht: 0","234732","2","6","3","04","16","6","","0","0","1","0","0"
"POINT (13.182427637000046 52.538534033000076)","Unfall 234733 (2024) Kat:3, Licht: 2","234733","3","2","5","04","20","6","","2","0","1","0","0"
"POINT (13.393876083000066 52.540881255000045)","Unfall 234734 (2024) Kat:3, Licht: 0","234734","3","7","5","04","15","6","","0","0","1","0","1"
"POINT (13.319202176000033 52.513764829000081)","Unfall 234735 (2024) Kat:3, Licht: 0","234735","3","5","1","04","18","6","","0","0","1","0","1"
"POINT (13.427538903000027 52.517557639000074)","Unfall 234736 (2024) Kat:3, Licht: 0","234736","3","5","1","04","18","6","","0","0","1","0","0"
"POINT (13.377937796000026 52.556538970000076)","Unfall 234737 (2024) Kat:3, Licht: 0","234737","3","6","2","04","17","6","","0","0","1","0","0"
"POINT (13.286310876000073 52.587831110000081)","Unfall 234738 (2024) Kat:2, Licht: 0","234738","2","4","6","04","14","6","","0","0","1","1","0"
"POINT (13.420122517000038 52.502214421000076)","Unfall 234739 (2024) Kat:3, Licht: 0","234739","3","6","2","04","14","6","","0","1","1","0","0"
"POINT (13.452232817000038 52.534474127000067)","Unfall 234740 (2024) Kat:3, Licht: 0","234740","3","1","0","04","12","6","","0","0","0","0","1"
"POINT (13.422013583000023 52.567338493000079)","Unfall 234741 (2024) Kat:3, Licht: 0","234741","3","4","6","04","09","6","","0","0","1","1","0"
"POINT (13.406658446000051 52.498440526000081)","Unfall 234742 (2024) Kat:3, Licht: 2","234742","3","2","5","04","21","6","","2","0","1","0","0"
"POINT (13.379251546000035 52.507030832000055)","Unfall 234743 (2024) Kat:3, Licht: 0","234743","3","3","5","04","18","6","","0","1","1","0","0"
"POINT (13.394312160000027 52.491449097000043)","Unfall 234744 (2024) Kat:3, Licht: 0","234744","3","2","5","04","17","6","","0","1","1","0","0"
"POINT (13.361244449000026 52.429167779000068)","Unfall 234745 (2024) Kat:3, Licht: 0","234745","3","4","6","04","17","6","","0","0","1","1","0"
"POINT (13.404901832000064 52.444464183000036)","Unfall 234746 (2024) Kat:3, Licht: 0","234746","3","3","5","04","14","6","","0","1","1","0","0"
"POINT (13.188727464000067 52.546584501000041)","Unfall 234747 (2024) Kat:3, Licht: 0","234747","3","3","0","04","16","5","","0","1","1","0","0"
"POINT (13.563401071000044 52.541423242000064)","Unfall 234748 (2024) Kat:3, Licht: 2","234748","3","2","0","04","22","5","","2","0","1","0","0"
"POINT (13.327097707000064 52.508727485000065)","Unfall 234749 (2024) Kat:3, Licht: 0","234749","3","6","2","04","14","5","","0","0","1","0","0"
"POINT (13.299087471000064 52.506843593000042)","Unfall 234750 (2024) Kat:3, Licht: 2","234750","3","6","3","04","20","5","","2","1","1","0","0"
"POINT (13.291959765000058 52.592381011000043)","Unfall 234751 (2024) Kat:3, Licht: 0","234751","3","3","5","04","17","5","","0","1","1","0","0"
"POINT (13.605872514000055 52.534921353000072)","Unfall 234752 (2024) Kat:3, Licht: 0","234752","3","6","2","04","18","5","","0","0","1","0","0"
"POINT (13.359781203000068 52.540288139000040)","Unfall 234753 (2024) Kat:3, Licht: 0","234753","3","7","1","04","12","5","","0","0","1","0","0"
"POINT (13.442243747000077 52.500913272000048)","Unfall 234754 (2024) Kat:3, Licht: 2","234754","3","4","6","04","20","5","","2","0","1","1","0"
"POINT (13.374953205000054 52.455150768000067)","Unfall 234755 (2024) Kat:3, Licht: 0","234755","3","6","3","04","14","5","","0","0","1","0","1"
"POINT (13.618882744000075 52.496244640000043)","Unfall 234756 (2024) Kat:3, Licht: 0","234756","3","3","5","04","13","5","","0","1","1","0","0"
"POINT (13.496226250000063 52.506567815000039)","Unfall 234757 (2024) Kat:3, Licht: 0","234757","3","3","5","04","07","5","","0","1","1","0","0"
"POINT (13.296849827000074 52.464441419000082)","Unfall 234758 (2024) Kat:3, Licht: 0","234758","3","2","5","04","16","5","","0","0","1","0","0"
"POINT (13.457816935000039 52.512808478000068)","Unfall 234759 (2024) Kat:3, Licht: 0","234759","3","2","6","04","15","5","","0","0","1","1","0"
"POINT (13.503072103000022 52.636589718000039)","Unfall 234760 (2024) Kat:3, Licht: 0","234760","3","3","5","04","14","5","","0","1","1","0","0"
"POINT (13.380681702000061 52.504851086000031)","Unfall 234761 (2024) Kat:3, Licht: 0","234761","3","7","6","04","11","5","","0","0","1","1","0"
"POINT (13.379393197000070 52.406615407000061)","Unfall 234762 (2024) Kat:3, Licht: 0","234762","3","6","0","04","10","5","","0","0","1","0","0"
"POINT (13.351548263000041 52.440160263000053)","Unfall 234763 (2024) Kat:3, Licht: 0","234763","3","2","5","04","18","4","","0","1","1","0","0"
"POINT (13.456106852000062 52.421953177000034)","Unfall 234764 (2024) Kat:3, Licht: 0","234764","3","4","6","04","13","4","","0","0","1","1","0"
"POINT (13.376740491000021 52.491467359000069)","Unfall 234765 (2024) Kat:3, Licht: 2","234765","3","2","5","04","21","4","","2","1","1","0","0"
"POINT (13.326149357000077 52.561919640000042)","Unfall 234766 (2024) Kat:3, Licht: 0","234766","3","6","2","04","18","4","","0","0","1","0","0"