WKT,Name,OBJECTID,UKATEGORIE,UTYP1,UART,UMONAT,USTUNDE,UWOCHENTAG,STRZUSTAND,ULICHTVERH,ISTRAD,ISTPKW,ISTFUSS,ISTKRAD
"POINT (13.305914020000046 52.620571314000074)","Unfall 234767 (2024) Kat:3, Licht: 0","234767","3","2","5","04","16","4","","0","1","1","0","0"
"POINT (13.526325413000052 52.492972998000027)","Unfall 234768 (2024) Kat:2, Licht: 0","234768","2","4","6","04","14","4","","0","0","1","1","0"
"POINT (13.414569823000022 52.500186185000075)","Unfall 234769 (2024) Kat:3, Licht: 0","234769","3","2","5","04","18","4","","0","0","1","0","0"
"POINT (13.374648680000064 52.537322830000051)","Unfall 234770 (2024) Kat:3, Licht: 0","234770","3","3","5","04","15","4","","0","1","1","0","0"
"POINT (13.559337092000021 52.446457087000056)","Unfall 234771 (2024) Kat:2, Licht: 0","234771","2","2","5","04","14","4","","0","1","0","0","0"
"POINT (13.345373794000068 52.526256098000033)","Unfall 234772 (2024) Kat:2, Licht: 0","234772","2","1","0","04","07","4","","0","0","0","0","1"
"POINT (13.389130413000032 52.398472191000053)","Unfall 234773 (2024) Kat:3, Licht: 0","234773","3","2","2","04","06","4","","0","0","1","0","0"
"POINT (13.369927172000075 52.574656136000044)","Unfall 234774 (2024) Kat:3, Licht: 2","234774","3","6","2","04","20","4","","2","0","1","0","0"
"POINT (13.306345461000035 52.476955478000036)","Unfall 234775 (2024) Kat:3, Licht: 0","234775","3","2","2","04","16","4","","0","0","1","0","0"
"POINT (13.422682807000058 52.544636440000033)","Unfall 234776 (2024) Kat:3, Licht: 0","234776","3","3","5","04","12","4","","0","1","1","0","0"
"POINT (13.568752689000064 52.444796658000030)","Unfall 234777 (2024) Kat:3, Licht: 0","234777","3","4","6","04","13","4","","0","0","0","1","0"
"POINT (13.365990584000031 52.542650250000065)","Unfall 234778 (2024) Kat:3, Licht: 2","234778","3","4","6","04","21","4","","2","1","0","1","0"
"POINT (13.366818131000059 52.493326944000046)","Unfall 234779 (2024) Kat:3, Licht: 0","234779","3","6","2","04","18","4","","0","0","1","0","0"
"POINT (13.480034480000029 52.517393069000036)","Unfall 234780 (2024) Kat:2, Licht: 0","234780","2","1","4","04","07","4","","0","0","1","0","0"
"POINT (13.292138834000070 52.589434980000078)","Unfall 234781 (2024) Kat:3, Licht: 0","234781","3","7","1","04","08","3","","0","0","1","0","0"
"POINT (13.435312641000053 52.425595356000031)","Unfall 234782 (2024) Kat:3, Licht: 0","234782","3","6","3","04","15","3","","0","0","1","0","1"
"POINT (13.336224509000033 52.443431555000075)","Unfall 234783 (2024) Kat:2, Licht: 0","234783","2","3","5","04","15","3","","0","0","1","0","1"
"POINT (13.399554681000041 52.494470339000031)","Unfall 234784 (2024) Kat:2, Licht: 0","234784","2","2","5","04","12","3","","0","0","1","0","1"
"POINT (13.199539360000074 52.534906582000076)","Unfall 234785 (2024) Kat:3, Licht: 0","234785","3","2","5","04","10","3","","0","0","0","0","0"
"POINT (13.343602652000072 52.525289260000079)","Unfall 234786 (2024) Kat:3, Licht: 0","234786","3","6","3","04","17","3","","0","0","1","0","1"
"POINT (13.322772737000037 52.508238679000044)","Unfall 234787 (2024) Kat:3, Licht: 2","234787","3","7","6","04","20","3","","2","0","1","1","0"
"POINT (13.498091022000040 52.500971447000040)","Unfall 234788 (2024) Kat:3, Licht: 0","234788","3","5","1","04","16","3","","0","0","1","0","0"
"POINT (13.282578073000025 52.518467131000079)","Unfall 234789 (2024) Kat:3, Licht: 0","234789","3","6","3","04","16","3","","0","0","1","0","0"
"POINT (13.313839428000051 52.506044060000079)","Unfall 234790 (2024) Kat:3, Licht: 1","234790","3","5","1","04","18","3","","1","0","1","0","0"
"POINT (13.349605862000033 52.521300356000040)","Unfall 234791 (2024) Kat:2, Licht: 0","234791","2","1","0","04","18","3","","0","0","0","0","1"
"POINT (13.357656552000037 52.413145727000028)","Unfall 234792 (2024) Kat:3, Licht: 0","234792","3","6","3","04","12","3","","0","0","1","0","1"
"POINT (13.403777241000057 52.522984293000036)","Unfall 234793 (2024) Kat:3, Licht: 0","234793","3","7","2","04","11","3","","0","0","1","0","0"
"POINT (13.348239967000040 52.437758619000078)","Unfall 234794 (2024) Kat:3, Licht: 0","234794","3","2","5","04","10","3","","0","1","0","0","0"
"POINT (13.162484178000057 52.548309607000078)","Unfall 234795 (2024) Kat:3, Licht: 0","234795","3","2","6","04","08","3","","0","0","1","1","0"
"POINT (13.235753946000045 52.550499945000070)","Unfall 234796 (2024) Kat:3, Licht: 2","234796","3","7","0","04","22","3","","2","0","1","0","0"
"POINT (13.431072139000037 52.512697685000035)","Unfall 234797 (2024) Kat:3, Licht: 1","234797","3","2","5","04","18","3","","1","1","1","0","0"
"POINT (13.303037642000049 52.505545730000051)","Unfall 234798 (2024) Kat:3, Licht: 0","234798","3","2","5","04","08","3","","0","0","1","0","0"
"POINT (13.347389176000036 52.470597305000069)","Unfall 234799 (2024) Kat:3, Licht: 0","234799","3","2","5","04","07","3","","0","0","1","0","0"
"POINT (13.382968961000074 52.530635485000062)","Unfall 234800 (2024) Kat:3, Licht: 2","234800","3","3","5","04","05","3","","2","0","1","0","1"
"POINT (13.612349542000061 52.511299422000036)","Unfall 234801 (2024) Kat:2, Licht: 0","234801","2","4","6","04","14","3","","0","0","1","1","0"
"POINT (13.425451555000052 52.541051196000069)","Unfall 234802 (2024) Kat:3, Licht: 2","234802","3","4","6","04","21","3","","2","1","0","1","0"
"POINT (13.355214549000038 52.518735095000068)","Unfall 234803 (2024) Kat:3, Licht: 0","234803","3","2","2","04","17","3","","0","0","1","0","1"
"POINT (13.310237862000065 52.479081589000032)","Unfall 234804 (2024) Kat:3, Licht: 0","234804","3","2","0","04","16","3","","0","1","1","0","0"
"POINT (13.292729781000048 52.596160886000064)","Unfall 234805 (2024) Kat:3, Licht: 0","234805","3","6","3","04","15","3","","0","0","1","0","1"
"POINT (13.439905885000030 52.477733995000051)","Unfall 234806 (2024) Kat:3, Licht: 0","234806","3","2","5","04","16","7","","0","1","0","0","0"
"POINT (13.513834851000070 52.566672300000050)","Unfall 234807 (2024) Kat:2, Licht: 0","234807","2","6","3","04","13","3","","0","0","1","0","0"
"POINT (13.467650674000026 52.553814048000049)","Unfall 234808 (2024) Kat:3, Licht: 2","234808","3","2","2","04","05","3","","2","1","1","0","0"
"POINT (13.483888157000024 52.508629523000081)","Unfall 234809 (2024) Kat:3, Licht: 2","234809","3","3","2","04","01","3","","2","0","1","0","0"
"POINT (13.514263039000070 52.535148174000028)","Unfall 234810 (2024) Kat:3, Licht: 0","234810","3","6","2","04","17","2","","0","0","1","0","0"
"POINT (13.406664056000068 52.498447903000056)","Unfall 234811 (2024) Kat:3, Licht: 2","234811","3","2","5","04","23","2","","2","0","1","0","1"
"POINT (13.424833853000052 52.482686645000058)","Unfall 234812 (2024) Kat:3, Licht: 2","234812","3","1","1","04","20","2","","2","0","1","0","0"
"POINT (13.328726658000051 52.472744112000044)","Unfall 234813 (2024) Kat:3, Licht: 2","234813","3","5","1","04","20","2","","2","0","1","0","0"
"POINT (13.569741997000051 52.444623712000066)","Unfall 234814 (2024) Kat:3, Licht: 1","234814","3","6","3","04","19","2","","1","0","1","0","0"
"POINT (13.406241393000073 52.547058439000068)","Unfall 234815 (2024) Kat:2, Licht: 0","234815","2","7","0","04","15","2","","0","0","0","0","0"
"POINT (13.406664056000068 52.498447903000056)","Unfall 234816 (2024) Kat:3, Licht: 0","234816","3","2","5","04","11","2","","0","0","1","0","0"
"POINT (13.292248153000060 52.590585221000026)","Unfall 234817 (2024) Kat:3, Licht: 0","234817","3","2","5","04","15","2","","0","0","1","0","0"
"POINT (13.502624151000077 52.599793516000034)","Unfall 234818 (2024) Kat:1, Licht: 0","234818","1","5","1","04","15","2","","0","1","0","1","1"
"POINT (13.283527728000024 52.579639636000081)","Unfall 234819 (2024) Kat:3, Licht: 2","234819","3","7","0","04","04","2","","2","0","1","0","0"
"POINT (13.423271153000030 52.486747426000079)","Unfall 234820 (2024) Kat:2, Licht: 1","234820","2","7","0","04","19","2","","1","0","1","1","0"
"POINT (13.520596762000025 52.459996481000076)","Unfall 234821 (2024) Kat:3, Licht: 2","234821","3","7","6","03","20","1","","2","0","0","1","0"
"POINT (13.366973018000067 52.449628847000042)","Unfall 234822 (2024) Kat:3, Licht: 2","234822","3","2","5","03","22","1","","2","0","1","0","0"
"POINT (13.362635083000043 52.567288803000054)","Unfall 234823 (2024) Kat:2, Licht: 0","234823","2","7","6","03","17","1","","0","0","1","1","0"
"POINT (13.540123947000041 52.565294747000053)","Unfall 234824 (2024) Kat:3, Licht: 0","234824","3","2","5","03","13","1","","0","1","1","0","0"
"POINT (13.381131712000069 52.515800475000049)","Unfall 234825 (2024) Kat:3, Licht: 0","234825","3","4","6","03","12","1","","0","1","0","1","0"
"POINT (13.582161942000027 52.438825570000063)","Unfall 234826 (2024) Kat:3, Licht: 0","234826","3","3","5","03","10","1","","0","0","1","0","0"
"POINT (13.218583100000046 52.428340432000027)","Unfall 234827 (2024) Kat:2, Licht: 2","234827","2","7","6","03","21","1","","2","0","0","1","1"
"POINT (13.407561038000040 52.529234620000068)","Unfall 234828 (2024) Kat:3, Licht: 2","234828","3","5","1","03","00","1","","2","0","1","0","0"
"POINT (13.291363684000032 52.581026365000071)","Unfall 234829 (2024) Kat:3, Licht: 0","234829","3","2","5","03","11","1","","0","1","1","0","0"
"POINT (13.418383593000044 52.557154928000045)","Unfall 234830 (2024) Kat:3, Licht: 2","234830","3","1","1","03","22","1","","2","0","1","0","0"
"POINT (13.357078275000049 52.498943957000051)","Unfall 234831 (2024) Kat:3, Licht: 1","234831","3","2","5","03","18","7","","1","1","1","0","0"
"POINT (13.402959399000054 52.498303008000050)","Unfall 234832 (2024) Kat:3, Licht: 0","234832","3","7","5","03","13","7","","0","0","1","0","0"
"POINT (13.443734992000032 52.565315335000037)","Unfall 234833 (2024) Kat:3, Licht: 0","234833","3","2","5","03","15","7","","0","1","1","0","0"
"POINT (13.151469247000023 52.522463349000077)","Unfall 234834 (2024) Kat:2, Licht: 0","234834","2","7","8","03","12","7","","0","0","1","0","0"
"POINT (13.383389542000032 52.511534912000059)","Unfall 234835 (2024) Kat:3, Licht: 0","234835","3","2","5","03","15","7","","0","0","1","0","0"
"POINT (13.306405181000059 52.510018732000049)","Unfall 234836 (2024) Kat:3, Licht: 0","234836","3","1","1","03","14","7","","0","1","1","0","0"
"POINT (13.426011763000076 52.478184756000076)","Unfall 234837 (2024) Kat:3, Licht: 0","234837","3","2","2","03","14","7","","0","1","1","0","0"
"POINT (13.418845676000046 52.460922090000054)","Unfall 234838 (2024) Kat:3, Licht: 0","234838","3","3","5","03","14","7","","0","0","1","0","0"
"POINT (13.427205445000027 52.571883820000039)","Unfall 234839 (2024) Kat:3, Licht: 0","234839","3","5","1","03","10","7","","0","1","1","0","0"
"POINT (13.521529133000058 52.466436184000031)","Unfall 234840 (2024) Kat:2, Licht: 2","234840","2","2","5","03","19","7","","2","0","1","0","1"
"POINT (13.415503296000054 52.527039672000058)","Unfall 234841 (2024) Kat:3, Licht: 2","234841","3","2","3","03","18","7","","2","0","1","0","1"
"POINT (13.259867793000069 52.516177462000030)","Unfall 234842 (2024) Kat:3, Licht: 0","234842","3","3","5","03","16","7","","0","0","1","0","0"
"POINT (13.424338733000070 52.486293834000037)","Unfall 234843 (2024) Kat:3, Licht: 0","234843","3","2","5","03","14","7","","0","0","1","0","0"
"POINT (13.271221547000039 52.528417487000070)","Unfall 234844 (2024) Kat:3, Licht: 0","234844","3","6","2","03","14","7","","0","0","1","0","0"
"POINT (13.305141691000074 52.552912172000049)","Unfall 234845 (2024) Kat:3, Licht: 0","234845","3","3","5","03","13","7","","0","0","1","0","0"
"POINT (13.289949090000050 52.475875688000031)","Unfall 234846 (2024) Kat:3, Licht: 2","234846","3","5","1","03","02","7","","2","0","1","0","0"
"POINT (13.435744540000030 52.523266103000026)","Unfall 234847 (2024) Kat:3, Licht: 2","234847","3","6","3","03","20","6","","2","0","1","0","0"
"POINT (13.268558169000073 52.509136463000061)","Unfall 234848 (2024) Kat:2, Licht: 0","234848","2","2","5","03","13","6","","0","0","1","0","1"
"POINT (13.297586877000072 52.506766986000059)","Unfall 234849 (2024) Kat:3, Licht: 0","234849","3","6","2","03","10","6","","0","0","1","0","0"
"POINT (13.406661436000036 52.498444456000072)","Unfall 234850 (2024) Kat:3, Licht: 2","234850","3","2","5","03","23","6","","2","0","1","0","0"
"POINT (13.539224247000050 52.439942234000057)","Unfall 234851 (2024) Kat:3, Licht: 1","234851","3","3","5","03","17","6","","1","1","1","0","0"
"POINT (13.359281939000027 52.546392194000077)","Unfall 234852 (2024) Kat:3, Licht: 2","234852","3","3","5","03","00","6","","2","0","1","0","0"
"POINT (13.310510098000066 52.421136230000059)","Unfall 234853 (2024) Kat:3, Licht: 2","234853","3","1","8","03","22","6","","2","0","1","0","0"
"POINT (13.406661253000038 52.498444216000053)","Unfall 234854 (2024) Kat:3, Licht: 2","234854","3","2","5","03","21","6","","2","0","1","0","0"
"POINT (13.385440352000046 52.501974944000040)","Unfall 234855 (2024) Kat:3, Licht: 2","234855","3","7","0","03","19","6","","2","1","0","0","0"
"POINT (13.285852749000071 52.495242072000053)","Unfall 234856 (2024) Kat:3, Licht: 1","234856","3","6","3","03","18","6","","1","0","1","0","0"
"POINT (13.527847454000039 52.490089363000038)","Unfall 234857 (2024) Kat:3, Licht: 0","234857","3","6","2","03","14","6","","0","0","1","0","0"
"POINT (13.434974268000076 52.508649740000067)","Unfall 234858 (2024) Kat:2, Licht: 0","234858","2","2","6","03","13","6","","0","0","0","1","0"
"POINT (13.210196783000072 52.549610788000052)","Unfall 234859 (2024) Kat:3, Licht: 0","234859","3","5","1","03","07","6","","0","1","1","0","0"
"POINT (13.346019337000030 52.504006989000061)","Unfall 234860 (2024) Kat:3, Licht: 2","234860","3","2","5","03","21","6","","2","0","1","0","0"
"POINT (13.365999392000049 52.429930316000082)","Unfall 234861 (2024) Kat:3, Licht: 2","234861","3","1","1","03","22","5","","2","0","1","0","0"
"POINT (13.358800835000068 52.596825285000079)","Unfall 234862 (2024) Kat:3, Licht: 2","234862","3","7","5","03","21","5","","2","0","1","0","0"
"POINT (13.320799791000070 52.451797872000043)","Unfall 234863 (2024) Kat:3, Licht: 0","234863","3","2","5","03","17","5","","0","0","1","0","1"
"POINT (13.453901358000053 52.482519931000070)","Unfall 234864 (2024) Kat:3, Licht: 0","234864","3","2","0","03","11","5","","0","0","1","0","0"
"POINT (13.327529566000067 52.440153510000073)","Unfall 234865 (2024) Kat:3, Licht: 0","234865","3","4","6","04","14","6","","0","0","1","1","0"
"POINT (13.433375294000029 52.452311552000026)","Unfall 234866 (2024) Kat:3, Licht: 0","234866","3","6","2","03","16","5","","0","0","1","0","0"
"POINT (13.495357915000056 52.423764831000028)","Unfall 234867 (2024) Kat:3, Licht: 0","234867","3","6","3","03","15","5","","0","1","1","0","0"
"POINT (13.609996082000066 52.543080385000053)","Unfall 234868 (2024) Kat:3, Licht: 0","234868","3","7","0","03","13","5","","0","1","0","0","0"
"POINT (13.393057717000033 52.514969693000069)","Unfall 234869 (2024) Kat:3, Licht: 0","234869","3","3","5","03","12","5","","0","0","1","0","0"
"POINT (13.387127361000069 52.502773630000036)","Unfall 234870 (2024) Kat:3, Licht: 0","234870","3","2","5","03","08","5","","0","1","1","0","0"
"POINT (13.386918262000052 52.490056572000071)","Unfall 234871 (2024) Kat:3, Licht: 0","234871","3","6","3","03","16","5","","0","1","0","0","0"
"POINT (13.474005085000044 52.475111171000037)","Unfall 234872 (2024) Kat:3, Licht: 0","234872","3","6","0","03","15","5","","0","0","0","0","1"
"POINT (13.567452247000062 52.573321161000081)","Unfall 234873 (2024) Kat:3, Licht: 0","234873","3","3","5","03","14","5","","0","1","1","0","0"
"POINT (13.226920287000041 52.626005520000035)","Unfall 234874 (2024) Kat:3, Licht: 0","234874","3","3","5","03","13","5","","0","0","1","0","1"
"POINT (13.360239105000062 52.479753351000056)","Unfall 234875 (2024) Kat:3, Licht: 0","234875","3","2","5","03","13","5","","0","1","1","0","0"
"POINT (13.327031760000068 52.532702107000034)","Unfall 234876 (2024) Kat:3, Licht: 0","234876","3","5","1","03","13","5","","0","1","1","0","0"
"POINT (13.447512178000068 52.437220447000072)","Unfall 234877 (2024) Kat:3, Licht: 0","234877","3","4","6","03","11","5","","0","1","0","1","0"
"POINT (13.336863820000076 52.515380416000028)","Unfall 234878 (2024) Kat:2, Licht: 2","234878","2","4","6","03","00","5","","2","0","0","1","1"
"POINT (13.259767164000039 52.433556734000035)","Unfall 234879 (2024) Kat:3, Licht: 0","234879","3","3","5","03","15","4","","0","1","1","0","0"
"POINT (13.427177369000049 52.552277679000042)","Unfall 234880 (2024) Kat:3, Licht: 0","234880","3","3","5","03","15","4","","0","0","1","0","0"
"POINT (13.679268694000029 52.444827126000064)","Unfall 234881 (2024) Kat:2, Licht: 0","234881","2","7","0","03","14","4","","0","1","0","0","0"
"POINT (13.395919377000041 52.386674517000074)","Unfall 234882 (2024) Kat:3, Licht: 0","234882","3","7","6","03","11","4","","0","1","0","1","0"
"POINT (13.424970086000030 52.480771330000039)","Unfall 234883 (2024) Kat:3, Licht: 2","234883","3","2","2","03","21","4","","2","0","1","0","0"
"POINT (13.539721007000026 52.539818560000072)","Unfall 234884 (2024) Kat:3, Licht: 0","234884","3","3","5","03","16","4","","0","0","1","0","0"
"POINT (13.461990264000065 52.471134856000049)","Unfall 234885 (2024) Kat:3, Licht: 0","234885","3","3","0","03","15","4","","0","0","1","0","1"
"POINT (13.207329061000053 52.528943523000066)","Unfall 234886 (2024) Kat:3, Licht: 0","234886","3","2","0","03","15","4","","0","0","1","0","0"
"POINT (13.328461022000056 52.470001004000039)","Unfall 234887 (2024) Kat:3, Licht: 0","234887","3","2","5","03","08","4","","0","1","1","0","0"
"POINT (13.192451179000045 52.544651369000064)","Unfall 234888 (2024) Kat:3, Licht: 1","234888","3","7","6","03","19","4","","1","1","0","1","0"
"POINT (13.351828805000025 52.415984262000052)","Unfall 234889 (2024) Kat:3, Licht: 0","234889","3","4","6","03","12","4","","0","0","1","1","0"
"POINT (13.506592804000036 52.526289924000082)","Unfall 234890 (2024) Kat:3, Licht: 0","234890","3","7","0","03","06","4","","0","0","1","0","0"
"POINT (13.351128205000066 52.529750569000043)","Unfall 234891 (2024) Kat:2, Licht: 0","234891","2","3","5","03","17","4","","0","0","1","0","0"
"POINT (13.259658214000069 52.433348736000028)","Unfall 234892 (2024) Kat:3, Licht: 0","234892","3","6","3","03","15","4","","0","1","1","0","0"
"POINT (13.162739836000071 52.548617506000028)","Unfall 234893 (2024) Kat:3, Licht: 0","234893","3","4","6","03","17","4","","0","0","1","1","0"
"POINT (13.331023193000021 52.494826186000068)","Unfall 234894 (2024) Kat:3, Licht: 0","234894","3","6","2","03","14","4","","0","0","1","0","0"
"POINT (13.308554841000046 52.567995549000045)","Unfall 234895 (2024) Kat:2, Licht: 2","234895","2","7","9","03","21","4","","2","0","1","0","0"
"POINT (13.306383992000065 52.506760457000041)","Unfall 234896 (2024) Kat:2, Licht: 0","234896","2","4","6","04","13","4","","0","0","1","1","0"
"POINT (13.324894197000049 52.428290487000027)","Unfall 234897 (2024) Kat:3, Licht: 0","234897","3","6","3","03","16","4","","0","0","1","0","1"
"POINT (13.327833479000049 52.593288972000039)","Unfall 234898 (2024) Kat:3, Licht: 0","234898","3","6","0","03","14","4","","0","0","1","0","0"
"POINT (13.262629996000044 52.451582770000073)","Unfall 234899 (2024) Kat:3, Licht: 0","234899","3","3","5","03","12","4","","0","0","1","0","0"
"POINT (13.414641877000065 52.500152889000049)","Unfall 234900 (2024) Kat:3, Licht: 0","234900","3","3","5","03","11","4","","0","0","1","0","0"
"POINT (13.386449445000039 52.490073715000051)","Unfall 234901 (2024) Kat:3, Licht: 0","234901","3","2","2","03","14","4","","0","0","0","0","1"
"POINT (13.359378634000052 52.456742659000042)","Unfall 234902 (2024) Kat:3, Licht: 0","234902","3","2","5","03","16","4","","0","0","1","0","1"
"POINT (13.300121434000062 52.531009005000044)","Unfall 234903 (2024) Kat:3, Licht: 0","234903","3","4","6","03","14","4","","0","0","1","1","0"
"POINT (13.372702653000033 52.538428515000078)","Unfall 234904 (2024) Kat:3, Licht: 2","234904","3","5","1","03","22","3","","2","1","1","0","0"
"POINT (13.272763874000077 52.575831283000070)","Unfall 234905 (2024) Kat:3, Licht: 2","234905","3","5","1","03","20","3","","2","1","1","0","0"
"POINT (13.427647309000065 52.420801714000049)","Unfall 234906 (2024) Kat:3, Licht: 0","234906","3","2","5","03","17","3","","0","0","1","0","0"
"POINT (13.162216088000037 52.514902390000032)","Unfall 234907 (2024) Kat:3, Licht: 0","234907","3","5","1","03","16","3","","0","0","1","0","0"
"POINT (13.479644345000054 52.612577027000043)","Unfall 234908 (2024) Kat:3, Licht: 0","234908","3","3","5","03","11","3","","0","0","1","0","0"
"POINT (13.339217382000072 52.503051639000034)","Unfall 234909 (2024) Kat:3, Licht: 0","234909","3","2","5","03","10","3","","0","1","1","0","0"
"POINT (13.376917017000039 52.476823423000042)","Unfall 234910 (2024) Kat:3, Licht: 0","234910","3","2","5","03","17","3","","0","0","1","0","1"
"POINT (13.234207786000070 52.541430417000072)","Unfall 234911 (2024) Kat:3, Licht: 0","234911","3","6","2","03","15","3","","0","0","1","0","0"
"POINT (13.379559650000033 52.514768287000038)","Unfall 234912 (2024) Kat:3, Licht: 0","234912","3","1","0","03","15","3","","0","0","0","0","1"
"POINT (13.168192267000052 52.550767416000042)","Unfall 234913 (2024) Kat:3, Licht: 0","234913","3","3","5","03","15","3","","0","0","1","0","0"
"POINT (13.518774034000046 52.509532035000063)","Unfall 234914 (2024) Kat:3, Licht: 1","234914","3","2","5","03","05","3","","1","0","1","0","0"
"POINT (13.356117369000060 52.543338947000052)","Unfall 234915 (2024) Kat:3, Licht: 2","234915","3","3","5","03","18","3","","2","1","1","0","0"
"POINT (13.204169786000023 52.491443320000030)","Unfall 234916 (2024) Kat:3, Licht: 0","234916","3","3","5","03","15","3","","0","1","1","0","0"
"POINT (13.328612205000070 52.524047522000046)","Unfall 234917 (2024) Kat:2, Licht: 0","234917","2","1","0","03","16","3","","0","0","0","0","1"
"POINT (13.308061748000057 52.585158159000059)","Unfall 234918 (2024) Kat:3, Licht: 0","234918","3","7","6","03","15","3","","0","0","1","1","0"
"POINT (13.347685419000072 52.595410786000059)","Unfall 234919 (2024) Kat:3, Licht: 0","234919","3","1","8","03","07","3","","0","0","1","0","0"
"POINT (13.355474830000048 52.519698444000028)","Unfall 234920 (2024) Kat:3, Licht: 1","234920","3","1","9","03","07","3","","1","0","1","0","0"
"POINT (13.333390817000065 52.429976959000044)","Unfall 234921 (2024) Kat:2, Licht: 2","234921","2","5","1","03","19","3","","2","0","1","0","1"
"POINT (13.402007648000051 52.528968731000077)","Unfall 234922 (2024) Kat:3, Licht: 0","234922","3","3","5","03","15","3","","0","0","1","0","0"
"POINT (13.354214306000074 52.430004047000068)","Unfall 234923 (2024) Kat:3, Licht: 0","234923","3","7","2","03","10","3","","0","0","1","0","1"
"POINT (13.294773330000055 52.509682763000058)","Unfall 234924 (2024) Kat:3, Licht: 0","234924","3","5","1","03","10","3","","0","0","0","0","0"
"POINT (13.428673141000047 52.572146166000039)","Unfall 234925 (2024) Kat:3, Licht: 0","234925","3","2","2","03","07","3","","0","0","1","0","0"
"POINT (13.376981082000043 52.510775270000067)","Unfall 234926 (2024) Kat:3, Licht: 0","234926","3","3","5","03","17","5","","0","1","1","0","0"
"POINT (13.583458693000068 52.451703368000040)","Unfall 234927 (2024) Kat:2, Licht: 1","234927","2","4","6","03","18","3","","1","0","1","1","0"
"POINT (13.368265327000074 52.522526327000037)","Unfall 234928 (2024) Kat:2, Licht: 0","234928","2","1","0","03","15","3","","0","0","0","0","1"
"POINT (13.580685666000022 52.502807581000070)","Unfall 234929 (2024) Kat:2, Licht: 0","234929","2","3","5","03","13","3","","0","0","1","0","0"
"POINT (13.569236441000044 52.560821596000039)","Unfall 234930 (2024) Kat:3, Licht: 0","234930","3","3","0","03","14","3","","0","1","0","0","0"
"POINT (13.392170719000035 52.507798841000067)","Unfall 234931 (2024) Kat:3, Licht: 0","234931","3","4","6","03","13","3","","0","0","0","1","1"
"POINT (13.296274305000054 52.492536373000064)","Unfall 234932 (2024) Kat:3, Licht: 0","234932","3","2","5","03","08","3","","0","1","0","0","0"
"POINT (13.514994482000077 52.567119212000080)","Unfall 234933 (2024) Kat:2, Licht: 2","234933","2","7","6","03","20","2","","2","0","0","1","0"
"POINT (13.408335574000034 52.498485237000068)","Unfall 234934 (2024) Kat:3, Licht: 2","234934","3","6","2","03","20","2","","2","0","1","0","0"
"POINT (13.414533498000026 52.500135145000058)","Unfall 234935 (2024) Kat:3, Licht: 0","234935","3","3","5","03","18","2","","0","0","1","0","0"
"POINT (13.446427186000051 52.554543055000067)","Unfall 234936 (2024) Kat:2, Licht: 0","234936","2","2","5","03","15","2","","0","0","1","0","1"
"POINT (13.227555927000026 52.421452059000046)","Unfall 234937 (2024) Kat:2, Licht: 0","234937","2","5","1","03","11","2","","0","1","0","0","0"
"POINT (13.400089517000026 52.459125270000072)","Unfall 234938 (2024) Kat:3, Licht: 0","234938","3","2","5","03","08","2","","0","1","1","0","0"
"POINT (13.594576027000073 52.526540094000040)","Unfall 234939 (2024) Kat:3, Licht: 0","234939","3","3","5","03","16","2","","0","1","1","0","0"
"POINT (13.451365335000048 52.436738477000063)","Unfall 234940 (2024) Kat:3, Licht: 0","234940","3","2","5","03","12","2","","0","1","1","0","0"
"POINT (13.362596997000026 52.452068074000067)","Unfall 234941 (2024) Kat:3, Licht: 0","234941","3","6","2","03","10","2","","0","0","1","0","0"
"POINT (13.424220590000061 52.465515651000032)","Unfall 234942 (2024) Kat:3, Licht: 0","234942","3","7","6","03","10","2","","0","0","1","1","0"
"POINT (13.224469102000057 52.528886046000082)","Unfall 234943 (2024) Kat:3, Licht: 0","234943","3","2","2","03","06","2","","0","0","1","0","1"
"POINT (13.440560289000075 52.540752611000073)","Unfall 234944 (2024) Kat:3, Licht: 0","234944","3","1","0","03","16","2","","0","0","0","0","0"
"POINT (13.593346669000027 52.451499909000063)","Unfall 234945 (2024) Kat:2, Licht: 0","234945","2","6","3","03","16","2","","0","1","1","0","0"
"POINT (13.371584137000070 52.436636108000073)","Unfall 234946 (2024) Kat:3, Licht: 1","234946","3","1","0","03","17","2","","1","0","0","0","1"
"POINT (13.197809320000033 52.519748802000038)","Unfall 234947 (2024) Kat:3, Licht: 0","234947","3","4","6","03","15","2","","0","0","1","1","0"
"POINT (13.420469085000036 52.500959892000026)","Unfall 234948 (2024) Kat:3, Licht: 0","234948","3","6","2","03","14","2","","0","1","1","0","0"
"POINT (13.355264677000036 52.433655551000072)","Unfall 234949 (2024) Kat:3, Licht: 0","234949","3","6","2","03","15","2","","0","0","1","0","0"
"POINT (13.415375418000053 52.521049533000053)","Unfall 234950 (2024) Kat:3, Licht: 0","234950","3","3","5","03","13","2","","0","0","1","0","0"
"POINT (13.184664088000034 52.515424214000063)","Unfall 234951 (2024) Kat:3, Licht: 0","234951","3","2","5","03","11","2","","0","0","1","0","0"
"POINT (13.542556815000069 52.457619786000066)","Unfall 234952 (2024) Kat:3, Licht: 0","234952","3","7","5","03","11","2","","0","0","1","0","0"
"POINT (13.418437352000069 52.553506458000072)","Unfall 234953 (2024) Kat:3, Licht: 0","234953","3","3","5","03","11","2","","0","0","1","0","0"