WKT,Name,OBJECTID,UKATEGORIE,UTYP1,UART,UMONAT,USTUNDE,UWOCHENTAG,STRZUSTAND,ULICHTVERH,ISTRAD,ISTPKW,ISTFUSS,ISTKRAD
"POINT (13.358896864000030 52.547466650000047)","Unfall 234954 (2024) Kat:3, Licht: 2","234954","3","2","2","03","21","2","","2","0","1","0","0"
"POINT (13.314731809000023 52.567461802000082)","Unfall 234955 (2024) Kat:3, Licht: 2","234955","3","3","5","03","20","1","","2","1","1","0","0"
"POINT (13.332958420000068 52.507089928000028)","Unfall 234956 (2024) Kat:2, Licht: 2","234956","2","7","8","03","20","1","","2","0","1","1","0"
"POINT (13.371153130000039 52.511119271000041)","Unfall 234957 (2024) Kat:2, Licht: 2","234957","2","2","5","03","19","1","","2","0","1","0","0"
"POINT (13.594604141000048 52.533894820000057)","Unfall 234958 (2024) Kat:2, Licht: 0","234958","2","3","5","03","11","1","","0","0","1","0","0"
"POINT (13.355342506000056 52.544183080000039)","Unfall 234959 (2024) Kat:3, Licht: 2","234959","3","1","1","03","23","1","","2","0","1","0","0"
"POINT (13.512001813000040 52.470706035000035)","Unfall 234960 (2024) Kat:3, Licht: 1","234960","3","3","5","03","16","1","","1","1","1","0","0"
"POINT (13.390699953000023 52.495930867000027)","Unfall 234961 (2024) Kat:3, Licht: 0","234961","3","2","5","03","16","7","","0","0","1","0","0"
"POINT (13.568163504000040 52.444760957000028)","Unfall 234962 (2024) Kat:2, Licht: 0","234962","2","7","6","04","16","2","","0","1","0","1","0"
"POINT (13.499718164000058 52.525401648000070)","Unfall 234963 (2024) Kat:2, Licht: 0","234963","2","4","6","03","16","7","","0","0","1","1","0"
"POINT (13.399294915000041 52.504667399000027)","Unfall 234964 (2024) Kat:3, Licht: 2","234964","3","3","5","03","01","7","","2","0","1","0","0"
"POINT (13.479550866000068 52.520545483000035)","Unfall 234965 (2024) Kat:3, Licht: 2","234965","3","2","5","03","00","7","","2","0","1","0","0"
"POINT (13.328808151000032 52.480667067000070)","Unfall 234966 (2024) Kat:2, Licht: 2","234966","2","1","9","03","19","7","","2","0","0","0","1"
"POINT (13.331221915000071 52.496532444000081)","Unfall 234967 (2024) Kat:3, Licht: 2","234967","3","6","2","03","18","7","","2","0","1","0","0"
"POINT (13.401159909000057 52.569215242000041)","Unfall 234968 (2024) Kat:3, Licht: 1","234968","3","6","4","03","19","7","","1","1","0","0","0"
"POINT (13.372958308000022 52.409034030000043)","Unfall 234969 (2024) Kat:2, Licht: 0","234969","2","7","2","03","16","7","","0","0","1","1","0"
"POINT (13.546661290000031 52.521597951000047)","Unfall 234970 (2024) Kat:3, Licht: 0","234970","3","3","5","03","07","5","","0","1","1","0","0"
"POINT (13.404817459000071 52.386664507000035)","Unfall 234971 (2024) Kat:3, Licht: 0","234971","3","7","5","03","14","7","","0","0","1","0","0"
"POINT (13.382398121000051 52.551809977000062)","Unfall 234972 (2024) Kat:3, Licht: 0","234972","3","3","2","03","14","7","","0","0","1","0","0"
"POINT (13.256957392000061 52.429798021000067)","Unfall 234973 (2024) Kat:3, Licht: 0","234973","3","3","5","03","08","7","","0","0","1","0","1"
"POINT (13.339072866000038 52.597875668000029)","Unfall 234974 (2024) Kat:2, Licht: 0","234974","2","4","6","03","14","7","","0","0","1","1","0"
"POINT (13.405171213000074 52.528645219000055)","Unfall 234975 (2024) Kat:3, Licht: 2","234975","3","3","5","03","20","7","","2","1","1","0","0"
"POINT (13.356839830000069 52.519856217000040)","Unfall 234976 (2024) Kat:3, Licht: 0","234976","3","7","5","03","16","7","","0","0","1","0","0"
"POINT (13.332818285000030 52.577424165000082)","Unfall 234977 (2024) Kat:2, Licht: 0","234977","2","1","8","03","17","7","","0","0","1","0","0"
"POINT (13.392538124000055 52.564084798000067)","Unfall 234978 (2024) Kat:3, Licht: 0","234978","3","6","2","03","13","7","","0","0","1","0","0"
"POINT (13.260151165000025 52.427215360000048)","Unfall 234979 (2024) Kat:3, Licht: 0","234979","3","3","5","03","12","7","","0","0","1","0","0"
"POINT (13.296431530000064 52.529278660000045)","Unfall 234980 (2024) Kat:3, Licht: 0","234980","3","2","5","03","10","7","","0","0","1","0","0"
"POINT (13.157162510000035 52.595500112000082)","Unfall 234981 (2024) Kat:3, Licht: 2","234981","3","1","0","03","22","7","","2","0","0","0","1"
"POINT (13.389178281000056 52.514772944000072)","Unfall 234982 (2024) Kat:3, Licht: 2","234982","3","2","2","03","20","7","","2","0","1","0","0"
"POINT (13.377025858000025 52.508620643000029)","Unfall 234983 (2024) Kat:3, Licht: 0","234983","3","2","0","03","15","6","","0","1","0","0","0"
"POINT (13.343344724000076 52.527756627000031)","Unfall 234984 (2024) Kat:3, Licht: 2","234984","3","5","1","03","22","6","","2","0","1","0","0"
"POINT (13.584162069000058 52.429786631000070)","Unfall 234985 (2024) Kat:3, Licht: 0","234985","3","6","4","03","18","6","","0","0","1","0","0"
"POINT (13.289023532000044 52.583539674000065)","Unfall 234986 (2024) Kat:3, Licht: 0","234986","3","6","2","03","11","6","","0","0","1","0","0"
"POINT (13.377753399000028 52.483377584000038)","Unfall 234987 (2024) Kat:3, Licht: 2","234987","3","2","1","03","21","6","","2","1","1","0","0"
"POINT (13.436606270000027 52.592595151000069)","Unfall 234988 (2024) Kat:3, Licht: 2","234988","3","4","6","03","20","6","","2","0","1","1","0"
"POINT (13.467899350000039 52.464103665000039)","Unfall 234989 (2024) Kat:3, Licht: 2","234989","3","3","0","03","19","6","","2","0","1","0","1"
"POINT (13.343798646000039 52.471151392000081)","Unfall 234990 (2024) Kat:3, Licht: 2","234990","3","2","6","03","18","6","","2","0","1","1","0"
"POINT (13.430623562000051 52.524916780000069)","Unfall 234991 (2024) Kat:3, Licht: 1","234991","3","3","5","03","18","6","","1","1","1","0","0"
"POINT (13.453857989000028 52.482541488000038)","Unfall 234992 (2024) Kat:3, Licht: 0","234992","3","3","5","03","14","6","","0","0","1","0","0"
"POINT (13.521913337000058 52.525973609000062)","Unfall 234993 (2024) Kat:2, Licht: 0","234993","2","3","5","03","13","6","","0","0","1","0","0"
"POINT (13.325582752000059 52.500123868000060)","Unfall 234994 (2024) Kat:3, Licht: 0","234994","3","6","3","03","10","6","","0","0","0","0","1"
"POINT (13.350949046000039 52.567572422000069)","Unfall 234995 (2024) Kat:3, Licht: 2","234995","3","2","6","03","22","6","","2","0","1","1","0"
"POINT (13.385170496000057 52.498433371000033)","Unfall 234996 (2024) Kat:3, Licht: 1","234996","3","6","2","03","17","6","","1","0","1","0","0"
"POINT (13.448879598000076 52.618099275000077)","Unfall 234997 (2024) Kat:3, Licht: 0","234997","3","7","7","03","15","6","","0","0","1","0","0"
"POINT (13.438017527000056 52.454036418000044)","Unfall 234998 (2024) Kat:3, Licht: 0","234998","3","2","5","03","15","6","","0","1","1","0","0"
"POINT (13.368166168000073 52.510632387000044)","Unfall 234999 (2024) Kat:3, Licht: 0","234999","3","6","3","03","11","6","","0","1","1","0","0"
"POINT (13.360735373000068 52.523814888000061)","Unfall 235000 (2024) Kat:3, Licht: 0","235000","3","6","2","03","11","6","","0","0","1","0","0"
"POINT (13.409527398000023 52.561189594000041)","Unfall 235001 (2024) Kat:3, Licht: 2","235001","3","5","1","03","20","6","","2","1","1","0","0"
"POINT (13.518234815000028 52.642535727000052)","Unfall 235002 (2024) Kat:3, Licht: 0","235002","3","6","4","03","10","6","","0","0","1","0","0"
"POINT (13.209923275000051 52.532434224000042)","Unfall 235003 (2024) Kat:2, Licht: 1","235003","2","4","6","03","17","6","","1","0","1","1","0"
"POINT (13.330731831000037 52.492646527000034)","Unfall 235004 (2024) Kat:3, Licht: 0","235004","3","1","0","03","16","6","","0","0","0","0","1"
"POINT (13.362880320000045 52.493962703000079)","Unfall 235005 (2024) Kat:3, Licht: 0","235005","3","1","0","03","14","6","","0","0","0","0","1"
"POINT (13.299026882000021 52.440839802000028)","Unfall 235006 (2024) Kat:2, Licht: 0","235006","2","4","6","03","10","6","","0","1","0","1","0"
"POINT (13.468517203000033 52.564117699000064)","Unfall 235007 (2024) Kat:3, Licht: 0","235007","3","4","6","03","09","6","","0","0","0","1","0"
"POINT (13.383204020000051 52.465980127000080)","Unfall 235008 (2024) Kat:3, Licht: 0","235008","3","6","3","03","09","6","","0","0","1","0","0"
"POINT (13.387590199000044 52.493059412000036)","Unfall 235009 (2024) Kat:3, Licht: 2","235009","3","2","5","03","23","6","","2","1","1","0","0"
"POINT (13.391218775000027 52.544559818000039)","Unfall 235010 (2024) Kat:3, Licht: 2","235010","3","4","6","03","20","6","","2","0","1","1","0"
"POINT (13.495675622000022 52.505633864000060)","Unfall 235011 (2024) Kat:3, Licht: 0","235011","3","6","2","03","18","6","","0","0","1","0","0"
"POINT (13.279373214000032 52.523835416000054)","Unfall 235012 (2024) Kat:3, Licht: 0","235012","3","2","5","03","15","6","","0","1","1","0","0"
"POINT (13.391630079000038 52.563605824000035)","Unfall 235013 (2024) Kat:3, Licht: 0","235013","3","6","2","03","15","6","","0","0","1","0","0"
"POINT (13.422687205000045 52.544641367000054)","Unfall 235014 (2024) Kat:3, Licht: 0","235014","3","3","5","03","13","6","","0","1","1","0","0"
"POINT (13.415539240000044 52.572279580000043)","Unfall 235015 (2024) Kat:3, Licht: 0","235015","3","6","2","03","09","6","","0","0","1","0","0"
"POINT (13.588893701000075 52.486691334000056)","Unfall 235016 (2024) Kat:3, Licht: 0","235016","3","1","9","03","08","5","","0","0","1","0","0"
"POINT (13.389265400000056 52.586938586000031)","Unfall 235017 (2024) Kat:3, Licht: 2","235017","3","1","0","03","23","6","","2","0","0","0","1"
"POINT (13.446206047000032 52.545017720000033)","Unfall 235018 (2024) Kat:3, Licht: 2","235018","3","7","6","03","19","6","","2","0","1","1","0"
"POINT (13.618338464000033 52.455461538000066)","Unfall 235019 (2024) Kat:3, Licht: 1","235019","3","6","2","03","17","6","","1","0","1","0","0"
"POINT (13.163732018000076 52.521500807000052)","Unfall 235020 (2024) Kat:3, Licht: 0","235020","3","1","1","03","18","5","","0","0","1","0","1"
"POINT (13.355329051000069 52.519683518000079)","Unfall 235021 (2024) Kat:3, Licht: 0","235021","3","2","0","03","18","5","","0","0","1","0","0"
"POINT (13.303949035000073 52.506817532000071)","Unfall 235022 (2024) Kat:3, Licht: 0","235022","3","2","5","03","18","5","","0","1","1","0","0"
"POINT (13.182969509000031 52.518542362000062)","Unfall 235023 (2024) Kat:3, Licht: 0","235023","3","4","6","03","15","5","","0","0","1","1","0"
"POINT (13.478694531000031 52.477562749000072)","Unfall 235024 (2024) Kat:2, Licht: 0","235024","2","2","5","03","10","5","","0","0","1","0","1"
"POINT (13.377519260000042 52.528946456000028)","Unfall 235025 (2024) Kat:3, Licht: 0","235025","3","6","2","03","08","5","","0","0","1","0","0"
"POINT (13.190062426000054 52.546451416000082)","Unfall 235026 (2024) Kat:3, Licht: 0","235026","3","6","2","03","08","5","","0","0","1","0","0"
"POINT (13.357046833000027 52.498883796000030)","Unfall 235027 (2024) Kat:3, Licht: 0","235027","3","3","5","03","08","5","","0","1","0","0","0"
"POINT (13.369622855000046 52.524199181000029)","Unfall 235028 (2024) Kat:3, Licht: 2","235028","3","7","6","03","18","5","","2","0","1","1","0"
"POINT (13.513923441000031 52.551270282000075)","Unfall 235029 (2024) Kat:3, Licht: 0","235029","3","2","5","03","14","5","","0","0","1","0","0"
"POINT (13.415582126000061 52.440725476000068)","Unfall 235030 (2024) Kat:3, Licht: 0","235030","3","7","1","03","10","5","","0","0","1","0","0"
"POINT (13.417252382000072 52.512593163000076)","Unfall 235031 (2024) Kat:3, Licht: 0","235031","3","1","0","03","15","5","","0","1","0","0","0"
"POINT (13.329589008000028 52.493151284000078)","Unfall 235032 (2024) Kat:3, Licht: 0","235032","3","3","5","03","11","5","","0","1","1","0","0"
"POINT (13.383636087000070 52.551415643000041)","Unfall 235033 (2024) Kat:3, Licht: 0","235033","3","2","6","03","09","5","","0","0","1","1","0"
"POINT (13.435366935000047 52.521661363000078)","Unfall 235034 (2024) Kat:3, Licht: 2","235034","3","3","5","03","03","5","","2","0","1","0","0"
"POINT (13.345252396000035 52.529813713000067)","Unfall 235035 (2024) Kat:3, Licht: 2","235035","3","4","6","03","21","5","","2","1","0","1","0"
"POINT (13.388831778000053 52.517013928000040)","Unfall 235036 (2024) Kat:2, Licht: 2","235036","2","6","3","03","19","5","","2","1","1","0","0"
"POINT (13.538387179000040 52.434614305000082)","Unfall 235037 (2024) Kat:3, Licht: 0","235037","3","6","2","03","16","5","","0","0","1","0","1"
"POINT (13.460537147000025 52.468170289000057)","Unfall 235038 (2024) Kat:3, Licht: 0","235038","3","2","5","03","16","5","","0","0","1","0","0"
"POINT (13.580217024000035 52.459362346000034)","Unfall 235039 (2024) Kat:3, Licht: 0","235039","3","5","0","03","16","5","","0","0","1","0","0"
"POINT (13.576050795000072 52.495602157000064)","Unfall 235040 (2024) Kat:2, Licht: 0","235040","2","5","1","03","12","5","","0","1","1","0","0"
"POINT (13.364475523000067 52.562675195000054)","Unfall 235041 (2024) Kat:3, Licht: 0","235041","3","7","0","03","11","5","","0","0","1","0","1"
"POINT (13.213388287000043 52.434984630000031)","Unfall 235042 (2024) Kat:2, Licht: 0","235042","2","7","0","03","09","5","","0","1","0","1","0"
"POINT (13.547780889000023 52.526222365000081)","Unfall 235043 (2024) Kat:3, Licht: 0","235043","3","2","0","03","15","4","","0","0","1","0","0"
"POINT (13.230225485000062 52.546854296000049)","Unfall 235044 (2024) Kat:3, Licht: 0","235044","3","6","2","03","17","5","","0","0","1","0","0"
"POINT (13.497062079000045 52.526429125000050)","Unfall 235045 (2024) Kat:3, Licht: 0","235045","3","1","0","03","17","4","","0","1","0","0","0"
"POINT (13.355371941000044 52.519260479000081)","Unfall 235046 (2024) Kat:3, Licht: 0","235046","3","6","2","03","15","4","","0","0","1","0","0"
"POINT (13.347341486000062 52.470604361000028)","Unfall 235047 (2024) Kat:3, Licht: 0","235047","3","2","5","03","18","4","","0","0","1","0","0"
"POINT (13.444436348000067 52.575281685000050)","Unfall 235048 (2024) Kat:3, Licht: 0","235048","3","3","5","03","15","4","","0","0","1","0","1"
"POINT (13.334588635000046 52.495116777000078)","Unfall 235049 (2024) Kat:3, Licht: 0","235049","3","2","5","03","15","4","","0","1","1","0","0"
"POINT (13.318696555000031 52.606687345000068)","Unfall 235050 (2024) Kat:3, Licht: 0","235050","3","4","6","03","12","4","","0","0","1","1","0"
"POINT (13.478481407000061 52.442667392000033)","Unfall 235051 (2024) Kat:3, Licht: 0","235051","3","6","2","03","10","4","","0","0","1","0","0"
"POINT (13.222291344000041 52.528769602000068)","Unfall 235052 (2024) Kat:3, Licht: 0","235052","3","6","2","03","10","4","","0","0","1","0","0"
"POINT (13.376457220000077 52.522075313000073)","Unfall 235053 (2024) Kat:2, Licht: 0","235053","2","2","5","03","07","4","","0","0","1","0","1"
"POINT (13.426754917000039 52.543732785000032)","Unfall 235054 (2024) Kat:3, Licht: 0","235054","3","3","5","03","16","4","","0","1","0","0","0"
"POINT (13.378050652000070 52.587727926000071)","Unfall 235055 (2024) Kat:3, Licht: 0","235055","3","7","5","03","16","4","","0","0","1","0","0"
"POINT (13.383101509000028 52.503022276000081)","Unfall 235056 (2024) Kat:3, Licht: 0","235056","3","5","1","03","16","4","","0","1","1","0","0"
"POINT (13.481876620000037 52.546816083000067)","Unfall 235057 (2024) Kat:3, Licht: 0","235057","3","5","1","03","11","4","","0","1","1","0","0"
"POINT (13.379627803000062 52.481094722000080)","Unfall 235058 (2024) Kat:3, Licht: 1","235058","3","1","0","03","18","4","","1","0","0","0","1"
"POINT (13.422653600000046 52.559284074000061)","Unfall 235059 (2024) Kat:2, Licht: 0","235059","2","4","6","03","11","4","","0","0","1","1","0"
"POINT (13.360516967000024 52.596914225000035)","Unfall 235060 (2024) Kat:3, Licht: 0","235060","3","2","5","03","07","4","","0","0","1","0","0"
"POINT (13.508188900000050 52.565270423000072)","Unfall 235061 (2024) Kat:3, Licht: 0","235061","3","3","5","03","15","4","","0","0","1","0","0"
"POINT (13.298764334000055 52.507899132000034)","Unfall 235062 (2024) Kat:3, Licht: 0","235062","3","3","5","03","15","4","","0","1","1","0","0"
"POINT (13.373096015000044 52.424873028000036)","Unfall 235063 (2024) Kat:3, Licht: 0","235063","3","7","5","03","12","4","","0","0","1","0","0"
"POINT (13.371892031000073 52.509043599000051)","Unfall 235064 (2024) Kat:3, Licht: 0","235064","3","2","5","03","11","4","","0","1","1","0","0"
"POINT (13.335018247000050 52.443027974000074)","Unfall 235065 (2024) Kat:3, Licht: 0","235065","3","3","5","03","11","4","","0","0","1","0","0"
"POINT (13.440124892000028 52.502013813000076)","Unfall 235066 (2024) Kat:3, Licht: 0","235066","3","7","6","03","08","4","","0","0","0","1","0"
"POINT (13.538016813000070 52.494617410000046)","Unfall 235067 (2024) Kat:2, Licht: 0","235067","2","3","5","03","07","4","","0","0","0","0","0"
"POINT (13.355536234000056 52.592434587000071)","Unfall 235068 (2024) Kat:3, Licht: 2","235068","3","3","5","03","00","4","","2","0","1","0","0"
"POINT (13.407942751000064 52.565784619000055)","Unfall 235069 (2024) Kat:3, Licht: 0","235069","3","6","3","03","16","4","","0","1","0","0","0"
"POINT (13.563383367000029 52.496302792000051)","Unfall 235070 (2024) Kat:3, Licht: 0","235070","3","1","0","03","16","4","","0","1","1","0","0"
"POINT (13.552436795000062 52.512572568000053)","Unfall 235071 (2024) Kat:3, Licht: 0","235071","3","7","6","03","07","4","","0","0","1","1","0"
"POINT (13.377935107000042 52.482128083000077)","Unfall 235072 (2024) Kat:3, Licht: 0","235072","3","5","1","03","15","4","","0","1","1","0","0"
"POINT (13.259736942000075 52.513884790000077)","Unfall 235073 (2024) Kat:3, Licht: 0","235073","3","3","5","03","14","4","","0","0","1","0","0"
"POINT (13.293982977000042 52.445447461000072)","Unfall 235074 (2024) Kat:3, Licht: 0","235074","3","6","2","03","08","4","","0","0","1","0","0"
"POINT (13.243668930000069 52.614252268000030)","Unfall 235075 (2024) Kat:2, Licht: 2","235075","2","3","5","03","19","4","","2","1","1","0","0"
"POINT (13.397886429000039 52.491023213000062)","Unfall 235076 (2024) Kat:3, Licht: 2","235076","3","2","6","03","18","4","","2","0","1","1","0"
"POINT (13.335185225000032 52.486909715000081)","Unfall 235077 (2024) Kat:3, Licht: 0","235077","3","5","1","03","16","4","","0","1","1","0","0"
"POINT (13.423926325000025 52.614027142000054)","Unfall 235078 (2024) Kat:3, Licht: 0","235078","3","7","1","03","12","4","","0","0","1","0","0"
"POINT (13.538428028000055 52.524709065000081)","Unfall 235079 (2024) Kat:3, Licht: 0","235079","3","3","5","03","12","4","","0","0","1","0","0"
"POINT (13.500227568000071 52.526347924000049)","Unfall 235080 (2024) Kat:3, Licht: 0","235080","3","6","2","03","12","3","","0","0","0","0","0"
"POINT (13.339314022000053 52.533911060000037)","Unfall 235081 (2024) Kat:3, Licht: 2","235081","3","2","5","03","20","3","","2","0","1","0","0"
"POINT (13.364317211000071 52.562636540000028)","Unfall 235082 (2024) Kat:2, Licht: 2","235082","2","3","5","03","20","3","","2","1","1","0","0"
"POINT (13.295544083000038 52.485281265000026)","Unfall 235083 (2024) Kat:3, Licht: 0","235083","3","6","2","03","15","3","","0","0","1","0","0"
"POINT (13.316072210000073 52.564122502000032)","Unfall 235084 (2024) Kat:3, Licht: 0","235084","3","5","1","03","15","3","","0","0","1","0","1"
"POINT (13.430747290000056 52.486608595000064)","Unfall 235085 (2024) Kat:3, Licht: 0","235085","3","4","6","03","15","3","","0","0","1","1","0"
"POINT (13.281500784000059 52.518561016000035)","Unfall 235086 (2024) Kat:3, Licht: 0","235086","3","6","2","03","07","3","","0","0","1","0","0"
"POINT (13.282068639000045 52.533802662000028)","Unfall 235087 (2024) Kat:3, Licht: 0","235087","3","6","2","03","07","3","","0","0","1","0","0"
"POINT (13.476156052000022 52.550663994000047)","Unfall 235088 (2024) Kat:3, Licht: 0","235088","3","3","5","03","16","3","","0","1","1","0","0"
"POINT (13.429485923000072 52.506811699000082)","Unfall 235089 (2024) Kat:3, Licht: 0","235089","3","3","2","03","16","3","","0","1","1","0","0"
"POINT (13.389682300000061 52.506665118000058)","Unfall 235090 (2024) Kat:3, Licht: 2","235090","3","7","5","03","19","3","","2","1","1","0","0"
"POINT (13.241332379000028 52.509520535000036)","Unfall 235091 (2024) Kat:3, Licht: 0","235091","3","2","5","03","16","3","","0","0","1","0","1"
"POINT (13.318450044000031 52.501370197000028)","Unfall 235092 (2024) Kat:3, Licht: 0","235092","3","7","6","03","15","3","","0","0","0","1","0"
"POINT (13.282908486000053 52.533691755000063)","Unfall 235093 (2024) Kat:3, Licht: 0","235093","3","6","3","03","16","3","","0","0","1","0","0"
"POINT (13.368304074000037 52.526001886000074)","Unfall 235094 (2024) Kat:3, Licht: 0","235094","3","3","5","03","13","3","","0","1","0","0","0"
"POINT (13.171951314000069 52.550148446000037)","Unfall 235095 (2024) Kat:3, Licht: 0","235095","3","3","5","03","08","3","","0","1","1","0","0"
"POINT (13.541736226000069 52.542791987000044)","Unfall 235096 (2024) Kat:3, Licht: 0","235096","3","2","0","03","13","3","","0","0","1","0","0"
"POINT (13.444938057000059 52.479234983000026)","Unfall 235097 (2024) Kat:3, Licht: 2","235097","3","6","2","03","23","3","","2","0","1","0","0"
"POINT (13.406595034000077 52.393764507000071)","Unfall 235098 (2024) Kat:3, Licht: 0","235098","3","2","5","03","06","3","","0","0","1","0","0"
"POINT (13.429040251000060 52.481287004000080)","Unfall 235099 (2024) Kat:3, Licht: 2","235099","3","5","1","03","22","3","","2","1","1","0","0"
"POINT (13.388880902000039 52.514731514000061)","Unfall 235100 (2024) Kat:3, Licht: 0","235100","3","6","3","03","17","3","","0","1","1","0","0"
"POINT (13.336473787000045 52.555495580000070)","Unfall 235101 (2024) Kat:2, Licht: 0","235101","2","4","6","03","15","3","","0","0","1","1","0"
"POINT (13.422230893000062 52.497939881000036)","Unfall 235102 (2024) Kat:3, Licht: 0","235102","3","7","2","03","14","3","","0","0","0","0","1"
"POINT (13.394402415000059 52.487329308000028)","Unfall 235103 (2024) Kat:3, Licht: 0","235103","3","7","5","03","10","5","","0","1","1","0","0"
"POINT (13.427684081000052 52.507551334000027)","Unfall 235104 (2024) Kat:3, Licht: 0","235104","3","2","5","03","14","3","","0","1","0","0","1"
"POINT (13.520590760000061 52.568820267000035)","Unfall 235105 (2024) Kat:3, Licht: 0","235105","3","2","2","03","10","3","","0","0","1","0","0"
"POINT (13.454053298000076 52.429649173000030)","Unfall 235106 (2024) Kat:3, Licht: 0","235106","3","2","5","03","08","3","","0","1","1","0","0"
"POINT (13.408292369000037 52.551152137000031)","Unfall 235107 (2024) Kat:3, Licht: 0","235107","3","2","5","03","12","6","","0","1","1","0","0"
"POINT (13.387595156000032 52.493058469000061)","Unfall 235108 (2024) Kat:3, Licht: 0","235108","3","2","5","03","08","3","","0","1","1","0","0"
"POINT (13.275900630000024 52.490207679000036)","Unfall 235109 (2024) Kat:2, Licht: 2","235109","2","1","1","03","21","3","","2","0","1","0","1"
"POINT (13.376164899000059 52.528558130000079)","Unfall 235110 (2024) Kat:3, Licht: 0","235110","3","2","6","04","13","6","","0","1","0","1","0"
"POINT (13.260240334000059 52.545267496000065)","Unfall 235111 (2024) Kat:3, Licht: 0","235111","3","3","5","03","16","3","","0","1","1","0","0"
"POINT (13.393821948000038 52.541121621000059)","Unfall 235112 (2024) Kat:3, Licht: 0","235112","3","2","2","03","13","5","","0","1","1","0","0"
"POINT (13.597036295000066 52.516351742000040)","Unfall 235113 (2024) Kat:3, Licht: 0","235113","3","3","5","03","13","3","","0","1","1","0","0"
"POINT (13.158745955000029 52.516659292000043)","Unfall 235114 (2024) Kat:3, Licht: 0","235114","3","3","5","03","13","3","","0","1","1","0","0"
"POINT (13.363118710000037 52.507066772000030)","Unfall 235115 (2024) Kat:3, Licht: 0","235115","3","5","1","03","08","3","","0","1","1","0","0"
"POINT (13.280450241000040 52.630126058000030)","Unfall 235116 (2024) Kat:3, Licht: 0","235116","3","2","5","03","07","2","","0","1","1","0","0"
"POINT (13.425080891000050 52.480731951000053)","Unfall 235117 (2024) Kat:3, Licht: 0","235117","3","2","2","03","15","2","","0","0","1","0","0"
"POINT (13.331012900000076 52.492705625000042)","Unfall 235118 (2024) Kat:3, Licht: 0","235118","3","2","5","04","17","4","","0","1","0","0","0"
"POINT (13.493706136000071 52.468647542000042)","Unfall 235119 (2024) Kat:3, Licht: 0","235119","3","5","1","03","08","2","","0","1","1","0","0"
"POINT (13.613451689000044 52.528365095000026)","Unfall 235120 (2024) Kat:3, Licht: 0","235120","3","6","4","03","08","2","","0","0","1","0","0"
"POINT (13.453797478000070 52.482401567000068)","Unfall 235121 (2024) Kat:3, Licht: 0","235121","3","3","5","03","14","2","","0","0","1","0","0"
"POINT (13.593018237000024 52.453702443000054)","Unfall 235122 (2024) Kat:3, Licht: 0","235122","3","5","5","03","14","2","","0","1","1","0","0"
"POINT (13.505560544000048 52.536732643000050)","Unfall 235123 (2024) Kat:3, Licht: 0","235123","3","1","0","03","09","2","","0","1","0","0","0"
"POINT (13.347609356000078 52.596133132000034)","Unfall 235124 (2024) Kat:2, Licht: 0","235124","2","2","6","03","09","2","","0","0","1","1","0"
"POINT (13.514687497000068 52.462292913000056)","Unfall 235125 (2024) Kat:3, Licht: 0","235125","3","1","1","03","09","2","","0","1","1","0","0"
"POINT (13.519593291000035 52.566171596000061)","Unfall 235126 (2024) Kat:3, Licht: 0","235126","3","7","6","03","09","2","","0","0","1","1","0"
"POINT (13.553330947000063 52.525489966000066)","Unfall 235127 (2024) Kat:3, Licht: 0","235127","3","3","5","03","07","2","","0","1","1","0","0"
"POINT (13.539707128000032 52.539816446000032)","Unfall 235128 (2024) Kat:3, Licht: 0","235128","3","3","5","03","09","2","","0","0","1","0","0"
"POINT (13.280561839000029 52.575690711000050)","Unfall 235129 (2024) Kat:3, Licht: 0","235129","3","3","5","03","07","2","","0","0","1","0","0"
"POINT (13.318053319000057 52.491584493000062)","Unfall 235130 (2024) Kat:3, Licht: 2","235130","3","1","1","03","19","2","","2","1","1","0","0"
"POINT (13.565084062000039 52.565494367000042)","Unfall 235131 (2024) Kat:3, Licht: 0","235131","3","3","5","03","17","2","","0","0","1","0","0"
"POINT (13.326303918000065 52.465777185000036)","Unfall 235132 (2024) Kat:3, Licht: 0","235132","3","1","0","03","17","2","","0","0","0","0","1"
"POINT (13.425207496000041 52.480325296000046)","Unfall 235133 (2024) Kat:3, Licht: 0","235133","3","5","1","03","14","2","","0","1","1","0","0"
"POINT (13.413345526000057 52.548695648000034)","Unfall 235134 (2024) Kat:3, Licht: 0","235134","3","2","5","03","13","2","","0","0","1","0","0"
"POINT (13.317242229000044 52.504182890000038)","Unfall 235135 (2024) Kat:3, Licht: 0","235135","3","2","2","03","12","2","","0","1","1","0","0"
"POINT (13.358863764000034 52.553816639000047)","Unfall 235136 (2024) Kat:3, Licht: 0","235136","3","6","2","03","08","2","","0","0","1","0","0"
"POINT (13.435380533000057 52.521761593000065)","Unfall 235137 (2024) Kat:3, Licht: 0","235137","3","2","6","03","08","2","","0","0","1","1","0"
"POINT (13.432994313000052 52.605950110000038)","Unfall 235138 (2024) Kat:3, Licht: 0","235138","3","2","0","03","16","2","","0","0","1","0","0"
"POINT (13.336307241000043 52.595302940000067)","Unfall 235139 (2024) Kat:3, Licht: 0","235139","3","7","1","03","17","2","","0","0","1","0","0"
"POINT (13.349060017000056 52.489633345000072)","Unfall 235140 (2024) Kat:3, Licht: 0","235140","3","4","6","03","13","2","","0","1","0","1","0"