WKT,Name,OBJECTID,UKATEGORIE,UTYP1,UART,UMONAT,USTUNDE,UWOCHENTAG,STRZUSTAND,ULICHTVERH,ISTRAD,ISTPKW,ISTFUSS,ISTKRAD
"POINT (13.387166864000051 52.457911117000037)","Unfall 235141 (2024) Kat:3, Licht: 0","235141","3","2","6","03","11","2","","0","0","1","1","0"
"POINT (13.310044205000054 52.431087293000076)","Unfall 235142 (2024) Kat:3, Licht: 0","235142","3","6","2","03","08","2","","0","0","1","0","0"
"POINT (13.358255818000032 52.445977459000062)","Unfall 235143 (2024) Kat:3, Licht: 0","235143","3","3","5","03","08","2","","0","1","1","0","0"
"POINT (13.273221275000026 52.536928477000060)","Unfall 235144 (2024) Kat:3, Licht: 0","235144","3","4","0","03","07","2","","0","0","0","1","0"
"POINT (13.300041261000047 52.497826456000041)","Unfall 235145 (2024) Kat:3, Licht: 2","235145","3","2","5","03","02","2","","2","0","1","0","0"
"POINT (13.407745370000043 52.573474351000073)","Unfall 235146 (2024) Kat:3, Licht: 1","235146","3","6","4","03","17","1","","1","1","1","0","0"
"POINT (13.250471995000055 52.452529070000082)","Unfall 235147 (2024) Kat:2, Licht: 2","235147","2","5","1","03","03","1","","2","0","1","0","0"
"POINT (13.227272412000048 52.626662001000057)","Unfall 235148 (2024) Kat:3, Licht: 2","235148","3","6","2","03","17","1","","2","0","1","0","0"
"POINT (13.399155038000060 52.546371993000037)","Unfall 235149 (2024) Kat:3, Licht: 0","235149","3","1","0","03","16","1","","0","0","0","0","1"
"POINT (13.339288241000077 52.489479502000052)","Unfall 235150 (2024) Kat:3, Licht: 0","235150","3","2","2","03","15","1","","0","1","1","0","0"
"POINT (13.378711575000068 52.550490653000054)","Unfall 235151 (2024) Kat:3, Licht: 0","235151","3","1","0","03","13","1","","0","0","0","0","1"
"POINT (13.432873320000056 52.464708700000074)","Unfall 235152 (2024) Kat:2, Licht: 2","235152","2","2","5","03","19","1","","2","1","1","0","0"
"POINT (13.589569539000024 52.527744070000040)","Unfall 235153 (2024) Kat:3, Licht: 0","235153","3","3","5","03","17","1","","0","1","1","0","0"
"POINT (13.269269133000023 52.519135015000074)","Unfall 235154 (2024) Kat:3, Licht: 0","235154","3","3","5","03","16","1","","0","0","1","0","0"
"POINT (13.568603130000042 52.569451469000057)","Unfall 235155 (2024) Kat:3, Licht: 2","235155","3","4","6","03","00","1","","2","0","1","1","0"
"POINT (13.496656209000037 52.415787967000028)","Unfall 235156 (2024) Kat:3, Licht: 2","235156","3","3","5","03","00","1","","2","1","1","0","0"
"POINT (13.282110397000054 52.575592258000029)","Unfall 235157 (2024) Kat:2, Licht: 0","235157","2","4","6","03","07","1","","0","0","1","1","0"
"POINT (13.346008328000039 52.589685479000082)","Unfall 235158 (2024) Kat:2, Licht: 0","235158","2","2","6","03","14","1","","0","0","1","1","0"
"POINT (13.340921523000077 52.429759591000050)","Unfall 235159 (2024) Kat:3, Licht: 0","235159","3","3","5","03","14","1","","0","1","1","0","0"
"POINT (13.553779386000031 52.427103811000052)","Unfall 235160 (2024) Kat:3, Licht: 2","235160","3","7","0","03","00","7","","2","1","0","0","0"
"POINT (13.399926748000041 52.490316900000039)","Unfall 235161 (2024) Kat:2, Licht: 1","235161","2","6","3","03","18","7","","1","1","0","0","0"
"POINT (13.195029833000035 52.545016117000046)","Unfall 235162 (2024) Kat:3, Licht: 1","235162","3","7","5","03","18","7","","1","0","1","0","0"
"POINT (13.474484947000064 52.510820811000031)","Unfall 235163 (2024) Kat:3, Licht: 0","235163","3","3","5","03","17","7","","0","1","1","0","0"
"POINT (13.473276360000057 52.514908004000063)","Unfall 235164 (2024) Kat:3, Licht: 0","235164","3","3","5","03","12","7","","0","1","1","0","0"
"POINT (13.458572278000076 52.501473117000046)","Unfall 235165 (2024) Kat:3, Licht: 0","235165","3","5","1","03","12","7","","0","0","1","0","0"
"POINT (13.376940571000034 52.559168734000082)","Unfall 235166 (2024) Kat:2, Licht: 0","235166","2","2","2","03","12","7","","0","0","1","1","0"
"POINT (13.437517648000039 52.455276138000045)","Unfall 235167 (2024) Kat:3, Licht: 0","235167","3","3","2","03","12","7","","0","0","1","0","1"
"POINT (13.393474428000047 52.541635074000055)","Unfall 235168 (2024) Kat:2, Licht: 2","235168","2","1","0","03","02","7","","2","0","0","0","0"
"POINT (13.376649290000046 52.487732661000052)","Unfall 235169 (2024) Kat:3, Licht: 0","235169","3","2","5","03","15","7","","0","0","1","0","1"
"POINT (13.332196905000046 52.533923501000061)","Unfall 235170 (2024) Kat:3, Licht: 0","235170","3","3","5","03","12","7","","0","0","1","0","0"
"POINT (13.454087493000031 52.513997424000081)","Unfall 235171 (2024) Kat:3, Licht: 0","235171","3","5","1","03","17","5","","0","1","1","0","0"
"POINT (13.350857607000023 52.529819218000057)","Unfall 235172 (2024) Kat:3, Licht: 0","235172","3","3","5","03","13","7","","0","0","1","0","0"
"POINT (13.384930376000057 52.532301179000058)","Unfall 235173 (2024) Kat:3, Licht: 0","235173","3","1","0","03","12","7","","0","1","0","0","0"
"POINT (13.399855071000047 52.456843437000032)","Unfall 235174 (2024) Kat:3, Licht: 0","235174","3","5","1","03","13","7","","0","1","1","0","0"
"POINT (13.313258037000026 52.567765458000054)","Unfall 235175 (2024) Kat:3, Licht: 0","235175","3","3","5","03","11","7","","0","0","1","0","0"
"POINT (13.559865795000064 52.435482741000044)","Unfall 235176 (2024) Kat:3, Licht: 0","235176","3","2","5","03","14","6","","0","1","1","0","0"
"POINT (13.499378351000075 52.457199876000061)","Unfall 235177 (2024) Kat:3, Licht: 0","235177","3","6","2","03","14","6","","0","0","1","0","0"
"POINT (13.346152247000077 52.499897750000059)","Unfall 235178 (2024) Kat:3, Licht: 0","235178","3","6","2","03","09","6","","0","0","1","0","0"
"POINT (13.416797775000077 52.515783758000055)","Unfall 235179 (2024) Kat:3, Licht: 0","235179","3","4","6","03","11","6","","0","0","1","1","0"
"POINT (13.328279346000045 52.564915337000059)","Unfall 235180 (2024) Kat:3, Licht: 0","235180","3","6","2","03","14","6","","0","0","1","0","0"
"POINT (13.312072946000058 52.480813893000061)","Unfall 235181 (2024) Kat:3, Licht: 0","235181","3","2","6","03","13","6","","0","0","1","1","0"
"POINT (13.421793297000022 52.489258967000069)","Unfall 235182 (2024) Kat:3, Licht: 1","235182","3","7","6","03","07","6","","1","0","0","1","0"
"POINT (13.478208564000056 52.506698559000029)","Unfall 235183 (2024) Kat:3, Licht: 0","235183","3","2","2","03","13","6","","0","0","1","0","0"
"POINT (13.399318762000064 52.504660364000074)","Unfall 235184 (2024) Kat:3, Licht: 1","235184","3","3","5","03","18","6","","1","0","1","0","0"
"POINT (13.325026921000074 52.502549125000030)","Unfall 235185 (2024) Kat:3, Licht: 1","235185","3","6","2","03","17","6","","1","0","0","0","0"
"POINT (13.301142542000036 52.519068812000057)","Unfall 235186 (2024) Kat:2, Licht: 0","235186","2","6","3","03","12","6","","0","0","1","1","0"
"POINT (13.397065103000045 52.508923530000061)","Unfall 235187 (2024) Kat:3, Licht: 0","235187","3","3","5","03","15","6","","0","0","1","0","0"
"POINT (13.372005422000029 52.519401197000036)","Unfall 235188 (2024) Kat:3, Licht: 0","235188","3","2","5","03","12","6","","0","1","1","0","0"
"POINT (13.324554066000076 52.448902484000030)","Unfall 235189 (2024) Kat:3, Licht: 0","235189","3","5","3","03","15","4","","0","0","1","0","1"
"POINT (13.393097611000030 52.515012377000062)","Unfall 235190 (2024) Kat:3, Licht: 0","235190","3","2","5","03","09","6","","0","0","1","0","1"
"POINT (13.490505365000047 52.621366648000048)","Unfall 235191 (2024) Kat:3, Licht: 0","235191","3","7","0","03","08","6","","0","0","1","0","0"
"POINT (13.487853736000034 52.537683989000072)","Unfall 235192 (2024) Kat:3, Licht: 0","235192","3","4","6","03","08","6","","0","0","1","1","0"
"POINT (13.415130049000027 52.551940807000051)","Unfall 235193 (2024) Kat:3, Licht: 0","235193","3","4","6","03","08","6","","0","0","1","1","0"
"POINT (13.508857012000021 52.452587157000039)","Unfall 235194 (2024) Kat:3, Licht: 0","235194","3","2","5","03","08","6","","0","1","1","0","0"
"POINT (13.435755941000025 52.480932801000051)","Unfall 235195 (2024) Kat:3, Licht: 0","235195","3","4","6","03","09","6","","0","0","0","1","1"
"POINT (13.527903294000055 52.512067050000041)","Unfall 235196 (2024) Kat:3, Licht: 0","235196","3","5","1","03","15","6","","0","0","1","0","0"
"POINT (13.427403963000074 52.420702470000037)","Unfall 235197 (2024) Kat:2, Licht: 0","235197","2","1","0","03","15","6","","0","0","0","0","1"
"POINT (13.393824708000068 52.491843589000041)","Unfall 235198 (2024) Kat:3, Licht: 0","235198","3","7","0","03","13","6","","0","1","0","0","0"
"POINT (13.429000378000069 52.572389822000048)","Unfall 235199 (2024) Kat:3, Licht: 0","235199","3","6","2","03","11","6","","0","0","1","0","0"
"POINT (13.440555385000039 52.547460765000039)","Unfall 235200 (2024) Kat:3, Licht: 0","235200","3","6","3","03","10","6","","0","1","1","0","0"
"POINT (13.186217793000026 52.517638977000047)","Unfall 235201 (2024) Kat:2, Licht: 2","235201","2","2","5","03","05","6","","2","0","1","0","1"
"POINT (13.315254506000031 52.449561410000058)","Unfall 235202 (2024) Kat:3, Licht: 1","235202","3","2","5","03","18","6","","1","1","1","0","0"
"POINT (13.567077600000061 52.412127069000064)","Unfall 235203 (2024) Kat:3, Licht: 0","235203","3","6","2","03","16","6","","0","0","1","0","0"
"POINT (13.353624319000062 52.534041028000047)","Unfall 235204 (2024) Kat:3, Licht: 0","235204","3","5","1","03","14","6","","0","0","1","0","0"
"POINT (13.329893382000023 52.568911077000053)","Unfall 235205 (2024) Kat:3, Licht: 0","235205","3","6","3","03","13","6","","0","0","1","0","1"
"POINT (13.232334286000025 52.437716334000072)","Unfall 235206 (2024) Kat:3, Licht: 0","235206","3","2","5","03","08","2","","0","1","1","0","0"
"POINT (13.563046904000032 52.514243262000036)","Unfall 235207 (2024) Kat:3, Licht: 0","235207","3","2","5","03","11","6","","0","1","1","0","0"
"POINT (13.192434784000056 52.528839409000057)","Unfall 235208 (2024) Kat:3, Licht: 0","235208","3","5","1","03","11","6","","0","1","1","0","0"
"POINT (13.600138299000037 52.474717836000082)","Unfall 235209 (2024) Kat:3, Licht: 0","235209","3","3","5","03","06","6","","0","0","1","0","0"
"POINT (13.400665522000054 52.554411852000044)","Unfall 235210 (2024) Kat:3, Licht: 0","235210","3","6","2","03","06","6","","0","0","1","0","0"
"POINT (13.427624558000048 52.517761929000073)","Unfall 235211 (2024) Kat:3, Licht: 2","235211","3","5","1","03","20","5","","2","1","1","0","0"
"POINT (13.513122095000028 52.566399825000076)","Unfall 235212 (2024) Kat:3, Licht: 1","235212","3","4","6","03","05","2","","1","0","0","1","0"
"POINT (13.373286922000034 52.556903734000059)","Unfall 235213 (2024) Kat:3, Licht: 0","235213","3","2","6","03","13","5","","0","0","1","1","0"
"POINT (13.428319012000031 52.504184911000038)","Unfall 235214 (2024) Kat:3, Licht: 2","235214","3","5","1","03","19","5","","2","1","1","0","0"
"POINT (13.317849060000071 52.508937572000036)","Unfall 235215 (2024) Kat:3, Licht: 0","235215","3","1","0","03","17","5","","0","0","0","0","0"
"POINT (13.373879239000075 52.571409921000054)","Unfall 235216 (2024) Kat:3, Licht: 0","235216","3","2","6","04","09","4","","0","0","1","1","0"
"POINT (13.442793904000041 52.465080524000030)","Unfall 235217 (2024) Kat:3, Licht: 1","235217","3","6","2","03","18","5","","1","0","1","0","0"
"POINT (13.505169117000037 52.534544244000074)","Unfall 235218 (2024) Kat:3, Licht: 0","235218","3","6","2","03","16","5","","0","0","1","0","0"
"POINT (13.322653508000030 52.485305915000026)","Unfall 235219 (2024) Kat:3, Licht: 0","235219","3","2","5","03","16","5","","0","1","1","0","0"
"POINT (13.297938961000057 52.578184830000055)","Unfall 235220 (2024) Kat:3, Licht: 0","235220","3","2","3","03","15","5","","0","0","1","0","0"
"POINT (13.324159083000040 52.475403287000063)","Unfall 235221 (2024) Kat:3, Licht: 0","235221","3","6","3","03","15","5","","0","1","1","0","0"
"POINT (13.346086793000040 52.544915061000040)","Unfall 235222 (2024) Kat:3, Licht: 0","235222","3","3","5","03","15","5","","0","1","0","0","0"
"POINT (13.407997023000064 52.499958776000028)","Unfall 235223 (2024) Kat:3, Licht: 0","235223","3","4","6","03","09","5","","0","1","0","1","0"
"POINT (13.331279301000052 52.453112903000033)","Unfall 235224 (2024) Kat:3, Licht: 0","235224","3","2","5","03","09","5","","0","0","1","0","0"
"POINT (13.325411060000022 52.461858073000030)","Unfall 235225 (2024) Kat:3, Licht: 0","235225","3","6","3","03","08","5","","0","1","1","0","0"
"POINT (13.264912522000031 52.536839949000068)","Unfall 235226 (2024) Kat:3, Licht: 0","235226","3","2","5","03","08","5","","0","0","1","0","0"
"POINT (13.390699952000034 52.495930942000030)","Unfall 235227 (2024) Kat:3, Licht: 0","235227","3","2","5","03","08","5","","0","0","1","0","0"
"POINT (13.517269604000035 52.535278358000028)","Unfall 235228 (2024) Kat:3, Licht: 0","235228","3","2","2","03","05","5","","0","0","1","0","0"
"POINT (13.266221959000063 52.512897074000080)","Unfall 235229 (2024) Kat:2, Licht: 2","235229","2","4","6","03","04","5","","2","0","1","1","0"
"POINT (13.413892997000062 52.394466906000048)","Unfall 235230 (2024) Kat:2, Licht: 1","235230","2","7","5","03","18","5","","1","0","1","0","1"
"POINT (13.549307033000048 52.543542799000079)","Unfall 235231 (2024) Kat:3, Licht: 0","235231","3","6","0","03","16","5","","0","0","1","0","0"
"POINT (13.449268046000043 52.477086262000057)","Unfall 235232 (2024) Kat:3, Licht: 0","235232","3","6","0","03","15","5","","0","0","1","0","0"
"POINT (13.506715118000045 52.446498576000067)","Unfall 235233 (2024) Kat:3, Licht: 0","235233","3","2","6","03","15","5","","0","0","1","1","0"
"POINT (13.385295413000051 52.484299051000050)","Unfall 235234 (2024) Kat:3, Licht: 0","235234","3","6","2","03","08","5","","0","0","1","0","0"
"POINT (13.529377886000077 52.443569754000066)","Unfall 235235 (2024) Kat:3, Licht: 0","235235","3","3","5","03","07","5","","0","0","1","0","0"
"POINT (13.478683045000025 52.471601261000046)","Unfall 235236 (2024) Kat:2, Licht: 2","235236","2","3","5","03","05","5","","2","1","1","0","0"
"POINT (13.395501226000022 52.499003665000032)","Unfall 235237 (2024) Kat:3, Licht: 1","235237","3","3","5","03","18","5","","1","1","1","0","0"
"POINT (13.287234996000052 52.516907364000076)","Unfall 235238 (2024) Kat:3, Licht: 0","235238","3","2","5","03","15","5","","0","1","1","0","0"
"POINT (13.389428721000058 52.506650075000039)","Unfall 235239 (2024) Kat:3, Licht: 0","235239","3","7","5","03","15","5","","0","1","1","0","0"
"POINT (13.380460024000058 52.528540017000068)","Unfall 235240 (2024) Kat:3, Licht: 0","235240","3","5","1","03","12","5","","0","1","0","0","0"
"POINT (13.292236100000025 52.474960263000071)","Unfall 235241 (2024) Kat:3, Licht: 0","235241","3","1","0","03","10","5","","0","0","0","0","1"
"POINT (13.392978690000064 52.527512320000028)","Unfall 235242 (2024) Kat:3, Licht: 0","235242","3","2","5","03","16","4","","0","1","0","0","0"
"POINT (13.165416096000058 52.551233886000034)","Unfall 235243 (2024) Kat:2, Licht: 0","235243","2","2","5","03","12","2","","0","0","1","0","0"
"POINT (13.487610062000044 52.465201980000074)","Unfall 235244 (2024) Kat:3, Licht: 0","235244","3","5","5","03","15","4","","0","1","1","0","0"
"POINT (13.299669505000054 52.519512832000032)","Unfall 235245 (2024) Kat:3, Licht: 0","235245","3","7","0","03","12","4","","0","0","1","0","0"
"POINT (13.303636062000066 52.459038009000039)","Unfall 235246 (2024) Kat:3, Licht: 0","235246","3","3","5","03","07","4","","0","1","1","0","0"
"POINT (13.578880765000065 52.447272980000037)","Unfall 235247 (2024) Kat:2, Licht: 0","235247","2","3","5","03","12","4","","0","1","1","0","0"
"POINT (13.328834797000070 52.500342396000065)","Unfall 235248 (2024) Kat:3, Licht: 0","235248","3","2","5","03","12","4","","0","0","1","0","0"
"POINT (13.394049151000047 52.506938930000047)","Unfall 235249 (2024) Kat:3, Licht: 0","235249","3","5","1","03","09","4","","0","1","1","0","0"
"POINT (13.381419805000064 52.484101052000028)","Unfall 235250 (2024) Kat:3, Licht: 0","235250","3","2","5","03","15","4","","0","1","1","0","0"
"POINT (13.374696395000058 52.506470331000060)","Unfall 235251 (2024) Kat:3, Licht: 2","235251","3","7","7","03","23","4","","2","0","0","0","1"
"POINT (13.545432258000062 52.567775531000052)","Unfall 235252 (2024) Kat:3, Licht: 0","235252","3","1","0","03","15","4","","0","0","0","0","1"
"POINT (13.398298117000024 52.507114803000036)","Unfall 235253 (2024) Kat:3, Licht: 0","235253","3","2","5","03","14","4","","0","0","1","0","0"
"POINT (13.348344264000048 52.578443356000037)","Unfall 235254 (2024) Kat:3, Licht: 0","235254","3","2","2","03","11","4","","0","0","1","0","0"
"POINT (13.445403053000064 52.499270262000039)","Unfall 235255 (2024) Kat:3, Licht: 0","235255","3","2","5","03","17","4","","0","1","1","0","0"
"POINT (13.455912575000070 52.473839517000044)","Unfall 235256 (2024) Kat:2, Licht: 1","235256","2","3","5","03","17","4","","1","0","1","0","0"
"POINT (13.515923416000021 52.566457358000036)","Unfall 235257 (2024) Kat:3, Licht: 0","235257","3","1","8","03","17","4","","0","0","1","0","0"
"POINT (13.411332721000065 52.567238780000082)","Unfall 235258 (2024) Kat:3, Licht: 0","235258","3","4","6","03","16","2","","0","1","0","1","0"
"POINT (13.457475754000029 52.503777456000080)","Unfall 235259 (2024) Kat:3, Licht: 0","235259","3","2","5","03","16","4","","0","1","1","0","0"
"POINT (13.138214534000042 52.532982513000036)","Unfall 235260 (2024) Kat:3, Licht: 0","235260","3","1","0","03","15","4","","0","0","0","0","1"
"POINT (13.352057017000050 52.533059638000054)","Unfall 235261 (2024) Kat:3, Licht: 0","235261","3","3","5","03","15","4","","0","1","1","0","0"
"POINT (13.424806609000029 52.483564300000069)","Unfall 235262 (2024) Kat:3, Licht: 0","235262","3","2","5","03","08","4","","0","1","1","0","0"
"POINT (13.215990419000036 52.538156275000063)","Unfall 235263 (2024) Kat:3, Licht: 0","235263","3","6","3","03","15","4","","0","0","0","0","1"
"POINT (13.340169598000045 52.532612006000079)","Unfall 235264 (2024) Kat:3, Licht: 0","235264","3","6","3","03","12","4","","0","1","1","0","0"
"POINT (13.207225342000072 52.564459320000026)","Unfall 235265 (2024) Kat:3, Licht: 0","235265","3","6","3","03","10","4","","0","1","1","0","0"
"POINT (13.578479091000077 52.566198433000068)","Unfall 235266 (2024) Kat:3, Licht: 0","235266","3","3","5","03","07","4","","0","1","1","0","0"
"POINT (13.522018591000062 52.525891569000066)","Unfall 235267 (2024) Kat:2, Licht: 0","235267","2","2","5","03","06","4","","0","1","1","0","0"
"POINT (13.312349486000073 52.488469357000042)","Unfall 235268 (2024) Kat:3, Licht: 2","235268","3","3","5","03","01","4","","2","0","1","0","0"
"POINT (13.388048064000031 52.555423708000035)","Unfall 235269 (2024) Kat:3, Licht: 0","235269","3","6","0","03","16","3","","0","1","0","0","0"
"POINT (13.294345849000024 52.499246083000060)","Unfall 235270 (2024) Kat:3, Licht: 0","235270","3","7","6","03","18","3","","0","0","1","1","0"
"POINT (13.438649941000051 52.481385900000078)","Unfall 235271 (2024) Kat:3, Licht: 0","235271","3","6","2","03","16","3","","0","0","1","0","0"
"POINT (13.194517939000036 52.533704241000066)","Unfall 235272 (2024) Kat:3, Licht: 0","235272","3","2","5","03","17","3","","0","0","1","0","0"
"POINT (13.294150546000026 52.534288250000031)","Unfall 235273 (2024) Kat:2, Licht: 0","235273","2","2","5","03","11","3","","0","0","1","0","0"
"POINT (13.390933630000063 52.503277706000063)","Unfall 235274 (2024) Kat:2, Licht: 0","235274","2","3","5","03","17","3","","0","1","0","0","0"
"POINT (13.380622036000034 52.503680558000042)","Unfall 235275 (2024) Kat:3, Licht: 0","235275","3","6","2","03","16","3","","0","0","1","0","1"
"POINT (13.432118770000045 52.594036687000028)","Unfall 235276 (2024) Kat:3, Licht: 0","235276","3","2","5","03","16","3","","0","1","1","0","0"
"POINT (13.315913870000031 52.586669298000061)","Unfall 235277 (2024) Kat:3, Licht: 0","235277","3","7","0","03","14","3","","0","0","0","0","0"
"POINT (13.345730541000023 52.554708274000063)","Unfall 235278 (2024) Kat:3, Licht: 0","235278","3","7","5","03","13","3","","0","0","1","0","0"
"POINT (13.262781224000037 52.411898877000056)","Unfall 235279 (2024) Kat:3, Licht: 0","235279","3","3","5","03","13","3","","0","0","1","0","0"
"POINT (13.409352688000070 52.498533503000033)","Unfall 235280 (2024) Kat:3, Licht: 0","235280","3","6","2","03","13","3","","0","0","0","0","0"
"POINT (13.401711679000073 52.568705168000065)","Unfall 235281 (2024) Kat:3, Licht: 0","235281","3","5","1","03","09","3","","0","1","1","0","0"
"POINT (13.194314229000042 52.533682968000051)","Unfall 235282 (2024) Kat:3, Licht: 0","235282","3","3","5","03","08","3","","0","1","1","0","0"
"POINT (13.428253623000046 52.569476715000064)","Unfall 235283 (2024) Kat:3, Licht: 0","235283","3","2","2","03","08","3","","0","0","1","0","0"
"POINT (13.426228391000052 52.499134914000081)","Unfall 235284 (2024) Kat:3, Licht: 2","235284","3","3","5","03","20","3","","2","1","1","0","0"
"POINT (13.433470796000051 52.482215044000043)","Unfall 235285 (2024) Kat:3, Licht: 2","235285","3","4","6","03","20","3","","2","0","1","1","0"
"POINT (13.404401994000068 52.439522750000037)","Unfall 235286 (2024) Kat:3, Licht: 0","235286","3","6","2","03","15","3","","0","0","1","0","0"
"POINT (13.330855563000057 52.444586667000067)","Unfall 235287 (2024) Kat:3, Licht: 0","235287","3","6","2","03","15","3","","0","0","1","0","0"
"POINT (13.287192825000034 52.460036914000057)","Unfall 235288 (2024) Kat:3, Licht: 0","235288","3","6","2","03","15","3","","0","0","1","0","0"
"POINT (13.374214065000047 52.553800771000056)","Unfall 235289 (2024) Kat:3, Licht: 0","235289","3","3","5","03","15","3","","0","1","1","0","0"
"POINT (13.542263960000071 52.542627470000070)","Unfall 235290 (2024) Kat:3, Licht: 0","235290","3","6","3","03","12","3","","0","0","1","0","0"
"POINT (13.296299209000040 52.484229008000057)","Unfall 235291 (2024) Kat:3, Licht: 0","235291","3","6","4","03","12","3","","0","1","0","0","0"
"POINT (13.452159492000021 52.527714618000061)","Unfall 235292 (2024) Kat:2, Licht: 0","235292","2","2","5","03","12","3","","0","1","1","0","0"
"POINT (13.444863936000047 52.452329943000052)","Unfall 235293 (2024) Kat:3, Licht: 0","235293","3","4","6","03","10","3","","0","1","0","1","0"
"POINT (13.436143155000025 52.515774900000054)","Unfall 235294 (2024) Kat:3, Licht: 0","235294","3","2","0","03","16","6","","0","1","1","0","0"
"POINT (13.373368247000030 52.520752594000044)","Unfall 235295 (2024) Kat:3, Licht: 0","235295","3","2","5","03","07","3","","0","1","1","0","0"
"POINT (13.414467006000052 52.553594442000076)","Unfall 235296 (2024) Kat:3, Licht: 0","235296","3","6","3","03","14","3","","0","1","0","0","0"
"POINT (13.540004146000058 52.525728420000064)","Unfall 235297 (2024) Kat:3, Licht: 2","235297","3","2","5","03","22","3","","2","1","1","0","0"
"POINT (13.516606803000059 52.557903148000037)","Unfall 235298 (2024) Kat:3, Licht: 0","235298","3","6","3","03","16","3","","0","1","1","0","0"
"POINT (13.416014149000034 52.498702918000049)","Unfall 235299 (2024) Kat:3, Licht: 0","235299","3","7","0","03","11","2","","0","1","0","0","0"
"POINT (13.408112430000074 52.452715133000027)","Unfall 235300 (2024) Kat:3, Licht: 1","235300","3","6","3","03","16","3","","1","0","1","0","1"
"POINT (13.422220493000054 52.511260200000038)","Unfall 235301 (2024) Kat:3, Licht: 0","235301","3","5","1","03","12","3","","0","0","1","0","0"
"POINT (13.476236194000023 52.506837436000069)","Unfall 235302 (2024) Kat:3, Licht: 0","235302","3","6","3","03","10","3","","0","1","1","0","0"
"POINT (13.205360435000046 52.541774277000059)","Unfall 235303 (2024) Kat:3, Licht: 1","235303","3","3","0","03","06","3","","1","0","1","0","0"
"POINT (13.448929633000034 52.564575953000030)","Unfall 235304 (2024) Kat:3, Licht: 2","235304","3","2","5","03","05","3","","2","1","1","0","0"
"POINT (13.446933049000052 52.483984540000051)","Unfall 235305 (2024) Kat:2, Licht: 0","235305","2","7","3","03","18","2","","0","0","1","0","0"
"POINT (13.459253168000032 52.512510415000065)","Unfall 235306 (2024) Kat:3, Licht: 2","235306","3","2","5","03","19","2","","2","1","0","0","0"
"POINT (13.402604850000046 52.554249102000028)","Unfall 235307 (2024) Kat:3, Licht: 0","235307","3","2","5","03","16","2","","0","1","1","0","0"
"POINT (13.415079074000062 52.515655039000080)","Unfall 235308 (2024) Kat:3, Licht: 2","235308","3","3","5","03","20","2","","2","1","1","0","0"
"POINT (13.439034111000069 52.489558611000064)","Unfall 235309 (2024) Kat:3, Licht: 0","235309","3","6","0","03","07","2","","0","1","1","0","0"
"POINT (13.314905043000067 52.486630856000033)","Unfall 235310 (2024) Kat:3, Licht: 0","235310","3","6","2","03","13","2","","0","0","1","0","1"
"POINT (13.364736322000056 52.551285880000080)","Unfall 235311 (2024) Kat:3, Licht: 2","235311","3","3","5","03","19","2","","2","0","1","0","0"
"POINT (13.175871209000036 52.539830813000037)","Unfall 235312 (2024) Kat:3, Licht: 0","235312","3","3","5","03","17","2","","0","0","1","0","0"
"POINT (13.339423470000042 52.595837931000062)","Unfall 235313 (2024) Kat:3, Licht: 0","235313","3","2","5","03","17","2","","0","0","1","0","1"
"POINT (13.565412349000042 52.507132861000059)","Unfall 235314 (2024) Kat:3, Licht: 0","235314","3","3","5","03","14","2","","0","1","1","0","0"
"POINT (13.417702853000037 52.480192382000041)","Unfall 235315 (2024) Kat:3, Licht: 0","235315","3","3","5","03","14","2","","0","1","0","0","0"
"POINT (13.328831641000022 52.477303226000060)","Unfall 235316 (2024) Kat:3, Licht: 0","235316","3","5","1","03","14","2","","0","1","1","0","0"
"POINT (13.253388343000040 52.441010069000072)","Unfall 235317 (2024) Kat:3, Licht: 0","235317","3","7","5","03","16","2","","0","1","1","0","0"
"POINT (13.522622492000039 52.426818783000044)","Unfall 235318 (2024) Kat:3, Licht: 0","235318","3","4","6","03","16","2","","0","0","1","1","0"
"POINT (13.333000620000064 52.466997604000028)","Unfall 235319 (2024) Kat:3, Licht: 0","235319","3","5","1","03","16","2","","0","0","1","0","0"
"POINT (13.411464321000039 52.582189872000072)","Unfall 235320 (2024) Kat:2, Licht: 0","235320","2","6","0","03","15","2","","0","1","0","0","0"
"POINT (13.195031110000059 52.548296180000079)","Unfall 235321 (2024) Kat:3, Licht: 2","235321","3","2","6","03","19","2","","2","0","1","1","0"
"POINT (13.261787007000066 52.425093194000056)","Unfall 235322 (2024) Kat:2, Licht: 1","235322","2","5","1","03","19","2","","1","0","1","0","1"
"POINT (13.328824336000025 52.500426647000040)","Unfall 235323 (2024) Kat:3, Licht: 0","235323","3","2","5","03","14","6","","0","0","1","0","1"
"POINT (13.434570208000025 52.479253256000050)","Unfall 235324 (2024) Kat:3, Licht: 0","235324","3","5","1","03","16","2","","0","0","1","0","0"
"POINT (13.421380644000067 52.480360213000040)","Unfall 235325 (2024) Kat:3, Licht: 0","235325","3","6","3","03","15","2","","0","0","1","0","1"
"POINT (13.611433119000026 52.448132437000027)","Unfall 235326 (2024) Kat:2, Licht: 0","235326","2","1","0","03","12","2","","0","0","0","0","1"
"POINT (13.416869036000037 52.523894042000052)","Unfall 235327 (2024) Kat:3, Licht: 0","235327","3","1","0","03","10","5","","0","1","0","0","0"