WKT,Name,OBJECTID,UKATEGORIE,UTYP1,UART,UMONAT,USTUNDE,UWOCHENTAG,STRZUSTAND,ULICHTVERH,ISTRAD,ISTPKW,ISTFUSS,ISTKRAD
"POINT (13.355014941000036 52.487098239000034)","Unfall 235328 (2024) Kat:3, Licht: 0","235328","3","5","1","03","12","2","","0","0","1","0","0"
"POINT (13.450613504000046 52.491320640000026)","Unfall 235329 (2024) Kat:3, Licht: 2","235329","3","7","0","04","23","6","","2","1","0","0","0"
"POINT (13.358565827000064 52.554169336000029)","Unfall 235330 (2024) Kat:3, Licht: 0","235330","3","2","5","03","12","2","","0","1","0","0","0"
"POINT (13.337740081000049 52.525413993000029)","Unfall 235331 (2024) Kat:3, Licht: 0","235331","3","3","5","03","11","2","","0","1","1","0","0"
"POINT (13.326738507000073 52.524615945000050)","Unfall 235332 (2024) Kat:2, Licht: 2","235332","2","7","1","03","23","1","","2","0","1","0","0"
"POINT (13.437517170000035 52.463556817000040)","Unfall 235333 (2024) Kat:3, Licht: 2","235333","3","2","6","03","19","1","","2","0","1","1","0"
"POINT (13.606237491000059 52.524770068000066)","Unfall 235334 (2024) Kat:3, Licht: 0","235334","3","3","5","03","16","1","","0","0","1","0","0"
"POINT (13.367961457000035 52.525897263000047)","Unfall 235335 (2024) Kat:3, Licht: 0","235335","3","3","5","03","14","1","","0","0","1","0","0"
"POINT (13.367878825000048 52.500296513000080)","Unfall 235336 (2024) Kat:2, Licht: 2","235336","2","7","1","03","01","1","","2","0","1","0","0"
"POINT (13.331982281000023 52.513181942000074)","Unfall 235337 (2024) Kat:3, Licht: 0","235337","3","6","3","03","16","1","","0","0","1","0","0"
"POINT (13.204362684000046 52.530275636000056)","Unfall 235338 (2024) Kat:3, Licht: 0","235338","3","6","2","03","12","1","","0","0","1","0","0"
"POINT (13.378941798000028 52.550813442000049)","Unfall 235339 (2024) Kat:3, Licht: 0","235339","3","4","6","03","08","1","","0","1","0","1","0"
"POINT (13.705173411000033 52.434276850000060)","Unfall 235340 (2024) Kat:3, Licht: 2","235340","3","1","8","03","02","1","","2","0","1","0","0"
"POINT (13.385743917000070 52.516673543000081)","Unfall 235341 (2024) Kat:3, Licht: 2","235341","3","2","5","03","02","1","","2","0","1","0","0"
"POINT (13.312990845000058 52.518270182000037)","Unfall 235342 (2024) Kat:2, Licht: 1","235342","2","1","9","03","18","7","","1","0","1","0","0"
"POINT (13.405362509000042 52.554137390000051)","Unfall 235343 (2024) Kat:3, Licht: 2","235343","3","6","2","03","18","7","","2","0","1","0","0"
"POINT (13.355300458000045 52.596650791000059)","Unfall 235344 (2024) Kat:3, Licht: 0","235344","3","6","0","03","13","7","","0","0","1","0","0"
"POINT (13.431369510000025 52.492403333000027)","Unfall 235345 (2024) Kat:3, Licht: 0","235345","3","7","5","03","14","7","","0","1","1","0","0"
"POINT (13.344074549000027 52.546099393000077)","Unfall 235346 (2024) Kat:2, Licht: 0","235346","2","2","5","03","17","7","","0","0","1","0","0"
"POINT (13.471029980000026 52.473551897000050)","Unfall 235347 (2024) Kat:3, Licht: 2","235347","3","1","9","03","23","7","","2","0","1","0","0"
"POINT (13.343204836000041 52.500647568000034)","Unfall 235348 (2024) Kat:3, Licht: 2","235348","3","5","1","03","20","7","","2","0","1","0","0"
"POINT (13.194470643000045 52.533775255000080)","Unfall 235349 (2024) Kat:3, Licht: 2","235349","3","7","5","03","20","7","","2","0","1","0","0"
"POINT (13.206982903000039 52.554076057000032)","Unfall 235350 (2024) Kat:3, Licht: 2","235350","3","6","2","03","18","4","","2","0","1","0","0"
"POINT (13.436986731000047 52.465109858000062)","Unfall 235351 (2024) Kat:3, Licht: 1","235351","3","3","5","03","17","7","","1","0","1","0","0"
"POINT (13.603197611000041 52.434453844000075)","Unfall 235352 (2024) Kat:3, Licht: 0","235352","3","6","2","03","09","7","","0","0","0","0","0"
"POINT (13.401203591000069 52.446870015000059)","Unfall 235353 (2024) Kat:2, Licht: 0","235353","2","6","3","03","09","7","","0","0","1","0","1"
"POINT (13.440591710000035 52.540779833000045)","Unfall 235354 (2024) Kat:3, Licht: 0","235354","3","3","5","03","08","7","","0","1","1","0","0"
"POINT (13.372028557000021 52.469840952000027)","Unfall 235355 (2024) Kat:3, Licht: 2","235355","3","2","5","03","05","7","","2","0","1","0","0"
"POINT (13.493639067000061 52.430318219000071)","Unfall 235356 (2024) Kat:3, Licht: 2","235356","3","1","0","03","20","7","","2","0","0","0","1"
"POINT (13.519130584000038 52.513466198000060)","Unfall 235357 (2024) Kat:3, Licht: 0","235357","3","7","5","03","16","7","","0","0","1","0","0"
"POINT (13.236016299000028 52.526996293000082)","Unfall 235358 (2024) Kat:3, Licht: 0","235358","3","6","2","04","15","5","","0","0","1","0","0"
"POINT (13.402211248000071 52.442280162000031)","Unfall 235359 (2024) Kat:3, Licht: 0","235359","3","5","1","03","14","7","","0","0","1","0","0"
"POINT (13.328029254000057 52.564334985000073)","Unfall 235360 (2024) Kat:3, Licht: 0","235360","3","6","2","03","13","7","","0","0","1","0","0"
"POINT (13.433481077000067 52.444472403000077)","Unfall 235361 (2024) Kat:2, Licht: 0","235361","2","1","0","03","13","7","","0","0","0","0","1"
"POINT (13.301999326000043 52.507960237000077)","Unfall 235362 (2024) Kat:3, Licht: 0","235362","3","2","5","03","12","7","","0","1","1","0","0"
"POINT (13.379381210000076 52.556424228000026)","Unfall 235363 (2024) Kat:3, Licht: 0","235363","3","6","2","03","07","7","","0","0","1","0","0"
"POINT (13.532045927000070 52.484001218000060)","Unfall 235364 (2024) Kat:3, Licht: 2","235364","3","3","5","03","01","7","","2","0","1","0","0"
"POINT (13.404853305000074 52.408514374000049)","Unfall 235365 (2024) Kat:3, Licht: 2","235365","3","4","6","03","21","6","","2","0","0","1","0"
"POINT (13.433500505000040 52.509205692000080)","Unfall 235366 (2024) Kat:3, Licht: 2","235366","3","4","6","03","19","6","","2","0","1","1","0"
"POINT (13.391706540000030 52.511244045000069)","Unfall 235367 (2024) Kat:3, Licht: 0","235367","3","3","5","03","14","6","","0","1","1","0","0"
"POINT (13.369910604000040 52.460617815000035)","Unfall 235368 (2024) Kat:3, Licht: 0","235368","3","3","5","03","10","6","","0","0","1","0","0"
"POINT (13.436648534000028 52.423664674000065)","Unfall 235369 (2024) Kat:3, Licht: 2","235369","3","2","5","03","23","6","","2","0","1","0","0"
"POINT (13.518864964000045 52.513730913000074)","Unfall 235370 (2024) Kat:3, Licht: 2","235370","3","6","2","03","22","6","","2","0","1","0","0"
"POINT (13.396284660000049 52.517471103000048)","Unfall 235371 (2024) Kat:3, Licht: 2","235371","3","3","5","03","19","6","","2","0","1","0","1"
"POINT (13.388159331000054 52.484315297000080)","Unfall 235372 (2024) Kat:3, Licht: 0","235372","3","2","2","03","14","6","","0","0","1","0","0"
"POINT (13.475114926000060 52.502764274000072)","Unfall 235373 (2024) Kat:3, Licht: 0","235373","3","1","8","03","15","6","","0","0","1","1","0"
"POINT (13.454013238000073 52.488934862000065)","Unfall 235374 (2024) Kat:3, Licht: 0","235374","3","2","5","03","11","6","","0","1","1","0","0"
"POINT (13.337667728000042 52.458499591000077)","Unfall 235375 (2024) Kat:2, Licht: 0","235375","2","2","6","03","16","6","","0","0","1","1","0"
"POINT (13.426418647000048 52.499269614000070)","Unfall 235376 (2024) Kat:3, Licht: 0","235376","3","3","5","03","11","6","","0","0","1","0","0"
"POINT (13.346515252000074 52.449847618000035)","Unfall 235377 (2024) Kat:2, Licht: 0","235377","2","7","2","03","14","6","","0","0","1","0","0"
"POINT (13.342932798000049 52.525292445000048)","Unfall 235378 (2024) Kat:3, Licht: 0","235378","3","2","5","03","10","6","","0","1","0","0","0"
"POINT (13.372224790000075 52.455681301000027)","Unfall 235379 (2024) Kat:3, Licht: 0","235379","3","3","5","03","10","6","","0","0","1","0","0"
"POINT (13.402493066000034 52.494099355000060)","Unfall 235380 (2024) Kat:3, Licht: 0","235380","3","7","5","03","17","6","","0","0","1","0","0"
"POINT (13.446187457000065 52.545024577000049)","Unfall 235381 (2024) Kat:2, Licht: 0","235381","2","2","6","03","15","6","","0","0","1","1","0"
"POINT (13.496375114000045 52.415830570000026)","Unfall 235382 (2024) Kat:3, Licht: 0","235382","3","2","6","03","14","6","","0","0","1","1","0"
"POINT (13.604484515000024 52.539191148000043)","Unfall 235383 (2024) Kat:3, Licht: 0","235383","3","2","0","03","12","6","","0","0","0","0","0"
"POINT (13.292292035000060 52.590561165000054)","Unfall 235384 (2024) Kat:3, Licht: 0","235384","3","2","5","03","10","6","","0","0","1","0","0"
"POINT (13.410023041000045 52.528623478000043)","Unfall 235385 (2024) Kat:3, Licht: 0","235385","3","7","0","03","14","5","","0","0","1","0","0"
"POINT (13.538605305000033 52.524629748000052)","Unfall 235386 (2024) Kat:2, Licht: 0","235386","2","3","5","03","16","5","","0","0","1","0","1"
"POINT (13.324169900000072 52.478743365000071)","Unfall 235387 (2024) Kat:3, Licht: 0","235387","3","3","5","04","16","3","","0","0","1","0","1"
"POINT (13.418411371000047 52.559749594000039)","Unfall 235388 (2024) Kat:3, Licht: 0","235388","3","3","5","03","16","5","","0","1","1","0","0"
"POINT (13.527415507000057 52.556529825000041)","Unfall 235389 (2024) Kat:3, Licht: 0","235389","3","2","5","03","15","5","","0","1","1","0","0"
"POINT (13.326726058000077 52.463249629000074)","Unfall 235390 (2024) Kat:3, Licht: 0","235390","3","3","5","03","14","5","","0","0","1","0","1"
"POINT (13.509405078000043 52.422838310000031)","Unfall 235391 (2024) Kat:3, Licht: 0","235391","3","3","5","03","14","5","","0","0","1","0","0"
"POINT (13.320427411000026 52.483655078000027)","Unfall 235392 (2024) Kat:3, Licht: 0","235392","3","2","5","03","13","5","","0","1","1","0","0"
"POINT (13.315591657000027 52.517934269000079)","Unfall 235393 (2024) Kat:3, Licht: 2","235393","3","6","2","03","19","5","","2","0","1","0","0"
"POINT (13.447422604000053 52.511330247000046)","Unfall 235394 (2024) Kat:3, Licht: 0","235394","3","6","3","04","16","2","","0","1","1","0","0"
"POINT (13.462125088000050 52.564713861000030)","Unfall 235395 (2024) Kat:3, Licht: 0","235395","3","6","2","03","17","5","","0","0","1","0","0"
"POINT (13.474578421000047 52.535034035000081)","Unfall 235396 (2024) Kat:3, Licht: 0","235396","3","2","5","03","14","5","","0","1","1","0","0"
"POINT (13.266936926000028 52.430669978000026)","Unfall 235397 (2024) Kat:3, Licht: 0","235397","3","6","2","03","07","6","","0","0","1","0","0"
"POINT (13.373602450000021 52.485043165000036)","Unfall 235398 (2024) Kat:3, Licht: 0","235398","3","2","5","03","12","5","","0","0","1","0","0"
"POINT (13.327302491000069 52.440023696000026)","Unfall 235399 (2024) Kat:3, Licht: 0","235399","3","5","1","03","07","5","","0","0","1","0","0"
"POINT (13.569169150000050 52.453232296000067)","Unfall 235400 (2024) Kat:3, Licht: 0","235400","3","6","2","03","13","5","","0","0","1","0","0"
"POINT (13.406779632000053 52.482540590000042)","Unfall 235401 (2024) Kat:3, Licht: 0","235401","3","6","2","03","12","5","","0","0","1","0","0"
"POINT (13.548220216000061 52.437950927000031)","Unfall 235402 (2024) Kat:2, Licht: 0","235402","2","1","0","03","10","5","","0","1","0","0","0"
"POINT (13.458403677000035 52.433291930000053)","Unfall 235403 (2024) Kat:3, Licht: 0","235403","3","3","5","03","12","5","","0","0","1","0","0"
"POINT (13.247261437000077 52.538079637000067)","Unfall 235404 (2024) Kat:3, Licht: 0","235404","3","6","2","03","11","5","","0","0","1","0","0"
"POINT (13.339044188000059 52.444480575000057)","Unfall 235405 (2024) Kat:2, Licht: 0","235405","2","2","0","03","16","5","","0","0","1","0","0"
"POINT (13.379648250000059 52.494562237000082)","Unfall 235406 (2024) Kat:3, Licht: 0","235406","3","2","5","03","15","5","","0","1","0","0","0"
"POINT (13.452419606000035 52.438827177000064)","Unfall 235407 (2024) Kat:3, Licht: 0","235407","3","6","4","03","16","5","","0","0","1","0","0"
"POINT (13.398180842000045 52.529476972000055)","Unfall 235408 (2024) Kat:3, Licht: 0","235408","3","6","2","03","15","5","","0","0","1","0","0"
"POINT (13.415599086000043 52.544021733000079)","Unfall 235409 (2024) Kat:3, Licht: 0","235409","3","2","5","03","13","5","","0","1","0","0","1"
"POINT (13.505827744000044 52.491480907000039)","Unfall 235410 (2024) Kat:3, Licht: 0","235410","3","6","3","03","12","5","","0","1","0","0","0"
"POINT (13.439589779000073 52.513682915000061)","Unfall 235411 (2024) Kat:3, Licht: 2","235411","3","6","2","03","00","5","","2","0","1","0","0"
"POINT (13.492631351000057 52.469843695000066)","Unfall 235412 (2024) Kat:2, Licht: 0","235412","2","3","5","03","09","5","","0","1","1","0","0"
"POINT (13.324375344000032 52.461942954000051)","Unfall 235413 (2024) Kat:3, Licht: 0","235413","3","5","1","03","08","5","","0","1","0","0","0"
"POINT (13.293564364000076 52.534011135000071)","Unfall 235414 (2024) Kat:3, Licht: 0","235414","3","2","2","03","08","5","","0","0","1","0","0"
"POINT (13.575076201000059 52.560226712000031)","Unfall 235415 (2024) Kat:3, Licht: 2","235415","3","3","5","03","05","5","","2","1","1","0","0"
"POINT (13.331316751000031 52.469710987000042)","Unfall 235416 (2024) Kat:3, Licht: 2","235416","3","3","5","03","18","5","","2","1","0","0","0"
"POINT (13.297188152000047 52.492083750000063)","Unfall 235417 (2024) Kat:3, Licht: 0","235417","3","3","5","03","12","5","","0","0","1","0","0"
"POINT (13.467292820000068 52.427288191000059)","Unfall 235418 (2024) Kat:3, Licht: 0","235418","3","5","1","03","07","5","","0","0","1","0","0"
"POINT (13.384921106000036 52.540109025000049)","Unfall 235419 (2024) Kat:3, Licht: 0","235419","3","2","6","03","16","4","","0","0","1","1","0"
"POINT (13.375488153000049 52.485037685000066)","Unfall 235420 (2024) Kat:3, Licht: 0","235420","3","5","1","03","15","4","","0","1","0","0","0"
"POINT (13.411236629000030 52.574891002000072)","Unfall 235421 (2024) Kat:3, Licht: 0","235421","3","5","1","03","11","4","","0","0","1","0","1"
"POINT (13.349626264000051 52.472527674000048)","Unfall 235422 (2024) Kat:3, Licht: 0","235422","3","6","3","03","09","4","","0","0","1","0","0"
"POINT (13.407903189000024 52.524548403000040)","Unfall 235423 (2024) Kat:3, Licht: 0","235423","3","7","2","03","08","4","","0","0","1","0","0"
"POINT (13.438240669000038 52.488314439000078)","Unfall 235424 (2024) Kat:3, Licht: 2","235424","3","2","5","03","21","4","","2","1","1","0","0"
"POINT (13.530804168000031 52.434181435000028)","Unfall 235425 (2024) Kat:3, Licht: 0","235425","3","1","0","03","15","4","","0","0","0","0","0"
"POINT (13.433550024000056 52.444253688000060)","Unfall 235426 (2024) Kat:3, Licht: 0","235426","3","6","2","03","15","4","","0","0","1","0","0"
"POINT (13.282591969000066 52.590839747000075)","Unfall 235427 (2024) Kat:3, Licht: 0","235427","3","2","5","03","14","4","","0","0","0","0","0"
"POINT (13.352130318000036 52.573704040000052)","Unfall 235428 (2024) Kat:2, Licht: 0","235428","2","6","3","03","14","5","","0","0","1","0","1"
"POINT (13.417767766000054 52.464837098000032)","Unfall 235429 (2024) Kat:3, Licht: 0","235429","3","6","2","03","13","4","","0","0","1","0","0"
"POINT (13.419795145000023 52.606027704000041)","Unfall 235430 (2024) Kat:3, Licht: 0","235430","3","6","2","03","12","4","","0","0","1","0","0"
"POINT (13.379029717000037 52.448374257000069)","Unfall 235431 (2024) Kat:3, Licht: 0","235431","3","6","2","03","09","4","","0","0","1","0","0"
"POINT (13.372009007000031 52.469732332000035)","Unfall 235432 (2024) Kat:2, Licht: 2","235432","2","3","5","03","03","4","","2","0","1","0","0"
"POINT (13.349547893000022 52.542247747000033)","Unfall 235433 (2024) Kat:3, Licht: 2","235433","3","2","5","03","20","4","","2","0","1","0","0"
"POINT (13.299712144000068 52.495312695000052)","Unfall 235434 (2024) Kat:3, Licht: 2","235434","3","5","1","03","18","4","","2","1","1","0","0"
"POINT (13.343241325000065 52.526148969000076)","Unfall 235435 (2024) Kat:3, Licht: 1","235435","3","6","2","03","18","4","","1","0","1","0","1"
"POINT (13.415122147000034 52.538446201000056)","Unfall 235436 (2024) Kat:3, Licht: 0","235436","3","7","2","03","16","4","","0","0","1","0","1"
"POINT (13.423332665000032 52.556734472000073)","Unfall 235437 (2024) Kat:3, Licht: 0","235437","3","3","5","03","13","4","","0","1","1","0","0"
"POINT (13.368439108000075 52.563985088000038)","Unfall 235438 (2024) Kat:3, Licht: 1","235438","3","5","1","03","18","5","","1","0","1","0","1"
"POINT (13.365041936000068 52.556781881000063)","Unfall 235439 (2024) Kat:3, Licht: 0","235439","3","6","3","03","13","4","","0","0","1","0","0"
"POINT (13.313224622000064 52.571415590000072)","Unfall 235440 (2024) Kat:3, Licht: 0","235440","3","6","0","03","13","4","","0","0","1","0","0"
"POINT (13.360462522000034 52.434391643000026)","Unfall 235441 (2024) Kat:3, Licht: 0","235441","3","6","2","03","12","4","","0","0","1","0","0"
"POINT (13.519847488000039 52.504317562000040)","Unfall 235442 (2024) Kat:3, Licht: 0","235442","3","6","2","03","10","4","","0","0","1","0","0"
"POINT (13.385019352000029 52.591207202000078)","Unfall 235443 (2024) Kat:3, Licht: 0","235443","3","6","2","03","07","4","","0","0","1","0","0"
"POINT (13.394094187000064 52.550526684000033)","Unfall 235444 (2024) Kat:3, Licht: 0","235444","3","7","0","03","07","4","","0","1","0","0","0"
"POINT (13.344104506000065 52.438438287000054)","Unfall 235445 (2024) Kat:3, Licht: 0","235445","3","6","2","03","11","6","","0","0","1","0","0"
"POINT (13.421142343000042 52.480142070000056)","Unfall 235446 (2024) Kat:2, Licht: 2","235446","2","1","9","03","02","4","","2","0","1","0","0"
"POINT (13.436437564000073 52.548528241000042)","Unfall 235447 (2024) Kat:3, Licht: 0","235447","3","3","5","03","08","4","","0","1","1","0","0"
"POINT (13.360490413000036 52.410501467000074)","Unfall 235448 (2024) Kat:3, Licht: 0","235448","3","3","5","03","15","4","","0","1","1","0","0"
"POINT (13.437727321000068 52.455150808000042)","Unfall 235449 (2024) Kat:3, Licht: 0","235449","3","3","5","03","14","4","","0","0","1","0","1"
"POINT (13.427849359000049 52.481152349000070)","Unfall 235450 (2024) Kat:3, Licht: 0","235450","3","1","0","03","13","4","","0","0","0","0","1"
"POINT (13.592663004000030 52.484628842000063)","Unfall 235451 (2024) Kat:3, Licht: 0","235451","3","3","5","03","13","4","","0","0","1","0","0"
"POINT (13.621675041000060 52.524784702000034)","Unfall 235452 (2024) Kat:3, Licht: 0","235452","3","2","6","03","08","4","","0","0","0","1","0"
"POINT (13.299917942000036 52.579109117000030)","Unfall 235453 (2024) Kat:1, Licht: 0","235453","1","2","6","03","09","4","","0","0","0","1","0"
"POINT (13.446812732000069 52.502701025000079)","Unfall 235454 (2024) Kat:3, Licht: 1","235454","3","2","5","03","18","3","","1","1","1","0","0"
"POINT (13.616680764000023 52.446726907000027)","Unfall 235455 (2024) Kat:3, Licht: 0","235455","3","2","0","03","09","3","","0","1","1","0","0"
"POINT (13.600201539000068 52.476447526000072)","Unfall 235456 (2024) Kat:3, Licht: 0","235456","3","3","5","03","08","7","","0","0","1","0","0"
"POINT (13.379424990000075 52.529414195000072)","Unfall 235457 (2024) Kat:3, Licht: 0","235457","3","6","3","03","16","3","","0","1","0","0","0"
"POINT (13.276841057000070 52.502481690000081)","Unfall 235458 (2024) Kat:3, Licht: 0","235458","3","6","2","03","16","3","","0","0","1","0","0"
"POINT (13.477145943000039 52.566967021000039)","Unfall 235459 (2024) Kat:3, Licht: 0","235459","3","6","2","03","15","3","","0","0","1","0","0"
"POINT (13.314902628000027 52.437750298000026)","Unfall 235460 (2024) Kat:3, Licht: 0","235460","3","4","6","03","14","3","","0","0","1","1","0"
"POINT (13.399741160000076 52.489569841000048)","Unfall 235461 (2024) Kat:3, Licht: 0","235461","3","5","5","03","14","3","","0","1","1","0","0"
"POINT (13.516166783000074 52.536731023000073)","Unfall 235462 (2024) Kat:3, Licht: 0","235462","3","6","2","03","10","3","","0","0","1","0","0"
"POINT (13.474999793000052 52.522969517000035)","Unfall 235463 (2024) Kat:3, Licht: 0","235463","3","2","5","03","15","3","","0","0","1","0","1"
"POINT (13.410788231000026 52.526993094000034)","Unfall 235464 (2024) Kat:3, Licht: 2","235464","3","4","6","03","21","3","","2","0","1","1","0"
"POINT (13.301738718000024 52.488281454000060)","Unfall 235465 (2024) Kat:3, Licht: 2","235465","3","6","2","03","20","3","","2","0","1","0","0"
"POINT (13.336908873000027 52.478925242000059)","Unfall 235466 (2024) Kat:3, Licht: 0","235466","3","3","5","03","08","3","","0","1","1","0","0"
"POINT (13.289208608000024 52.429420632000074)","Unfall 235467 (2024) Kat:3, Licht: 0","235467","3","6","2","03","15","3","","0","0","1","0","0"
"POINT (13.374036534000027 52.571489112000052)","Unfall 235468 (2024) Kat:3, Licht: 0","235468","3","3","5","03","15","3","","0","1","0","0","0"
"POINT (13.314039898000033 52.480927844000064)","Unfall 235469 (2024) Kat:3, Licht: 0","235469","3","2","5","03","07","3","","0","1","0","0","0"
"POINT (13.434716593000076 52.474516442000038)","Unfall 235470 (2024) Kat:3, Licht: 0","235470","3","5","1","03","15","3","","0","0","1","0","0"
"POINT (13.375874184000054 52.480175470000063)","Unfall 235471 (2024) Kat:3, Licht: 0","235471","3","3","5","03","07","2","","0","0","1","0","0"
"POINT (13.348929001000045 52.515107027000056)","Unfall 235472 (2024) Kat:3, Licht: 0","235472","3","1","0","03","14","3","","0","1","0","0","0"
"POINT (13.292694162000032 52.506784604000075)","Unfall 235473 (2024) Kat:3, Licht: 0","235473","3","3","5","03","12","3","","0","1","1","0","0"
"POINT (13.347714656000051 52.447499102000052)","Unfall 235474 (2024) Kat:3, Licht: 0","235474","3","7","2","03","16","3","","0","0","1","0","0"
"POINT (13.458338959000059 52.453648535000070)","Unfall 235475 (2024) Kat:2, Licht: 0","235475","2","1","0","03","07","3","","0","1","0","0","0"
"POINT (13.376153015000057 52.465999584000031)","Unfall 235476 (2024) Kat:3, Licht: 0","235476","3","7","1","03","15","3","","0","0","1","0","0"
"POINT (13.588003750000041 52.510652193000055)","Unfall 235477 (2024) Kat:3, Licht: 0","235477","3","4","6","03","14","3","","0","0","1","1","0"
"POINT (13.407129760000032 52.518382311000039)","Unfall 235478 (2024) Kat:3, Licht: 0","235478","3","2","5","03","15","3","","0","0","1","0","0"
"POINT (13.384480291000045 52.556080892000068)","Unfall 235479 (2024) Kat:3, Licht: 0","235479","3","2","6","03","10","3","","0","0","1","1","0"
"POINT (13.230946728000049 52.437923591000072)","Unfall 235480 (2024) Kat:2, Licht: 0","235480","2","6","4","03","07","2","","0","1","0","0","0"
"POINT (13.625645893000069 52.457540206000033)","Unfall 235481 (2024) Kat:2, Licht: 1","235481","2","3","5","03","19","2","","1","0","1","0","0"
"POINT (13.361568954000063 52.434541264000075)","Unfall 235482 (2024) Kat:3, Licht: 0","235482","3","4","6","03","07","2","","0","0","0","1","0"
"POINT (13.239419509000072 52.542788996000070)","Unfall 235483 (2024) Kat:3, Licht: 2","235483","3","6","2","03","23","2","","2","0","1","0","1"
"POINT (13.561591240000041 52.493390704000035)","Unfall 235484 (2024) Kat:3, Licht: 0","235484","3","7","2","03","15","7","","0","0","1","0","0"
"POINT (13.478166196000075 52.429589646000068)","Unfall 235485 (2024) Kat:3, Licht: 2","235485","3","1","0","03","22","2","","2","0","0","0","1"
"POINT (13.420655036000028 52.499020928000050)","Unfall 235486 (2024) Kat:2, Licht: 2","235486","2","4","6","03","18","2","","2","0","1","1","0"
"POINT (13.395415902000025 52.515148267000029)","Unfall 235487 (2024) Kat:3, Licht: 0","235487","3","6","2","03","14","2","","0","1","1","0","0"
"POINT (13.113382849000061 52.449343059000057)","Unfall 235488 (2024) Kat:3, Licht: 0","235488","3","7","5","03","14","2","","0","1","1","0","0"
"POINT (13.202507861000072 52.540106210000033)","Unfall 235489 (2024) Kat:3, Licht: 0","235489","3","3","5","03","13","2","","0","1","1","0","0"
"POINT (13.391396930000042 52.419541880000054)","Unfall 235490 (2024) Kat:3, Licht: 0","235490","3","6","2","03","07","2","","0","0","1","0","0"
"POINT (13.485284370000045 52.526680891000069)","Unfall 235491 (2024) Kat:2, Licht: 0","235491","2","3","5","04","13","6","","0","0","1","0","0"
"POINT (13.571401112000046 52.546091277000073)","Unfall 235492 (2024) Kat:3, Licht: 2","235492","3","2","3","03","00","2","","2","0","1","0","0"
"POINT (13.262416497000061 52.438608038000041)","Unfall 235493 (2024) Kat:3, Licht: 0","235493","3","2","5","03","17","2","","0","1","1","0","0"
"POINT (13.329485730000044 52.522737418000077)","Unfall 235494 (2024) Kat:3, Licht: 0","235494","3","3","5","03","16","2","","0","1","0","0","0"
"POINT (13.341925594000031 52.411721966000073)","Unfall 235495 (2024) Kat:3, Licht: 0","235495","3","2","5","03","15","2","","0","0","1","0","1"
"POINT (13.486521043000039 52.565829082000050)","Unfall 235496 (2024) Kat:3, Licht: 0","235496","3","6","2","03","15","2","","0","0","1","0","0"
"POINT (13.291383977000066 52.582642592000070)","Unfall 235497 (2024) Kat:3, Licht: 0","235497","3","2","6","03","09","2","","0","0","1","1","0"
"POINT (13.450606087000040 52.527296316000047)","Unfall 235498 (2024) Kat:3, Licht: 0","235498","3","6","2","03","08","2","","0","0","1","0","0"
"POINT (13.624830063000047 52.451811902000031)","Unfall 235499 (2024) Kat:3, Licht: 2","235499","3","7","2","03","18","2","","2","1","1","0","0"
"POINT (13.205403246000060 52.424219961000063)","Unfall 235500 (2024) Kat:3, Licht: 0","235500","3","2","5","03","09","2","","0","1","1","0","0"
"POINT (13.539721007000026 52.539818560000072)","Unfall 235501 (2024) Kat:3, Licht: 0","235501","3","3","5","03","10","2","","0","0","1","0","0"
"POINT (13.387330361000068 52.526318199000059)","Unfall 235502 (2024) Kat:3, Licht: 0","235502","3","2","0","03","06","2","","0","1","1","0","0"
"POINT (13.194506300000057 52.545752919000051)","Unfall 235503 (2024) Kat:3, Licht: 0","235503","3","3","5","03","07","2","","0","0","1","0","0"
"POINT (13.296757020000030 52.527898980000032)","Unfall 235504 (2024) Kat:3, Licht: 0","235504","3","6","3","03","12","1","","0","0","1","0","0"
"POINT (13.377533038000024 52.465048693000028)","Unfall 235505 (2024) Kat:3, Licht: 0","235505","3","7","0","03","07","1","","0","0","1","0","0"
"POINT (13.291036879000046 52.439029939000079)","Unfall 235506 (2024) Kat:2, Licht: 0","235506","2","3","5","03","15","1","","0","1","1","0","0"
"POINT (13.187254886000062 52.537580533000039)","Unfall 235507 (2024) Kat:3, Licht: 2","235507","3","6","2","03","20","6","","2","0","1","0","0"
"POINT (13.366170344000068 52.523818686000027)","Unfall 235508 (2024) Kat:3, Licht: 0","235508","3","2","0","03","14","1","","0","1","1","0","0"
"POINT (13.409774435000031 52.528628798000057)","Unfall 235509 (2024) Kat:3, Licht: 2","235509","3","6","3","03","21","1","","2","0","1","0","0"
"POINT (13.158022755000047 52.533166132000076)","Unfall 235510 (2024) Kat:3, Licht: 2","235510","3","2","5","03","19","1","","2","0","1","0","0"
"POINT (13.418426745000033 52.498550991000059)","Unfall 235511 (2024) Kat:3, Licht: 0","235511","3","6","3","03","08","3","","0","0","1","0","0"
"POINT (13.578157809000061 52.457134897000060)","Unfall 235512 (2024) Kat:2, Licht: 0","235512","2","2","5","03","13","1","","0","1","1","0","0"
"POINT (13.127676249000046 52.533073629000057)","Unfall 235513 (2024) Kat:3, Licht: 0","235513","3","3","5","03","12","1","","0","1","1","0","0"