WKT,Name,OBJECTID,UKATEGORIE,UTYP1,UART,UMONAT,USTUNDE,UWOCHENTAG,STRZUSTAND,ULICHTVERH,ISTRAD,ISTPKW,ISTFUSS,ISTKRAD
"POINT (13.496570879000046 52.533598665000056)","Unfall 235514 (2024) Kat:3, Licht: 0","235514","3","3","5","03","14","7","","0","1","1","0","0"
"POINT (13.471245037000074 52.505049912000061)","Unfall 235515 (2024) Kat:3, Licht: 0","235515","3","6","0","03","12","1","","0","1","1","0","0"
"POINT (13.443990377000034 52.479871385000081)","Unfall 235516 (2024) Kat:3, Licht: 2","235516","3","6","0","03","18","1","","2","0","1","0","0"
"POINT (13.547208411000042 52.390778312000066)","Unfall 235517 (2024) Kat:3, Licht: 0","235517","3","7","7","03","14","1","","0","0","0","0","1"
"POINT (13.276610587000050 52.518770018000055)","Unfall 235518 (2024) Kat:3, Licht: 0","235518","3","1","9","03","12","1","","0","0","0","0","1"
"POINT (13.601329536000037 52.535766420000073)","Unfall 235519 (2024) Kat:3, Licht: 0","235519","3","2","5","03","09","1","","0","0","1","0","1"
"POINT (13.544675005000045 52.419035429000076)","Unfall 235520 (2024) Kat:3, Licht: 0","235520","3","1","1","03","09","1","","0","0","1","0","0"
"POINT (13.193820027000072 52.533695326000043)","Unfall 235521 (2024) Kat:3, Licht: 0","235521","3","3","5","03","09","1","","0","1","1","0","0"
"POINT (13.444964248000076 52.501222204000044)","Unfall 235522 (2024) Kat:3, Licht: 1","235522","3","7","0","03","18","7","","1","0","0","0","1"
"POINT (13.371599388000050 52.546262524000042)","Unfall 235523 (2024) Kat:3, Licht: 2","235523","3","4","6","03","03","7","","2","0","1","1","0"
"POINT (13.379337110000051 52.560616554000035)","Unfall 235524 (2024) Kat:3, Licht: 0","235524","3","4","6","03","17","7","","0","0","1","1","0"
"POINT (13.310887019000063 52.421067621000077)","Unfall 235525 (2024) Kat:3, Licht: 0","235525","3","6","3","03","12","7","","0","0","1","0","0"
"POINT (13.425016282000058 52.480970646000060)","Unfall 235526 (2024) Kat:3, Licht: 0","235526","3","1","0","03","10","7","","0","0","0","0","1"
"POINT (13.318194063000021 52.501489393000043)","Unfall 235527 (2024) Kat:3, Licht: 0","235527","3","6","2","03","16","7","","0","0","1","0","0"
"POINT (13.501418321000074 52.418038414000080)","Unfall 235528 (2024) Kat:3, Licht: 2","235528","3","6","2","03","18","7","","2","0","1","0","0"
"POINT (13.711183609000045 52.432895155000040)","Unfall 235529 (2024) Kat:2, Licht: 0","235529","2","3","5","03","08","7","","0","1","1","0","0"
"POINT (13.444014125000024 52.487581154000054)","Unfall 235530 (2024) Kat:3, Licht: 0","235530","3","4","6","03","17","7","","0","0","1","1","0"
"POINT (13.375753711000073 52.467711551000036)","Unfall 235531 (2024) Kat:3, Licht: 2","235531","3","5","1","03","02","7","","2","1","1","0","0"
"POINT (13.428828246000023 52.571699181000042)","Unfall 235532 (2024) Kat:3, Licht: 0","235532","3","6","2","03","15","7","","0","0","1","0","0"
"POINT (13.557770275000053 52.455681986000059)","Unfall 235533 (2024) Kat:3, Licht: 0","235533","3","6","2","03","11","7","","0","0","1","0","0"
"POINT (13.335748290000026 52.513640165000027)","Unfall 235534 (2024) Kat:3, Licht: 0","235534","3","2","5","03","11","7","","0","1","1","0","0"
"POINT (13.383006425000076 52.492107480000072)","Unfall 235535 (2024) Kat:3, Licht: 0","235535","3","5","1","03","16","7","","0","1","1","0","0"
"POINT (13.488411597000038 52.502216864000047)","Unfall 235536 (2024) Kat:3, Licht: 0","235536","3","3","5","03","15","7","","0","1","1","0","0"
"POINT (13.390947043000040 52.460232166000026)","Unfall 235537 (2024) Kat:3, Licht: 2","235537","3","5","1","03","01","7","","2","1","1","0","0"
"POINT (13.383494929000051 52.493581488000075)","Unfall 235538 (2024) Kat:3, Licht: 2","235538","3","2","5","03","00","7","","2","0","1","0","1"
"POINT (13.552953937000041 52.468455594000034)","Unfall 235539 (2024) Kat:3, Licht: 0","235539","3","6","3","03","10","7","","0","1","0","0","0"
"POINT (13.346521069000062 52.547785657000077)","Unfall 235540 (2024) Kat:3, Licht: 2","235540","3","4","6","03","18","2","","2","0","0","1","0"
"POINT (13.606457136000074 52.527416025000036)","Unfall 235541 (2024) Kat:3, Licht: 2","235541","3","3","5","03","20","7","","2","0","1","0","0"
"POINT (13.360777916000075 52.545587083000044)","Unfall 235542 (2024) Kat:3, Licht: 2","235542","3","6","3","03","20","7","","2","0","0","0","1"
"POINT (13.313598353000032 52.520029148000049)","Unfall 235543 (2024) Kat:3, Licht: 0","235543","3","4","6","03","15","7","","0","0","0","1","0"
"POINT (13.471492421000050 52.526509901000054)","Unfall 235544 (2024) Kat:3, Licht: 0","235544","3","7","2","03","15","7","","0","1","1","0","0"
"POINT (13.418771840000034 52.536500115000081)","Unfall 235545 (2024) Kat:3, Licht: 0","235545","3","5","5","03","15","7","","0","1","1","0","0"
"POINT (13.387903134000055 52.484234290000074)","Unfall 235546 (2024) Kat:3, Licht: 0","235546","3","6","2","03","12","7","","0","0","1","0","0"
"POINT (13.351833157000044 52.572276765000026)","Unfall 235547 (2024) Kat:3, Licht: 0","235547","3","2","5","03","11","7","","0","0","1","0","0"
"POINT (13.391358083000057 52.492041921000066)","Unfall 235548 (2024) Kat:1, Licht: 1","235548","1","6","3","03","19","7","","1","0","1","0","1"
"POINT (13.508541144000048 52.451661646000048)","Unfall 235549 (2024) Kat:3, Licht: 0","235549","3","6","3","03","07","6","","0","1","0","0","0"
"POINT (13.357014679000031 52.542082659000073)","Unfall 235550 (2024) Kat:3, Licht: 1","235550","3","3","5","03","18","6","","1","0","1","0","0"
"POINT (13.448877581000033 52.485070853000082)","Unfall 235551 (2024) Kat:3, Licht: 2","235551","3","3","5","03","21","6","","2","0","1","0","0"
"POINT (13.557121982000069 52.534214749000057)","Unfall 235552 (2024) Kat:3, Licht: 2","235552","3","2","5","03","19","6","","2","1","1","0","0"
"POINT (13.388865146000057 52.516818585000067)","Unfall 235553 (2024) Kat:3, Licht: 2","235553","3","2","2","03","18","6","","2","1","1","0","0"
"POINT (13.371709854000073 52.542022534000068)","Unfall 235554 (2024) Kat:3, Licht: 0","235554","3","2","5","03","16","6","","0","1","1","0","0"
"POINT (13.209972062000077 52.548247846000038)","Unfall 235555 (2024) Kat:3, Licht: 0","235555","3","6","3","03","15","6","","0","1","1","0","0"
"POINT (13.264944948000050 52.536660276000077)","Unfall 235556 (2024) Kat:3, Licht: 0","235556","3","2","5","03","13","6","","0","0","1","0","0"
"POINT (13.383058338000069 52.591150261000053)","Unfall 235557 (2024) Kat:3, Licht: 0","235557","3","2","5","03","13","6","","0","1","1","0","0"
"POINT (13.329925326000023 52.568998564000026)","Unfall 235558 (2024) Kat:3, Licht: 0","235558","3","6","2","03","15","6","","0","0","1","0","0"
"POINT (13.433054475000063 52.452430038000045)","Unfall 235559 (2024) Kat:3, Licht: 0","235559","3","2","5","03","13","6","","0","0","1","0","0"
"POINT (13.329827325000053 52.510013523000055)","Unfall 235560 (2024) Kat:3, Licht: 0","235560","3","3","5","03","13","6","","0","0","1","0","0"
"POINT (13.343813862000047 52.496365422000054)","Unfall 235561 (2024) Kat:3, Licht: 0","235561","3","6","2","03","08","6","","0","1","1","0","0"
"POINT (13.379533126000069 52.523149700000033)","Unfall 235562 (2024) Kat:3, Licht: 0","235562","3","7","5","03","07","6","","0","1","1","0","0"
"POINT (13.296178877000045 52.443451936000031)","Unfall 235563 (2024) Kat:3, Licht: 0","235563","3","4","6","03","11","2","","0","1","0","1","0"
"POINT (13.349404354000058 52.552014306000046)","Unfall 235564 (2024) Kat:3, Licht: 0","235564","3","3","5","03","12","6","","0","0","1","0","1"
"POINT (13.411259531000042 52.491115355000034)","Unfall 235565 (2024) Kat:2, Licht: 0","235565","2","5","1","03","13","6","","0","0","0","0","0"
"POINT (13.370675686000027 52.523496419000026)","Unfall 235566 (2024) Kat:3, Licht: 1","235566","3","3","5","03","17","6","","1","1","1","0","0"
"POINT (13.395288597000047 52.424363212000060)","Unfall 235567 (2024) Kat:2, Licht: 1","235567","2","3","5","03","17","6","","1","0","1","0","1"
"POINT (13.218889673000035 52.560193599000058)","Unfall 235568 (2024) Kat:3, Licht: 0","235568","3","2","5","03","14","6","","0","1","1","0","0"
"POINT (13.499998738000045 52.571410989000071)","Unfall 235569 (2024) Kat:3, Licht: 0","235569","3","3","5","03","14","6","","0","0","1","0","0"
"POINT (13.346948637000025 52.524803951000081)","Unfall 235570 (2024) Kat:3, Licht: 0","235570","3","3","0","03","13","6","","0","0","1","0","1"
"POINT (13.474020416000030 52.510286597000061)","Unfall 235571 (2024) Kat:3, Licht: 1","235571","3","2","5","03","05","6","","1","0","1","0","0"
"POINT (13.247744513000043 52.538148775000082)","Unfall 235572 (2024) Kat:3, Licht: 2","235572","3","2","0","03","22","6","","2","0","1","0","1"
"POINT (13.429499280000073 52.523100732000046)","Unfall 235573 (2024) Kat:3, Licht: 0","235573","3","2","5","03","17","6","","0","1","1","0","0"
"POINT (13.675302364000061 52.424680509000041)","Unfall 235574 (2024) Kat:3, Licht: 0","235574","3","1","1","03","09","4","","0","0","1","0","0"
"POINT (13.434521457000073 52.531976708000059)","Unfall 235575 (2024) Kat:3, Licht: 0","235575","3","3","5","03","14","5","","0","0","1","0","0"
"POINT (13.279652934000069 52.522234262000040)","Unfall 235576 (2024) Kat:3, Licht: 0","235576","3","7","5","03","13","6","","0","0","1","0","1"
"POINT (13.547594213000025 52.526231287000030)","Unfall 235577 (2024) Kat:2, Licht: 0","235577","2","2","6","03","16","6","","0","0","1","1","0"
"POINT (13.377818222000030 52.407710590000079)","Unfall 235578 (2024) Kat:3, Licht: 0","235578","3","6","2","03","10","6","","0","0","1","0","0"
"POINT (13.330317367000077 52.562412065000046)","Unfall 235579 (2024) Kat:3, Licht: 0","235579","3","6","2","03","07","6","","0","0","1","0","0"
"POINT (13.593882197000028 52.447202253000057)","Unfall 235580 (2024) Kat:3, Licht: 0","235580","3","6","2","02","15","5","","0","0","1","0","0"
"POINT (13.466237211000077 52.496758805000070)","Unfall 235581 (2024) Kat:3, Licht: 0","235581","3","6","2","02","14","5","","0","0","1","0","0"
"POINT (13.415829547000044 52.517556794000029)","Unfall 235582 (2024) Kat:3, Licht: 2","235582","3","7","6","02","18","5","","2","0","1","1","0"
"POINT (13.413080638000054 52.545278540000027)","Unfall 235583 (2024) Kat:3, Licht: 2","235583","3","3","0","02","18","5","","2","1","1","0","0"
"POINT (13.428540719000068 52.478841520000060)","Unfall 235584 (2024) Kat:3, Licht: 0","235584","3","7","1","02","15","5","","0","0","1","0","0"
"POINT (13.385166768000033 52.531143460000067)","Unfall 235585 (2024) Kat:3, Licht: 0","235585","3","6","2","02","14","5","","0","1","0","0","0"
"POINT (13.385058737000065 52.532357506000039)","Unfall 235586 (2024) Kat:3, Licht: 0","235586","3","2","5","02","10","5","","0","0","1","0","0"
"POINT (13.441787029000068 52.532386569000039)","Unfall 235587 (2024) Kat:3, Licht: 0","235587","3","6","2","04","10","6","","0","0","1","0","0"
"POINT (13.400971263000031 52.414429720000044)","Unfall 235588 (2024) Kat:3, Licht: 0","235588","3","2","5","02","12","5","","0","1","0","0","0"
"POINT (13.391480512000044 52.506773539000051)","Unfall 235589 (2024) Kat:3, Licht: 0","235589","3","2","5","02","08","5","","0","1","1","0","0"
"POINT (13.383438879000039 52.554578097000046)","Unfall 235590 (2024) Kat:3, Licht: 1","235590","3","5","1","03","19","6","","1","1","1","0","0"
"POINT (13.524606732000052 52.482484458000044)","Unfall 235591 (2024) Kat:3, Licht: 0","235591","3","4","6","02","08","5","","0","0","1","1","0"
"POINT (13.389757015000043 52.495909297000026)","Unfall 235592 (2024) Kat:3, Licht: 0","235592","3","2","5","02","07","5","","0","1","1","0","0"
"POINT (13.293503578000070 52.535011465000082)","Unfall 235593 (2024) Kat:3, Licht: 0","235593","3","6","2","02","07","5","","0","0","1","0","0"
"POINT (13.341077775000031 52.500098698000045)","Unfall 235594 (2024) Kat:3, Licht: 0","235594","3","2","5","03","13","4","","0","1","1","0","0"
"POINT (13.313214314000049 52.490992080000069)","Unfall 235595 (2024) Kat:3, Licht: 2","235595","3","7","9","02","00","5","","2","0","1","0","0"
"POINT (13.479367244000059 52.443384728000069)","Unfall 235596 (2024) Kat:3, Licht: 2","235596","3","1","0","02","18","5","","2","0","0","0","0"
"POINT (13.325152500000058 52.501817694000067)","Unfall 235597 (2024) Kat:3, Licht: 2","235597","3","5","1","02","18","5","","2","1","1","0","0"
"POINT (13.318363890000057 52.499628170000051)","Unfall 235598 (2024) Kat:3, Licht: 0","235598","3","6","2","02","15","5","","0","0","1","0","1"
"POINT (13.437635731000057 52.478830729000038)","Unfall 235599 (2024) Kat:3, Licht: 0","235599","3","3","5","02","15","5","","0","1","0","0","0"
"POINT (13.453208525000036 52.429463480000038)","Unfall 235600 (2024) Kat:3, Licht: 0","235600","3","6","2","02","13","5","","0","0","1","0","0"
"POINT (13.590107457000045 52.514811032000068)","Unfall 235601 (2024) Kat:3, Licht: 0","235601","3","6","2","02","13","5","","0","0","1","0","0"
"POINT (13.335326961000021 52.458504117000075)","Unfall 235602 (2024) Kat:3, Licht: 0","235602","3","3","5","02","09","5","","0","0","1","0","0"
"POINT (13.413371773000051 52.507010843000046)","Unfall 235603 (2024) Kat:3, Licht: 0","235603","3","2","5","02","10","5","","0","1","1","0","0"
"POINT (13.284211416000062 52.485297009000078)","Unfall 235604 (2024) Kat:3, Licht: 1","235604","3","3","5","02","06","5","","1","0","1","0","0"
"POINT (13.273943241000040 52.418630269000062)","Unfall 235605 (2024) Kat:3, Licht: 2","235605","3","3","5","02","21","5","","2","1","1","0","0"
"POINT (13.345002961000034 52.437167325000075)","Unfall 235606 (2024) Kat:3, Licht: 2","235606","3","6","2","02","20","5","","2","0","1","0","0"
"POINT (13.332671326000025 52.458433778000028)","Unfall 235607 (2024) Kat:3, Licht: 1","235607","3","2","5","03","18","5","","1","1","1","0","0"
"POINT (13.424215873000037 52.485493320000046)","Unfall 235608 (2024) Kat:3, Licht: 0","235608","3","7","5","03","18","3","","0","0","1","0","1"
"POINT (13.526248502000044 52.423992109000039)","Unfall 235609 (2024) Kat:3, Licht: 0","235609","3","2","0","02","17","5","","0","0","1","0","0"
"POINT (13.577271368000027 52.513154749000080)","Unfall 235610 (2024) Kat:3, Licht: 0","235610","3","2","5","02","16","5","","0","0","1","0","0"
"POINT (13.623492174000035 52.513953050000055)","Unfall 235611 (2024) Kat:3, Licht: 0","235611","3","6","2","02","15","5","","0","0","1","0","0"
"POINT (13.297765726000023 52.457801571000061)","Unfall 235612 (2024) Kat:3, Licht: 2","235612","3","2","5","02","19","5","","2","1","1","0","0"
"POINT (13.467085404000045 52.468454989000065)","Unfall 235613 (2024) Kat:3, Licht: 0","235613","3","3","5","03","16","3","","0","0","1","0","0"
"POINT (13.596668796000074 52.544702343000040)","Unfall 235614 (2024) Kat:3, Licht: 0","235614","3","7","1","02","17","5","","0","0","1","0","0"
"POINT (13.346167178000030 52.504014484000038)","Unfall 235615 (2024) Kat:3, Licht: 0","235615","3","2","5","02","09","5","","0","1","1","0","0"
"POINT (13.380161390000069 52.532897047000063)","Unfall 235616 (2024) Kat:2, Licht: 0","235616","2","2","0","02","09","5","","0","1","1","0","0"
"POINT (13.360271485000055 52.561919606000060)","Unfall 235617 (2024) Kat:2, Licht: 1","235617","2","2","5","02","16","5","","1","1","1","0","0"
"POINT (13.427212831000077 52.499110933000054)","Unfall 235618 (2024) Kat:3, Licht: 0","235618","3","2","5","02","15","5","","0","1","1","0","0"
"POINT (13.382802435000031 52.403745403000073)","Unfall 235619 (2024) Kat:3, Licht: 0","235619","3","6","3","02","12","5","","0","0","1","0","1"
"POINT (13.434410749000051 52.472573065000063)","Unfall 235620 (2024) Kat:3, Licht: 0","235620","3","3","5","02","08","5","","0","0","1","0","1"
"POINT (13.501423176000060 52.483031809000067)","Unfall 235621 (2024) Kat:3, Licht: 0","235621","3","2","2","02","08","5","","0","0","1","0","0"
"POINT (13.443210143000044 52.590528049000056)","Unfall 235622 (2024) Kat:3, Licht: 1","235622","3","1","0","02","07","5","","1","1","0","0","0"
"POINT (13.372819154000069 52.531698417000030)","Unfall 235623 (2024) Kat:3, Licht: 2","235623","3","7","2","02","23","4","","2","1","1","0","0"
"POINT (13.447389456000053 52.464374947000067)","Unfall 235624 (2024) Kat:3, Licht: 0","235624","3","2","5","03","15","4","","0","0","1","0","1"
"POINT (13.353925564000065 52.444982022000033)","Unfall 235625 (2024) Kat:3, Licht: 0","235625","3","7","2","02","16","4","","0","0","0","0","1"
"POINT (13.197071143000073 52.538435096000057)","Unfall 235626 (2024) Kat:3, Licht: 0","235626","3","2","5","02","16","4","","0","1","0","0","0"
"POINT (13.399715711000056 52.414005700000075)","Unfall 235627 (2024) Kat:3, Licht: 0","235627","3","3","5","02","08","4","","0","1","1","0","0"
"POINT (13.326284504000057 52.591646832000038)","Unfall 235628 (2024) Kat:3, Licht: 0","235628","3","3","5","02","08","4","","0","0","1","0","0"
"POINT (13.462685798000052 52.519834186000082)","Unfall 235629 (2024) Kat:3, Licht: 2","235629","3","7","0","02","04","4","","2","0","0","0","0"
"POINT (13.324537245000045 52.465771608000068)","Unfall 235630 (2024) Kat:3, Licht: 1","235630","3","3","5","02","06","4","","1","0","1","0","0"
"POINT (13.324185607000061 52.507281185000068)","Unfall 235631 (2024) Kat:3, Licht: 2","235631","3","5","1","02","19","4","","2","0","1","0","0"
"POINT (13.379620878000026 52.494194665000066)","Unfall 235632 (2024) Kat:3, Licht: 0","235632","3","2","5","02","08","4","","0","1","0","0","0"
"POINT (13.418167864000054 52.525681664000047)","Unfall 235633 (2024) Kat:2, Licht: 2","235633","2","1","8","02","20","4","","2","0","0","0","1"
"POINT (13.344331319000048 52.504240723000066)","Unfall 235634 (2024) Kat:2, Licht: 0","235634","2","3","5","03","17","3","","0","0","1","0","0"
"POINT (13.317731394000077 52.501422311000056)","Unfall 235635 (2024) Kat:3, Licht: 0","235635","3","5","1","02","13","4","","0","0","1","0","0"
"POINT (13.426671660000068 52.514692527000079)","Unfall 235636 (2024) Kat:3, Licht: 0","235636","3","7","2","02","10","4","","0","1","0","0","0"
"POINT (13.402612608000027 52.531371920000026)","Unfall 235637 (2024) Kat:3, Licht: 0","235637","3","3","5","02","07","4","","0","1","0","0","0"
"POINT (13.387581019000038 52.493061157000056)","Unfall 235638 (2024) Kat:3, Licht: 0","235638","3","2","5","02","07","4","","0","1","1","0","0"
"POINT (13.373709839000071 52.586847060000082)","Unfall 235639 (2024) Kat:2, Licht: 0","235639","2","6","0","02","11","4","","0","0","1","0","1"
"POINT (13.261548249000043 52.436799312000062)","Unfall 235640 (2024) Kat:3, Licht: 0","235640","3","7","6","02","11","4","","0","0","1","1","0"
"POINT (13.404248969000037 52.533162560000051)","Unfall 235641 (2024) Kat:3, Licht: 0","235641","3","3","5","02","08","4","","0","1","1","0","0"
"POINT (13.330029743000068 52.421891254000059)","Unfall 235642 (2024) Kat:3, Licht: 2","235642","3","4","6","02","20","3","","2","0","1","1","0"
"POINT (13.419257582000057 52.487468679000074)","Unfall 235643 (2024) Kat:3, Licht: 0","235643","3","3","5","02","13","3","","0","0","1","0","1"
"POINT (13.205614560000072 52.541649951000068)","Unfall 235644 (2024) Kat:2, Licht: 0","235644","2","2","5","02","13","3","","0","0","1","0","1"
"POINT (13.345158584000046 52.488956689000076)","Unfall 235645 (2024) Kat:3, Licht: 0","235645","3","6","2","02","13","3","","0","0","1","0","0"
"POINT (13.339255542000046 52.525854820000063)","Unfall 235646 (2024) Kat:3, Licht: 0","235646","3","2","5","02","08","3","","0","1","0","0","0"
"POINT (13.549474409000027 52.531697283000028)","Unfall 235647 (2024) Kat:3, Licht: 0","235647","3","5","1","02","07","3","","0","0","1","0","0"
"POINT (13.429415866000056 52.556441983000070)","Unfall 235648 (2024) Kat:3, Licht: 2","235648","3","1","8","02","18","3","","2","0","1","1","0"
"POINT (13.324153936000073 52.473437792000027)","Unfall 235649 (2024) Kat:3, Licht: 0","235649","3","3","5","02","12","3","","0","0","1","0","1"
"POINT (13.153708898000048 52.530644490000043)","Unfall 235650 (2024) Kat:3, Licht: 0","235650","3","7","0","02","12","3","","0","0","1","0","0"
"POINT (13.376605287000075 52.485923758000069)","Unfall 235651 (2024) Kat:3, Licht: 0","235651","3","6","2","04","16","2","","0","0","1","0","0"
"POINT (13.500671376000071 52.435283809000055)","Unfall 235652 (2024) Kat:3, Licht: 0","235652","3","7","5","02","11","3","","0","0","1","0","0"
"POINT (13.328419635000046 52.533035336000069)","Unfall 235653 (2024) Kat:3, Licht: 0","235653","3","2","5","02","06","3","","0","1","1","0","0"
"POINT (13.407682720000025 52.526580616000047)","Unfall 235654 (2024) Kat:2, Licht: 2","235654","2","7","0","04","22","7","","2","0","1","0","0"
"POINT (13.347856492000062 52.575826627000026)","Unfall 235655 (2024) Kat:3, Licht: 1","235655","3","2","5","02","18","3","","1","0","0","0","0"
"POINT (13.183258316000035 52.539864731000080)","Unfall 235656 (2024) Kat:3, Licht: 0","235656","3","2","5","02","08","3","","0","1","1","0","0"
"POINT (13.406709292000073 52.527215660000081)","Unfall 235657 (2024) Kat:3, Licht: 0","235657","3","1","0","02","08","3","","0","1","0","0","0"
"POINT (13.631382059000032 52.395016320000082)","Unfall 235658 (2024) Kat:3, Licht: 0","235658","3","6","3","02","08","3","","0","1","1","0","0"
"POINT (13.343099680000023 52.566605659000061)","Unfall 235659 (2024) Kat:3, Licht: 2","235659","3","7","5","02","19","3","","2","1","0","0","0"
"POINT (13.392647391000025 52.564141802000051)","Unfall 235660 (2024) Kat:3, Licht: 2","235660","3","2","5","02","20","3","","2","0","1","0","1"
"POINT (13.313906693000035 52.430519267000079)","Unfall 235661 (2024) Kat:2, Licht: 0","235661","2","1","0","02","15","3","","0","1","0","0","0"
"POINT (13.403860987000030 52.515445082000042)","Unfall 235662 (2024) Kat:3, Licht: 0","235662","3","2","5","02","15","3","","0","1","1","0","0"
"POINT (13.217356888000040 52.537809011000036)","Unfall 235663 (2024) Kat:3, Licht: 0","235663","3","2","5","02","15","3","","0","0","1","0","0"
"POINT (13.468965830000059 52.534499110000070)","Unfall 235664 (2024) Kat:3, Licht: 0","235664","3","3","5","02","08","3","","0","1","1","0","0"
"POINT (13.439403905000063 52.530883453000058)","Unfall 235665 (2024) Kat:3, Licht: 0","235665","3","2","5","02","08","3","","0","1","1","0","0"
"POINT (13.229330580000067 52.426431887000035)","Unfall 235666 (2024) Kat:3, Licht: 0","235666","3","2","5","02","08","3","","0","1","1","0","0"
"POINT (13.519095774000050 52.516510556000071)","Unfall 235667 (2024) Kat:3, Licht: 2","235667","3","7","0","02","05","3","","2","0","1","0","0"
"POINT (13.477149806000057 52.522986127000081)","Unfall 235668 (2024) Kat:3, Licht: 0","235668","3","3","5","02","13","2","","0","1","1","0","0"
"POINT (13.245800308000071 52.524751252000044)","Unfall 235669 (2024) Kat:3, Licht: 0","235669","3","6","2","02","13","2","","0","0","1","0","1"
"POINT (13.259215644000051 52.451446488000045)","Unfall 235670 (2024) Kat:3, Licht: 0","235670","3","7","6","02","09","2","","0","0","1","1","0"
"POINT (13.586402468000074 52.393733018000034)","Unfall 235671 (2024) Kat:3, Licht: 0","235671","3","3","5","02","09","2","","0","0","1","0","0"
"POINT (13.503482580000025 52.418242549000070)","Unfall 235672 (2024) Kat:2, Licht: 2","235672","2","7","0","02","02","2","","2","0","0","0","1"
"POINT (13.317445889000055 52.488229506000039)","Unfall 235673 (2024) Kat:3, Licht: 2","235673","3","5","1","02","18","2","","2","1","1","0","0"
"POINT (13.473701333000065 52.461927044000049)","Unfall 235674 (2024) Kat:3, Licht: 0","235674","3","3","0","02","16","2","","0","1","1","0","0"
"POINT (13.356026149000058 52.472170110000036)","Unfall 235675 (2024) Kat:2, Licht: 0","235675","2","3","5","02","13","2","","0","1","1","0","0"
"POINT (13.440460900000062 52.467378266000026)","Unfall 235676 (2024) Kat:3, Licht: 0","235676","3","3","5","02","08","2","","0","0","1","0","0"
"POINT (13.377384753000058 52.450984834000053)","Unfall 235677 (2024) Kat:3, Licht: 0","235677","3","7","2","04","08","5","","0","0","1","0","0"
"POINT (13.408324142000026 52.541344123000044)","Unfall 235678 (2024) Kat:3, Licht: 0","235678","3","3","5","02","07","2","","0","1","1","0","0"
"POINT (13.281962061000058 52.600742591000028)","Unfall 235679 (2024) Kat:2, Licht: 2","235679","2","1","4","02","21","2","","2","0","1","0","0"
"POINT (13.173461492000058 52.522830500000055)","Unfall 235680 (2024) Kat:3, Licht: 0","235680","3","6","2","02","15","2","","0","0","1","0","0"
"POINT (13.388717747000044 52.499440243000038)","Unfall 235681 (2024) Kat:3, Licht: 2","235681","3","2","5","03","00","1","","2","1","1","0","0"
"POINT (13.468093923000026 52.546259296000073)","Unfall 235682 (2024) Kat:3, Licht: 2","235682","3","6","2","02","18","2","","2","0","1","0","0"
"POINT (13.210696985000027 52.538424214000031)","Unfall 235683 (2024) Kat:3, Licht: 0","235683","3","6","3","02","15","2","","0","1","0","0","0"
"POINT (13.509979369000064 52.634403820000045)","Unfall 235684 (2024) Kat:3, Licht: 2","235684","3","1","9","02","18","2","","2","0","1","0","0"
"POINT (13.487936704000049 52.537436199000069)","Unfall 235685 (2024) Kat:3, Licht: 0","235685","3","3","5","02","15","2","","0","1","0","0","0"
"POINT (13.312937257000044 52.500530794000042)","Unfall 235686 (2024) Kat:3, Licht: 0","235686","3","2","0","02","15","2","","0","0","1","0","0"
"POINT (13.320057695000060 52.505674691000081)","Unfall 235687 (2024) Kat:3, Licht: 0","235687","3","5","1","02","12","2","","0","1","1","0","0"
"POINT (13.345922242000029 52.574494650000076)","Unfall 235688 (2024) Kat:3, Licht: 0","235688","3","2","2","02","11","2","","0","0","1","0","0"
"POINT (13.381842000000063 52.442976322000050)","Unfall 235689 (2024) Kat:3, Licht: 0","235689","3","3","5","02","10","2","","0","1","1","0","0"
"POINT (13.430176282000048 52.551580788000081)","Unfall 235690 (2024) Kat:3, Licht: 0","235690","3","6","2","02","08","2","","0","0","1","0","0"
"POINT (13.473215270000026 52.421650269000054)","Unfall 235691 (2024) Kat:3, Licht: 2","235691","3","4","6","03","18","1","","2","0","1","1","0"
"POINT (13.268427451000036 52.511599883000031)","Unfall 235692 (2024) Kat:3, Licht: 0","235692","3","5","0","02","12","2","","0","0","1","0","0"
"POINT (13.379435169000033 52.529405597000050)","Unfall 235693 (2024) Kat:3, Licht: 0","235693","3","2","5","02","08","2","","0","1","1","0","0"
"POINT (13.440840316000049 52.438899930000048)","Unfall 235694 (2024) Kat:3, Licht: 0","235694","3","4","6","02","14","1","","0","0","1","1","0"
"POINT (13.552112478000026 52.439382241000033)","Unfall 235695 (2024) Kat:3, Licht: 0","235695","3","2","5","02","12","1","","0","1","1","0","0"
"POINT (13.395874466000066 52.538228008000033)","Unfall 235696 (2024) Kat:3, Licht: 0","235696","3","2","5","03","15","3","","0","1","1","0","0"
"POINT (13.342646636000040 52.434409977000030)","Unfall 235697 (2024) Kat:3, Licht: 0","235697","3","2","5","02","12","1","","0","1","1","0","0"
"POINT (13.321372536000069 52.505803008000044)","Unfall 235698 (2024) Kat:3, Licht: 2","235698","3","6","2","02","01","1","","2","0","1","0","0"
"POINT (13.243620102000023 52.421392894000064)","Unfall 235699 (2024) Kat:3, Licht: 0","235699","3","3","5","02","15","1","","0","1","0","0","0"
"POINT (13.353025180000031 52.550795238000035)","Unfall 235700 (2024) Kat:3, Licht: 0","235700","3","3","5","02","13","1","","0","0","1","0","1"