WKT,Name,OBJECTID,UKATEGORIE,UTYP1,UART,UMONAT,USTUNDE,UWOCHENTAG,STRZUSTAND,ULICHTVERH,ISTRAD,ISTPKW,ISTFUSS,ISTKRAD
"POINT (13.441304576000050 52.568621128000075)","Unfall 235701 (2024) Kat:3, Licht: 0","235701","3","3","5","02","12","1","","0","0","1","0","1"
"POINT (13.435920823000060 52.500057557000048)","Unfall 235702 (2024) Kat:3, Licht: 0","235702","3","6","6","02","11","1","","0","1","0","1","0"
"POINT (13.414317516000040 52.553897549000055)","Unfall 235703 (2024) Kat:3, Licht: 0","235703","3","2","5","02","09","7","","0","1","1","0","0"
"POINT (13.260935739000047 52.412667819000035)","Unfall 235704 (2024) Kat:3, Licht: 0","235704","3","6","2","02","17","7","","0","0","1","0","0"
"POINT (13.361779812000066 52.547965858000055)","Unfall 235705 (2024) Kat:3, Licht: 0","235705","3","7","0","02","16","7","","0","1","0","0","0"
"POINT (13.428580857000043 52.547832732000074)","Unfall 235706 (2024) Kat:3, Licht: 1","235706","3","2","2","02","16","7","","1","0","1","0","0"
"POINT (13.300821095000060 52.579607297000052)","Unfall 235707 (2024) Kat:3, Licht: 0","235707","3","2","5","02","10","7","","0","0","1","0","0"
"POINT (13.479251929000043 52.553011781000066)","Unfall 235708 (2024) Kat:3, Licht: 0","235708","3","6","2","02","10","7","","0","0","1","0","0"
"POINT (13.344902892000050 52.482180343000039)","Unfall 235709 (2024) Kat:3, Licht: 1","235709","3","1","9","02","06","7","","1","0","1","0","0"
"POINT (13.422682807000058 52.544636440000033)","Unfall 235710 (2024) Kat:3, Licht: 0","235710","3","3","5","02","12","7","","0","1","1","0","0"
"POINT (13.364566798000055 52.562696755000047)","Unfall 235711 (2024) Kat:3, Licht: 1","235711","3","2","5","02","17","7","","1","0","1","0","1"
"POINT (13.355165214000067 52.458296134000079)","Unfall 235712 (2024) Kat:3, Licht: 0","235712","3","6","2","02","12","7","","0","0","1","0","0"
"POINT (13.545440399000029 52.567801095000050)","Unfall 235713 (2024) Kat:3, Licht: 0","235713","3","3","5","02","11","7","","0","1","1","0","0"
"POINT (13.311111978000042 52.523896837000052)","Unfall 235714 (2024) Kat:3, Licht: 2","235714","3","5","1","02","00","7","","2","0","1","0","0"
"POINT (13.384001011000066 52.555698446000065)","Unfall 235715 (2024) Kat:3, Licht: 0","235715","3","2","5","02","14","7","","0","1","1","0","0"
"POINT (13.394142250000073 52.564940564000040)","Unfall 235716 (2024) Kat:3, Licht: 0","235716","3","6","2","02","14","7","","0","0","1","0","0"
"POINT (13.376318918000038 52.491576262000081)","Unfall 235717 (2024) Kat:3, Licht: 0","235717","3","1","2","02","09","7","","0","0","1","0","0"
"POINT (13.472127985000043 52.508143629000074)","Unfall 235718 (2024) Kat:3, Licht: 0","235718","3","4","6","02","06","7","","0","0","1","1","0"
"POINT (13.347786746000054 52.531086256000037)","Unfall 235719 (2024) Kat:3, Licht: 2","235719","3","6","3","02","19","7","","2","1","1","0","0"
"POINT (13.577265186000034 52.496317968000028)","Unfall 235720 (2024) Kat:3, Licht: 0","235720","3","3","5","02","13","7","","0","0","1","0","0"
"POINT (13.328663827000071 52.528152704000036)","Unfall 235721 (2024) Kat:3, Licht: 0","235721","3","6","3","02","11","3","","0","1","1","0","0"
"POINT (13.381612814000050 52.482717243000081)","Unfall 235722 (2024) Kat:3, Licht: 0","235722","3","6","2","02","09","7","","0","0","1","0","1"
"POINT (13.533683170000074 52.525453260000063)","Unfall 235723 (2024) Kat:2, Licht: 2","235723","2","2","6","02","19","6","","2","0","1","1","0"
"POINT (13.446992409000075 52.564859895000041)","Unfall 235724 (2024) Kat:3, Licht: 0","235724","3","6","2","03","14","7","","0","0","1","0","0"
"POINT (13.377717587000063 52.465874598000028)","Unfall 235725 (2024) Kat:3, Licht: 0","235725","3","3","5","02","15","6","","0","0","1","0","0"
"POINT (13.396890581000036 52.490930938000076)","Unfall 235726 (2024) Kat:3, Licht: 0","235726","3","3","5","02","13","6","","0","1","1","0","0"
"POINT (13.285979325000028 52.449612020000075)","Unfall 235727 (2024) Kat:3, Licht: 0","235727","3","3","5","02","14","6","","0","0","1","0","0"
"POINT (13.430169328000034 52.523293010000032)","Unfall 235728 (2024) Kat:3, Licht: 0","235728","3","4","6","02","11","6","","0","0","0","1","0"
"POINT (13.404237634000026 52.409411957000032)","Unfall 235729 (2024) Kat:3, Licht: 0","235729","3","7","5","02","07","6","","0","0","1","0","0"
"POINT (13.593610749000050 52.449506022000037)","Unfall 235730 (2024) Kat:2, Licht: 0","235730","2","6","2","02","07","6","","0","0","1","0","1"
"POINT (13.412211146000061 52.524274271000081)","Unfall 235731 (2024) Kat:3, Licht: 0","235731","3","5","1","03","17","2","","0","1","1","0","0"
"POINT (13.307771404000050 52.501958563000073)","Unfall 235732 (2024) Kat:3, Licht: 0","235732","3","2","5","02","19","6","","0","1","1","0","0"
"POINT (13.300679187000071 52.615463013000067)","Unfall 235733 (2024) Kat:3, Licht: 0","235733","3","4","6","03","07","2","","0","0","1","1","0"
"POINT (13.209218481000050 52.565325422000058)","Unfall 235734 (2024) Kat:3, Licht: 2","235734","3","2","5","02","06","6","","2","0","1","0","0"
"POINT (13.435187099000075 52.426495934000059)","Unfall 235735 (2024) Kat:3, Licht: 0","235735","3","6","2","02","15","6","","0","0","1","0","0"
"POINT (13.375520156000050 52.542462558000068)","Unfall 235736 (2024) Kat:3, Licht: 0","235736","3","2","5","02","14","6","","0","0","1","0","1"
"POINT (13.390790336000066 52.581917592000082)","Unfall 235737 (2024) Kat:3, Licht: 0","235737","3","7","5","02","12","6","","0","0","1","0","1"
"POINT (13.360433954000030 52.574257317000047)","Unfall 235738 (2024) Kat:3, Licht: 0","235738","3","2","5","02","11","6","","0","0","1","0","1"
"POINT (13.200398745000030 52.536559742000065)","Unfall 235739 (2024) Kat:3, Licht: 0","235739","3","2","5","02","10","6","","0","0","1","0","0"
"POINT (13.555957460000059 52.520276496000065)","Unfall 235740 (2024) Kat:3, Licht: 0","235740","3","6","4","02","16","6","","0","1","0","0","0"
"POINT (13.396393253000042 52.465330471000073)","Unfall 235741 (2024) Kat:3, Licht: 0","235741","3","2","5","02","14","6","","0","0","1","0","1"
"POINT (13.267338497000026 52.409269205000044)","Unfall 235742 (2024) Kat:3, Licht: 0","235742","3","6","2","02","13","6","","0","0","1","0","0"
"POINT (13.250106029000051 52.523768285000074)","Unfall 235743 (2024) Kat:2, Licht: 0","235743","2","6","2","02","11","6","","0","0","1","0","0"
"POINT (13.471849369000040 52.559861519000037)","Unfall 235744 (2024) Kat:3, Licht: 0","235744","3","3","5","02","08","6","","0","1","1","0","0"
"POINT (13.331641166000054 52.503807648000077)","Unfall 235745 (2024) Kat:3, Licht: 2","235745","3","4","6","02","22","5","","2","0","1","1","0"
"POINT (13.272895962000064 52.597260286000051)","Unfall 235746 (2024) Kat:3, Licht: 2","235746","3","1","8","02","22","5","","2","0","1","0","0"
"POINT (13.318836001000022 52.452145159000054)","Unfall 235747 (2024) Kat:3, Licht: 2","235747","3","6","3","02","20","2","","2","0","1","0","0"
"POINT (13.427758998000058 52.507622008000055)","Unfall 235748 (2024) Kat:3, Licht: 2","235748","3","6","3","02","21","5","","2","0","1","0","0"
"POINT (13.434204529000056 52.484530497000037)","Unfall 235749 (2024) Kat:3, Licht: 0","235749","3","6","2","02","13","5","","0","0","1","0","0"
"POINT (13.591720248000058 52.544981673000052)","Unfall 235750 (2024) Kat:3, Licht: 0","235750","3","2","5","02","08","5","","0","0","1","0","0"
"POINT (13.324927850000051 52.475854199000082)","Unfall 235751 (2024) Kat:3, Licht: 0","235751","3","7","6","03","12","5","","0","0","1","1","0"
"POINT (13.385646238000049 52.465731607000066)","Unfall 235752 (2024) Kat:3, Licht: 2","235752","3","2","5","02","22","5","","2","0","1","0","0"
"POINT (13.563313942000036 52.496443988000067)","Unfall 235753 (2024) Kat:2, Licht: 0","235753","2","3","5","04","16","6","","0","0","1","0","1"
"POINT (13.394848944000046 52.528068913000027)","Unfall 235754 (2024) Kat:3, Licht: 1","235754","3","3","5","02","17","5","","1","1","1","0","0"
"POINT (13.432198739000057 52.581410868000034)","Unfall 235755 (2024) Kat:2, Licht: 0","235755","2","2","4","02","15","5","","0","0","1","0","0"
"POINT (13.278006811000068 52.518347233000043)","Unfall 235756 (2024) Kat:3, Licht: 0","235756","3","2","5","02","15","5","","0","0","1","0","0"
"POINT (13.313095555000075 52.574871276000067)","Unfall 235757 (2024) Kat:3, Licht: 0","235757","3","2","5","02","09","5","","0","0","1","0","0"
"POINT (13.560207837000064 52.405166642000040)","Unfall 235758 (2024) Kat:2, Licht: 0","235758","2","3","5","02","09","5","","0","1","1","0","0"
"POINT (13.353058945000043 52.516149166000048)","Unfall 235759 (2024) Kat:3, Licht: 2","235759","3","6","3","02","21","5","","2","0","1","0","0"
"POINT (13.358102773000041 52.545673011000076)","Unfall 235760 (2024) Kat:3, Licht: 1","235760","3","4","6","02","17","5","","1","0","1","1","0"
"POINT (13.397983468000064 52.584861711000030)","Unfall 235761 (2024) Kat:3, Licht: 0","235761","3","3","5","02","11","5","","0","0","1","0","0"
"POINT (13.305346821000057 52.464500614000031)","Unfall 235762 (2024) Kat:3, Licht: 2","235762","3","3","5","03","18","6","","2","1","1","0","0"
"POINT (13.311668070000053 52.582144019000054)","Unfall 235763 (2024) Kat:3, Licht: 2","235763","3","1","8","02","19","5","","2","0","1","0","0"
"POINT (13.280860741000026 52.476846678000072)","Unfall 235764 (2024) Kat:3, Licht: 1","235764","3","2","5","02","17","5","","1","0","1","0","0"
"POINT (13.413525465000077 52.525333696000075)","Unfall 235765 (2024) Kat:3, Licht: 0","235765","3","6","0","02","15","5","","0","0","1","0","0"
"POINT (13.427428997000050 52.552405299000043)","Unfall 235766 (2024) Kat:3, Licht: 0","235766","3","3","5","03","14","4","","0","0","1","0","0"
"POINT (13.571393340000043 52.546070300000054)","Unfall 235767 (2024) Kat:3, Licht: 0","235767","3","2","0","02","17","4","","0","0","0","0","0"
"POINT (13.335829297000032 52.433322220000036)","Unfall 235768 (2024) Kat:3, Licht: 2","235768","3","3","5","02","20","4","","2","1","1","0","0"
"POINT (13.516781552000054 52.560448614000052)","Unfall 235769 (2024) Kat:2, Licht: 0","235769","2","6","4","03","14","1","","0","0","1","0","0"
"POINT (13.349717873000031 52.542180363000057)","Unfall 235770 (2024) Kat:3, Licht: 2","235770","3","2","6","02","20","4","","2","0","1","1","0"
"POINT (13.411166477000052 52.503507698000078)","Unfall 235771 (2024) Kat:3, Licht: 0","235771","3","3","5","02","15","4","","0","1","1","0","0"
"POINT (13.301193179000052 52.583635621000042)","Unfall 235772 (2024) Kat:3, Licht: 0","235772","3","3","5","02","14","4","","0","0","1","0","0"
"POINT (13.379264816000045 52.507031614000027)","Unfall 235773 (2024) Kat:3, Licht: 0","235773","3","3","5","03","17","3","","0","0","1","0","0"
"POINT (13.371899846000076 52.436678856000071)","Unfall 235774 (2024) Kat:3, Licht: 0","235774","3","7","5","02","10","4","","0","0","1","0","0"
"POINT (13.304417573000023 52.513426698000046)","Unfall 235775 (2024) Kat:3, Licht: 2","235775","3","5","0","02","19","4","","2","1","1","0","0"
"POINT (13.330299942000067 52.512989048000065)","Unfall 235776 (2024) Kat:3, Licht: 2","235776","3","2","6","02","18","4","","2","0","1","1","0"
"POINT (13.362930670000026 52.503596956000081)","Unfall 235777 (2024) Kat:3, Licht: 2","235777","3","4","6","02","18","4","","2","0","1","1","0"
"POINT (13.387643931000071 52.523978852000027)","Unfall 235778 (2024) Kat:3, Licht: 0","235778","3","1","0","02","14","4","","0","1","0","0","1"
"POINT (13.405261060000043 52.533957836000070)","Unfall 235779 (2024) Kat:3, Licht: 0","235779","3","3","5","02","14","4","","0","0","1","0","0"
"POINT (13.366770437000071 52.462601204000066)","Unfall 235780 (2024) Kat:3, Licht: 0","235780","3","2","5","02","14","4","","0","0","1","0","0"
"POINT (13.329799534000074 52.458136540000055)","Unfall 235781 (2024) Kat:3, Licht: 0","235781","3","3","0","02","08","4","","0","0","1","0","1"
"POINT (13.450986518000036 52.508561009000061)","Unfall 235782 (2024) Kat:3, Licht: 2","235782","3","2","5","02","01","4","","2","0","1","0","0"
"POINT (13.463196902000050 52.470793249000053)","Unfall 235783 (2024) Kat:3, Licht: 0","235783","3","4","6","02","16","4","","0","0","1","1","0"
"POINT (13.287043911000069 52.451261200000033)","Unfall 235784 (2024) Kat:3, Licht: 0","235784","3","2","5","02","16","4","","0","1","1","0","0"
"POINT (13.432808320000049 52.605610972000079)","Unfall 235785 (2024) Kat:2, Licht: 0","235785","2","5","1","02","16","4","","0","1","1","0","0"
"POINT (13.346007929000052 52.574541228000044)","Unfall 235786 (2024) Kat:3, Licht: 0","235786","3","2","2","02","13","4","","0","0","1","0","0"
"POINT (13.225795417000029 52.554449708000050)","Unfall 235787 (2024) Kat:3, Licht: 0","235787","3","2","5","02","13","4","","0","1","1","0","0"
"POINT (13.324137314000041 52.491431955000053)","Unfall 235788 (2024) Kat:3, Licht: 0","235788","3","6","3","02","12","4","","0","1","1","0","0"
"POINT (13.348889982000060 52.458878510000034)","Unfall 235789 (2024) Kat:3, Licht: 0","235789","3","6","2","02","09","4","","0","0","1","0","0"
"POINT (13.392097164000063 52.439930882000056)","Unfall 235790 (2024) Kat:3, Licht: 2","235790","3","2","6","02","05","4","","2","0","1","1","0"
"POINT (13.564586593000058 52.507686388000081)","Unfall 235791 (2024) Kat:2, Licht: 2","235791","2","1","9","02","04","4","","2","0","1","0","0"
"POINT (13.421949183000038 52.505124020000039)","Unfall 235792 (2024) Kat:3, Licht: 0","235792","3","3","5","02","15","3","","0","1","1","0","0"
"POINT (13.465317042000038 52.507704459000081)","Unfall 235793 (2024) Kat:2, Licht: 2","235793","2","2","0","02","19","3","","2","0","0","0","0"
"POINT (13.458206389000054 52.499613787000044)","Unfall 235794 (2024) Kat:3, Licht: 0","235794","3","3","5","02","15","3","","0","1","1","0","0"
"POINT (13.415983586000038 52.527107079000075)","Unfall 235795 (2024) Kat:3, Licht: 2","235795","3","7","3","02","21","3","","2","1","1","0","0"
"POINT (13.326931534000039 52.530999162000057)","Unfall 235796 (2024) Kat:3, Licht: 2","235796","3","4","6","02","19","4","","2","0","1","1","0"
"POINT (13.568583419000049 52.569458028000042)","Unfall 235797 (2024) Kat:3, Licht: 0","235797","3","3","5","02","13","3","","0","0","1","0","0"
"POINT (13.567500123000059 52.505238263000081)","Unfall 235798 (2024) Kat:3, Licht: 0","235798","3","2","2","02","09","3","","0","1","1","0","0"
"POINT (13.302443300000050 52.488464604000058)","Unfall 235799 (2024) Kat:3, Licht: 2","235799","3","6","2","02","20","3","","2","0","1","0","0"
"POINT (13.591709424000044 52.544983170000080)","Unfall 235800 (2024) Kat:3, Licht: 0","235800","3","2","5","02","16","3","","0","0","1","0","0"
"POINT (13.280163314000049 52.518480569000076)","Unfall 235801 (2024) Kat:3, Licht: 1","235801","3","3","5","02","16","3","","1","0","1","0","0"
"POINT (13.553061498000034 52.503009128000031)","Unfall 235802 (2024) Kat:3, Licht: 0","235802","3","5","1","02","13","3","","0","1","1","0","0"
"POINT (13.197523339000043 52.532086913000057)","Unfall 235803 (2024) Kat:3, Licht: 0","235803","3","2","0","02","14","3","","0","0","1","0","0"
"POINT (13.544942883000033 52.425683975000027)","Unfall 235804 (2024) Kat:3, Licht: 0","235804","3","6","2","02","13","3","","0","0","0","0","0"
"POINT (13.521750568000073 52.554139566000060)","Unfall 235805 (2024) Kat:3, Licht: 0","235805","3","3","5","02","07","5","","0","1","1","0","0"
"POINT (13.464659042000051 52.567139658000031)","Unfall 235806 (2024) Kat:2, Licht: 0","235806","2","2","6","02","14","3","","0","0","1","1","0"
"POINT (13.293644697000047 52.484246399000028)","Unfall 235807 (2024) Kat:3, Licht: 0","235807","3","3","5","02","10","3","","0","0","1","0","0"
"POINT (13.388996810000037 52.499403397000037)","Unfall 235808 (2024) Kat:3, Licht: 0","235808","3","3","5","02","08","3","","0","1","0","0","0"
"POINT (13.415168825000023 52.530022900000063)","Unfall 235809 (2024) Kat:2, Licht: 0","235809","2","5","1","03","12","7","","0","0","1","0","1"
"POINT (13.345742203000043 52.419462710000062)","Unfall 235810 (2024) Kat:3, Licht: 2","235810","3","7","7","02","19","3","","2","1","0","0","0"
"POINT (13.463150033000034 52.511479468000061)","Unfall 235811 (2024) Kat:3, Licht: 2","235811","3","3","5","03","01","1","","2","1","1","0","0"
"POINT (13.262592619000031 52.516714483000044)","Unfall 235812 (2024) Kat:2, Licht: 2","235812","2","1","0","02","18","3","","2","1","0","0","0"
"POINT (13.353289786000062 52.502004177000060)","Unfall 235813 (2024) Kat:3, Licht: 0","235813","3","6","2","02","14","3","","0","0","1","0","0"
"POINT (13.437895809000054 52.423920462000069)","Unfall 235814 (2024) Kat:3, Licht: 0","235814","3","6","0","02","12","3","","0","0","0","0","0"
"POINT (13.396238539000024 52.558566642000073)","Unfall 235815 (2024) Kat:3, Licht: 0","235815","3","7","2","02","12","3","","0","0","0","0","1"
"POINT (13.404660109000076 52.495178459000044)","Unfall 235816 (2024) Kat:3, Licht: 0","235816","3","3","5","02","08","3","","0","1","1","0","0"
"POINT (13.414703388000078 52.504935101000058)","Unfall 235817 (2024) Kat:3, Licht: 0","235817","3","2","2","02","08","3","","0","1","1","0","0"
"POINT (13.521918066000069 52.525896729000067)","Unfall 235818 (2024) Kat:3, Licht: 0","235818","3","2","5","02","08","3","","0","1","1","0","0"
"POINT (13.472419219000074 52.454285054000081)","Unfall 235819 (2024) Kat:3, Licht: 0","235819","3","6","2","02","12","2","","0","0","1","0","0"
"POINT (13.230800790000046 52.541672795000068)","Unfall 235820 (2024) Kat:3, Licht: 0","235820","3","1","0","02","14","2","","0","0","0","0","1"
"POINT (13.470184129000074 52.503194815000029)","Unfall 235821 (2024) Kat:3, Licht: 0","235821","3","6","2","02","09","2","","0","0","1","0","0"
"POINT (13.339329593000059 52.571979900000031)","Unfall 235822 (2024) Kat:3, Licht: 0","235822","3","2","2","02","07","2","","0","0","1","0","0"
"POINT (13.291434283000058 52.581029335000039)","Unfall 235823 (2024) Kat:3, Licht: 2","235823","3","2","6","02","05","2","","2","1","0","1","0"
"POINT (13.490014714000040 52.467724182000040)","Unfall 235824 (2024) Kat:3, Licht: 2","235824","3","7","6","02","19","2","","2","1","0","1","0"
"POINT (13.261533411000073 52.454115041000080)","Unfall 235825 (2024) Kat:2, Licht: 1","235825","2","4","0","02","07","2","","1","1","0","1","0"
"POINT (13.381742662000022 52.552081794000060)","Unfall 235826 (2024) Kat:3, Licht: 2","235826","3","4","6","02","21","2","","2","0","1","1","0"
"POINT (13.393173654000066 52.411958280000079)","Unfall 235827 (2024) Kat:3, Licht: 2","235827","3","5","1","02","20","2","","2","0","1","0","0"
"POINT (13.227004651000072 52.558250411000074)","Unfall 235828 (2024) Kat:2, Licht: 1","235828","2","7","6","02","17","2","","1","0","0","1","0"
"POINT (13.198721626000065 52.533131561000062)","Unfall 235829 (2024) Kat:3, Licht: 0","235829","3","6","2","02","13","2","","0","0","1","0","0"
"POINT (13.456294967000076 52.479134874000067)","Unfall 235830 (2024) Kat:2, Licht: 0","235830","2","7","2","02","08","4","","0","0","1","0","0"
"POINT (13.471772308000027 52.473941280000076)","Unfall 235831 (2024) Kat:3, Licht: 0","235831","3","6","2","02","09","2","","0","0","1","0","0"
"POINT (13.377097647000028 52.476847034000059)","Unfall 235832 (2024) Kat:3, Licht: 0","235832","3","2","5","02","08","2","","0","1","1","0","0"
"POINT (13.431363733000069 52.571292815000049)","Unfall 235833 (2024) Kat:3, Licht: 2","235833","3","6","2","02","18","2","","2","0","1","0","0"
"POINT (13.336826906000056 52.500796915000080)","Unfall 235834 (2024) Kat:3, Licht: 2","235834","3","2","5","02","18","2","","2","1","1","0","0"
"POINT (13.634339089000036 52.387259255000060)","Unfall 235835 (2024) Kat:3, Licht: 0","235835","3","3","5","02","17","2","","0","0","1","0","0"
"POINT (13.510312680000027 52.472521245000053)","Unfall 235836 (2024) Kat:3, Licht: 0","235836","3","6","0","02","09","2","","0","0","1","0","1"
"POINT (13.578827036000064 52.499462028000039)","Unfall 235837 (2024) Kat:3, Licht: 0","235837","3","6","2","02","11","2","","0","0","1","0","0"
"POINT (13.301786271000026 52.488469871000063)","Unfall 235838 (2024) Kat:3, Licht: 2","235838","3","2","6","02","18","2","","2","0","1","1","0"
"POINT (13.428873095000029 52.484696205000034)","Unfall 235839 (2024) Kat:3, Licht: 1","235839","3","3","5","02","16","2","","1","0","1","0","0"
"POINT (13.284242462000066 52.485282154000060)","Unfall 235840 (2024) Kat:3, Licht: 0","235840","3","6","2","02","14","2","","0","0","1","0","0"
"POINT (13.220756392000055 52.612220631000071)","Unfall 235841 (2024) Kat:3, Licht: 0","235841","3","1","0","02","14","2","","0","0","0","0","1"
"POINT (13.381734716000039 52.522928356000079)","Unfall 235842 (2024) Kat:3, Licht: 0","235842","3","5","1","02","09","2","","0","1","1","0","0"
"POINT (13.432820350000043 52.464812092000045)","Unfall 235843 (2024) Kat:3, Licht: 2","235843","3","2","6","02","06","2","","2","0","1","1","0"
"POINT (13.521578465000061 52.525920362000079)","Unfall 235844 (2024) Kat:3, Licht: 0","235844","3","3","5","02","16","2","","0","1","1","0","0"
"POINT (13.364512516000048 52.524955196000064)","Unfall 235845 (2024) Kat:3, Licht: 0","235845","3","5","1","02","15","2","","0","1","1","0","0"
"POINT (13.437473700000055 52.485073636000038)","Unfall 235846 (2024) Kat:3, Licht: 2","235846","3","4","6","02","20","2","","2","0","1","1","0"
"POINT (13.188748705000023 52.521654831000035)","Unfall 235847 (2024) Kat:2, Licht: 2","235847","2","2","6","02","19","2","","2","0","1","1","0"
"POINT (13.440820474000077 52.524263033000068)","Unfall 235848 (2024) Kat:3, Licht: 0","235848","3","2","0","03","14","2","","0","0","0","0","0"
"POINT (13.387018657000056 52.496493912000062)","Unfall 235849 (2024) Kat:3, Licht: 0","235849","3","3","5","02","16","2","","0","0","1","0","0"
"POINT (13.325047526000048 52.575759782000034)","Unfall 235850 (2024) Kat:3, Licht: 0","235850","3","2","5","02","12","2","","0","0","1","0","1"
"POINT (13.412702759000069 52.557006264000051)","Unfall 235851 (2024) Kat:3, Licht: 0","235851","3","5","1","02","16","2","","0","1","1","0","0"
"POINT (13.312956487000065 52.499897153000063)","Unfall 235852 (2024) Kat:3, Licht: 0","235852","3","3","2","02","15","2","","0","0","1","0","0"
"POINT (13.250735299000041 52.435059170000045)","Unfall 235853 (2024) Kat:3, Licht: 0","235853","3","3","5","02","12","2","","0","0","1","0","0"
"POINT (13.259831202000044 52.429367296000066)","Unfall 235854 (2024) Kat:3, Licht: 0","235854","3","2","6","02","07","2","","0","0","1","1","0"
"POINT (13.392844380000042 52.542578605000074)","Unfall 235855 (2024) Kat:3, Licht: 2","235855","3","7","5","02","02","1","","2","0","1","0","0"
"POINT (13.328059724000070 52.464601261000041)","Unfall 235856 (2024) Kat:2, Licht: 2","235856","2","6","0","02","20","1","","2","0","1","0","0"
"POINT (13.306789701000071 52.500027444000068)","Unfall 235857 (2024) Kat:3, Licht: 0","235857","3","3","5","02","13","1","","0","1","0","0","1"
"POINT (13.384156150000024 52.510069525000063)","Unfall 235858 (2024) Kat:3, Licht: 0","235858","3","3","5","02","12","1","","0","0","1","0","0"
"POINT (13.384870824000075 52.418968792000044)","Unfall 235859 (2024) Kat:3, Licht: 0","235859","3","3","5","03","14","3","","0","0","1","0","1"
"POINT (13.448984311000061 52.524311224000030)","Unfall 235860 (2024) Kat:2, Licht: 0","235860","2","3","5","02","10","1","","0","0","1","0","0"
"POINT (13.412793536000038 52.544395714000075)","Unfall 235861 (2024) Kat:3, Licht: 2","235861","3","1","0","02","04","1","","2","0","0","0","0"
"POINT (13.402963996000040 52.524387742000044)","Unfall 235862 (2024) Kat:3, Licht: 0","235862","3","5","1","02","14","7","","0","1","1","0","0"
"POINT (13.418086921000054 52.515451616000064)","Unfall 235863 (2024) Kat:3, Licht: 2","235863","3","2","5","02","21","7","","2","0","1","0","0"
"POINT (13.365399608000075 52.493552992000048)","Unfall 235864 (2024) Kat:3, Licht: 1","235864","3","2","5","02","16","7","","1","1","1","0","0"
"POINT (13.430032095000058 52.523289038000030)","Unfall 235865 (2024) Kat:3, Licht: 0","235865","3","2","5","02","15","7","","0","0","1","0","1"
"POINT (13.488280385000053 52.466574855000033)","Unfall 235866 (2024) Kat:3, Licht: 0","235866","3","6","1","02","15","7","","0","1","1","0","0"
"POINT (13.318459693000023 52.572220270000059)","Unfall 235867 (2024) Kat:3, Licht: 2","235867","3","7","1","02","04","7","","2","0","1","0","0"
"POINT (13.392726282000069 52.556899462000047)","Unfall 235868 (2024) Kat:3, Licht: 2","235868","3","5","5","02","19","7","","2","0","1","0","0"
"POINT (13.302333122000050 52.547890351000035)","Unfall 235869 (2024) Kat:3, Licht: 1","235869","3","2","5","02","17","7","","1","0","1","0","0"
"POINT (13.398738746000049 52.570553228000051)","Unfall 235870 (2024) Kat:3, Licht: 0","235870","3","2","2","02","14","7","","0","1","1","0","0"
"POINT (13.355515451000031 52.552086664000058)","Unfall 235871 (2024) Kat:3, Licht: 1","235871","3","2","5","02","14","7","","1","1","1","0","0"
"POINT (13.612677628000029 52.506866377000051)","Unfall 235872 (2024) Kat:3, Licht: 0","235872","3","6","2","02","13","7","","0","0","1","0","0"
"POINT (13.457077968000021 52.503004747000034)","Unfall 235873 (2024) Kat:3, Licht: 0","235873","3","2","5","02","11","7","","0","1","1","0","0"
"POINT (13.296328763000076 52.529322783000055)","Unfall 235874 (2024) Kat:3, Licht: 2","235874","3","2","5","02","00","7","","2","0","1","0","0"
"POINT (13.536783349000075 52.525827074000063)","Unfall 235875 (2024) Kat:3, Licht: 2","235875","3","4","6","02","23","7","","2","1","0","1","0"
"POINT (13.290957969000033 52.506649266000068)","Unfall 235876 (2024) Kat:3, Licht: 0","235876","3","6","2","02","15","7","","0","0","1","0","0"
"POINT (13.378108042000065 52.466357382000069)","Unfall 235877 (2024) Kat:3, Licht: 0","235877","3","2","5","02","14","7","","0","0","1","0","1"
"POINT (13.349050184000077 52.489437704000068)","Unfall 235878 (2024) Kat:2, Licht: 0","235878","2","2","5","02","12","7","","0","0","1","0","1"
"POINT (13.535547262000023 52.411216559000081)","Unfall 235879 (2024) Kat:3, Licht: 0","235879","3","3","5","02","13","7","","0","0","1","0","0"
"POINT (13.355219697000052 52.483998645000042)","Unfall 235880 (2024) Kat:3, Licht: 2","235880","3","4","6","02","06","7","","2","0","1","1","0"
"POINT (13.504844377000040 52.629957155000056)","Unfall 235881 (2024) Kat:3, Licht: 0","235881","3","6","0","05","13","1","","0","1","0","0","0"
"POINT (13.449092559000064 52.524338874000080)","Unfall 235882 (2024) Kat:3, Licht: 0","235882","3","2","5","05","19","1","","0","0","1","0","0"
"POINT (13.293742283000029 52.596283762000041)","Unfall 235883 (2024) Kat:3, Licht: 0","235883","3","6","3","05","10","1","","0","0","1","0","0"
"POINT (13.430364425000050 52.469116511000038)","Unfall 235884 (2024) Kat:3, Licht: 1","235884","3","2","5","05","20","1","","1","1","1","0","0"
"POINT (13.268170187000067 52.536584728000037)","Unfall 235885 (2024) Kat:3, Licht: 0","235885","3","3","5","05","15","1","","0","0","1","0","0"
"POINT (13.449547264000046 52.537304826000081)","Unfall 235886 (2024) Kat:3, Licht: 0","235886","3","3","5","05","15","1","","0","0","1","0","0"
"POINT (13.294253543000025 52.497715279000033)","Unfall 235887 (2024) Kat:3, Licht: 0","235887","3","2","5","05","14","1","","0","1","1","0","0"