WKT,Name,OBJECTID,UKATEGORIE,UTYP1,UART,UMONAT,USTUNDE,UWOCHENTAG,STRZUSTAND,ULICHTVERH,ISTRAD,ISTPKW,ISTFUSS,ISTKRAD
"POINT (13.675133303000052 52.407340442000077)","Unfall 235888 (2024) Kat:2, Licht: 0","235888","2","5","5","05","14","1","","0","0","1","0","1"
"POINT (13.301213936000067 52.599525446000030)","Unfall 235889 (2024) Kat:2, Licht: 0","235889","2","3","5","05","10","1","","0","0","1","0","0"
"POINT (13.413451099000042 52.542065235000052)","Unfall 235890 (2024) Kat:3, Licht: 0","235890","3","1","0","05","12","1","","0","1","0","0","0"
"POINT (13.392883727000026 52.545326893000038)","Unfall 235891 (2024) Kat:3, Licht: 2","235891","3","3","5","05","00","1","","2","0","1","0","1"
"POINT (13.331898892000027 52.429612733000056)","Unfall 235892 (2024) Kat:3, Licht: 1","235892","3","3","0","05","20","1","","1","0","1","0","1"
"POINT (13.457101482000041 52.509682158000032)","Unfall 235893 (2024) Kat:3, Licht: 0","235893","3","3","5","05","18","1","","0","1","1","0","0"
"POINT (13.557273475000045 52.557654271000047)","Unfall 235894 (2024) Kat:3, Licht: 0","235894","3","6","4","05","17","1","","0","0","1","0","1"
"POINT (13.430139081000050 52.503621561000045)","Unfall 235895 (2024) Kat:3, Licht: 0","235895","3","1","0","05","14","1","","0","0","0","0","1"
"POINT (13.344970017000037 52.485649759000069)","Unfall 235896 (2024) Kat:3, Licht: 0","235896","3","2","5","05","14","1","","0","1","1","0","0"
"POINT (13.588414263000061 52.517149728000049)","Unfall 235897 (2024) Kat:3, Licht: 0","235897","3","1","0","05","14","1","","0","0","0","0","1"
"POINT (13.545135658000049 52.417053838000072)","Unfall 235898 (2024) Kat:3, Licht: 2","235898","3","1","0","05","02","1","","2","1","0","0","0"
"POINT (13.411697989000061 52.512643504000039)","Unfall 235899 (2024) Kat:3, Licht: 0","235899","3","7","0","05","19","7","","0","1","0","0","0"
"POINT (13.410932891000073 52.553815357000076)","Unfall 235900 (2024) Kat:2, Licht: 0","235900","2","2","5","05","16","7","","0","0","1","0","1"
"POINT (13.249800215000050 52.523861493000027)","Unfall 235901 (2024) Kat:2, Licht: 0","235901","2","7","2","05","10","7","","0","0","1","0","0"
"POINT (13.383281467000074 52.492938525000056)","Unfall 235902 (2024) Kat:3, Licht: 2","235902","3","5","5","05","22","7","","2","1","1","0","0"
"POINT (13.332415605000051 52.506362897000031)","Unfall 235903 (2024) Kat:3, Licht: 1","235903","3","7","0","05","21","7","","1","0","1","1","0"
"POINT (13.386915698000053 52.504790392000075)","Unfall 235904 (2024) Kat:3, Licht: 0","235904","3","1","0","05","18","7","","0","0","0","0","1"
"POINT (13.428823992000048 52.579045736000069)","Unfall 235905 (2024) Kat:2, Licht: 0","235905","2","2","5","05","18","7","","0","1","1","0","0"
"POINT (13.198858500000028 52.543088266000041)","Unfall 235906 (2024) Kat:3, Licht: 0","235906","3","3","0","05","17","7","","0","0","1","0","1"
"POINT (13.553341005000050 52.447884943000076)","Unfall 235907 (2024) Kat:3, Licht: 0","235907","3","6","2","05","17","7","","0","0","0","0","1"
"POINT (13.307203481000045 52.577401685000041)","Unfall 235908 (2024) Kat:3, Licht: 0","235908","3","6","0","05","17","7","","0","0","1","0","0"
"POINT (13.428850109000052 52.472035856000048)","Unfall 235909 (2024) Kat:3, Licht: 0","235909","3","6","2","05","20","7","","0","0","1","0","0"
"POINT (13.377349223000067 52.411841565000032)","Unfall 235910 (2024) Kat:3, Licht: 0","235910","3","3","5","05","15","7","","0","1","1","0","0"
"POINT (13.432422348000046 52.465775379000036)","Unfall 235911 (2024) Kat:3, Licht: 0","235911","3","2","2","05","14","7","","0","0","1","0","0"
"POINT (13.455765564000046 52.430339041000082)","Unfall 235912 (2024) Kat:3, Licht: 0","235912","3","2","5","05","13","7","","0","0","1","0","0"
"POINT (13.576381235000042 52.552005028000053)","Unfall 235913 (2024) Kat:2, Licht: 1","235913","2","6","4","05","04","7","","1","0","1","0","0"
"POINT (13.360617875000059 52.497985895000056)","Unfall 235914 (2024) Kat:3, Licht: 0","235914","3","7","6","05","19","7","","0","0","1","1","0"
"POINT (13.201305189000038 52.555665402000045)","Unfall 235915 (2024) Kat:3, Licht: 0","235915","3","3","5","05","18","7","","0","0","1","0","0"
"POINT (13.387537365000071 52.506537829000081)","Unfall 235916 (2024) Kat:3, Licht: 0","235916","3","5","1","05","15","7","","0","1","1","0","0"
"POINT (13.452754891000041 52.508240735000072)","Unfall 235917 (2024) Kat:3, Licht: 0","235917","3","2","5","05","13","7","","0","1","1","0","0"
"POINT (13.537671829000033 52.459677104000036)","Unfall 235918 (2024) Kat:3, Licht: 0","235918","3","5","1","05","13","7","","0","0","1","0","0"
"POINT (13.250321553000049 52.453644996000037)","Unfall 235919 (2024) Kat:3, Licht: 0","235919","3","2","5","05","06","7","","0","0","1","0","1"
"POINT (13.379600505000042 52.493937636000055)","Unfall 235920 (2024) Kat:3, Licht: 0","235920","3","7","2","05","18","6","","0","0","1","0","0"
"POINT (13.376768465000055 52.509623731000033)","Unfall 235921 (2024) Kat:3, Licht: 0","235921","3","3","5","05","15","6","","0","1","1","0","0"
"POINT (13.524592688000041 52.559657862000051)","Unfall 235922 (2024) Kat:2, Licht: 0","235922","2","4","6","05","14","6","","0","0","1","1","0"
"POINT (13.386042348000046 52.397837117000051)","Unfall 235923 (2024) Kat:3, Licht: 0","235923","3","7","5","05","10","6","","0","0","1","0","1"
"POINT (13.397497516000044 52.423854743000049)","Unfall 235924 (2024) Kat:3, Licht: 0","235924","3","3","5","05","10","6","","0","0","1","0","1"
"POINT (13.428505810000047 52.599501827000040)","Unfall 235925 (2024) Kat:3, Licht: 0","235925","3","3","5","05","09","6","","0","0","1","0","0"
"POINT (13.300197423000043 52.421060097000066)","Unfall 235926 (2024) Kat:3, Licht: 1","235926","3","2","5","05","20","6","","1","1","1","0","0"
"POINT (13.383538655000052 52.507294800000068)","Unfall 235927 (2024) Kat:3, Licht: 0","235927","3","6","3","05","17","6","","0","0","1","0","1"
"POINT (13.367761608000023 52.525836088000062)","Unfall 235928 (2024) Kat:3, Licht: 0","235928","3","6","2","05","17","6","","0","0","1","0","0"
"POINT (13.483926464000035 52.474141260000067)","Unfall 235929 (2024) Kat:3, Licht: 0","235929","3","2","5","05","14","6","","0","0","1","0","0"
"POINT (13.325053471000047 52.494991171000038)","Unfall 235930 (2024) Kat:3, Licht: 0","235930","3","7","5","05","12","6","","0","0","1","0","0"
"POINT (13.366966159000071 52.449631676000081)","Unfall 235931 (2024) Kat:3, Licht: 0","235931","3","2","6","05","10","6","","0","0","1","1","0"
"POINT (13.349322231000031 52.515068630000030)","Unfall 235932 (2024) Kat:3, Licht: 0","235932","3","2","2","05","08","6","","0","0","1","0","1"
"POINT (13.366441624000061 52.584840084000064)","Unfall 235933 (2024) Kat:3, Licht: 0","235933","3","3","0","05","18","6","","0","0","1","0","0"
"POINT (13.372459184000036 52.537672950000058)","Unfall 235934 (2024) Kat:3, Licht: 0","235934","3","5","1","05","18","6","","0","1","1","0","0"
"POINT (13.571248670000045 52.540630891000035)","Unfall 235935 (2024) Kat:3, Licht: 0","235935","3","3","5","05","16","6","","0","1","1","0","0"
"POINT (13.329332186000045 52.563446927000030)","Unfall 235936 (2024) Kat:3, Licht: 0","235936","3","2","5","05","15","6","","0","1","1","0","0"
"POINT (13.352133450000053 52.505537617000073)","Unfall 235937 (2024) Kat:3, Licht: 0","235937","3","2","5","05","13","6","","0","0","1","0","0"
"POINT (13.508622729000024 52.564772551000033)","Unfall 235938 (2024) Kat:3, Licht: 0","235938","3","3","5","05","12","6","","0","1","1","0","0"
"POINT (13.232373197000072 52.437747844000057)","Unfall 235939 (2024) Kat:3, Licht: 0","235939","3","2","5","05","08","6","","0","1","1","0","0"
"POINT (13.432605780000074 52.505482898000082)","Unfall 235940 (2024) Kat:3, Licht: 2","235940","3","1","0","05","03","6","","2","1","0","0","0"
"POINT (13.429008139000075 52.556705117000035)","Unfall 235941 (2024) Kat:3, Licht: 0","235941","3","6","2","05","12","6","","0","0","1","0","0"
"POINT (13.347731349000071 52.541140799000061)","Unfall 235942 (2024) Kat:2, Licht: 0","235942","2","7","5","05","09","6","","0","0","1","0","1"
"POINT (13.200556846000040 52.537736951000056)","Unfall 235943 (2024) Kat:3, Licht: 0","235943","3","6","0","05","19","6","","0","0","1","0","0"
"POINT (13.386207030000037 52.531423621000044)","Unfall 235944 (2024) Kat:3, Licht: 0","235944","3","2","2","05","18","6","","0","1","1","0","0"
"POINT (13.402175879000026 52.483460555000079)","Unfall 235945 (2024) Kat:3, Licht: 0","235945","3","2","5","05","17","6","","0","1","1","0","0"
"POINT (13.428693707000036 52.582208433000062)","Unfall 235946 (2024) Kat:3, Licht: 0","235946","3","6","0","05","17","6","","0","1","0","1","0"
"POINT (13.344647455000029 52.485578921000069)","Unfall 235947 (2024) Kat:3, Licht: 0","235947","3","6","2","05","15","6","","0","1","1","0","0"
"POINT (13.390890546000037 52.457470474000047)","Unfall 235948 (2024) Kat:3, Licht: 0","235948","3","3","5","05","14","6","","0","0","1","0","1"
"POINT (13.457264589000033 52.430993127000079)","Unfall 235949 (2024) Kat:3, Licht: 0","235949","3","3","5","05","13","6","","0","0","1","0","0"
"POINT (13.284705640000027 52.590537952000034)","Unfall 235950 (2024) Kat:2, Licht: 0","235950","2","7","6","05","11","6","","0","0","1","1","0"
"POINT (13.467144624000071 52.567251647000035)","Unfall 235951 (2024) Kat:3, Licht: 0","235951","3","7","0","05","11","6","","0","1","0","0","0"
"POINT (13.506572145000064 52.517815590000055)","Unfall 235952 (2024) Kat:3, Licht: 0","235952","3","4","6","05","11","6","","0","0","1","1","0"
"POINT (13.413169043000039 52.382884600000068)","Unfall 235953 (2024) Kat:3, Licht: 0","235953","3","2","5","05","10","6","","0","0","1","0","0"
"POINT (13.314040133000049 52.500846177000028)","Unfall 235954 (2024) Kat:3, Licht: 0","235954","3","5","0","05","08","6","","0","1","1","0","0"
"POINT (13.367325984000047 52.486107320000031)","Unfall 235955 (2024) Kat:3, Licht: 0","235955","3","3","5","05","08","6","","0","1","1","0","0"
"POINT (13.377026578000027 52.512364105000074)","Unfall 235956 (2024) Kat:3, Licht: 0","235956","3","2","4","05","15","6","","0","1","0","0","0"
"POINT (13.438275664000059 52.546433483000044)","Unfall 235957 (2024) Kat:3, Licht: 0","235957","3","4","6","05","11","6","","0","1","0","1","0"
"POINT (13.426683984000022 52.515708094000047)","Unfall 235958 (2024) Kat:3, Licht: 0","235958","3","3","5","05","09","6","","0","1","1","0","0"
"POINT (13.326266482000051 52.537957272000028)","Unfall 235959 (2024) Kat:3, Licht: 0","235959","3","3","5","05","14","5","","0","0","1","0","0"
"POINT (13.189832809000052 52.536901060000048)","Unfall 235960 (2024) Kat:3, Licht: 0","235960","3","3","0","05","12","5","","0","1","0","0","0"
"POINT (13.254039875000046 52.444348435000052)","Unfall 235961 (2024) Kat:3, Licht: 0","235961","3","5","1","05","16","5","","0","1","1","0","0"
"POINT (13.559931260000042 52.482065084000055)","Unfall 235962 (2024) Kat:2, Licht: 0","235962","2","2","5","05","17","5","","0","0","1","0","1"
"POINT (13.361449144000062 52.548011224000049)","Unfall 235963 (2024) Kat:3, Licht: 0","235963","3","2","2","05","16","5","","0","0","1","0","1"
"POINT (13.146052026000064 52.415895693000039)","Unfall 235964 (2024) Kat:3, Licht: 0","235964","3","6","3","05","15","5","","0","1","0","0","0"
"POINT (13.309208544000057 52.506480534000048)","Unfall 235965 (2024) Kat:3, Licht: 0","235965","3","2","5","05","14","5","","0","1","1","0","0"
"POINT (13.348433824000040 52.432806514000049)","Unfall 235966 (2024) Kat:3, Licht: 0","235966","3","5","1","05","14","5","","0","0","1","0","0"
"POINT (13.493861370000047 52.410857538000073)","Unfall 235967 (2024) Kat:3, Licht: 0","235967","3","2","5","05","12","5","","0","0","0","0","1"
"POINT (13.478702845000043 52.477567211000064)","Unfall 235968 (2024) Kat:2, Licht: 0","235968","2","2","5","05","13","5","","0","0","1","0","0"
"POINT (13.516851429000042 52.470543429000031)","Unfall 235969 (2024) Kat:2, Licht: 0","235969","2","2","5","05","07","5","","0","0","1","0","1"
"POINT (13.335667808000039 52.541869702000042)","Unfall 235970 (2024) Kat:3, Licht: 0","235970","3","2","5","05","10","5","","0","1","1","0","0"
"POINT (13.411708341000065 52.523963986000069)","Unfall 235971 (2024) Kat:3, Licht: 2","235971","3","2","5","05","21","5","","2","1","1","0","0"
"POINT (13.480972642000040 52.460560977000057)","Unfall 235972 (2024) Kat:3, Licht: 0","235972","3","6","3","05","12","5","","0","0","1","0","0"
"POINT (13.317159039000046 52.504234816000064)","Unfall 235973 (2024) Kat:2, Licht: 0","235973","2","3","5","05","09","5","","0","1","0","0","0"
"POINT (13.399943322000070 52.416994526000053)","Unfall 235974 (2024) Kat:3, Licht: 0","235974","3","3","5","05","08","5","","0","1","1","0","0"
"POINT (13.415295192000031 52.520678848000045)","Unfall 235975 (2024) Kat:3, Licht: 0","235975","3","2","5","05","08","5","","0","0","1","0","0"
"POINT (13.327494542000068 52.503289602000052)","Unfall 235976 (2024) Kat:3, Licht: 0","235976","3","4","6","05","08","5","","0","1","0","1","0"
"POINT (13.315435807000028 52.448586454000065)","Unfall 235977 (2024) Kat:3, Licht: 0","235977","3","5","1","05","15","5","","0","1","1","0","0"
"POINT (13.315563821000069 52.445187137000062)","Unfall 235978 (2024) Kat:3, Licht: 0","235978","3","6","2","05","13","5","","0","0","1","0","0"
"POINT (13.426896900000031 52.543521616000078)","Unfall 235979 (2024) Kat:3, Licht: 0","235979","3","4","6","05","13","5","","0","0","1","1","0"
"POINT (13.305822269000032 52.620494433000033)","Unfall 235980 (2024) Kat:3, Licht: 0","235980","3","3","5","05","13","5","","0","0","1","0","1"
"POINT (13.331206665000025 52.502863699000045)","Unfall 235981 (2024) Kat:2, Licht: 0","235981","2","4","6","05","10","5","","0","0","1","1","0"
"POINT (13.365990530000033 52.574387507000040)","Unfall 235982 (2024) Kat:3, Licht: 0","235982","3","3","5","05","10","5","","0","0","1","0","0"
"POINT (13.455984519000026 52.482359221000081)","Unfall 235983 (2024) Kat:3, Licht: 0","235983","3","7","0","05","10","5","","0","0","1","0","0"
"POINT (13.338748046000035 52.543299452000042)","Unfall 235984 (2024) Kat:3, Licht: 0","235984","3","2","5","05","07","5","","0","1","1","0","0"
"POINT (13.421022198000060 52.467356315000075)","Unfall 235985 (2024) Kat:3, Licht: 0","235985","3","7","2","05","12","5","","0","1","0","0","1"
"POINT (13.434027466000032 52.463209877000054)","Unfall 235986 (2024) Kat:3, Licht: 0","235986","3","3","5","05","09","5","","0","0","1","0","1"
"POINT (13.334445081000069 52.541185442000028)","Unfall 235987 (2024) Kat:2, Licht: 0","235987","2","3","5","05","13","5","","0","1","0","0","0"
"POINT (13.500368141000024 52.510677678000036)","Unfall 235988 (2024) Kat:3, Licht: 2","235988","3","2","2","05","22","7","","2","0","1","0","0"
"POINT (13.300895511000022 52.494776610000031)","Unfall 235989 (2024) Kat:3, Licht: 0","235989","3","2","5","05","19","5","","0","1","1","0","0"
"POINT (13.432921729000043 52.488846809000052)","Unfall 235990 (2024) Kat:3, Licht: 0","235990","3","4","6","05","16","5","","0","0","0","1","0"
"POINT (13.346217292000063 52.497100143000068)","Unfall 235991 (2024) Kat:3, Licht: 0","235991","3","2","0","05","14","5","","0","0","1","0","0"
"POINT (13.373037782000040 52.424903066000070)","Unfall 235992 (2024) Kat:3, Licht: 0","235992","3","2","5","05","12","5","","0","1","1","0","0"
"POINT (13.142412108000030 52.453037501000040)","Unfall 235993 (2024) Kat:3, Licht: 0","235993","3","7","6","05","12","5","","0","0","1","1","0"
"POINT (13.383499853000046 52.551230534000069)","Unfall 235994 (2024) Kat:3, Licht: 0","235994","3","4","6","05","11","5","","0","1","0","1","0"
"POINT (13.195260098000062 52.524990448000040)","Unfall 235995 (2024) Kat:3, Licht: 0","235995","3","2","6","05","11","5","","0","0","1","1","0"
"POINT (13.424949953000066 52.467630700000029)","Unfall 235996 (2024) Kat:3, Licht: 0","235996","3","5","1","05","11","5","","0","0","1","0","1"
"POINT (13.450875223000025 52.535855499000036)","Unfall 235997 (2024) Kat:3, Licht: 0","235997","3","3","5","05","09","5","","0","0","1","0","0"
"POINT (13.520378621000077 52.572172577000060)","Unfall 235998 (2024) Kat:3, Licht: 0","235998","3","3","5","05","07","5","","0","1","1","0","0"
"POINT (13.436724995000077 52.523495294000043)","Unfall 235999 (2024) Kat:3, Licht: 0","235999","3","7","0","05","11","4","","0","1","0","0","0"
"POINT (13.569212855000046 52.443477869000048)","Unfall 236000 (2024) Kat:3, Licht: 0","236000","3","5","0","05","15","4","","0","1","1","0","0"
"POINT (13.206524570000056 52.539298068000051)","Unfall 236001 (2024) Kat:3, Licht: 2","236001","3","6","0","05","22","4","","2","0","1","0","1"
"POINT (13.434049650000077 52.560232415000030)","Unfall 236002 (2024) Kat:3, Licht: 0","236002","3","5","0","05","17","4","","0","0","1","0","0"
"POINT (13.188689369000031 52.556497009000054)","Unfall 236003 (2024) Kat:3, Licht: 0","236003","3","3","5","05","17","4","","0","1","1","0","0"
"POINT (13.347411778000037 52.548254528000029)","Unfall 236004 (2024) Kat:2, Licht: 0","236004","2","6","2","05","16","4","","0","0","1","0","1"
"POINT (13.341772988000059 52.521615356000041)","Unfall 236005 (2024) Kat:3, Licht: 0","236005","3","6","3","05","15","4","","0","0","1","0","1"
"POINT (13.499599205000038 52.564409027000067)","Unfall 236006 (2024) Kat:3, Licht: 0","236006","3","4","6","05","15","4","","0","0","1","1","0"
"POINT (13.338725148000037 52.444393969000032)","Unfall 236007 (2024) Kat:2, Licht: 0","236007","2","2","5","05","14","4","","0","0","1","0","0"
"POINT (13.354757013000039 52.458872009000061)","Unfall 236008 (2024) Kat:3, Licht: 0","236008","3","6","2","05","11","4","","0","0","1","0","1"
"POINT (13.552210194000054 52.439417292000030)","Unfall 236009 (2024) Kat:3, Licht: 0","236009","3","2","5","05","11","4","","0","1","1","0","0"
"POINT (13.350541853000038 52.503813394000076)","Unfall 236010 (2024) Kat:3, Licht: 2","236010","3","6","2","05","20","4","","2","0","1","0","0"
"POINT (13.204197574000034 52.540576909000038)","Unfall 236011 (2024) Kat:2, Licht: 0","236011","2","2","5","05","16","4","","0","0","1","0","1"
"POINT (13.351891340000066 52.565960208000035)","Unfall 236012 (2024) Kat:3, Licht: 0","236012","3","2","5","05","09","4","","0","0","1","0","1"
"POINT (13.477894270000036 52.527348463000067)","Unfall 236013 (2024) Kat:3, Licht: 0","236013","3","7","1","05","08","4","","0","1","1","0","0"
"POINT (13.440664812000023 52.517204385000070)","Unfall 236014 (2024) Kat:2, Licht: 1","236014","2","2","0","05","04","4","","1","1","0","0","0"
"POINT (13.406594576000032 52.393764497000063)","Unfall 236015 (2024) Kat:3, Licht: 0","236015","3","2","5","05","08","4","","0","0","1","0","0"
"POINT (13.332107141000051 52.602953120000052)","Unfall 236016 (2024) Kat:3, Licht: 0","236016","3","5","1","05","07","4","","0","0","1","0","0"
"POINT (13.422859712000047 52.557904684000050)","Unfall 236017 (2024) Kat:3, Licht: 0","236017","3","5","1","05","16","4","","0","1","1","0","0"
"POINT (13.363252099000022 52.485334072000057)","Unfall 236018 (2024) Kat:3, Licht: 0","236018","3","6","2","05","18","4","","0","0","1","0","1"
"POINT (13.567452247000062 52.573321161000081)","Unfall 236019 (2024) Kat:3, Licht: 0","236019","3","3","5","05","18","4","","0","0","1","0","0"
"POINT (13.507471737000060 52.463253747000067)","Unfall 236020 (2024) Kat:2, Licht: 0","236020","2","3","5","05","17","4","","0","1","1","0","0"
"POINT (13.383305813000050 52.503643275000059)","Unfall 236021 (2024) Kat:3, Licht: 0","236021","3","2","5","05","19","4","","0","1","1","0","0"
"POINT (13.295549654000069 52.442594757000052)","Unfall 236022 (2024) Kat:2, Licht: 0","236022","2","2","5","05","17","4","","0","0","1","0","1"
"POINT (13.404332155000077 52.565487124000072)","Unfall 236023 (2024) Kat:2, Licht: 1","236023","2","2","5","05","18","4","","1","1","0","0","1"
"POINT (13.511790200000064 52.546391985000071)","Unfall 236024 (2024) Kat:3, Licht: 0","236024","3","2","2","05","16","4","","0","0","1","0","1"
"POINT (13.426915992000033 52.564329967000049)","Unfall 236025 (2024) Kat:3, Licht: 0","236025","3","3","5","05","16","4","","0","1","1","0","0"
"POINT (13.542988878000074 52.399756597000078)","Unfall 236026 (2024) Kat:3, Licht: 0","236026","3","5","1","05","16","4","","0","1","1","0","0"
"POINT (13.122312453000063 52.427055110000026)","Unfall 236027 (2024) Kat:3, Licht: 0","236027","3","7","1","05","15","4","","0","0","1","0","0"
"POINT (13.329698167000060 52.523326640000050)","Unfall 236028 (2024) Kat:3, Licht: 0","236028","3","6","3","05","16","4","","0","0","1","0","1"
"POINT (13.333991549000075 52.589719506000051)","Unfall 236029 (2024) Kat:3, Licht: 0","236029","3","2","5","05","16","4","","0","0","1","0","0"
"POINT (13.552677048000021 52.430657436000047)","Unfall 236030 (2024) Kat:3, Licht: 0","236030","3","6","2","05","16","4","","0","0","1","0","1"
"POINT (13.579665277000061 52.458934851000038)","Unfall 236031 (2024) Kat:3, Licht: 0","236031","3","1","0","05","11","4","","0","1","0","0","0"
"POINT (13.593993109000053 52.453184155000031)","Unfall 236032 (2024) Kat:3, Licht: 0","236032","3","6","2","05","14","4","","0","0","1","0","1"
"POINT (13.301254383000071 52.519095626000080)","Unfall 236033 (2024) Kat:3, Licht: 0","236033","3","2","5","05","14","4","","0","0","1","0","0"
"POINT (13.365555359000041 52.525325317000068)","Unfall 236034 (2024) Kat:3, Licht: 0","236034","3","2","5","05","13","4","","0","0","0","0","1"
"POINT (13.561625677000052 52.506826857000078)","Unfall 236035 (2024) Kat:3, Licht: 0","236035","3","6","2","05","13","4","","0","0","1","0","0"
"POINT (13.328760492000072 52.566037431000041)","Unfall 236036 (2024) Kat:3, Licht: 0","236036","3","2","5","05","11","4","","0","0","1","0","1"
"POINT (13.406637995000040 52.535625648000064)","Unfall 236037 (2024) Kat:3, Licht: 2","236037","3","1","0","05","00","4","","2","1","0","0","0"
"POINT (13.350999560000048 52.504370326000071)","Unfall 236038 (2024) Kat:3, Licht: 2","236038","3","2","5","05","21","3","","2","1","1","0","0"
"POINT (13.398941824000076 52.508227117000047)","Unfall 236039 (2024) Kat:3, Licht: 1","236039","3","3","5","05","20","3","","1","1","1","0","0"
"POINT (13.389614939000069 52.511205772000039)","Unfall 236040 (2024) Kat:3, Licht: 0","236040","3","1","0","05","20","3","","0","1","0","0","0"
"POINT (13.346304122000049 52.450060378000046)","Unfall 236041 (2024) Kat:3, Licht: 0","236041","3","6","2","05","18","3","","0","0","1","0","0"
"POINT (13.435334005000072 52.423121517000027)","Unfall 236042 (2024) Kat:3, Licht: 0","236042","3","3","5","05","17","3","","0","0","1","0","0"
"POINT (13.398692129000040 52.532572062000042)","Unfall 236043 (2024) Kat:3, Licht: 0","236043","3","1","0","05","15","3","","0","1","0","0","0"
"POINT (13.297183338000025 52.577534565000065)","Unfall 236044 (2024) Kat:3, Licht: 0","236044","3","6","2","05","14","3","","0","0","0","0","1"
"POINT (13.476890124000022 52.563255139000034)","Unfall 236045 (2024) Kat:3, Licht: 0","236045","3","3","5","05","12","3","","0","0","1","0","0"
"POINT (13.517259031000037 52.467780393000055)","Unfall 236046 (2024) Kat:3, Licht: 0","236046","3","6","2","05","10","3","","0","0","1","0","0"
"POINT (13.424603022000042 52.528090143000043)","Unfall 236047 (2024) Kat:3, Licht: 0","236047","3","6","2","05","09","3","","0","0","1","0","0"
"POINT (13.339042458000051 52.553901284000062)","Unfall 236048 (2024) Kat:3, Licht: 0","236048","3","3","0","05","19","3","","0","0","1","0","1"
"POINT (13.287388682000028 52.482377331000066)","Unfall 236049 (2024) Kat:3, Licht: 0","236049","3","5","1","05","18","3","","0","0","1","0","0"
"POINT (13.329577774000029 52.487114589000043)","Unfall 236050 (2024) Kat:3, Licht: 0","236050","3","6","3","05","16","3","","0","1","1","0","0"
"POINT (13.325447676000067 52.575742579000064)","Unfall 236051 (2024) Kat:3, Licht: 0","236051","3","3","0","05","15","3","","0","0","0","0","0"
"POINT (13.451182849000077 52.465072392000081)","Unfall 236052 (2024) Kat:3, Licht: 0","236052","3","7","5","05","14","3","","0","0","1","0","0"
"POINT (13.280767838000031 52.498915209000074)","Unfall 236053 (2024) Kat:2, Licht: 0","236053","2","1","0","05","11","3","","0","0","0","0","1"
"POINT (13.494988749000072 52.559570908000069)","Unfall 236054 (2024) Kat:2, Licht: 0","236054","2","7","5","05","12","3","","0","1","1","0","0"
"POINT (13.246017472000062 52.434406540000055)","Unfall 236055 (2024) Kat:3, Licht: 0","236055","3","3","0","05","12","3","","0","0","1","0","1"
"POINT (13.591601509000043 52.544881181000051)","Unfall 236056 (2024) Kat:3, Licht: 0","236056","3","6","2","05","11","3","","0","0","1","0","0"
"POINT (13.464647981000041 52.509538216000067)","Unfall 236057 (2024) Kat:3, Licht: 0","236057","3","7","6","05","11","3","","0","0","0","1","0"
"POINT (13.596663543000034 52.436972823000076)","Unfall 236058 (2024) Kat:3, Licht: 0","236058","3","6","2","05","09","3","","0","1","1","0","0"
"POINT (13.415025548000074 52.553838011000039)","Unfall 236059 (2024) Kat:3, Licht: 0","236059","3","6","2","05","09","3","","0","0","1","0","0"
"POINT (13.404591244000073 52.449149502000068)","Unfall 236060 (2024) Kat:3, Licht: 0","236060","3","5","1","05","08","3","","0","0","1","0","1"
"POINT (13.471563442000047 52.532179806000045)","Unfall 236061 (2024) Kat:3, Licht: 0","236061","3","2","5","05","08","3","","0","1","0","0","0"
"POINT (13.322380853000027 52.501974288000042)","Unfall 236062 (2024) Kat:3, Licht: 0","236062","3","5","5","05","18","3","","0","1","1","0","0"
"POINT (13.321176234000063 52.615138475000037)","Unfall 236063 (2024) Kat:3, Licht: 0","236063","3","5","1","05","15","3","","0","1","1","0","0"
"POINT (13.427621404000035 52.468084442000077)","Unfall 236064 (2024) Kat:3, Licht: 0","236064","3","4","6","05","17","3","","0","0","0","1","1"
"POINT (13.433578754000052 52.612509977000059)","Unfall 236065 (2024) Kat:3, Licht: 0","236065","3","3","5","05","17","3","","0","1","1","0","0"
"POINT (13.221768636000036 52.424679027000082)","Unfall 236066 (2024) Kat:3, Licht: 0","236066","3","6","2","05","13","3","","0","1","1","0","0"
"POINT (13.401056374000063 52.516064275000076)","Unfall 236067 (2024) Kat:2, Licht: 0","236067","2","3","5","05","09","3","","0","1","1","0","0"
"POINT (13.514007121000077 52.463035280000042)","Unfall 236068 (2024) Kat:3, Licht: 2","236068","3","1","0","05","23","3","","2","1","0","0","0"
"POINT (13.265612599000065 52.520583750000071)","Unfall 236069 (2024) Kat:3, Licht: 2","236069","3","6","3","05","22","3","","2","0","1","0","1"
"POINT (13.523246477000043 52.402170267000031)","Unfall 236070 (2024) Kat:3, Licht: 0","236070","3","3","5","05","12","4","","0","1","1","0","0"
"POINT (13.327575535000051 52.486686785000074)","Unfall 236071 (2024) Kat:2, Licht: 0","236071","2","2","5","05","18","3","","0","1","1","0","0"
"POINT (13.388040776000025 52.521765712000047)","Unfall 236072 (2024) Kat:3, Licht: 0","236072","3","2","5","05","18","3","","0","1","1","0","0"
"POINT (13.270434373000057 52.536707843000045)","Unfall 236073 (2024) Kat:3, Licht: 0","236073","3","6","3","05","16","3","","0","0","1","0","0"
"POINT (13.527520941000034 52.491079470000045)","Unfall 236074 (2024) Kat:3, Licht: 0","236074","3","6","2","05","15","3","","0","0","1","0","0"