WKT,Name,OBJECTID,UKATEGORIE,UTYP1,UART,UMONAT,USTUNDE,UWOCHENTAG,STRZUSTAND,ULICHTVERH,ISTRAD,ISTPKW,ISTFUSS,ISTKRAD
"POINT (13.519574054000032 52.525852384000075)","Unfall 236075 (2024) Kat:3, Licht: 0","236075","3","2","5","05","14","3","","0","0","1","0","0"
"POINT (13.278676445000031 52.518399320000071)","Unfall 236076 (2024) Kat:3, Licht: 0","236076","3","6","0","05","11","3","","0","0","1","0","1"
"POINT (13.335470713000063 52.595608208000044)","Unfall 236077 (2024) Kat:2, Licht: 0","236077","2","4","6","05","10","3","","0","0","1","1","0"
"POINT (13.329450302000055 52.481654379000076)","Unfall 236078 (2024) Kat:3, Licht: 0","236078","3","2","5","05","08","3","","0","0","1","0","0"
"POINT (13.288904914000057 52.632900165000081)","Unfall 236079 (2024) Kat:3, Licht: 0","236079","3","7","0","05","08","3","","0","0","1","0","0"
"POINT (13.294582600000069 52.534683878000067)","Unfall 236080 (2024) Kat:3, Licht: 0","236080","3","6","4","05","07","3","","0","1","0","0","0"
"POINT (13.458153687000049 52.453607004000048)","Unfall 236081 (2024) Kat:3, Licht: 0","236081","3","2","5","05","06","3","","0","1","1","0","0"
"POINT (13.326102025000068 52.538365674000033)","Unfall 236082 (2024) Kat:3, Licht: 2","236082","3","2","5","05","02","2","","2","0","1","0","0"
"POINT (13.519646525000041 52.553170167000076)","Unfall 236083 (2024) Kat:3, Licht: 0","236083","3","6","3","05","15","2","","0","1","1","0","0"
"POINT (13.347740338000051 52.485315824000054)","Unfall 236084 (2024) Kat:3, Licht: 0","236084","3","1","0","05","15","2","","0","1","0","0","0"
"POINT (13.400805071000036 52.494262440000057)","Unfall 236085 (2024) Kat:3, Licht: 1","236085","3","1","0","05","20","2","","1","1","0","0","0"
"POINT (13.556154329000037 52.425498541000081)","Unfall 236086 (2024) Kat:3, Licht: 0","236086","3","6","2","05","15","2","","0","0","1","0","0"
"POINT (13.357967227000074 52.562047663000044)","Unfall 236087 (2024) Kat:3, Licht: 0","236087","3","6","2","05","13","2","","0","0","1","0","1"
"POINT (13.548718051000037 52.543324503000065)","Unfall 236088 (2024) Kat:3, Licht: 0","236088","3","3","0","05","10","2","","0","0","1","0","0"
"POINT (13.592997948000061 52.521129988000041)","Unfall 236089 (2024) Kat:3, Licht: 0","236089","3","1","0","05","09","2","","0","1","1","0","0"
"POINT (13.212516781000033 52.561093021000033)","Unfall 236090 (2024) Kat:3, Licht: 0","236090","3","2","5","05","06","2","","0","0","1","0","0"
"POINT (13.575098610000055 52.560244511000064)","Unfall 236091 (2024) Kat:3, Licht: 0","236091","3","3","0","05","06","2","","0","1","1","0","0"
"POINT (13.303432903000044 52.529069900000081)","Unfall 236092 (2024) Kat:3, Licht: 0","236092","3","3","5","05","15","2","","0","0","1","0","0"
"POINT (13.575420229000031 52.447204765000038)","Unfall 236093 (2024) Kat:3, Licht: 0","236093","3","5","1","05","19","2","","0","1","1","0","0"
"POINT (13.388945892000038 52.561713473000054)","Unfall 236094 (2024) Kat:3, Licht: 0","236094","3","4","6","05","19","2","","0","0","1","1","0"
"POINT (13.414071252000042 52.498556046000033)","Unfall 236095 (2024) Kat:3, Licht: 0","236095","3","2","5","05","19","2","","0","1","1","0","0"
"POINT (13.341237543000034 52.442570516000046)","Unfall 236096 (2024) Kat:3, Licht: 0","236096","3","6","3","05","18","2","","0","0","1","0","0"
"POINT (13.326219619000028 52.538078379000069)","Unfall 236097 (2024) Kat:2, Licht: 0","236097","2","3","5","05","17","2","","0","0","1","0","0"
"POINT (13.443523458000072 52.539608126000076)","Unfall 236098 (2024) Kat:3, Licht: 0","236098","3","6","2","05","16","2","","0","0","1","0","0"
"POINT (13.309592587000054 52.431335930000046)","Unfall 236099 (2024) Kat:3, Licht: 0","236099","3","2","5","05","16","2","","0","1","1","0","0"
"POINT (13.583779613000047 52.524325241000042)","Unfall 236100 (2024) Kat:2, Licht: 0","236100","2","2","5","05","16","2","","0","0","1","0","1"
"POINT (13.295754272000067 52.519305143000054)","Unfall 236101 (2024) Kat:3, Licht: 0","236101","3","2","5","05","15","2","","0","1","1","0","0"
"POINT (13.370189837000055 52.559947692000037)","Unfall 236102 (2024) Kat:3, Licht: 0","236102","3","6","2","05","13","2","","0","0","1","0","0"
"POINT (13.310316216000047 52.493490519000034)","Unfall 236103 (2024) Kat:2, Licht: 0","236103","2","3","5","05","12","2","","0","1","1","0","0"
"POINT (13.223981330000072 52.528770356000052)","Unfall 236104 (2024) Kat:3, Licht: 0","236104","3","6","2","05","08","3","","0","0","1","0","0"
"POINT (13.394178286000056 52.508814869000048)","Unfall 236105 (2024) Kat:3, Licht: 0","236105","3","3","5","05","09","2","","0","1","0","0","0"
"POINT (13.450907894000068 52.527172871000062)","Unfall 236106 (2024) Kat:2, Licht: 0","236106","2","2","5","05","08","2","","0","1","1","0","0"
"POINT (13.286794354000051 52.535382672000026)","Unfall 236107 (2024) Kat:3, Licht: 0","236107","3","7","6","05","19","2","","0","0","0","1","0"
"POINT (13.482362353000042 52.405455688000075)","Unfall 236108 (2024) Kat:3, Licht: 0","236108","3","3","5","05","19","2","","0","1","1","0","0"
"POINT (13.374121271000035 52.556341163000070)","Unfall 236109 (2024) Kat:2, Licht: 0","236109","2","5","1","05","18","2","","0","1","1","0","0"
"POINT (13.428905465000071 52.571992652000063)","Unfall 236110 (2024) Kat:3, Licht: 0","236110","3","2","2","05","16","2","","0","0","1","0","0"
"POINT (13.380129649000025 52.560399376000078)","Unfall 236111 (2024) Kat:3, Licht: 0","236111","3","2","6","05","16","2","","0","0","1","1","0"
"POINT (13.475072721000060 52.608398815000044)","Unfall 236112 (2024) Kat:3, Licht: 0","236112","3","5","0","05","11","2","","0","1","0","0","0"
"POINT (13.465211392000072 52.610896051000054)","Unfall 236113 (2024) Kat:3, Licht: 0","236113","3","3","5","05","15","2","","0","1","0","0","0"
"POINT (13.371283799000025 52.511139410000055)","Unfall 236114 (2024) Kat:3, Licht: 2","236114","3","2","5","05","22","2","","2","1","1","0","0"
"POINT (13.468229408000070 52.427704135000056)","Unfall 236115 (2024) Kat:3, Licht: 0","236115","3","2","0","05","14","2","","0","0","1","0","0"
"POINT (13.442125165000050 52.456591057000026)","Unfall 236116 (2024) Kat:3, Licht: 2","236116","3","3","5","05","21","2","","2","0","1","0","0"
"POINT (13.349063271000034 52.552039900000068)","Unfall 236117 (2024) Kat:3, Licht: 0","236117","3","2","2","05","18","2","","0","0","1","0","0"
"POINT (13.423363369000072 52.551276711000071)","Unfall 236118 (2024) Kat:3, Licht: 0","236118","3","6","3","05","16","2","","0","1","0","0","0"
"POINT (13.412207885000043 52.512247727000045)","Unfall 236119 (2024) Kat:3, Licht: 0","236119","3","3","0","05","11","2","","0","0","1","0","0"
"POINT (13.362300376000064 52.567935380000051)","Unfall 236120 (2024) Kat:3, Licht: 0","236120","3","2","5","05","14","2","","0","1","0","0","0"
"POINT (13.343603724000047 52.526218873000062)","Unfall 236121 (2024) Kat:3, Licht: 0","236121","3","4","6","05","14","2","","0","0","1","1","0"
"POINT (13.344459988000040 52.504372605000071)","Unfall 236122 (2024) Kat:3, Licht: 0","236122","3","6","3","05","12","2","","0","0","1","0","0"
"POINT (13.249517996000066 52.515633493000053)","Unfall 236123 (2024) Kat:2, Licht: 0","236123","2","2","0","05","15","2","","0","0","0","0","1"
"POINT (13.442652759000055 52.570405022000045)","Unfall 236124 (2024) Kat:3, Licht: 0","236124","3","7","0","05","12","2","","0","1","0","0","0"
"POINT (13.538198179000062 52.431843864000029)","Unfall 236125 (2024) Kat:3, Licht: 0","236125","3","1","0","05","09","2","","0","0","0","0","1"
"POINT (13.344981926000060 52.484696550000081)","Unfall 236126 (2024) Kat:3, Licht: 0","236126","3","6","3","05","09","2","","0","1","0","0","0"
"POINT (13.415848256000061 52.536542885000074)","Unfall 236127 (2024) Kat:3, Licht: 0","236127","3","2","5","05","10","2","","0","1","1","0","0"
"POINT (13.331086570000025 52.495389161000048)","Unfall 236128 (2024) Kat:3, Licht: 0","236128","3","2","5","05","10","2","","0","0","1","0","0"
"POINT (13.361678337000058 52.421121963000076)","Unfall 236129 (2024) Kat:3, Licht: 0","236129","3","7","2","05","08","2","","0","0","1","0","1"
"POINT (13.304552341000033 52.475895373000071)","Unfall 236130 (2024) Kat:3, Licht: 0","236130","3","7","6","05","07","2","","0","0","1","1","0"
"POINT (13.442661545000021 52.501031370000078)","Unfall 236131 (2024) Kat:3, Licht: 0","236131","3","1","9","05","08","2","","0","0","1","0","0"
"POINT (13.444188374000078 52.565253706000078)","Unfall 236132 (2024) Kat:3, Licht: 0","236132","3","1","0","05","16","2","","0","1","0","0","0"
"POINT (13.406725509000069 52.451238640000042)","Unfall 236133 (2024) Kat:2, Licht: 0","236133","2","6","2","05","13","2","","0","0","0","0","1"
"POINT (13.382859418000066 52.438265171000069)","Unfall 236134 (2024) Kat:3, Licht: 0","236134","3","2","6","05","11","2","","0","0","0","1","0"
"POINT (13.325142152000069 52.502877599000044)","Unfall 236135 (2024) Kat:3, Licht: 0","236135","3","4","6","05","09","2","","0","0","1","1","0"
"POINT (13.713645890000066 52.431919401000073)","Unfall 236136 (2024) Kat:3, Licht: 0","236136","3","3","5","05","07","2","","0","1","1","0","0"
"POINT (13.327884446000041 52.440351846000056)","Unfall 236137 (2024) Kat:1, Licht: 0","236137","1","4","6","05","15","2","","0","0","0","1","0"
"POINT (13.352065152000023 52.536383486000034)","Unfall 236138 (2024) Kat:3, Licht: 0","236138","3","2","2","05","09","1","","0","0","1","0","0"
"POINT (13.413430284000071 52.386802324000030)","Unfall 236139 (2024) Kat:3, Licht: 2","236139","3","7","0","05","22","1","","2","1","0","0","0"
"POINT (13.468939530000057 52.500418543000080)","Unfall 236140 (2024) Kat:3, Licht: 0","236140","3","7","6","05","18","1","","0","0","0","1","0"
"POINT (13.369736404000037 52.504671489000032)","Unfall 236141 (2024) Kat:3, Licht: 0","236141","3","4","6","05","18","1","","0","0","1","1","0"
"POINT (13.169066042000054 52.517765225000062)","Unfall 236142 (2024) Kat:2, Licht: 0","236142","2","7","0","05","18","1","","0","0","0","0","1"
"POINT (13.170854256000041 52.518356119000032)","Unfall 236143 (2024) Kat:3, Licht: 0","236143","3","6","2","05","17","1","","0","0","1","0","0"
"POINT (13.307872935000034 52.488615398000036)","Unfall 236144 (2024) Kat:3, Licht: 0","236144","3","2","5","05","14","1","","0","0","1","0","0"
"POINT (13.401310004000038 52.506249613000080)","Unfall 236145 (2024) Kat:3, Licht: 0","236145","3","7","6","05","20","3","","0","0","0","1","0"
"POINT (13.392009438000059 52.536670246000028)","Unfall 236146 (2024) Kat:3, Licht: 0","236146","3","5","1","05","15","1","","0","1","1","0","0"
"POINT (13.473700356000052 52.475005928000030)","Unfall 236147 (2024) Kat:3, Licht: 0","236147","3","2","5","05","18","1","","0","1","1","0","0"
"POINT (13.412992374000055 52.545286612000041)","Unfall 236148 (2024) Kat:3, Licht: 2","236148","3","2","5","05","00","5","","2","1","1","0","0"
"POINT (13.593095980000044 52.527996588000065)","Unfall 236149 (2024) Kat:3, Licht: 0","236149","3","3","5","05","11","1","","0","1","1","0","0"
"POINT (13.436601760000030 52.511336489000030)","Unfall 236150 (2024) Kat:3, Licht: 0","236150","3","3","5","05","14","1","","0","1","1","0","0"
"POINT (13.367882995000059 52.602768297000068)","Unfall 236151 (2024) Kat:3, Licht: 0","236151","3","1","0","05","12","1","","0","0","0","0","1"
"POINT (13.391497176000030 52.522083658000042)","Unfall 236152 (2024) Kat:3, Licht: 0","236152","3","1","5","05","12","1","","0","1","0","0","1"
"POINT (13.320969677000051 52.572573909000027)","Unfall 236153 (2024) Kat:3, Licht: 0","236153","3","4","6","05","11","1","","0","1","0","1","0"
"POINT (13.324701426000047 52.562592467000059)","Unfall 236154 (2024) Kat:3, Licht: 0","236154","3","3","5","05","17","1","","0","1","1","0","0"
"POINT (13.369756006000046 52.574649624000074)","Unfall 236155 (2024) Kat:3, Licht: 0","236155","3","6","2","05","15","1","","0","0","1","0","0"
"POINT (13.303610626000022 52.641295617000026)","Unfall 236156 (2024) Kat:3, Licht: 0","236156","3","3","5","05","13","1","","0","0","1","0","0"
"POINT (13.387632452000048 52.560391308000078)","Unfall 236157 (2024) Kat:3, Licht: 0","236157","3","1","0","05","16","1","","0","0","0","0","1"
"POINT (13.259848696000063 52.515627181000070)","Unfall 236158 (2024) Kat:3, Licht: 0","236158","3","5","1","05","13","1","","0","0","1","0","0"
"POINT (13.409090944000070 52.501545385000043)","Unfall 236159 (2024) Kat:2, Licht: 0","236159","2","6","2","05","11","1","","0","0","1","0","0"
"POINT (13.516513840000073 52.467813497000066)","Unfall 236160 (2024) Kat:3, Licht: 0","236160","3","5","1","05","09","1","","0","0","1","0","0"
"POINT (13.418010186000060 52.566716398000040)","Unfall 236161 (2024) Kat:3, Licht: 2","236161","3","1","0","05","03","1","","2","0","0","0","0"
"POINT (13.378098199000021 52.466302384000073)","Unfall 236162 (2024) Kat:3, Licht: 0","236162","3","2","5","05","17","7","","0","0","1","0","0"
"POINT (13.306031515000029 52.493039037000074)","Unfall 236163 (2024) Kat:3, Licht: 0","236163","3","6","0","05","11","7","","0","0","1","0","1"
"POINT (13.371551603000057 52.553984966000030)","Unfall 236164 (2024) Kat:3, Licht: 1","236164","3","2","5","05","20","7","","1","0","1","0","0"
"POINT (13.520789567000065 52.568251540000063)","Unfall 236165 (2024) Kat:3, Licht: 0","236165","3","4","6","05","20","7","","0","0","1","1","0"
"POINT (13.242415586000050 52.542271696000057)","Unfall 236166 (2024) Kat:3, Licht: 0","236166","3","4","6","05","18","7","","0","0","1","1","0"
"POINT (13.397497516000044 52.423854743000049)","Unfall 236167 (2024) Kat:3, Licht: 0","236167","3","3","5","05","15","7","","0","0","1","0","0"
"POINT (13.405558878000022 52.524746842000070)","Unfall 236168 (2024) Kat:3, Licht: 0","236168","3","4","6","05","14","7","","0","0","1","1","0"
"POINT (13.401318733000039 52.529643862000057)","Unfall 236169 (2024) Kat:3, Licht: 0","236169","3","2","5","05","09","7","","0","0","1","0","1"
"POINT (13.386322762000077 52.549331097000049)","Unfall 236170 (2024) Kat:3, Licht: 0","236170","3","1","8","05","08","7","","0","0","1","0","0"
"POINT (13.453415860000064 52.452764933000026)","Unfall 236171 (2024) Kat:3, Licht: 2","236171","3","6","3","05","21","7","","2","0","1","0","0"
"POINT (13.452364655000054 52.452564538000047)","Unfall 236172 (2024) Kat:3, Licht: 2","236172","3","3","5","05","00","7","","2","0","1","0","0"
"POINT (13.461780658000066 52.430790435000063)","Unfall 236173 (2024) Kat:3, Licht: 0","236173","3","7","1","05","19","7","","0","0","1","0","1"
"POINT (13.365793051000026 52.542435349000073)","Unfall 236174 (2024) Kat:3, Licht: 0","236174","3","2","5","05","15","7","","0","0","1","0","0"
"POINT (13.495217109000066 52.431739196000080)","Unfall 236175 (2024) Kat:3, Licht: 0","236175","3","2","5","05","18","7","","0","0","1","0","1"
"POINT (13.483615859000054 52.539544703000047)","Unfall 236176 (2024) Kat:2, Licht: 0","236176","2","4","0","05","18","7","","0","0","0","1","0"
"POINT (13.388196757000060 52.492687147000026)","Unfall 236177 (2024) Kat:3, Licht: 0","236177","3","2","5","05","18","7","","0","0","1","0","0"
"POINT (13.385540651000042 52.507439520000048)","Unfall 236178 (2024) Kat:3, Licht: 0","236178","3","2","0","05","16","7","","0","0","1","0","1"
"POINT (13.496672529000023 52.415714844000036)","Unfall 236179 (2024) Kat:3, Licht: 0","236179","3","2","5","05","16","7","","0","0","1","0","1"
"POINT (13.307989316000032 52.488432128000056)","Unfall 236180 (2024) Kat:2, Licht: 0","236180","2","2","5","05","15","7","","0","1","1","0","0"
"POINT (13.212881124000035 52.575454837000052)","Unfall 236181 (2024) Kat:2, Licht: 0","236181","2","4","6","05","14","7","","0","0","1","1","0"
"POINT (13.471600993000038 52.569596292000028)","Unfall 236182 (2024) Kat:3, Licht: 0","236182","3","3","5","05","11","7","","0","1","0","0","0"
"POINT (13.443112526000050 52.500464379000050)","Unfall 236183 (2024) Kat:3, Licht: 0","236183","3","5","1","05","10","7","","0","0","1","0","0"
"POINT (13.400989969000022 52.498426214000062)","Unfall 236184 (2024) Kat:2, Licht: 0","236184","2","1","0","05","11","7","","0","1","0","0","0"
"POINT (13.129972596000073 52.464177706000044)","Unfall 236185 (2024) Kat:2, Licht: 2","236185","2","3","5","05","01","7","","2","0","1","0","1"
"POINT (13.415378957000030 52.522713285000066)","Unfall 236186 (2024) Kat:3, Licht: 0","236186","3","2","5","05","15","6","","0","1","0","0","0"
"POINT (13.569632845000058 52.452821956000037)","Unfall 236187 (2024) Kat:3, Licht: 0","236187","3","3","0","05","15","6","","0","1","0","0","0"
"POINT (13.476056148000055 52.512546387000043)","Unfall 236188 (2024) Kat:2, Licht: 2","236188","2","1","0","05","21","6","","2","1","0","0","0"
"POINT (13.190122482000049 52.534391991000064)","Unfall 236189 (2024) Kat:3, Licht: 0","236189","3","2","0","05","19","6","","0","0","1","0","1"
"POINT (13.372514173000070 52.538551530000063)","Unfall 236190 (2024) Kat:3, Licht: 0","236190","3","5","5","05","18","6","","0","1","1","0","0"
"POINT (13.427921189000074 52.545516168000063)","Unfall 236191 (2024) Kat:3, Licht: 0","236191","3","2","5","05","17","6","","0","1","1","0","0"
"POINT (13.621515034000026 52.538037444000054)","Unfall 236192 (2024) Kat:3, Licht: 0","236192","3","3","5","05","16","6","","0","1","1","0","0"
"POINT (13.362101770000038 52.546180870000057)","Unfall 236193 (2024) Kat:3, Licht: 0","236193","3","5","1","05","13","6","","0","1","1","0","0"
"POINT (13.395686389000048 52.465389787000049)","Unfall 236194 (2024) Kat:3, Licht: 0","236194","3","6","2","05","13","6","","0","0","1","0","0"
"POINT (13.385424221000051 52.468588241000077)","Unfall 236195 (2024) Kat:3, Licht: 0","236195","3","2","5","05","12","6","","0","1","1","0","0"
"POINT (13.341820301000041 52.534984563000080)","Unfall 236196 (2024) Kat:3, Licht: 0","236196","3","2","4","05","09","6","","0","0","1","0","0"
"POINT (13.247766229000035 52.538009503000069)","Unfall 236197 (2024) Kat:3, Licht: 0","236197","3","3","5","05","09","6","","0","0","1","0","0"
"POINT (13.362751344000060 52.548742702000027)","Unfall 236198 (2024) Kat:3, Licht: 0","236198","3","3","5","05","19","6","","0","0","1","0","0"
"POINT (13.507840551000072 52.546274129000039)","Unfall 236199 (2024) Kat:3, Licht: 1","236199","3","3","5","05","05","6","","1","1","1","0","0"
"POINT (13.418880743000045 52.595638440000073)","Unfall 236200 (2024) Kat:2, Licht: 0","236200","2","1","0","05","16","6","","0","1","0","0","0"
"POINT (13.481321613000034 52.460850072000028)","Unfall 236201 (2024) Kat:3, Licht: 0","236201","3","2","5","05","15","6","","0","0","1","0","0"
"POINT (13.477168626000037 52.537246438000068)","Unfall 236202 (2024) Kat:3, Licht: 0","236202","3","7","0","05","14","6","","0","0","1","0","0"
"POINT (13.378268174000027 52.536612978000051)","Unfall 236203 (2024) Kat:3, Licht: 0","236203","3","1","1","05","13","6","","0","1","1","0","0"
"POINT (13.406777332000047 52.513341053000033)","Unfall 236204 (2024) Kat:3, Licht: 0","236204","3","3","5","05","10","6","","0","1","1","0","0"
"POINT (13.319845720000046 52.471713580000028)","Unfall 236205 (2024) Kat:3, Licht: 2","236205","3","6","3","05","00","6","","2","0","1","0","1"
"POINT (13.453315696000061 52.515956045000053)","Unfall 236206 (2024) Kat:3, Licht: 1","236206","3","1","0","05","20","6","","1","1","0","0","0"
"POINT (13.199771709000061 52.534785403000058)","Unfall 236207 (2024) Kat:3, Licht: 1","236207","3","3","5","05","20","6","","1","1","1","0","0"
"POINT (13.292831636000074 52.497531348000052)","Unfall 236208 (2024) Kat:3, Licht: 0","236208","3","6","2","05","14","6","","0","0","1","0","0"
"POINT (13.403112056000055 52.527449513000079)","Unfall 236209 (2024) Kat:2, Licht: 0","236209","2","2","5","05","13","6","","0","1","1","0","0"
"POINT (13.298897587000056 52.473155070000075)","Unfall 236210 (2024) Kat:3, Licht: 0","236210","3","2","6","05","12","6","","0","0","1","1","0"
"POINT (13.712444332000075 52.397964506000051)","Unfall 236211 (2024) Kat:3, Licht: 1","236211","3","6","3","05","20","5","","1","1","1","0","0"
"POINT (13.400752290000071 52.498424064000062)","Unfall 236212 (2024) Kat:3, Licht: 0","236212","3","3","5","05","15","5","","0","1","1","0","1"
"POINT (13.455941837000069 52.509957561000078)","Unfall 236213 (2024) Kat:3, Licht: 0","236213","3","5","1","05","20","5","","0","1","1","0","0"
"POINT (13.440659345000029 52.517184993000058)","Unfall 236214 (2024) Kat:3, Licht: 0","236214","3","3","5","05","19","5","","0","0","1","0","0"
"POINT (13.680571417000067 52.444443968000030)","Unfall 236215 (2024) Kat:2, Licht: 0","236215","2","6","6","05","18","5","","0","1","0","1","0"
"POINT (13.288387496000041 52.513132273000053)","Unfall 236216 (2024) Kat:3, Licht: 0","236216","3","1","0","05","17","5","","0","1","0","0","0"
"POINT (13.577459339000029 52.421122608000076)","Unfall 236217 (2024) Kat:2, Licht: 0","236217","2","1","0","05","17","5","","0","1","0","0","0"
"POINT (13.395942683000044 52.498518111000067)","Unfall 236218 (2024) Kat:3, Licht: 0","236218","3","6","3","05","17","5","","0","1","1","0","0"
"POINT (13.588928431000056 52.545775523000032)","Unfall 236219 (2024) Kat:3, Licht: 0","236219","3","3","5","05","14","5","","0","1","0","0","0"
"POINT (13.575406196000074 52.488974320000068)","Unfall 236220 (2024) Kat:2, Licht: 0","236220","2","3","5","05","12","5","","0","0","1","0","1"
"POINT (13.438712696000039 52.465276143000040)","Unfall 236221 (2024) Kat:3, Licht: 0","236221","3","3","5","05","11","5","","0","0","1","0","0"
"POINT (13.223964475000059 52.429680466000036)","Unfall 236222 (2024) Kat:3, Licht: 2","236222","3","2","5","05","22","5","","2","1","0","0","0"
"POINT (13.262717976000033 52.439244598000073)","Unfall 236223 (2024) Kat:3, Licht: 0","236223","3","2","6","05","19","5","","0","0","1","1","0"
"POINT (13.475333923000051 52.480066926000063)","Unfall 236224 (2024) Kat:3, Licht: 0","236224","3","3","5","05","18","5","","0","0","1","0","0"
"POINT (13.607548568000027 52.454389919000050)","Unfall 236225 (2024) Kat:3, Licht: 0","236225","3","1","0","05","15","5","","0","0","0","0","1"
"POINT (13.400942096000051 52.518363594000050)","Unfall 236226 (2024) Kat:3, Licht: 0","236226","3","3","5","05","13","5","","0","0","1","0","1"
"POINT (13.231942103000051 52.539344115000063)","Unfall 236227 (2024) Kat:2, Licht: 0","236227","2","2","5","05","09","5","","0","0","1","0","0"
"POINT (13.508425386000056 52.463713166000048)","Unfall 236228 (2024) Kat:3, Licht: 0","236228","3","2","5","05","14","4","","0","1","1","0","0"
"POINT (13.411124660000041 52.503519723000068)","Unfall 236229 (2024) Kat:3, Licht: 0","236229","3","3","5","05","13","4","","0","1","1","0","0"
"POINT (13.417924521000032 52.499266513000066)","Unfall 236230 (2024) Kat:3, Licht: 0","236230","3","2","2","05","19","4","","0","0","1","0","1"
"POINT (13.380193737000070 52.556359629000042)","Unfall 236231 (2024) Kat:3, Licht: 0","236231","3","6","2","05","17","4","","0","0","1","0","0"
"POINT (13.484323146000065 52.467529708000029)","Unfall 236232 (2024) Kat:3, Licht: 0","236232","3","4","6","05","11","6","","0","0","1","1","0"
"POINT (13.396269846000052 52.531845146000080)","Unfall 236233 (2024) Kat:3, Licht: 0","236233","3","6","2","05","10","4","","0","1","1","0","0"
"POINT (13.507107992000044 52.463233929000069)","Unfall 236234 (2024) Kat:3, Licht: 2","236234","3","3","0","05","23","4","","2","0","1","0","0"
"POINT (13.426394446000074 52.603130936000071)","Unfall 236235 (2024) Kat:2, Licht: 0","236235","2","6","2","05","18","4","","0","1","1","0","0"
"POINT (13.407642823000060 52.517871628000080)","Unfall 236236 (2024) Kat:3, Licht: 0","236236","3","7","8","05","18","4","","0","0","1","0","0"
"POINT (13.347459458000060 52.543809613000064)","Unfall 236237 (2024) Kat:3, Licht: 0","236237","3","2","5","05","18","4","","0","0","1","0","0"
"POINT (13.466501295000057 52.500965441000062)","Unfall 236238 (2024) Kat:3, Licht: 0","236238","3","2","5","05","17","6","","0","0","1","0","1"
"POINT (13.408225575000074 52.517598465000049)","Unfall 236239 (2024) Kat:2, Licht: 0","236239","2","2","5","05","15","4","","0","1","1","0","0"
"POINT (13.375878975000035 52.457754734000048)","Unfall 236240 (2024) Kat:2, Licht: 0","236240","2","2","5","05","16","4","","0","1","1","0","0"
"POINT (13.424941931000035 52.547005008000042)","Unfall 236241 (2024) Kat:3, Licht: 0","236241","3","3","5","05","16","4","","0","0","1","0","1"
"POINT (13.389463779000039 52.496013996000045)","Unfall 236242 (2024) Kat:3, Licht: 0","236242","3","2","5","05","09","4","","0","0","0","0","1"
"POINT (13.493581868000035 52.541204032000053)","Unfall 236243 (2024) Kat:3, Licht: 0","236243","3","2","6","05","10","4","","0","0","1","1","0"
"POINT (13.336915099000066 52.480202403000078)","Unfall 236244 (2024) Kat:3, Licht: 0","236244","3","6","4","05","08","4","","0","1","0","0","0"
"POINT (13.603718025000035 52.546605647000035)","Unfall 236245 (2024) Kat:3, Licht: 0","236245","3","2","5","05","06","4","","0","1","1","0","0"
"POINT (13.490374111000051 52.427811641000062)","Unfall 236246 (2024) Kat:3, Licht: 1","236246","3","3","0","05","20","4","","1","0","1","0","0"
"POINT (13.360530290000042 52.596818880000058)","Unfall 236247 (2024) Kat:3, Licht: 0","236247","3","2","5","05","20","4","","0","1","1","0","0"
"POINT (13.427636981000035 52.567988435000075)","Unfall 236248 (2024) Kat:3, Licht: 0","236248","3","2","5","05","19","4","","0","1","1","0","0"
"POINT (13.285373207000077 52.595124400000032)","Unfall 236249 (2024) Kat:2, Licht: 1","236249","2","6","0","05","20","1","","1","0","1","0","1"
"POINT (13.188246760000027 52.527771983000036)","Unfall 236250 (2024) Kat:3, Licht: 0","236250","3","3","5","05","16","4","","0","0","1","0","0"
"POINT (13.520416066000053 52.572581928000034)","Unfall 236251 (2024) Kat:2, Licht: 0","236251","2","5","4","05","15","4","","0","0","1","0","1"
"POINT (13.306590435000032 52.577438699000027)","Unfall 236252 (2024) Kat:3, Licht: 0","236252","3","2","5","05","15","4","","0","0","1","0","0"
"POINT (13.339959777000047 52.502987558000029)","Unfall 236253 (2024) Kat:3, Licht: 0","236253","3","5","1","05","15","4","","0","1","1","0","0"
"POINT (13.163680874000022 52.519864241000050)","Unfall 236254 (2024) Kat:3, Licht: 0","236254","3","6","2","05","15","4","","0","0","1","0","0"
"POINT (13.438723604000074 52.452601674000050)","Unfall 236255 (2024) Kat:3, Licht: 0","236255","3","2","5","05","12","4","","0","1","1","0","0"
"POINT (13.375237922000053 52.464770095000063)","Unfall 236256 (2024) Kat:3, Licht: 0","236256","3","5","1","05","11","4","","0","0","1","0","0"
"POINT (13.211559957000077 52.527262676000078)","Unfall 236257 (2024) Kat:3, Licht: 0","236257","3","2","5","05","09","4","","0","1","1","0","0"
"POINT (13.429289669000070 52.611145057000044)","Unfall 236258 (2024) Kat:3, Licht: 0","236258","3","7","6","05","09","4","","0","0","1","1","0"
"POINT (13.484659552000039 52.533623831000057)","Unfall 236259 (2024) Kat:3, Licht: 0","236259","3","1","0","05","06","4","","0","0","0","0","0"
"POINT (13.207655248000037 52.538356935000081)","Unfall 236260 (2024) Kat:3, Licht: 0","236260","3","5","1","05","18","6","","0","1","1","0","0"
"POINT (13.335242830000027 52.555536939000035)","Unfall 236261 (2024) Kat:3, Licht: 2","236261","3","5","1","05","00","4","","2","0","1","0","0"