WKT,Name,OBJECTID,UKATEGORIE,UTYP1,UART,UMONAT,USTUNDE,UWOCHENTAG,STRZUSTAND,ULICHTVERH,ISTRAD,ISTPKW,ISTFUSS,ISTKRAD
"POINT (13.472246602000041 52.504102503000070)","Unfall 236262 (2024) Kat:3, Licht: 1","236262","3","2","5","05","20","4","","1","0","1","0","0"
"POINT (13.405480489000070 52.534389947000079)","Unfall 236263 (2024) Kat:3, Licht: 1","236263","3","4","6","05","20","4","","1","1","0","1","0"
"POINT (13.250719862000039 52.435073722000027)","Unfall 236264 (2024) Kat:3, Licht: 0","236264","3","7","6","05","19","4","","0","0","1","1","0"
"POINT (13.511766273000035 52.546393116000047)","Unfall 236265 (2024) Kat:3, Licht: 1","236265","3","2","2","05","18","4","","1","0","1","0","0"
"POINT (13.409204018000025 52.501685959000042)","Unfall 236266 (2024) Kat:3, Licht: 0","236266","3","2","5","05","16","4","","0","1","1","0","0"
"POINT (13.301981784000077 52.509378701000060)","Unfall 236267 (2024) Kat:3, Licht: 0","236267","3","6","2","05","17","4","","0","0","1","0","0"
"POINT (13.331820811000057 52.450947063000058)","Unfall 236268 (2024) Kat:3, Licht: 0","236268","3","5","1","05","17","4","","0","0","1","0","0"
"POINT (13.571013211000036 52.390006831000051)","Unfall 236269 (2024) Kat:2, Licht: 0","236269","2","4","6","05","16","4","","0","0","1","1","0"
"POINT (13.310622384000055 52.516226494000080)","Unfall 236270 (2024) Kat:3, Licht: 0","236270","3","2","5","05","15","4","","0","0","1","0","0"
"POINT (13.488175365000075 52.451410268000075)","Unfall 236271 (2024) Kat:3, Licht: 0","236271","3","2","6","05","12","4","","0","0","1","1","0"
"POINT (13.437480393000044 52.555994927000029)","Unfall 236272 (2024) Kat:3, Licht: 0","236272","3","3","5","05","12","4","","0","0","1","0","1"
"POINT (13.433194734000040 52.557863955000073)","Unfall 236273 (2024) Kat:3, Licht: 0","236273","3","1","0","05","11","4","","0","0","0","0","1"
"POINT (13.277606377000041 52.596000081000057)","Unfall 236274 (2024) Kat:3, Licht: 0","236274","3","6","3","05","10","4","","0","1","0","0","0"
"POINT (13.415431757000022 52.507359197000028)","Unfall 236275 (2024) Kat:3, Licht: 0","236275","3","6","2","05","19","3","","0","1","1","0","0"
"POINT (13.294809372000032 52.575897350000048)","Unfall 236276 (2024) Kat:3, Licht: 0","236276","3","6","2","05","16","3","","0","0","1","0","1"
"POINT (13.390168353000035 52.535433948000048)","Unfall 236277 (2024) Kat:2, Licht: 2","236277","2","1","0","05","23","3","","2","0","0","0","1"
"POINT (13.390444763000062 52.531180221000056)","Unfall 236278 (2024) Kat:3, Licht: 2","236278","3","5","1","05","21","3","","2","1","1","0","0"
"POINT (13.186217793000026 52.517638977000047)","Unfall 236279 (2024) Kat:3, Licht: 2","236279","3","1","0","05","21","3","","2","0","0","0","1"
"POINT (13.339397931000065 52.554038313000035)","Unfall 236280 (2024) Kat:3, Licht: 1","236280","3","3","5","05","20","3","","1","0","1","0","1"
"POINT (13.526584164000042 52.430287957000075)","Unfall 236281 (2024) Kat:3, Licht: 0","236281","3","5","1","05","09","3","","0","1","1","0","0"
"POINT (13.442805637000049 52.465066538000031)","Unfall 236282 (2024) Kat:3, Licht: 0","236282","3","2","0","05","18","3","","0","0","1","0","1"
"POINT (13.370362678000049 52.544653502000074)","Unfall 236283 (2024) Kat:3, Licht: 0","236283","3","2","2","05","17","3","","0","1","1","0","0"
"POINT (13.411712383000065 52.520532870000068)","Unfall 236284 (2024) Kat:2, Licht: 0","236284","2","4","6","05","08","3","","0","0","0","1","0"
"POINT (13.377067820000036 52.513226752000037)","Unfall 236285 (2024) Kat:3, Licht: 0","236285","3","6","2","05","14","4","","0","0","1","0","0"
"POINT (13.212279634000026 52.527103486000044)","Unfall 236286 (2024) Kat:3, Licht: 2","236286","3","7","8","05","23","3","","2","0","1","0","0"
"POINT (13.340917767000064 52.499955995000050)","Unfall 236287 (2024) Kat:2, Licht: 2","236287","2","3","5","05","21","3","","2","1","0","0","1"
"POINT (13.458278133000022 52.485873469000069)","Unfall 236288 (2024) Kat:3, Licht: 0","236288","3","3","2","05","16","3","","0","0","1","0","0"
"POINT (13.535097156000063 52.430166797000027)","Unfall 236289 (2024) Kat:2, Licht: 0","236289","2","7","5","05","17","3","","0","0","1","0","1"
"POINT (13.473995174000038 52.425815384000032)","Unfall 236290 (2024) Kat:3, Licht: 0","236290","3","7","5","05","16","3","","0","0","1","0","0"
"POINT (13.394072974000039 52.490293425000061)","Unfall 236291 (2024) Kat:2, Licht: 0","236291","2","2","5","05","15","3","","0","0","1","0","0"
"POINT (13.322619240000051 52.565340258000049)","Unfall 236292 (2024) Kat:3, Licht: 0","236292","3","6","2","05","16","3","","0","0","1","0","0"
"POINT (13.278384221000067 52.506945718000054)","Unfall 236293 (2024) Kat:3, Licht: 0","236293","3","3","5","05","16","3","","0","0","1","0","0"
"POINT (13.390855532000046 52.504531997000072)","Unfall 236294 (2024) Kat:3, Licht: 0","236294","3","5","1","05","16","3","","0","1","1","0","0"
"POINT (13.345097025000030 52.484559001000036)","Unfall 236295 (2024) Kat:3, Licht: 0","236295","3","6","3","05","15","3","","0","1","1","0","0"
"POINT (13.453433337000035 52.551666212000043)","Unfall 236296 (2024) Kat:3, Licht: 0","236296","3","6","0","05","14","3","","0","0","1","0","0"
"POINT (13.415001535000044 52.605084867000073)","Unfall 236297 (2024) Kat:3, Licht: 0","236297","3","7","5","05","12","3","","0","0","1","0","0"
"POINT (13.322748481000076 52.488917071000060)","Unfall 236298 (2024) Kat:3, Licht: 0","236298","3","2","5","05","12","3","","0","1","0","0","0"
"POINT (13.513476964000063 52.633151716000043)","Unfall 236299 (2024) Kat:3, Licht: 0","236299","3","3","2","05","10","3","","0","0","1","0","0"
"POINT (13.330691588000036 52.498744716000033)","Unfall 236300 (2024) Kat:3, Licht: 0","236300","3","6","3","05","09","3","","0","0","1","0","1"
"POINT (13.328016043000048 52.532896622000067)","Unfall 236301 (2024) Kat:3, Licht: 0","236301","3","5","1","05","09","3","","0","0","1","0","0"
"POINT (13.320100868000054 52.452233103000026)","Unfall 236302 (2024) Kat:3, Licht: 0","236302","3","4","6","05","08","3","","0","0","1","1","0"
"POINT (13.356863795000038 52.506391016000066)","Unfall 236303 (2024) Kat:3, Licht: 0","236303","3","1","9","05","07","3","","0","0","1","0","0"
"POINT (13.492708968000045 52.628746820000060)","Unfall 236304 (2024) Kat:3, Licht: 0","236304","3","6","2","05","06","3","","0","1","0","0","0"
"POINT (13.387002855000048 52.452986301000067)","Unfall 236305 (2024) Kat:2, Licht: 0","236305","2","7","0","05","13","2","","0","1","0","0","0"
"POINT (13.539001362000022 52.420896052000046)","Unfall 236306 (2024) Kat:3, Licht: 0","236306","3","6","3","05","17","2","","0","0","1","0","1"
"POINT (13.408029908000060 52.504409110000040)","Unfall 236307 (2024) Kat:3, Licht: 0","236307","3","2","5","05","18","2","","0","1","1","0","0"
"POINT (13.386724526000023 52.549483029000044)","Unfall 236308 (2024) Kat:3, Licht: 2","236308","3","3","5","05","22","2","","2","0","1","0","0"
"POINT (13.251791416000060 52.441360412000051)","Unfall 236309 (2024) Kat:3, Licht: 0","236309","3","3","5","05","14","5","","0","1","0","0","0"
"POINT (13.241362212000070 52.538594643000067)","Unfall 236310 (2024) Kat:3, Licht: 0","236310","3","5","1","05","15","2","","0","0","1","0","0"
"POINT (13.440686319000065 52.517275398000038)","Unfall 236311 (2024) Kat:3, Licht: 0","236311","3","2","5","05","16","2","","0","1","0","0","0"
"POINT (13.307427806000021 52.459376691000045)","Unfall 236312 (2024) Kat:3, Licht: 2","236312","3","7","8","05","21","2","","2","0","1","0","0"
"POINT (13.330769224000051 52.492227571000058)","Unfall 236313 (2024) Kat:3, Licht: 0","236313","3","2","5","05","11","2","","0","1","1","0","0"
"POINT (13.412193267000077 52.537950457000079)","Unfall 236314 (2024) Kat:3, Licht: 1","236314","3","1","0","05","20","2","","1","0","0","0","1"
"POINT (13.228671986000052 52.537864885000033)","Unfall 236315 (2024) Kat:3, Licht: 0","236315","3","6","2","05","17","2","","0","0","1","0","0"
"POINT (13.627233289000060 52.463773922000030)","Unfall 236316 (2024) Kat:3, Licht: 0","236316","3","6","2","05","15","2","","0","0","1","0","1"
"POINT (13.355101338000054 52.427723014000037)","Unfall 236317 (2024) Kat:3, Licht: 0","236317","3","3","5","05","11","2","","0","0","1","0","0"
"POINT (13.493385038000042 52.419388935000029)","Unfall 236318 (2024) Kat:3, Licht: 0","236318","3","5","1","05","10","2","","0","0","1","0","0"
"POINT (13.423930335000023 52.509024900000043)","Unfall 236319 (2024) Kat:3, Licht: 0","236319","3","5","1","05","09","2","","0","1","1","0","0"
"POINT (13.306870078000031 52.528891761000068)","Unfall 236320 (2024) Kat:3, Licht: 0","236320","3","7","0","05","09","2","","0","1","0","0","0"
"POINT (13.559078088000035 52.507248245000028)","Unfall 236321 (2024) Kat:3, Licht: 0","236321","3","2","5","05","14","2","","0","0","1","0","0"
"POINT (13.272924189000037 52.436719607000043)","Unfall 236322 (2024) Kat:3, Licht: 0","236322","3","6","2","05","08","2","","0","1","1","0","0"
"POINT (13.261010598000041 52.441609537000033)","Unfall 236323 (2024) Kat:3, Licht: 0","236323","3","5","1","05","13","4","","0","1","1","0","0"
"POINT (13.158981821000054 52.530455871000072)","Unfall 236324 (2024) Kat:2, Licht: 2","236324","2","5","1","05","01","2","","2","0","1","0","0"
"POINT (13.318242922000024 52.511010908000060)","Unfall 236325 (2024) Kat:3, Licht: 0","236325","3","3","0","05","17","2","","0","0","1","0","1"
"POINT (13.411736632000043 52.509318344000064)","Unfall 236326 (2024) Kat:3, Licht: 0","236326","3","3","5","05","14","2","","0","1","1","0","0"
"POINT (13.455653108000035 52.551829256000076)","Unfall 236327 (2024) Kat:2, Licht: 0","236327","2","2","5","05","10","2","","0","1","1","0","0"
"POINT (13.329746676000070 52.429050163000056)","Unfall 236328 (2024) Kat:3, Licht: 1","236328","3","2","2","05","19","2","","1","0","1","0","0"
"POINT (13.490789322000069 52.458450883000069)","Unfall 236329 (2024) Kat:2, Licht: 0","236329","2","1","9","05","18","2","","0","0","0","0","1"
"POINT (13.404365258000041 52.489422806000050)","Unfall 236330 (2024) Kat:3, Licht: 0","236330","3","6","2","05","08","2","","0","0","1","0","0"
"POINT (13.413053631000025 52.382863253000039)","Unfall 236331 (2024) Kat:3, Licht: 0","236331","3","2","5","05","16","2","","0","0","1","0","0"
"POINT (13.614833492000059 52.511095752000074)","Unfall 236332 (2024) Kat:3, Licht: 0","236332","3","2","2","05","16","2","","0","0","1","0","0"
"POINT (13.324149003000059 52.625739120000048)","Unfall 236333 (2024) Kat:2, Licht: 0","236333","2","5","1","05","11","5","","0","1","1","0","0"
"POINT (13.564027941000063 52.565843844000028)","Unfall 236334 (2024) Kat:3, Licht: 0","236334","3","5","5","05","15","2","","0","0","1","0","0"
"POINT (13.325725961000046 52.505636043000038)","Unfall 236335 (2024) Kat:3, Licht: 0","236335","3","3","5","05","15","2","","0","0","1","0","1"
"POINT (13.307932561000030 52.488547784000048)","Unfall 236336 (2024) Kat:3, Licht: 0","236336","3","2","5","05","14","2","","0","0","1","0","1"
"POINT (13.322309434000033 52.565415860000030)","Unfall 236337 (2024) Kat:3, Licht: 0","236337","3","2","5","05","12","2","","0","1","1","0","0"
"POINT (13.318632620000074 52.539949520000050)","Unfall 236338 (2024) Kat:3, Licht: 0","236338","3","6","2","05","12","2","","0","0","1","0","0"
"POINT (13.456349583000076 52.479106371000057)","Unfall 236339 (2024) Kat:2, Licht: 0","236339","2","6","2","05","09","2","","0","1","1","0","0"
"POINT (13.429095224000037 52.556372551000038)","Unfall 236340 (2024) Kat:3, Licht: 0","236340","3","2","5","05","09","2","","0","0","1","0","0"
"POINT (13.375350194000077 52.480614967000065)","Unfall 236341 (2024) Kat:3, Licht: 0","236341","3","3","5","05","08","2","","0","0","1","0","0"
"POINT (13.288381876000074 52.513150944000074)","Unfall 236342 (2024) Kat:3, Licht: 0","236342","3","2","2","05","10","2","","0","1","1","0","0"
"POINT (13.303123451000033 52.600507168000036)","Unfall 236343 (2024) Kat:3, Licht: 0","236343","3","1","0","05","14","1","","0","0","0","0","1"
"POINT (13.286483868000062 52.453543363000051)","Unfall 236344 (2024) Kat:3, Licht: 0","236344","3","3","5","05","18","1","","0","0","1","0","1"
"POINT (13.428726581000035 52.572352269000078)","Unfall 236345 (2024) Kat:3, Licht: 0","236345","3","1","0","05","16","1","","0","1","0","0","0"
"POINT (13.211466848000043 52.527359134000051)","Unfall 236346 (2024) Kat:3, Licht: 0","236346","3","2","5","05","15","1","","0","0","1","0","0"
"POINT (13.567452247000062 52.573321161000081)","Unfall 236347 (2024) Kat:3, Licht: 0","236347","3","3","5","05","12","1","","0","1","1","0","0"
"POINT (13.367113805000031 52.426799864000031)","Unfall 236348 (2024) Kat:3, Licht: 0","236348","3","3","5","05","12","1","","0","0","1","0","0"
"POINT (13.279160543000046 52.503628174000028)","Unfall 236349 (2024) Kat:3, Licht: 0","236349","3","2","5","05","11","1","","0","0","1","0","0"
"POINT (13.427642076000041 52.490516506000063)","Unfall 236350 (2024) Kat:3, Licht: 2","236350","3","7","5","05","23","1","","2","1","1","0","0"
"POINT (13.423808948000044 52.490409400000033)","Unfall 236351 (2024) Kat:3, Licht: 0","236351","3","4","6","05","19","1","","0","0","1","1","0"
"POINT (13.434240749000026 52.463184855000065)","Unfall 236352 (2024) Kat:3, Licht: 0","236352","3","3","5","05","19","1","","0","0","1","0","1"
"POINT (13.331148767000059 52.502462258000037)","Unfall 236353 (2024) Kat:3, Licht: 0","236353","3","7","5","05","17","1","","0","0","1","0","0"
"POINT (13.561853930000041 52.436697911000067)","Unfall 236354 (2024) Kat:3, Licht: 0","236354","3","6","2","05","16","1","","0","0","1","0","0"
"POINT (13.408475683000063 52.500780468000073)","Unfall 236355 (2024) Kat:3, Licht: 0","236355","3","6","2","05","15","1","","0","0","1","0","0"
"POINT (13.310003496000036 52.604216347000033)","Unfall 236356 (2024) Kat:3, Licht: 0","236356","3","7","2","05","14","1","","0","0","1","0","0"
"POINT (13.403064831000052 52.527510441000061)","Unfall 236357 (2024) Kat:3, Licht: 0","236357","3","6","2","05","14","1","","0","0","1","0","1"
"POINT (13.263000847000058 52.540616199000056)","Unfall 236358 (2024) Kat:3, Licht: 0","236358","3","3","5","05","13","1","","0","0","1","0","0"
"POINT (13.398520445000031 52.569351009000059)","Unfall 236359 (2024) Kat:2, Licht: 0","236359","2","3","5","05","10","1","","0","0","1","0","0"
"POINT (13.543076847000066 52.457646354000076)","Unfall 236360 (2024) Kat:3, Licht: 2","236360","3","7","5","05","22","7","","2","0","1","0","0"
"POINT (13.327950330000021 52.464552570000080)","Unfall 236361 (2024) Kat:3, Licht: 0","236361","3","2","0","05","16","7","","0","0","1","0","0"
"POINT (13.343085629000029 52.525352443000031)","Unfall 236362 (2024) Kat:3, Licht: 0","236362","3","3","0","05","15","7","","0","1","0","0","0"
"POINT (13.504938085000049 52.468170285000042)","Unfall 236363 (2024) Kat:3, Licht: 0","236363","3","3","5","05","14","7","","0","0","1","1","0"
"POINT (13.292294324000068 52.590554206000036)","Unfall 236364 (2024) Kat:3, Licht: 0","236364","3","3","5","05","11","6","","0","0","1","0","0"
"POINT (13.421585157000038 52.509657699000059)","Unfall 236365 (2024) Kat:2, Licht: 2","236365","2","5","1","05","00","7","","2","0","1","0","1"
"POINT (13.331247816000030 52.573290404000034)","Unfall 236366 (2024) Kat:3, Licht: 2","236366","3","1","1","05","00","7","","2","0","1","0","0"
"POINT (13.428498310000066 52.572093038000048)","Unfall 236367 (2024) Kat:2, Licht: 2","236367","2","1","0","05","23","7","","2","0","0","0","1"
"POINT (13.293841427000075 52.447944458000052)","Unfall 236368 (2024) Kat:3, Licht: 0","236368","3","5","1","05","17","1","","0","1","1","0","0"
"POINT (13.551167689000067 52.569160106000027)","Unfall 236369 (2024) Kat:3, Licht: 2","236369","3","6","2","05","21","7","","2","0","1","0","0"
"POINT (13.511978052000075 52.510146116000044)","Unfall 236370 (2024) Kat:3, Licht: 0","236370","3","2","0","05","17","7","","0","1","1","0","0"
"POINT (13.417410161000078 52.487703473000067)","Unfall 236371 (2024) Kat:3, Licht: 0","236371","3","6","2","05","17","7","","0","0","1","0","1"
"POINT (13.520739654000067 52.571219467000049)","Unfall 236372 (2024) Kat:3, Licht: 0","236372","3","1","9","05","14","7","","0","0","1","0","1"
"POINT (13.526656661000061 52.426495849000048)","Unfall 236373 (2024) Kat:2, Licht: 0","236373","2","2","5","05","13","7","","0","0","1","0","0"
"POINT (13.347651694000035 52.466632765000043)","Unfall 236374 (2024) Kat:3, Licht: 0","236374","3","5","1","05","11","7","","0","0","1","0","0"
"POINT (13.395076276000054 52.503090072000077)","Unfall 236375 (2024) Kat:3, Licht: 0","236375","3","3","5","05","11","4","","0","0","1","0","0"
"POINT (13.439664859000061 52.479769248000082)","Unfall 236376 (2024) Kat:3, Licht: 2","236376","3","4","6","05","20","7","","2","0","0","1","1"
"POINT (13.611765283000068 52.514242869000043)","Unfall 236377 (2024) Kat:3, Licht: 2","236377","3","3","5","05","20","7","","2","1","1","0","0"
"POINT (13.441429019000054 52.481077443000061)","Unfall 236378 (2024) Kat:3, Licht: 0","236378","3","2","5","05","09","7","","0","1","1","0","0"
"POINT (13.173664025000051 52.552752540000029)","Unfall 236379 (2024) Kat:3, Licht: 0","236379","3","3","5","05","19","7","","0","0","1","0","1"
"POINT (13.536554773000034 52.392736489000072)","Unfall 236380 (2024) Kat:2, Licht: 0","236380","2","1","1","05","19","7","","0","0","1","0","0"
"POINT (13.308670331000030 52.467345411000053)","Unfall 236381 (2024) Kat:3, Licht: 0","236381","3","7","0","05","19","7","","0","1","0","0","0"
"POINT (13.417982605000077 52.499301552000077)","Unfall 236382 (2024) Kat:3, Licht: 0","236382","3","1","0","05","16","7","","0","0","0","0","1"
"POINT (13.375594512000077 52.455364907000046)","Unfall 236383 (2024) Kat:3, Licht: 0","236383","3","3","2","05","16","7","","0","1","1","0","0"
"POINT (13.481140869000058 52.478754672000036)","Unfall 236384 (2024) Kat:3, Licht: 0","236384","3","3","5","05","15","7","","0","1","1","0","0"
"POINT (13.473980851000022 52.609843192000028)","Unfall 236385 (2024) Kat:3, Licht: 0","236385","3","3","5","05","19","6","","0","0","1","0","0"
"POINT (13.314767586000073 52.525676044000079)","Unfall 236386 (2024) Kat:2, Licht: 0","236386","2","3","5","05","16","4","","0","0","1","0","0"
"POINT (13.476216582000063 52.506821524000031)","Unfall 236387 (2024) Kat:2, Licht: 1","236387","2","1","8","05","19","6","","1","0","0","0","1"
"POINT (13.337946119000037 52.513705189000063)","Unfall 236388 (2024) Kat:2, Licht: 0","236388","2","2","5","05","19","6","","0","0","1","0","0"
"POINT (13.388315065000029 52.519993188000058)","Unfall 236389 (2024) Kat:3, Licht: 0","236389","3","6","2","05","18","6","","0","1","1","0","0"
"POINT (13.427303471000073 52.607915252000055)","Unfall 236390 (2024) Kat:2, Licht: 0","236390","2","4","6","05","18","6","","0","0","0","1","1"
"POINT (13.475754162000044 52.615699369000026)","Unfall 236391 (2024) Kat:2, Licht: 0","236391","2","3","5","05","15","6","","0","0","1","0","0"
"POINT (13.458023972000035 52.554763109000078)","Unfall 236392 (2024) Kat:3, Licht: 0","236392","3","4","0","05","14","6","","0","0","0","1","1"
"POINT (13.345169150000061 52.492253394000045)","Unfall 236393 (2024) Kat:3, Licht: 0","236393","3","2","5","05","13","6","","0","0","1","0","0"
"POINT (13.328473463000023 52.470474936000073)","Unfall 236394 (2024) Kat:3, Licht: 0","236394","3","6","2","05","12","6","","0","0","1","0","0"
"POINT (13.396557002000065 52.559249262000037)","Unfall 236395 (2024) Kat:3, Licht: 0","236395","3","5","1","05","13","7","","0","1","1","0","0"
"POINT (13.326431050000053 52.519234683000036)","Unfall 236396 (2024) Kat:2, Licht: 0","236396","2","2","5","05","08","6","","0","0","1","0","1"
"POINT (13.402799189000064 52.516584138000042)","Unfall 236397 (2024) Kat:2, Licht: 0","236397","2","2","5","05","08","6","","0","1","1","0","0"
"POINT (13.456302672000049 52.434156727000072)","Unfall 236398 (2024) Kat:3, Licht: 2","236398","3","3","5","05","22","6","","2","0","1","0","0"
"POINT (13.590701843000033 52.470856439000045)","Unfall 236399 (2024) Kat:3, Licht: 2","236399","3","1","0","05","23","6","","2","0","0","0","1"
"POINT (13.372129369000049 52.469782672000065)","Unfall 236400 (2024) Kat:3, Licht: 0","236400","3","2","0","05","18","6","","0","0","1","0","1"
"POINT (13.351894495000067 52.531016643000044)","Unfall 236401 (2024) Kat:3, Licht: 0","236401","3","2","5","05","18","6","","0","1","0","0","0"
"POINT (13.472316694000028 52.454182501000048)","Unfall 236402 (2024) Kat:3, Licht: 0","236402","3","6","2","05","18","6","","0","0","1","0","0"
"POINT (13.413155006000068 52.568498508000062)","Unfall 236403 (2024) Kat:3, Licht: 0","236403","3","7","5","05","15","6","","0","1","1","0","0"
"POINT (13.414898656000048 52.504820675000076)","Unfall 236404 (2024) Kat:3, Licht: 0","236404","3","3","5","05","15","6","","0","1","1","0","0"
"POINT (13.427382946000023 52.552506738000034)","Unfall 236405 (2024) Kat:3, Licht: 0","236405","3","3","5","05","13","6","","0","1","1","0","0"
"POINT (13.523572418000072 52.463134942000067)","Unfall 236406 (2024) Kat:3, Licht: 0","236406","3","3","5","05","07","6","","0","0","1","0","0"
"POINT (13.185329684000067 52.515364584000054)","Unfall 236407 (2024) Kat:3, Licht: 0","236407","3","6","2","05","15","6","","0","0","1","0","1"
"POINT (13.620197366000070 52.530817889000048)","Unfall 236408 (2024) Kat:2, Licht: 0","236408","2","1","0","05","13","6","","0","1","0","0","0"
"POINT (13.322539222000046 52.511785857000064)","Unfall 236409 (2024) Kat:3, Licht: 0","236409","3","6","0","05","12","6","","0","0","1","0","0"
"POINT (13.426191264000067 52.499092324000060)","Unfall 236410 (2024) Kat:3, Licht: 1","236410","3","7","0","05","19","5","","1","1","0","0","0"
"POINT (13.405636807000064 52.514145326000062)","Unfall 236411 (2024) Kat:3, Licht: 0","236411","3","2","5","05","09","6","","0","1","0","0","0"
"POINT (13.352445771000077 52.548221062000039)","Unfall 236412 (2024) Kat:3, Licht: 0","236412","3","3","5","05","09","6","","0","1","1","0","0"
"POINT (13.563204120000023 52.549349116000030)","Unfall 236413 (2024) Kat:2, Licht: 0","236413","2","3","5","05","07","6","","0","1","1","0","0"
"POINT (13.356746905000023 52.424600801000054)","Unfall 236414 (2024) Kat:3, Licht: 2","236414","3","2","5","05","00","6","","2","0","1","0","0"
"POINT (13.371867330000043 52.527224818000036)","Unfall 236415 (2024) Kat:3, Licht: 1","236415","3","5","1","05","21","6","","1","1","1","0","0"
"POINT (13.496130258000051 52.420300281000038)","Unfall 236416 (2024) Kat:3, Licht: 2","236416","3","7","1","05","20","6","","2","0","1","0","0"
"POINT (13.531872564000025 52.484058713000081)","Unfall 236417 (2024) Kat:2, Licht: 1","236417","2","3","5","05","20","6","","1","0","1","0","0"
"POINT (13.420005813000046 52.501084706000029)","Unfall 236418 (2024) Kat:3, Licht: 0","236418","3","5","1","05","17","6","","0","0","1","0","0"
"POINT (13.586556034000068 52.540457377000052)","Unfall 236419 (2024) Kat:3, Licht: 0","236419","3","1","0","05","19","2","","0","0","0","0","1"
"POINT (13.334283332000041 52.498497804000067)","Unfall 236420 (2024) Kat:3, Licht: 0","236420","3","3","5","05","16","6","","0","0","1","0","0"
"POINT (13.568655593000074 52.538226296000062)","Unfall 236421 (2024) Kat:3, Licht: 0","236421","3","2","5","05","16","6","","0","0","1","0","0"
"POINT (13.358789307000052 52.485653396000032)","Unfall 236422 (2024) Kat:3, Licht: 0","236422","3","4","6","05","14","6","","0","0","1","1","0"
"POINT (13.138005132000046 52.458370774000059)","Unfall 236423 (2024) Kat:3, Licht: 0","236423","3","6","2","05","13","6","","0","0","1","0","0"
"POINT (13.406622530000050 52.498393294000039)","Unfall 236424 (2024) Kat:3, Licht: 0","236424","3","2","2","05","13","6","","0","0","1","0","1"
"POINT (13.354462205000061 52.497456863000082)","Unfall 236425 (2024) Kat:3, Licht: 0","236425","3","5","1","05","13","6","","0","0","1","0","0"
"POINT (13.344151211000053 52.467521568000052)","Unfall 236426 (2024) Kat:3, Licht: 0","236426","3","7","5","05","12","6","","0","0","0","0","1"
"POINT (13.490252912000074 52.493638470000064)","Unfall 236427 (2024) Kat:3, Licht: 0","236427","3","6","3","05","10","6","","0","0","1","0","0"
"POINT (13.426881606000052 52.475893018000079)","Unfall 236428 (2024) Kat:3, Licht: 0","236428","3","6","2","05","10","6","","0","0","1","0","0"
"POINT (13.285067269000024 52.493120627000053)","Unfall 236429 (2024) Kat:3, Licht: 0","236429","3","2","5","05","08","6","","0","0","1","0","1"
"POINT (13.423235085000044 52.552635562000034)","Unfall 236430 (2024) Kat:3, Licht: 0","236430","3","2","5","05","17","5","","0","1","1","0","0"
"POINT (13.308259843000030 52.488283535000051)","Unfall 236431 (2024) Kat:3, Licht: 0","236431","3","6","3","05","17","5","","0","0","1","0","0"
"POINT (13.479255780000074 52.525205910000068)","Unfall 236432 (2024) Kat:3, Licht: 0","236432","3","6","1","05","16","5","","0","1","1","1","0"
"POINT (13.294352447000051 52.496260067000037)","Unfall 236433 (2024) Kat:3, Licht: 0","236433","3","2","0","05","14","5","","0","0","1","0","1"
"POINT (13.509003536000023 52.512192148000054)","Unfall 236434 (2024) Kat:3, Licht: 0","236434","3","3","5","05","14","1","","0","1","1","0","0"
"POINT (13.388097292000054 52.502523086000053)","Unfall 236435 (2024) Kat:3, Licht: 0","236435","3","5","1","05","12","5","","0","1","1","0","0"
"POINT (13.429202078000060 52.452309188000072)","Unfall 236436 (2024) Kat:3, Licht: 0","236436","3","2","5","05","13","5","","0","1","1","0","0"
"POINT (13.599745770000027 52.542705761000036)","Unfall 236437 (2024) Kat:3, Licht: 0","236437","3","7","0","05","08","5","","0","0","0","0","0"
"POINT (13.618455691000065 52.451292201000058)","Unfall 236438 (2024) Kat:3, Licht: 0","236438","3","4","6","05","11","5","","0","0","0","1","0"
"POINT (13.407467169000029 52.504860066000049)","Unfall 236439 (2024) Kat:3, Licht: 0","236439","3","7","4","05","15","2","","0","1","1","0","0"
"POINT (13.367583628000034 52.586334665000038)","Unfall 236440 (2024) Kat:3, Licht: 0","236440","3","2","6","05","11","5","","0","0","1","1","0"
"POINT (13.466984787000058 52.549200470000073)","Unfall 236441 (2024) Kat:2, Licht: 0","236441","2","4","6","05","10","5","","0","0","0","1","0"
"POINT (13.316373446000057 52.501214859000072)","Unfall 236442 (2024) Kat:3, Licht: 0","236442","3","6","0","05","09","5","","0","0","0","0","1"
"POINT (13.457651511000051 52.528761449000058)","Unfall 236443 (2024) Kat:3, Licht: 1","236443","3","2","5","05","05","5","","1","1","1","0","0"
"POINT (13.187020798000049 52.549407762000044)","Unfall 236444 (2024) Kat:2, Licht: 2","236444","2","5","1","05","22","5","","2","0","1","1","1"
"POINT (13.345050562000040 52.483285792000061)","Unfall 236445 (2024) Kat:3, Licht: 1","236445","3","2","5","05","21","5","","1","0","1","0","1"
"POINT (13.421737945000075 52.550174225000035)","Unfall 236446 (2024) Kat:3, Licht: 0","236446","3","5","1","05","15","5","","0","1","1","0","0"
"POINT (13.449416262000057 52.445570832000044)","Unfall 236447 (2024) Kat:3, Licht: 0","236447","3","4","6","05","15","5","","0","1","0","1","0"
"POINT (13.360283389000074 52.561918958000035)","Unfall 236448 (2024) Kat:3, Licht: 0","236448","3","6","2","05","12","5","","0","0","1","0","1"