WKT,Name,OBJECTID,UKATEGORIE,UTYP1,UART,UMONAT,USTUNDE,UWOCHENTAG,STRZUSTAND,ULICHTVERH,ISTRAD,ISTPKW,ISTFUSS,ISTKRAD
"POINT (13.179251961000034 52.533802423000054)","Unfall 236449 (2024) Kat:3, Licht: 0","236449","3","1","0","05","11","5","","0","1","0","0","0"
"POINT (13.662725885000043 52.449619791000032)","Unfall 236450 (2024) Kat:3, Licht: 0","236450","3","6","2","05","08","5","","0","0","1","0","0"
"POINT (13.153694491000067 52.462223698000059)","Unfall 236451 (2024) Kat:3, Licht: 0","236451","3","6","4","05","17","5","","0","0","1","0","0"
"POINT (13.603410872000040 52.434373511000047)","Unfall 236452 (2024) Kat:3, Licht: 2","236452","3","7","7","05","22","5","","2","0","1","0","0"
"POINT (13.421983431000058 52.550090826000030)","Unfall 236453 (2024) Kat:3, Licht: 0","236453","3","7","6","05","09","4","","0","0","1","1","0"
"POINT (13.208748743000058 52.510648758000059)","Unfall 236454 (2024) Kat:3, Licht: 1","236454","3","2","5","05","20","5","","1","0","1","0","0"
"POINT (13.176327582000056 52.539711576000059)","Unfall 236455 (2024) Kat:3, Licht: 0","236455","3","5","1","05","11","5","","0","1","1","0","0"
"POINT (13.398390063000022 52.532543958000076)","Unfall 236456 (2024) Kat:3, Licht: 0","236456","3","6","2","05","16","5","","0","0","1","0","1"
"POINT (13.385584523000034 52.467115053000043)","Unfall 236457 (2024) Kat:2, Licht: 0","236457","2","4","6","05","16","5","","0","0","1","1","0"
"POINT (13.389702391000071 52.495915035000053)","Unfall 236458 (2024) Kat:3, Licht: 0","236458","3","2","5","05","16","5","","0","0","1","0","0"
"POINT (13.446244457000034 52.498790472000053)","Unfall 236459 (2024) Kat:3, Licht: 0","236459","3","5","1","05","15","5","","0","1","1","0","0"
"POINT (13.200400363000028 52.536565334000045)","Unfall 236460 (2024) Kat:3, Licht: 0","236460","3","2","5","05","13","5","","0","1","1","0","0"
"POINT (13.371376024000028 52.476515555000049)","Unfall 236461 (2024) Kat:3, Licht: 0","236461","3","7","2","05","13","5","","0","0","1","0","1"
"POINT (13.346068623000065 52.506697100000054)","Unfall 236462 (2024) Kat:2, Licht: 0","236462","2","2","5","05","12","5","","0","0","1","0","1"
"POINT (13.404891489000022 52.393778458000043)","Unfall 236463 (2024) Kat:3, Licht: 0","236463","3","3","0","05","10","5","","0","1","0","0","0"
"POINT (13.289455642000064 52.494769997000049)","Unfall 236464 (2024) Kat:3, Licht: 0","236464","3","2","2","05","09","5","","0","0","1","0","0"
"POINT (13.278441413000053 52.473314283000036)","Unfall 236465 (2024) Kat:3, Licht: 0","236465","3","3","5","05","09","5","","0","0","1","0","0"
"POINT (13.418094776000032 52.515475847000062)","Unfall 236466 (2024) Kat:2, Licht: 0","236466","2","2","3","05","09","5","","0","0","0","0","1"
"POINT (13.407327095000028 52.523395130000040)","Unfall 236467 (2024) Kat:2, Licht: 0","236467","2","3","5","05","17","5","","0","1","1","0","0"
"POINT (13.521932076000041 52.525896010000054)","Unfall 236468 (2024) Kat:3, Licht: 0","236468","3","2","5","05","15","5","","0","1","0","0","0"
"POINT (13.432913528000029 52.452488023000058)","Unfall 236469 (2024) Kat:3, Licht: 0","236469","3","2","5","05","14","5","","0","0","1","0","0"
"POINT (13.328842849000068 52.500290539000048)","Unfall 236470 (2024) Kat:3, Licht: 0","236470","3","2","5","05","11","5","","0","1","1","0","0"
"POINT (13.414974020000045 52.515885410000067)","Unfall 236471 (2024) Kat:3, Licht: 0","236471","3","3","5","05","09","5","","0","1","1","0","0"
"POINT (13.436192374000029 52.484031157000061)","Unfall 236472 (2024) Kat:3, Licht: 2","236472","3","5","1","05","00","5","","2","1","1","0","0"
"POINT (13.344663070000024 52.504208675000029)","Unfall 236473 (2024) Kat:3, Licht: 0","236473","3","1","9","05","11","4","","0","1","1","0","0"
"POINT (13.260627946000056 52.489547994000077)","Unfall 236474 (2024) Kat:3, Licht: 0","236474","3","6","2","05","13","4","","0","1","1","0","0"
"POINT (13.615457228000025 52.492522715000064)","Unfall 236475 (2024) Kat:3, Licht: 0","236475","3","5","1","05","13","4","","0","0","1","0","0"
"POINT (13.387722155000063 52.533549360000052)","Unfall 236476 (2024) Kat:3, Licht: 0","236476","3","6","3","05","06","4","","0","1","0","0","0"
"POINT (13.434678930000075 52.490679811000064)","Unfall 236477 (2024) Kat:3, Licht: 1","236477","3","5","1","05","20","4","","1","1","1","0","0"
"POINT (13.386415016000058 52.558900330000029)","Unfall 236478 (2024) Kat:3, Licht: 2","236478","3","6","3","05","20","4","","2","0","1","0","0"
"POINT (13.231025531000057 52.538694217000057)","Unfall 236479 (2024) Kat:3, Licht: 0","236479","3","6","3","05","20","4","","0","0","1","0","0"
"POINT (13.497864075000052 52.433715209000070)","Unfall 236480 (2024) Kat:3, Licht: 0","236480","3","3","5","05","17","4","","0","0","1","0","1"
"POINT (13.570325655000033 52.555775624000034)","Unfall 236481 (2024) Kat:3, Licht: 0","236481","3","3","5","05","17","4","","0","0","0","0","1"
"POINT (13.440127671000027 52.591674962000070)","Unfall 236482 (2024) Kat:3, Licht: 0","236482","3","3","5","05","16","4","","0","1","1","0","0"
"POINT (13.195992951000051 52.448727932000054)","Unfall 236483 (2024) Kat:3, Licht: 0","236483","3","1","8","05","16","4","","0","0","1","0","0"
"POINT (13.330951611000046 52.495136160000072)","Unfall 236484 (2024) Kat:3, Licht: 0","236484","3","3","5","05","16","4","","0","0","1","0","0"
"POINT (13.356140800000048 52.555369412000061)","Unfall 236485 (2024) Kat:3, Licht: 0","236485","3","7","5","05","13","4","","0","1","1","0","0"
"POINT (13.452324325000063 52.512494194000055)","Unfall 236486 (2024) Kat:3, Licht: 0","236486","3","2","5","05","11","4","","0","1","1","0","0"
"POINT (13.420425171000034 52.538079158000073)","Unfall 236487 (2024) Kat:3, Licht: 0","236487","3","1","0","05","06","4","","0","1","0","0","0"
"POINT (13.383498672000030 52.555787225000074)","Unfall 236488 (2024) Kat:3, Licht: 0","236488","3","6","2","05","18","4","","0","0","1","0","1"
"POINT (13.255517193000060 52.506382112000040)","Unfall 236489 (2024) Kat:3, Licht: 0","236489","3","3","5","05","12","4","","0","1","0","0","0"
"POINT (13.562642535000066 52.456370681000067)","Unfall 236490 (2024) Kat:3, Licht: 2","236490","3","2","5","05","21","4","","2","1","1","0","0"
"POINT (13.458350182000061 52.485823608000032)","Unfall 236491 (2024) Kat:3, Licht: 2","236491","3","2","0","05","22","4","","2","0","1","0","1"
"POINT (13.338671480000073 52.543259336000062)","Unfall 236492 (2024) Kat:3, Licht: 2","236492","3","6","2","05","21","4","","2","0","1","0","0"
"POINT (13.630941701000040 52.529763442000046)","Unfall 236493 (2024) Kat:3, Licht: 1","236493","3","3","5","05","19","4","","1","0","1","0","0"
"POINT (13.439486920000036 52.496886394000057)","Unfall 236494 (2024) Kat:3, Licht: 0","236494","3","5","1","05","20","4","","0","1","1","0","0"
"POINT (13.247561535000045 52.467508458000054)","Unfall 236495 (2024) Kat:3, Licht: 0","236495","3","2","5","05","12","4","","0","1","1","0","0"
"POINT (13.429201380000052 52.471372408000036)","Unfall 236496 (2024) Kat:3, Licht: 0","236496","3","2","2","05","12","4","","0","0","1","0","1"
"POINT (13.346080419000032 52.570922747000054)","Unfall 236497 (2024) Kat:3, Licht: 0","236497","3","4","6","05","09","4","","0","0","1","1","0"
"POINT (13.557981990000030 52.434584510000036)","Unfall 236498 (2024) Kat:3, Licht: 0","236498","3","5","1","05","06","4","","0","1","1","0","0"
"POINT (13.434301111000025 52.496587335000072)","Unfall 236499 (2024) Kat:3, Licht: 2","236499","3","5","1","05","21","4","","2","0","1","0","0"
"POINT (13.432543233000047 52.605107125000075)","Unfall 236500 (2024) Kat:3, Licht: 1","236500","3","5","0","05","20","4","","1","1","1","0","0"
"POINT (13.549600391000070 52.568794585000035)","Unfall 236501 (2024) Kat:3, Licht: 0","236501","3","3","5","05","19","4","","0","0","1","0","0"
"POINT (13.449581875000035 52.488593797000078)","Unfall 236502 (2024) Kat:3, Licht: 0","236502","3","3","5","05","19","4","","0","0","1","0","0"
"POINT (13.591671824000059 52.544988376000049)","Unfall 236503 (2024) Kat:3, Licht: 0","236503","3","2","5","05","17","4","","0","0","1","0","0"
"POINT (13.264732839000033 52.419491654000069)","Unfall 236504 (2024) Kat:3, Licht: 0","236504","3","2","5","05","17","4","","0","1","1","0","0"
"POINT (13.240299410000034 52.424475070000028)","Unfall 236505 (2024) Kat:3, Licht: 0","236505","3","3","5","05","15","1","","0","0","1","0","0"
"POINT (13.495907833000047 52.465919896000059)","Unfall 236506 (2024) Kat:3, Licht: 0","236506","3","2","5","05","16","4","","0","1","1","0","0"
"POINT (13.401170498000056 52.511273385000038)","Unfall 236507 (2024) Kat:2, Licht: 0","236507","2","3","5","05","13","4","","0","1","1","0","0"
"POINT (13.346764998000026 52.501140628000030)","Unfall 236508 (2024) Kat:3, Licht: 0","236508","3","6","2","05","13","4","","0","0","0","0","1"
"POINT (13.435210628000050 52.491237815000034)","Unfall 236509 (2024) Kat:3, Licht: 0","236509","3","2","5","05","14","4","","0","1","1","0","0"
"POINT (13.306604596000057 52.518119161000072)","Unfall 236510 (2024) Kat:3, Licht: 0","236510","3","3","5","04","15","3","","0","0","1","0","1"
"POINT (13.337550803000056 52.457034602000078)","Unfall 236511 (2024) Kat:3, Licht: 0","236511","3","2","5","04","14","3","","0","1","1","0","0"
"POINT (13.362369769000054 52.412172203000068)","Unfall 236512 (2024) Kat:2, Licht: 0","236512","2","4","6","04","13","3","","0","0","0","1","0"
"POINT (13.415165681000076 52.565284142000053)","Unfall 236513 (2024) Kat:3, Licht: 0","236513","3","3","5","04","16","3","","0","0","1","0","0"
"POINT (13.496784430000048 52.534127815000033)","Unfall 236514 (2024) Kat:3, Licht: 0","236514","3","6","2","04","14","3","","0","0","1","0","0"
"POINT (13.485380017000068 52.516879932000052)","Unfall 236515 (2024) Kat:3, Licht: 0","236515","3","6","4","04","08","3","","0","0","1","0","0"
"POINT (13.432755360000044 52.452558362000048)","Unfall 236516 (2024) Kat:3, Licht: 0","236516","3","6","3","04","06","3","","0","1","1","0","0"
"POINT (13.412100234000036 52.531136655000068)","Unfall 236517 (2024) Kat:3, Licht: 2","236517","3","2","5","04","20","3","","2","1","1","0","0"
"POINT (13.403746513000044 52.523153591000039)","Unfall 236518 (2024) Kat:2, Licht: 0","236518","2","1","0","04","19","3","","0","1","0","0","0"
"POINT (13.384400336000056 52.550692089000052)","Unfall 236519 (2024) Kat:3, Licht: 0","236519","3","6","2","04","14","3","","0","0","1","0","0"
"POINT (13.270400375000065 52.575872786000048)","Unfall 236520 (2024) Kat:3, Licht: 0","236520","3","6","3","04","13","3","","0","1","1","0","0"
"POINT (13.384113555000056 52.529719353000075)","Unfall 236521 (2024) Kat:3, Licht: 0","236521","3","5","1","04","08","3","","0","1","1","0","0"
"POINT (13.450165048000031 52.522258526000030)","Unfall 236522 (2024) Kat:2, Licht: 2","236522","2","7","0","04","02","3","","2","1","0","0","0"
"POINT (13.441940177000049 52.501086577000081)","Unfall 236523 (2024) Kat:3, Licht: 1","236523","3","6","3","04","20","3","","1","0","0","0","1"
"POINT (13.449570250000022 52.496832258000040)","Unfall 236524 (2024) Kat:3, Licht: 0","236524","3","5","1","04","19","3","","0","0","1","0","1"
"POINT (13.281526408000047 52.592401319000032)","Unfall 236525 (2024) Kat:3, Licht: 0","236525","3","2","5","04","16","3","","0","0","1","0","0"
"POINT (13.608287192000034 52.539515196000082)","Unfall 236526 (2024) Kat:3, Licht: 0","236526","3","2","0","04","14","3","","0","1","0","0","1"
"POINT (13.564212212000029 52.542907267000032)","Unfall 236527 (2024) Kat:3, Licht: 0","236527","3","7","5","04","14","3","","0","0","1","0","0"
"POINT (13.395964753000044 52.498393715000077)","Unfall 236528 (2024) Kat:3, Licht: 2","236528","3","2","5","04","23","3","","2","0","1","0","0"
"POINT (13.479575924000073 52.441393025000082)","Unfall 236529 (2024) Kat:3, Licht: 2","236529","3","7","5","04","19","3","","2","0","1","0","1"
"POINT (13.436663102000068 52.479884141000070)","Unfall 236530 (2024) Kat:3, Licht: 0","236530","3","2","5","04","19","3","","0","1","1","0","0"
"POINT (13.287475817000029 52.632774058000052)","Unfall 236531 (2024) Kat:3, Licht: 0","236531","3","5","1","04","08","3","","0","1","1","0","0"
"POINT (13.444621877000031 52.517812789000061)","Unfall 236532 (2024) Kat:2, Licht: 0","236532","2","2","0","04","08","3","","0","1","0","0","0"
"POINT (13.704278904000034 52.434510453000030)","Unfall 236533 (2024) Kat:3, Licht: 0","236533","3","4","6","04","07","3","","0","0","1","1","0"
"POINT (13.461200132000045 52.529464703000031)","Unfall 236534 (2024) Kat:3, Licht: 0","236534","3","2","5","04","17","3","","0","1","1","0","0"
"POINT (13.395014955000022 52.496139349000032)","Unfall 236535 (2024) Kat:3, Licht: 0","236535","3","2","5","04","17","3","","0","1","1","0","0"
"POINT (13.379668349000042 52.413842237000040)","Unfall 236536 (2024) Kat:3, Licht: 0","236536","3","2","5","04","16","3","","0","0","1","0","0"
"POINT (13.310763831000031 52.506529028000045)","Unfall 236537 (2024) Kat:3, Licht: 0","236537","3","6","4","04","15","3","","0","1","0","0","0"
"POINT (13.426875197000072 52.474230339000030)","Unfall 236538 (2024) Kat:3, Licht: 0","236538","3","7","1","04","15","3","","0","0","1","0","0"
"POINT (13.185041551000040 52.547399003000066)","Unfall 236539 (2024) Kat:3, Licht: 0","236539","3","6","4","04","13","3","","0","1","0","0","0"
"POINT (13.430281598000022 52.525139209000031)","Unfall 236540 (2024) Kat:3, Licht: 0","236540","3","1","0","04","10","3","","0","1","0","0","0"
"POINT (13.508109619000038 52.450333895000028)","Unfall 236541 (2024) Kat:3, Licht: 0","236541","3","2","0","04","18","3","","0","1","1","0","0"
"POINT (13.384881468000060 52.468590831000029)","Unfall 236542 (2024) Kat:3, Licht: 0","236542","3","5","1","04","11","3","","0","0","1","0","0"
"POINT (13.559187945000076 52.423442968000074)","Unfall 236543 (2024) Kat:3, Licht: 2","236543","3","3","5","04","22","3","","2","1","1","0","0"
"POINT (13.451893192000057 52.472410679000063)","Unfall 236544 (2024) Kat:3, Licht: 0","236544","3","2","0","04","20","3","","0","0","1","0","1"
"POINT (13.346232338000050 52.524864378000075)","Unfall 236545 (2024) Kat:3, Licht: 0","236545","3","3","5","04","14","3","","0","0","1","0","1"
"POINT (13.352102221000052 52.418534485000066)","Unfall 236546 (2024) Kat:3, Licht: 0","236546","3","3","5","04","19","3","","0","0","1","0","0"
"POINT (13.450665923000031 52.598377665000044)","Unfall 236547 (2024) Kat:3, Licht: 0","236547","3","7","5","04","19","3","","0","1","0","0","0"
"POINT (13.326103879000073 52.538358162000065)","Unfall 236548 (2024) Kat:3, Licht: 0","236548","3","2","5","05","14","6","","0","0","1","0","0"
"POINT (13.398853882000026 52.570613363000064)","Unfall 236549 (2024) Kat:2, Licht: 0","236549","2","2","5","04","18","3","","0","1","1","0","0"
"POINT (13.295956407000062 52.420508418000054)","Unfall 236550 (2024) Kat:3, Licht: 0","236550","3","2","5","04","18","3","","0","1","1","0","0"
"POINT (13.319194351000021 52.487356524000063)","Unfall 236551 (2024) Kat:2, Licht: 0","236551","2","3","5","04","16","3","","0","0","1","0","0"
"POINT (13.386802977000059 52.500881574000061)","Unfall 236552 (2024) Kat:3, Licht: 0","236552","3","7","6","04","16","3","","0","0","1","1","0"
"POINT (13.264852315000041 52.486541860000045)","Unfall 236553 (2024) Kat:3, Licht: 0","236553","3","5","1","04","16","3","","0","1","1","0","0"
"POINT (13.524766592000049 52.495276038000043)","Unfall 236554 (2024) Kat:3, Licht: 0","236554","3","2","5","04","06","3","","0","1","1","0","0"
"POINT (13.396147764000034 52.538306365000039)","Unfall 236555 (2024) Kat:3, Licht: 2","236555","3","2","6","04","00","3","","2","0","1","1","0"
"POINT (13.482812295000031 52.526137397000070)","Unfall 236556 (2024) Kat:3, Licht: 0","236556","3","1","0","04","12","3","","0","0","1","0","0"
"POINT (13.320343771000069 52.481283242000075)","Unfall 236557 (2024) Kat:3, Licht: 0","236557","3","3","5","04","12","3","","0","1","0","0","0"
"POINT (13.593361464000054 52.451712507000082)","Unfall 236558 (2024) Kat:2, Licht: 0","236558","2","2","6","04","08","3","","0","0","1","1","0"
"POINT (13.510010781000062 52.503306746000078)","Unfall 236559 (2024) Kat:1, Licht: 0","236559","1","2","6","04","11","3","","0","0","1","1","0"
"POINT (13.534271709000052 52.431461939000030)","Unfall 236560 (2024) Kat:3, Licht: 0","236560","3","2","5","04","15","2","","0","0","1","0","0"
"POINT (13.314450845000067 52.473743745000036)","Unfall 236561 (2024) Kat:2, Licht: 0","236561","2","6","3","04","16","2","","0","1","1","0","0"
"POINT (13.513682801000073 52.427502462000064)","Unfall 236562 (2024) Kat:2, Licht: 0","236562","2","6","4","04","10","2","","0","0","1","0","1"
"POINT (13.516166585000065 52.558903128000054)","Unfall 236563 (2024) Kat:2, Licht: 2","236563","2","7","9","04","05","2","","2","0","1","0","0"
"POINT (13.357797066000046 52.484254056000054)","Unfall 236564 (2024) Kat:3, Licht: 0","236564","3","5","1","04","13","2","","0","0","1","0","1"
"POINT (13.432394618000046 52.465611717000058)","Unfall 236565 (2024) Kat:3, Licht: 2","236565","3","5","1","04","23","2","","2","0","1","0","0"
"POINT (13.613061265000056 52.500399015000028)","Unfall 236566 (2024) Kat:3, Licht: 0","236566","3","3","5","04","17","2","","0","1","1","0","0"
"POINT (13.395771835000062 52.499034897000058)","Unfall 236567 (2024) Kat:3, Licht: 2","236567","3","3","0","04","23","2","","2","0","0","0","1"
"POINT (13.477076917000034 52.563235446000078)","Unfall 236568 (2024) Kat:2, Licht: 0","236568","2","3","5","04","16","2","","0","0","1","0","1"
"POINT (13.411574312000027 52.491258815000037)","Unfall 236569 (2024) Kat:3, Licht: 0","236569","3","7","5","05","07","4","","0","1","1","0","0"
"POINT (13.491944307000040 52.501190485000052)","Unfall 236570 (2024) Kat:3, Licht: 0","236570","3","7","0","04","14","2","","0","1","0","0","0"
"POINT (13.395721309000066 52.424450148000062)","Unfall 236571 (2024) Kat:2, Licht: 0","236571","2","2","5","04","18","2","","0","0","1","0","1"
"POINT (13.464558500000066 52.470233688000064)","Unfall 236572 (2024) Kat:3, Licht: 0","236572","3","2","5","04","16","2","","0","0","1","0","0"
"POINT (13.378020842000069 52.522320798000067)","Unfall 236573 (2024) Kat:3, Licht: 0","236573","3","4","6","04","16","2","","0","0","1","1","0"
"POINT (13.511774237000054 52.568122378000055)","Unfall 236574 (2024) Kat:2, Licht: 0","236574","2","3","5","04","15","2","","0","0","1","0","1"
"POINT (13.612209046000032 52.512639275000026)","Unfall 236575 (2024) Kat:3, Licht: 0","236575","3","6","3","04","16","2","","0","1","0","0","0"
"POINT (13.352170669000031 52.505515476000028)","Unfall 236576 (2024) Kat:3, Licht: 0","236576","3","3","5","04","15","2","","0","0","1","0","0"
"POINT (13.427616793000027 52.420787638000036)","Unfall 236577 (2024) Kat:3, Licht: 0","236577","3","2","5","04","15","2","","0","0","1","0","1"
"POINT (13.414711267000030 52.553571159000057)","Unfall 236578 (2024) Kat:3, Licht: 0","236578","3","2","5","04","14","2","","0","1","1","0","0"
"POINT (13.315113974000042 52.576517414000079)","Unfall 236579 (2024) Kat:3, Licht: 0","236579","3","2","5","04","13","2","","0","1","1","0","0"
"POINT (13.415687992000073 52.491075117000037)","Unfall 236580 (2024) Kat:2, Licht: 0","236580","2","7","6","05","14","4","","0","0","0","1","0"
"POINT (13.415633077000052 52.499866147000034)","Unfall 236581 (2024) Kat:3, Licht: 0","236581","3","3","5","04","13","2","","0","1","0","0","0"
"POINT (13.544148102000065 52.552494039000067)","Unfall 236582 (2024) Kat:3, Licht: 0","236582","3","3","5","04","13","2","","0","0","1","0","0"
"POINT (13.391200180000055 52.423538143000030)","Unfall 236583 (2024) Kat:3, Licht: 0","236583","3","2","2","04","12","2","","0","1","0","0","0"
"POINT (13.284199646000047 52.585861387000080)","Unfall 236584 (2024) Kat:2, Licht: 0","236584","2","4","6","04","12","2","","0","0","1","1","0"
"POINT (13.307211385000073 52.504930148000028)","Unfall 236585 (2024) Kat:3, Licht: 0","236585","3","5","1","04","12","2","","0","1","1","0","0"
"POINT (13.462654270000030 52.526001358000030)","Unfall 236586 (2024) Kat:3, Licht: 0","236586","3","7","0","04","10","2","","0","0","1","0","0"
"POINT (13.370611617000066 52.470456686000034)","Unfall 236587 (2024) Kat:3, Licht: 0","236587","3","2","5","04","10","2","","0","1","0","0","0"
"POINT (13.332680570000036 52.526954598000032)","Unfall 236588 (2024) Kat:3, Licht: 0","236588","3","5","1","04","19","2","","0","1","1","0","0"
"POINT (13.345105176000061 52.491334056000028)","Unfall 236589 (2024) Kat:3, Licht: 0","236589","3","3","5","04","10","2","","0","0","1","0","0"
"POINT (13.391192675000070 52.489480536000030)","Unfall 236590 (2024) Kat:3, Licht: 1","236590","3","6","0","04","19","2","","1","1","0","0","0"
"POINT (13.601236307000022 52.479224274000046)","Unfall 236591 (2024) Kat:3, Licht: 0","236591","3","6","2","04","19","2","","0","0","1","0","0"
"POINT (13.408217644000047 52.498484279000081)","Unfall 236592 (2024) Kat:3, Licht: 0","236592","3","6","2","04","18","2","","0","0","1","0","1"
"POINT (13.377020607000077 52.554051909000066)","Unfall 236593 (2024) Kat:3, Licht: 2","236593","3","4","6","04","00","2","","2","0","1","1","0"
"POINT (13.387717993000024 52.533547251000073)","Unfall 236594 (2024) Kat:3, Licht: 0","236594","3","6","2","05","08","4","","0","0","1","0","0"
"POINT (13.262052639000046 52.437994479000054)","Unfall 236595 (2024) Kat:3, Licht: 0","236595","3","6","3","04","18","2","","0","0","1","0","1"
"POINT (13.366684090000035 52.557283285000040)","Unfall 236596 (2024) Kat:3, Licht: 0","236596","3","3","5","04","18","2","","0","1","1","0","0"
"POINT (13.418849743000067 52.500662865000038)","Unfall 236597 (2024) Kat:3, Licht: 2","236597","3","5","1","05","22","7","","2","1","1","0","0"
"POINT (13.124568791000058 52.428248697000072)","Unfall 236598 (2024) Kat:3, Licht: 0","236598","3","1","0","04","17","2","","0","1","0","0","0"
"POINT (13.232251452000071 52.437644462000037)","Unfall 236599 (2024) Kat:3, Licht: 0","236599","3","4","6","04","17","2","","0","0","1","1","0"
"POINT (13.545226920000061 52.553598994000026)","Unfall 236600 (2024) Kat:3, Licht: 0","236600","3","2","5","04","17","2","","0","1","1","0","0"
"POINT (13.417908841000042 52.514752857000076)","Unfall 236601 (2024) Kat:2, Licht: 0","236601","2","7","6","04","16","2","","0","0","1","1","0"
"POINT (13.348831306000022 52.459162356000036)","Unfall 236602 (2024) Kat:3, Licht: 0","236602","3","2","2","04","16","2","","0","0","1","0","1"
"POINT (13.380924663000030 52.516370372000040)","Unfall 236603 (2024) Kat:3, Licht: 0","236603","3","2","5","04","16","2","","0","1","1","0","0"
"POINT (13.557047917000034 52.525231243000064)","Unfall 236604 (2024) Kat:3, Licht: 0","236604","3","3","5","04","15","2","","0","1","1","0","0"
"POINT (13.320123844000022 52.471997320000071)","Unfall 236605 (2024) Kat:3, Licht: 0","236605","3","2","5","04","14","2","","0","0","1","0","1"
"POINT (13.371318159000054 52.564123308000035)","Unfall 236606 (2024) Kat:3, Licht: 0","236606","3","4","6","04","15","2","","0","0","1","1","0"
"POINT (13.350247694000075 52.414307902000076)","Unfall 236607 (2024) Kat:3, Licht: 0","236607","3","2","5","04","14","2","","0","0","1","0","0"
"POINT (13.373309483000071 52.557018645000028)","Unfall 236608 (2024) Kat:3, Licht: 0","236608","3","2","5","04","13","2","","0","0","1","0","1"
"POINT (13.383503189000066 52.548578720000080)","Unfall 236609 (2024) Kat:3, Licht: 0","236609","3","3","5","04","13","2","","0","1","1","0","0"
"POINT (13.591360591000068 52.502646662000075)","Unfall 236610 (2024) Kat:2, Licht: 0","236610","2","2","5","04","12","2","","0","1","0","0","0"
"POINT (13.413970347000031 52.553629941000054)","Unfall 236611 (2024) Kat:3, Licht: 0","236611","3","6","2","04","11","2","","0","0","1","0","0"
"POINT (13.294545523000068 52.643156286000078)","Unfall 236612 (2024) Kat:3, Licht: 0","236612","3","5","1","04","08","2","","0","0","1","0","0"
"POINT (13.288894709000033 52.583991500000081)","Unfall 236613 (2024) Kat:3, Licht: 0","236613","3","6","2","04","08","2","","0","0","1","0","1"
"POINT (13.572901932000036 52.444615925000051)","Unfall 236614 (2024) Kat:3, Licht: 0","236614","3","1","0","04","07","2","","0","0","0","0","1"
"POINT (13.421970122000062 52.553876300000070)","Unfall 236615 (2024) Kat:2, Licht: 0","236615","2","3","5","04","07","2","","0","0","1","0","0"
"POINT (13.499667788000068 52.562421260000065)","Unfall 236616 (2024) Kat:3, Licht: 0","236616","3","5","1","04","14","1","","0","1","1","0","0"
"POINT (13.415242526000043 52.605134426000063)","Unfall 236617 (2024) Kat:3, Licht: 0","236617","3","3","5","04","11","1","","0","0","1","0","0"
"POINT (13.359961371000054 52.548874617000081)","Unfall 236618 (2024) Kat:3, Licht: 0","236618","3","7","4","04","15","1","","0","0","1","0","0"
"POINT (13.394482618000040 52.506967122000049)","Unfall 236619 (2024) Kat:3, Licht: 0","236619","3","3","0","05","18","6","","0","1","1","0","0"
"POINT (13.479302544000063 52.501863320000041)","Unfall 236620 (2024) Kat:3, Licht: 2","236620","3","5","1","04","23","1","","2","1","1","0","0"
"POINT (13.442356011000072 52.524738802000059)","Unfall 236621 (2024) Kat:3, Licht: 1","236621","3","6","2","04","20","1","","1","0","1","0","1"
"POINT (13.293644527000026 52.533945346000053)","Unfall 236622 (2024) Kat:3, Licht: 1","236622","3","1","0","04","19","1","","1","0","0","0","1"
"POINT (13.376728291000063 52.556322195000064)","Unfall 236623 (2024) Kat:3, Licht: 0","236623","3","6","2","04","18","1","","0","0","1","0","1"
"POINT (13.373769838000044 52.488008279000042)","Unfall 236624 (2024) Kat:3, Licht: 0","236624","3","6","2","04","18","1","","0","0","1","0","0"
"POINT (13.378741377000040 52.450375157000053)","Unfall 236625 (2024) Kat:3, Licht: 0","236625","3","5","1","04","15","1","","0","1","1","0","0"
"POINT (13.519135641000048 52.443306439000082)","Unfall 236626 (2024) Kat:3, Licht: 0","236626","3","7","5","04","15","1","","0","0","1","0","0"
"POINT (13.519264697000040 52.454015487000049)","Unfall 236627 (2024) Kat:3, Licht: 0","236627","3","6","2","04","14","1","","0","0","1","0","1"
"POINT (13.402038211000047 52.521107088000065)","Unfall 236628 (2024) Kat:3, Licht: 0","236628","3","7","1","04","13","1","","0","0","1","0","0"
"POINT (13.214865169000063 52.433008429000040)","Unfall 236629 (2024) Kat:3, Licht: 0","236629","3","3","5","04","11","1","","0","1","1","0","0"
"POINT (13.473690265000073 52.475012958000036)","Unfall 236630 (2024) Kat:3, Licht: 0","236630","3","3","5","04","10","1","","0","0","1","0","0"
"POINT (13.559601839000038 52.435522437000031)","Unfall 236631 (2024) Kat:3, Licht: 0","236631","3","3","5","04","09","1","","0","1","1","0","0"
"POINT (13.415356192000047 52.502482385000064)","Unfall 236632 (2024) Kat:3, Licht: 2","236632","3","7","0","04","02","1","","2","0","1","0","0"
"POINT (13.333692995000035 52.423139018000029)","Unfall 236633 (2024) Kat:3, Licht: 0","236633","3","3","0","04","18","1","","0","0","1","0","0"
"POINT (13.513536701000021 52.464734300000032)","Unfall 236634 (2024) Kat:3, Licht: 0","236634","3","2","5","04","17","1","","0","1","1","0","0"
"POINT (13.397351857000046 52.523835999000028)","Unfall 236635 (2024) Kat:2, Licht: 0","236635","2","1","0","04","12","1","","0","1","0","0","0"