WKT,Name,OBJECTID,UKATEGORIE,UTYP1,UART,UMONAT,USTUNDE,UWOCHENTAG,STRZUSTAND,ULICHTVERH,ISTRAD,ISTPKW,ISTFUSS,ISTKRAD
"POINT (13.428899703000070 52.585038379000082)","Unfall 236636 (2024) Kat:3, Licht: 0","236636","3","3","5","04","11","1","","0","1","1","0","0"
"POINT (13.401656859000070 52.489968160000046)","Unfall 236637 (2024) Kat:3, Licht: 2","236637","3","5","1","04","01","1","","2","0","1","0","0"
"POINT (13.147790324000027 52.418296752000060)","Unfall 236638 (2024) Kat:3, Licht: 2","236638","3","4","6","04","23","7","","2","0","1","1","0"
"POINT (13.344899819000034 52.489031464000050)","Unfall 236639 (2024) Kat:3, Licht: 0","236639","3","2","5","04","13","7","","0","0","1","0","0"
"POINT (13.376203023000073 52.549185990000069)","Unfall 236640 (2024) Kat:3, Licht: 2","236640","3","6","2","04","21","7","","2","1","0","0","0"
"POINT (13.331014514000060 52.501611365000031)","Unfall 236641 (2024) Kat:3, Licht: 0","236641","3","5","1","04","18","7","","0","1","1","0","0"
"POINT (13.339282960000048 52.596295713000075)","Unfall 236642 (2024) Kat:3, Licht: 0","236642","3","2","5","05","16","6","","0","0","1","0","1"
"POINT (13.315468724000027 52.449438362000080)","Unfall 236643 (2024) Kat:2, Licht: 0","236643","2","4","6","04","16","7","","0","0","1","1","0"
"POINT (13.307802650000042 52.523265505000040)","Unfall 236644 (2024) Kat:3, Licht: 0","236644","3","3","0","04","16","7","","0","1","1","0","0"
"POINT (13.314792050000051 52.577412453000079)","Unfall 236645 (2024) Kat:2, Licht: 0","236645","2","7","5","04","14","7","","0","0","0","0","1"
"POINT (13.435552719000043 52.480900351000059)","Unfall 236646 (2024) Kat:3, Licht: 0","236646","3","1","2","04","18","7","","0","0","1","0","0"
"POINT (13.353107299000044 52.596523035000075)","Unfall 236647 (2024) Kat:3, Licht: 0","236647","3","7","0","04","11","3","","0","0","1","0","0"
"POINT (13.314226617000031 52.605492274000028)","Unfall 236648 (2024) Kat:3, Licht: 0","236648","3","4","6","04","11","7","","0","0","1","1","0"
"POINT (13.331735064000043 52.505498500000044)","Unfall 236649 (2024) Kat:3, Licht: 0","236649","3","4","6","04","10","7","","0","0","0","1","0"
"POINT (13.274785363000035 52.589212392000036)","Unfall 236650 (2024) Kat:3, Licht: 0","236650","3","7","0","04","10","7","","0","0","0","0","0"
"POINT (13.344805909000058 52.437466086000029)","Unfall 236651 (2024) Kat:3, Licht: 0","236651","3","4","6","04","14","7","","0","0","1","1","0"
"POINT (13.385812930000043 52.465728471000034)","Unfall 236652 (2024) Kat:3, Licht: 0","236652","3","2","6","04","14","7","","0","0","1","1","0"
"POINT (13.639431825000031 52.476695651000057)","Unfall 236653 (2024) Kat:2, Licht: 0","236653","2","6","2","04","13","7","","0","0","1","0","1"
"POINT (13.470342254000059 52.553720307000049)","Unfall 236654 (2024) Kat:3, Licht: 0","236654","3","7","5","04","09","7","","0","0","1","0","0"
"POINT (13.332745085000056 52.476300550000076)","Unfall 236655 (2024) Kat:3, Licht: 0","236655","3","6","4","04","13","7","","0","1","0","0","1"
"POINT (13.400125016000061 52.539421861000051)","Unfall 236656 (2024) Kat:3, Licht: 0","236656","3","3","5","04","10","7","","0","1","1","0","0"
"POINT (13.393142159000035 52.528396595000061)","Unfall 236657 (2024) Kat:3, Licht: 0","236657","3","5","1","05","17","3","","0","1","1","0","0"
"POINT (13.300411144000066 52.507895569000027)","Unfall 236658 (2024) Kat:3, Licht: 0","236658","3","3","5","04","14","1","","0","0","1","0","0"
"POINT (13.416478421000022 52.511014070000044)","Unfall 236659 (2024) Kat:3, Licht: 2","236659","3","5","1","04","04","7","","2","0","1","0","0"
"POINT (13.333877494000035 52.495179586000063)","Unfall 236660 (2024) Kat:3, Licht: 0","236660","3","5","5","04","11","3","","0","0","1","0","1"
"POINT (13.516548069000066 52.421200202000080)","Unfall 236661 (2024) Kat:3, Licht: 0","236661","3","5","1","04","17","7","","0","0","1","0","0"
"POINT (13.255713782000043 52.520209431000069)","Unfall 236662 (2024) Kat:3, Licht: 0","236662","3","5","1","04","15","7","","0","1","1","0","0"
"POINT (13.347437690000049 52.578544479000072)","Unfall 236663 (2024) Kat:3, Licht: 0","236663","3","2","2","04","12","2","","0","0","1","0","0"
"POINT (13.524327240000048 52.401898006000067)","Unfall 236664 (2024) Kat:3, Licht: 0","236664","3","7","5","04","13","7","","0","0","1","0","1"
"POINT (13.285385104000056 52.588703390000035)","Unfall 236665 (2024) Kat:3, Licht: 0","236665","3","5","1","04","08","7","","0","1","0","0","0"
"POINT (13.331084441000030 52.495377666000081)","Unfall 236666 (2024) Kat:3, Licht: 0","236666","3","3","5","04","08","7","","0","0","1","0","0"
"POINT (13.370867755000063 52.492182153000044)","Unfall 236667 (2024) Kat:3, Licht: 0","236667","3","5","5","05","06","5","","0","1","1","0","0"
"POINT (13.318118938000055 52.487850707000064)","Unfall 236668 (2024) Kat:3, Licht: 0","236668","3","7","1","04","06","7","","0","0","1","0","0"
"POINT (13.143712002000029 52.454445288000045)","Unfall 236669 (2024) Kat:1, Licht: 0","236669","1","7","6","04","12","6","","0","0","0","1","0"
"POINT (13.424706183000069 52.484010615000045)","Unfall 236670 (2024) Kat:3, Licht: 1","236670","3","7","5","04","19","6","","1","0","1","0","1"
"POINT (13.437239717000068 52.455587223000066)","Unfall 236671 (2024) Kat:2, Licht: 2","236671","2","4","6","04","22","6","","2","0","1","1","0"
"POINT (13.444710622000059 52.485171896000054)","Unfall 236672 (2024) Kat:3, Licht: 2","236672","3","3","5","04","21","6","","2","0","1","0","1"
"POINT (13.425051313000040 52.480841238000039)","Unfall 236673 (2024) Kat:2, Licht: 0","236673","2","3","5","04","17","6","","0","0","1","0","0"
"POINT (13.640644298000041 52.523584317000029)","Unfall 236674 (2024) Kat:3, Licht: 0","236674","3","5","1","04","15","6","","0","0","1","0","0"
"POINT (13.418774318000033 52.500558499000078)","Unfall 236675 (2024) Kat:3, Licht: 0","236675","3","5","1","04","14","6","","0","1","1","0","0"
"POINT (13.478629857000044 52.477528044000053)","Unfall 236676 (2024) Kat:3, Licht: 0","236676","3","2","5","04","15","6","","0","0","1","0","0"
"POINT (13.377815514000076 52.456224466000037)","Unfall 236677 (2024) Kat:3, Licht: 2","236677","3","1","2","04","23","6","","2","1","0","0","1"
"POINT (13.343278787000031 52.533309844000030)","Unfall 236678 (2024) Kat:2, Licht: 2","236678","2","1","0","04","21","6","","2","1","0","0","0"
"POINT (13.339993493000065 52.539785238000036)","Unfall 236679 (2024) Kat:3, Licht: 0","236679","3","3","5","04","09","6","","0","1","0","0","0"
"POINT (13.539707128000032 52.539816446000032)","Unfall 236680 (2024) Kat:2, Licht: 0","236680","2","3","5","04","18","6","","0","0","1","0","0"
"POINT (13.390271226000038 52.508592239000052)","Unfall 236681 (2024) Kat:2, Licht: 2","236681","2","3","5","04","22","6","","2","0","1","0","0"
"POINT (13.379908555000043 52.540083663000075)","Unfall 236682 (2024) Kat:3, Licht: 0","236682","3","1","8","04","17","6","","0","0","1","0","0"
"POINT (13.359432380000044 52.456715530000054)","Unfall 236683 (2024) Kat:2, Licht: 0","236683","2","2","6","04","15","6","","0","0","1","1","0"
"POINT (13.329767583000034 52.563117428000055)","Unfall 236684 (2024) Kat:3, Licht: 0","236684","3","2","0","04","14","6","","0","1","1","0","0"
"POINT (13.457636684000022 52.439278024000032)","Unfall 236685 (2024) Kat:3, Licht: 0","236685","3","4","6","05","14","3","","0","0","0","1","1"
"POINT (13.299542906000056 52.473421527000028)","Unfall 236686 (2024) Kat:3, Licht: 0","236686","3","4","6","04","11","6","","0","0","0","1","0"
"POINT (13.474849889000041 52.425688587000081)","Unfall 236687 (2024) Kat:3, Licht: 0","236687","3","6","2","04","13","6","","0","0","1","0","0"
"POINT (13.299607776000073 52.520067431000030)","Unfall 236688 (2024) Kat:3, Licht: 0","236688","3","4","6","04","13","6","","0","1","0","1","0"
"POINT (13.417996205000065 52.518038614000034)","Unfall 236689 (2024) Kat:3, Licht: 0","236689","3","3","5","04","12","6","","0","1","1","0","0"
"POINT (13.465161914000078 52.516428353000038)","Unfall 236690 (2024) Kat:3, Licht: 0","236690","3","3","5","04","12","6","","0","1","1","0","0"
"POINT (13.394653811000069 52.412989983000045)","Unfall 236691 (2024) Kat:3, Licht: 0","236691","3","7","3","04","11","6","","0","0","1","0","1"
"POINT (13.200565391000055 52.537827173000039)","Unfall 236692 (2024) Kat:3, Licht: 0","236692","3","2","0","04","10","6","","0","0","1","0","0"
"POINT (13.198098234000042 52.478119767000067)","Unfall 236693 (2024) Kat:2, Licht: 0","236693","2","7","0","04","19","6","","0","1","0","0","0"
"POINT (13.348892594000063 52.491226698000048)","Unfall 236694 (2024) Kat:3, Licht: 0","236694","3","1","9","04","16","6","","0","0","1","0","0"
"POINT (13.378270179000026 52.467025888000080)","Unfall 236695 (2024) Kat:3, Licht: 0","236695","3","3","5","04","15","6","","0","0","1","0","0"
"POINT (13.427764078000052 52.481090531000063)","Unfall 236696 (2024) Kat:3, Licht: 0","236696","3","3","5","04","07","6","","0","1","1","0","0"
"POINT (13.536301800000047 52.451327568000067)","Unfall 236697 (2024) Kat:3, Licht: 0","236697","3","3","5","04","19","5","","0","1","1","0","0"
"POINT (13.572776232000024 52.550134732000060)","Unfall 236698 (2024) Kat:3, Licht: 0","236698","3","2","5","04","17","5","","0","0","1","0","0"
"POINT (13.425540657000056 52.479789641000082)","Unfall 236699 (2024) Kat:3, Licht: 0","236699","3","5","1","04","17","5","","0","1","1","0","0"
"POINT (13.433279155000037 52.444903466000028)","Unfall 236700 (2024) Kat:3, Licht: 0","236700","3","3","5","04","10","5","","0","0","1","0","1"
"POINT (13.437653116000035 52.555948722000039)","Unfall 236701 (2024) Kat:2, Licht: 2","236701","2","5","1","05","22","4","","2","1","1","0","0"
"POINT (13.508862841000052 52.452597943000058)","Unfall 236702 (2024) Kat:3, Licht: 0","236702","3","2","5","04","08","5","","0","1","1","0","0"
"POINT (13.332785666000063 52.478782488000036)","Unfall 236703 (2024) Kat:3, Licht: 0","236703","3","2","5","04","19","5","","0","1","1","0","0"
"POINT (13.526658331000021 52.426520458000027)","Unfall 236704 (2024) Kat:3, Licht: 1","236704","3","2","5","04","19","5","","1","1","0","0","0"
"POINT (13.219633048000048 52.556247285000040)","Unfall 236705 (2024) Kat:2, Licht: 0","236705","2","4","6","05","17","5","","0","0","1","1","0"
"POINT (13.406180864000078 52.450705427000059)","Unfall 236706 (2024) Kat:3, Licht: 0","236706","3","6","2","04","15","5","","0","0","1","0","0"
"POINT (13.287108910000029 52.458083198000054)","Unfall 236707 (2024) Kat:2, Licht: 0","236707","2","2","5","04","13","5","","0","0","1","0","0"
"POINT (13.399490385000036 52.416905358000065)","Unfall 236708 (2024) Kat:3, Licht: 0","236708","3","2","6","04","13","5","","0","0","1","1","0"
"POINT (13.346303776000070 52.436006498000040)","Unfall 236709 (2024) Kat:2, Licht: 0","236709","2","4","6","04","11","5","","0","0","1","1","0"
"POINT (13.329426632000036 52.568175732000043)","Unfall 236710 (2024) Kat:3, Licht: 0","236710","3","2","0","04","11","5","","0","0","1","0","0"
"POINT (13.450962283000024 52.567965159000039)","Unfall 236711 (2024) Kat:3, Licht: 2","236711","3","7","7","04","06","5","","2","1","1","0","0"
"POINT (13.315327400000058 52.445674740000072)","Unfall 236712 (2024) Kat:3, Licht: 2","236712","3","6","2","04","04","5","","2","0","1","0","0"
"POINT (13.441624030000071 52.469816098000081)","Unfall 236713 (2024) Kat:3, Licht: 2","236713","3","2","6","04","00","5","","2","0","1","1","0"
"POINT (13.323769767000044 52.502188059000048)","Unfall 236714 (2024) Kat:3, Licht: 0","236714","3","6","2","04","16","5","","0","0","1","0","0"
"POINT (13.443600452000055 52.525094309000053)","Unfall 236715 (2024) Kat:3, Licht: 0","236715","3","6","2","04","15","5","","0","0","1","0","0"
"POINT (13.405193647000033 52.496075699000073)","Unfall 236716 (2024) Kat:2, Licht: 2","236716","2","3","5","04","23","5","","2","1","1","0","0"
"POINT (13.523674165000045 52.507231185000080)","Unfall 236717 (2024) Kat:3, Licht: 0","236717","3","7","2","04","14","5","","0","0","0","0","1"
"POINT (13.391618536000067 52.500938586000075)","Unfall 236718 (2024) Kat:2, Licht: 0","236718","2","3","5","04","20","5","","0","0","1","0","0"
"POINT (13.263338920000024 52.491744769000036)","Unfall 236719 (2024) Kat:3, Licht: 0","236719","3","6","2","04","16","5","","0","0","1","0","1"
"POINT (13.441003425000076 52.424633068000048)","Unfall 236720 (2024) Kat:3, Licht: 0","236720","3","3","5","04","15","5","","0","1","1","0","0"
"POINT (13.345904300000029 52.510420127000032)","Unfall 236721 (2024) Kat:3, Licht: 1","236721","3","6","3","05","20","4","","1","1","1","0","0"
"POINT (13.429115554000077 52.466098791000036)","Unfall 236722 (2024) Kat:3, Licht: 1","236722","3","4","6","04","19","5","","1","1","0","1","0"
"POINT (13.443036402000075 52.614612434000037)","Unfall 236723 (2024) Kat:2, Licht: 1","236723","2","6","2","04","19","5","","1","0","1","0","1"
"POINT (13.454620554000030 52.646404367000059)","Unfall 236724 (2024) Kat:1, Licht: 0","236724","1","6","3","04","10","5","","0","0","1","0","0"
"POINT (13.351150710000070 52.509635626000033)","Unfall 236725 (2024) Kat:3, Licht: 2","236725","3","2","5","04","22","4","","2","1","1","0","0"
"POINT (13.415389858000026 52.451464691000069)","Unfall 236726 (2024) Kat:2, Licht: 2","236726","2","6","2","04","21","4","","2","0","1","0","0"
"POINT (13.281707577000077 52.512854303000040)","Unfall 236727 (2024) Kat:2, Licht: 0","236727","2","1","0","04","16","4","","0","0","0","0","1"
"POINT (13.297502534000046 52.534577116000037)","Unfall 236728 (2024) Kat:3, Licht: 0","236728","3","2","5","05","10","2","","0","0","1","0","1"
"POINT (13.328403761000061 52.464846761000047)","Unfall 236729 (2024) Kat:3, Licht: 0","236729","3","2","5","04","16","4","","0","0","1","0","0"
"POINT (13.309379272000058 52.431079802000056)","Unfall 236730 (2024) Kat:3, Licht: 0","236730","3","7","6","05","14","2","","0","0","1","1","0"
"POINT (13.427607311000031 52.560494462000065)","Unfall 236731 (2024) Kat:3, Licht: 0","236731","3","3","5","04","15","4","","0","1","1","0","0"
"POINT (13.450814841000067 52.527353619000053)","Unfall 236732 (2024) Kat:3, Licht: 0","236732","3","2","5","04","09","4","","0","1","1","0","0"
"POINT (13.376129664000075 52.501574709000067)","Unfall 236733 (2024) Kat:3, Licht: 0","236733","3","2","3","04","07","4","","0","1","1","0","0"
"POINT (13.593582159000050 52.547248148000051)","Unfall 236734 (2024) Kat:2, Licht: 0","236734","2","3","5","04","07","4","","0","0","1","0","1"
"POINT (13.369848641000033 52.559741630000076)","Unfall 236735 (2024) Kat:3, Licht: 0","236735","3","2","5","04","07","4","","0","1","0","0","0"
"POINT (13.440615291000029 52.517035372000066)","Unfall 236736 (2024) Kat:3, Licht: 0","236736","3","2","5","04","18","4","","0","1","1","0","0"
"POINT (13.237721620000059 52.443977748000066)","Unfall 236737 (2024) Kat:3, Licht: 0","236737","3","3","5","04","17","4","","0","1","1","0","0"
"POINT (13.423324880000052 52.520196505000058)","Unfall 236738 (2024) Kat:3, Licht: 0","236738","3","3","5","04","15","4","","0","1","1","0","0"
"POINT (13.495191151000029 52.431719514000065)","Unfall 236739 (2024) Kat:3, Licht: 0","236739","3","2","5","04","12","7","","0","0","1","0","0"
"POINT (13.385528947000068 52.467120253000076)","Unfall 236740 (2024) Kat:3, Licht: 0","236740","3","3","5","04","13","4","","0","0","1","0","0"
"POINT (13.279785082000046 52.521453404000056)","Unfall 236741 (2024) Kat:3, Licht: 0","236741","3","5","1","05","13","7","","0","0","1","0","1"
"POINT (13.492272644000025 52.565106538000066)","Unfall 236742 (2024) Kat:3, Licht: 0","236742","3","2","5","04","11","4","","0","0","1","0","0"
"POINT (13.396761515000037 52.515188426000066)","Unfall 236743 (2024) Kat:3, Licht: 0","236743","3","7","5","04","10","4","","0","1","1","0","0"
"POINT (13.520570471000042 52.568737748000046)","Unfall 236744 (2024) Kat:3, Licht: 0","236744","3","3","5","04","09","4","","0","0","1","0","1"
"POINT (13.355413336000026 52.413331120000066)","Unfall 236745 (2024) Kat:3, Licht: 0","236745","3","2","2","04","18","4","","0","0","1","0","0"
"POINT (13.382453100000077 52.530413509000027)","Unfall 236746 (2024) Kat:2, Licht: 0","236746","2","1","0","04","16","4","","0","1","0","0","0"
"POINT (13.317505805000053 52.489320263000081)","Unfall 236747 (2024) Kat:3, Licht: 0","236747","3","7","2","04","13","4","","0","1","1","0","0"
"POINT (13.315053993000049 52.437976074000062)","Unfall 236748 (2024) Kat:3, Licht: 0","236748","3","3","5","04","14","4","","0","1","1","0","0"
"POINT (13.363024583000026 52.566654410000069)","Unfall 236749 (2024) Kat:2, Licht: 0","236749","2","4","6","04","13","4","","0","0","0","1","0"
"POINT (13.207560180000030 52.556521406000059)","Unfall 236750 (2024) Kat:3, Licht: 0","236750","3","6","2","04","11","4","","0","0","1","0","0"
"POINT (13.429079255000033 52.486588309000069)","Unfall 236751 (2024) Kat:3, Licht: 0","236751","3","2","5","04","16","3","","0","1","1","0","0"
"POINT (13.528414387000055 52.556799796000064)","Unfall 236752 (2024) Kat:3, Licht: 0","236752","3","6","2","04","10","4","","0","0","1","0","0"
"POINT (13.417724582000062 52.506411218000039)","Unfall 236753 (2024) Kat:3, Licht: 0","236753","3","6","2","04","08","4","","0","1","1","0","0"
"POINT (13.250401533000058 52.448060028000043)","Unfall 236754 (2024) Kat:3, Licht: 0","236754","3","5","1","04","08","4","","0","0","1","0","0"
"POINT (13.415987681000047 52.490992089000031)","Unfall 236755 (2024) Kat:3, Licht: 0","236755","3","7","5","04","09","3","","0","1","1","0","0"
"POINT (13.333538933000057 52.495972515000062)","Unfall 236756 (2024) Kat:3, Licht: 0","236756","3","6","4","04","09","4","","0","1","1","0","0"
"POINT (13.326962002000073 52.457980656000075)","Unfall 236757 (2024) Kat:3, Licht: 0","236757","3","3","5","04","08","4","","0","1","1","0","0"
"POINT (13.370127825000054 52.553137472000060)","Unfall 236758 (2024) Kat:3, Licht: 0","236758","3","3","5","04","06","3","","0","0","1","0","0"
"POINT (13.476105664000045 52.512598412000045)","Unfall 236759 (2024) Kat:3, Licht: 2","236759","3","7","0","04","22","3","","2","0","0","0","1"
"POINT (13.388460618000067 52.588282386000060)","Unfall 236760 (2024) Kat:2, Licht: 1","236760","2","1","0","04","19","3","","1","0","0","0","0"
"POINT (13.332837850000033 52.472478515000034)","Unfall 236761 (2024) Kat:3, Licht: 0","236761","3","7","2","04","18","3","","0","1","0","0","0"
"POINT (13.295271217000050 52.507170149000046)","Unfall 236762 (2024) Kat:3, Licht: 0","236762","3","7","5","04","18","3","","0","0","1","0","1"
"POINT (13.393396818000042 52.386585638000042)","Unfall 236763 (2024) Kat:3, Licht: 0","236763","3","3","5","05","14","1","","0","0","1","0","0"
"POINT (13.350649529000066 52.505933855000080)","Unfall 236764 (2024) Kat:3, Licht: 0","236764","3","6","0","04","17","3","","0","1","0","0","0"
"POINT (13.306561633000058 52.528846089000069)","Unfall 236765 (2024) Kat:3, Licht: 0","236765","3","2","2","04","15","3","","0","0","1","0","0"
"POINT (13.353881891000071 52.413483079000059)","Unfall 236766 (2024) Kat:3, Licht: 0","236766","3","6","2","04","11","3","","0","0","1","0","0"
"POINT (13.591723436000052 52.544981231000065)","Unfall 236767 (2024) Kat:3, Licht: 0","236767","3","2","5","04","09","3","","0","0","1","0","0"
"POINT (13.359565582000073 52.486456501000077)","Unfall 236768 (2024) Kat:2, Licht: 0","236768","2","1","8","04","09","3","","0","0","0","0","1"
"POINT (13.343791666000072 52.536122947000081)","Unfall 236769 (2024) Kat:3, Licht: 0","236769","3","1","0","04","06","3","","0","1","0","0","0"
"POINT (13.135579204000067 52.525831848000053)","Unfall 236770 (2024) Kat:2, Licht: 2","236770","2","5","1","04","00","3","","2","0","1","0","0"
"POINT (13.441485005000061 52.470583334000082)","Unfall 236771 (2024) Kat:3, Licht: 0","236771","3","1","0","04","12","3","","0","1","0","0","0"
"POINT (13.378625282000030 52.529271961000063)","Unfall 236772 (2024) Kat:3, Licht: 2","236772","3","6","2","04","23","3","","2","0","1","0","0"
"POINT (13.325140890000057 52.564811039000062)","Unfall 236773 (2024) Kat:3, Licht: 2","236773","3","7","5","04","23","3","","2","0","1","0","0"
"POINT (13.332784598000046 52.478654795000068)","Unfall 236774 (2024) Kat:3, Licht: 0","236774","3","2","5","04","18","3","","0","0","1","0","0"
"POINT (13.374029308000047 52.547518355000079)","Unfall 236775 (2024) Kat:3, Licht: 0","236775","3","2","5","04","18","3","","0","1","1","0","0"
"POINT (13.368857469000034 52.508870618000060)","Unfall 236776 (2024) Kat:2, Licht: 0","236776","2","4","0","04","13","3","","0","0","0","1","0"
"POINT (13.227153093000027 52.544271544000026)","Unfall 236777 (2024) Kat:3, Licht: 0","236777","3","3","5","04","12","3","","0","1","0","0","0"
"POINT (13.358150538000075 52.509907873000031)","Unfall 236778 (2024) Kat:3, Licht: 0","236778","3","5","1","05","09","4","","0","0","0","0","1"
"POINT (13.266260854000052 52.513151410000035)","Unfall 236779 (2024) Kat:2, Licht: 0","236779","2","7","6","04","11","3","","0","0","1","1","0"
"POINT (13.296863899000073 52.487506890000077)","Unfall 236780 (2024) Kat:2, Licht: 2","236780","2","5","1","04","23","3","","2","0","1","0","0"
"POINT (13.270118350000075 52.485883753000053)","Unfall 236781 (2024) Kat:3, Licht: 0","236781","3","7","5","04","08","3","","0","0","1","0","0"
"POINT (13.522371879000048 52.402856503000066)","Unfall 236782 (2024) Kat:2, Licht: 0","236782","2","5","1","05","12","2","","0","0","1","0","0"
"POINT (13.445919513000035 52.544675853000058)","Unfall 236783 (2024) Kat:3, Licht: 0","236783","3","3","5","04","08","3","","0","0","1","0","0"
"POINT (13.410363713000038 52.528070770000056)","Unfall 236784 (2024) Kat:3, Licht: 0","236784","3","3","5","04","07","3","","0","1","0","0","1"
"POINT (13.282479587000068 52.441018630000030)","Unfall 236785 (2024) Kat:3, Licht: 0","236785","3","5","1","04","18","3","","0","0","1","0","0"
"POINT (13.454258004000053 52.547895692000054)","Unfall 236786 (2024) Kat:3, Licht: 0","236786","3","5","1","04","16","3","","0","1","1","0","0"
"POINT (13.296384024000076 52.499164903000064)","Unfall 236787 (2024) Kat:2, Licht: 0","236787","2","2","5","04","18","3","","0","1","1","0","0"
"POINT (13.577270759000044 52.455764181000063)","Unfall 236788 (2024) Kat:3, Licht: 0","236788","3","2","6","04","17","3","","0","0","0","1","0"
"POINT (13.303309240000033 52.600593591000063)","Unfall 236789 (2024) Kat:3, Licht: 0","236789","3","2","5","04","15","3","","0","1","1","0","0"
"POINT (13.380651466000074 52.532502971000042)","Unfall 236790 (2024) Kat:3, Licht: 0","236790","3","5","1","04","14","3","","0","1","1","0","0"
"POINT (13.363701706000029 52.455896853000070)","Unfall 236791 (2024) Kat:3, Licht: 0","236791","3","6","2","04","16","3","","0","0","1","0","1"
"POINT (13.280957751000074 52.593915570000036)","Unfall 236792 (2024) Kat:3, Licht: 0","236792","3","2","2","04","13","3","","0","0","1","0","1"
"POINT (13.179124324000043 52.532807556000080)","Unfall 236793 (2024) Kat:3, Licht: 0","236793","3","7","5","04","10","3","","0","0","1","0","0"
"POINT (13.421121891000041 52.500784013000043)","Unfall 236794 (2024) Kat:2, Licht: 0","236794","2","5","1","05","18","2","","0","1","1","0","0"
"POINT (13.314720241000032 52.514747875000069)","Unfall 236795 (2024) Kat:3, Licht: 0","236795","3","6","2","04","10","3","","0","0","1","0","1"
"POINT (13.416161167000041 52.496870351000041)","Unfall 236796 (2024) Kat:3, Licht: 0","236796","3","7","6","04","11","3","","0","0","0","1","1"
"POINT (13.456559650000031 52.507679589000077)","Unfall 236797 (2024) Kat:2, Licht: 1","236797","2","1","0","04","19","3","","1","1","0","0","0"
"POINT (13.230452651000064 52.606327199000077)","Unfall 236798 (2024) Kat:3, Licht: 0","236798","3","4","6","04","14","3","","0","0","1","1","0"
"POINT (13.465404678000027 52.507707445000051)","Unfall 236799 (2024) Kat:2, Licht: 0","236799","2","2","5","04","08","3","","0","1","1","0","0"
"POINT (13.367632166000021 52.525796707000040)","Unfall 236800 (2024) Kat:3, Licht: 0","236800","3","2","5","04","18","3","","0","1","1","0","0"
"POINT (13.334907342000065 52.499378845000081)","Unfall 236801 (2024) Kat:3, Licht: 0","236801","3","6","2","04","12","3","","0","0","1","0","0"
"POINT (13.462837206000074 52.558618664000051)","Unfall 236802 (2024) Kat:1, Licht: 0","236802","1","1","4","04","09","2","","0","1","0","0","0"
"POINT (13.274160819000031 52.536941828000067)","Unfall 236803 (2024) Kat:3, Licht: 1","236803","3","3","5","04","21","2","","1","1","1","0","0"
"POINT (13.514799334000031 52.468794270000046)","Unfall 236804 (2024) Kat:3, Licht: 0","236804","3","2","5","04","18","2","","0","1","1","0","0"
"POINT (13.551520071000027 52.428626787000042)","Unfall 236805 (2024) Kat:2, Licht: 0","236805","2","2","5","04","08","2","","0","1","1","0","0"
"POINT (13.371730180000043 52.470015495000041)","Unfall 236806 (2024) Kat:3, Licht: 0","236806","3","2","5","05","16","2","","0","1","1","0","0"
"POINT (13.357594996000046 52.488648889000046)","Unfall 236807 (2024) Kat:3, Licht: 0","236807","3","3","5","04","17","2","","0","1","1","0","0"
"POINT (13.454123585000048 52.510308931000054)","Unfall 236808 (2024) Kat:3, Licht: 0","236808","3","5","1","04","18","2","","0","1","0","0","0"
"POINT (13.272175273000073 52.453617190000045)","Unfall 236809 (2024) Kat:3, Licht: 0","236809","3","2","5","04","18","2","","0","1","1","0","0"
"POINT (13.398886641000047 52.508223552000061)","Unfall 236810 (2024) Kat:3, Licht: 0","236810","3","2","2","04","15","2","","0","1","1","0","0"
"POINT (13.296236248000071 52.485632054000064)","Unfall 236811 (2024) Kat:3, Licht: 0","236811","3","7","5","04","15","2","","0","0","1","0","0"
"POINT (13.305656670000076 52.613180195000041)","Unfall 236812 (2024) Kat:3, Licht: 0","236812","3","4","6","04","14","2","","0","1","0","1","0"
"POINT (13.334101769000029 52.502844216000028)","Unfall 236813 (2024) Kat:3, Licht: 0","236813","3","7","1","04","12","2","","0","0","1","0","0"
"POINT (13.335241232000044 52.595660034000048)","Unfall 236814 (2024) Kat:3, Licht: 0","236814","3","6","0","04","08","2","","0","0","1","0","0"
"POINT (13.601564086000053 52.451680352000039)","Unfall 236815 (2024) Kat:3, Licht: 0","236815","3","4","0","05","11","7","","0","0","0","1","0"
"POINT (13.376711670000077 52.489417091000064)","Unfall 236816 (2024) Kat:3, Licht: 0","236816","3","2","2","04","14","2","","0","0","1","0","0"
"POINT (13.424244924000050 52.508300269000074)","Unfall 236817 (2024) Kat:3, Licht: 0","236817","3","1","0","04","13","2","","0","0","0","0","1"
"POINT (13.386616712000034 52.490078415000028)","Unfall 236818 (2024) Kat:3, Licht: 0","236818","3","2","0","04","15","2","","0","1","1","0","0"
"POINT (13.496498089000056 52.534024956000053)","Unfall 236819 (2024) Kat:2, Licht: 0","236819","2","3","5","04","10","2","","0","1","0","0","0"
"POINT (13.364184445000035 52.527982731000066)","Unfall 236820 (2024) Kat:3, Licht: 0","236820","3","7","6","04","18","2","","0","0","0","1","0"
"POINT (13.531882257000063 52.568092863000061)","Unfall 236821 (2024) Kat:3, Licht: 0","236821","3","4","6","04","07","2","","0","0","1","1","0"
"POINT (13.343207567000036 52.532051333000027)","Unfall 236822 (2024) Kat:3, Licht: 0","236822","3","3","5","04","17","2","","0","1","0","0","1"