WKT,Name,OBJECTID,UKATEGORIE,UTYP1,UART,UMONAT,USTUNDE,UWOCHENTAG,STRZUSTAND,ULICHTVERH,ISTRAD,ISTPKW,ISTFUSS,ISTKRAD
"POINT (13.469292358000075 52.508864351000057)","Unfall 236823 (2024) Kat:3, Licht: 0","236823","3","3","5","04","17","2","","0","1","1","0","0"
"POINT (13.573549374000038 52.552413256000079)","Unfall 236824 (2024) Kat:3, Licht: 0","236824","3","3","5","04","05","2","","0","0","1","0","0"
"POINT (13.389974958000039 52.509445113000027)","Unfall 236825 (2024) Kat:3, Licht: 0","236825","3","3","5","04","14","2","","0","0","1","0","0"
"POINT (13.357254135000062 52.524490697000033)","Unfall 236826 (2024) Kat:3, Licht: 0","236826","3","1","9","04","14","2","","0","0","1","0","0"
"POINT (13.342983220000065 52.526361053000073)","Unfall 236827 (2024) Kat:3, Licht: 0","236827","3","2","5","04","14","2","","0","1","0","0","0"
"POINT (13.284981952000066 52.417193953000037)","Unfall 236828 (2024) Kat:3, Licht: 0","236828","3","2","4","04","13","2","","0","1","0","0","0"
"POINT (13.414804072000038 52.500508953000065)","Unfall 236829 (2024) Kat:3, Licht: 0","236829","3","5","5","04","09","2","","0","0","1","0","1"
"POINT (13.349644816000023 52.485832873000049)","Unfall 236830 (2024) Kat:3, Licht: 0","236830","3","2","5","04","09","2","","0","0","1","0","1"
"POINT (13.363713865000022 52.411698979000050)","Unfall 236831 (2024) Kat:3, Licht: 1","236831","3","5","1","04","04","2","","1","0","1","0","1"
"POINT (13.434744729000045 52.461829198000032)","Unfall 236832 (2024) Kat:3, Licht: 0","236832","3","6","0","05","15","3","","0","0","1","0","0"
"POINT (13.445879029000025 52.445593143000053)","Unfall 236833 (2024) Kat:3, Licht: 0","236833","3","3","5","04","17","1","","0","1","1","0","0"
"POINT (13.363191269000026 52.596950089000075)","Unfall 236834 (2024) Kat:3, Licht: 2","236834","3","3","0","04","21","1","","2","0","1","0","0"
"POINT (13.304666173000044 52.491222681000067)","Unfall 236835 (2024) Kat:3, Licht: 1","236835","3","2","5","04","19","1","","1","1","1","0","0"
"POINT (13.277971961000048 52.465551943000037)","Unfall 236836 (2024) Kat:3, Licht: 0","236836","3","7","1","04","18","1","","0","0","1","0","0"
"POINT (13.341256982000061 52.476469249000047)","Unfall 236837 (2024) Kat:3, Licht: 0","236837","3","6","2","04","15","1","","0","0","1","0","0"
"POINT (13.432912618000046 52.456335575000026)","Unfall 236838 (2024) Kat:2, Licht: 0","236838","2","3","5","04","14","1","","0","0","1","0","0"
"POINT (13.448916445000066 52.475533356000028)","Unfall 236839 (2024) Kat:2, Licht: 0","236839","2","1","1","04","14","1","","0","0","1","0","1"
"POINT (13.293171578000056 52.534520092000037)","Unfall 236840 (2024) Kat:3, Licht: 0","236840","3","2","5","04","13","1","","0","0","1","0","0"
"POINT (13.334793444000070 52.427491731000032)","Unfall 236841 (2024) Kat:3, Licht: 0","236841","3","3","5","04","13","1","","0","0","1","0","0"
"POINT (13.452006031000053 52.438189283000042)","Unfall 236842 (2024) Kat:3, Licht: 0","236842","3","3","5","04","12","1","","0","0","1","0","0"
"POINT (13.439952167000058 52.567514467000080)","Unfall 236843 (2024) Kat:3, Licht: 0","236843","3","6","0","04","11","1","","0","1","1","0","0"
"POINT (13.448826342000075 52.485033348000059)","Unfall 236844 (2024) Kat:3, Licht: 0","236844","3","3","5","04","11","1","","0","0","1","0","0"
"POINT (13.460948437000070 52.563935618000073)","Unfall 236845 (2024) Kat:3, Licht: 0","236845","3","3","5","04","15","3","","0","1","1","0","0"
"POINT (13.192516851000050 52.433736756000030)","Unfall 236846 (2024) Kat:3, Licht: 0","236846","3","6","4","04","10","1","","0","1","0","0","0"
"POINT (13.426744047000057 52.452383526000062)","Unfall 236847 (2024) Kat:3, Licht: 2","236847","3","7","1","04","02","1","","2","0","1","0","0"
"POINT (13.186731565000059 52.426031522000073)","Unfall 236848 (2024) Kat:3, Licht: 0","236848","3","6","4","04","16","1","","0","0","1","0","0"
"POINT (13.448709469000050 52.564613615000042)","Unfall 236849 (2024) Kat:3, Licht: 0","236849","3","5","1","04","16","1","","0","0","1","0","0"
"POINT (13.344228166000050 52.466888388000029)","Unfall 236850 (2024) Kat:3, Licht: 0","236850","3","4","6","05","10","4","","0","0","1","1","0"
"POINT (13.407582004000062 52.541216281000061)","Unfall 236851 (2024) Kat:3, Licht: 0","236851","3","2","5","04","16","1","","0","1","1","0","0"
"POINT (13.402140934000045 52.483465910000064)","Unfall 236852 (2024) Kat:3, Licht: 0","236852","3","7","5","04","13","1","","0","0","1","0","0"
"POINT (13.435040203000028 52.432141626000032)","Unfall 236853 (2024) Kat:3, Licht: 0","236853","3","7","5","04","13","1","","0","0","1","0","0"
"POINT (13.326232475000040 52.538049861000047)","Unfall 236854 (2024) Kat:3, Licht: 0","236854","3","2","5","04","11","1","","0","0","1","0","0"
"POINT (13.333619619000046 52.507940926000060)","Unfall 236855 (2024) Kat:2, Licht: 0","236855","2","7","6","04","12","1","","0","0","0","1","0"
"POINT (13.395176254000035 52.497010845000034)","Unfall 236856 (2024) Kat:2, Licht: 0","236856","2","3","5","04","19","7","","0","1","1","0","0"
"POINT (13.444749117000072 52.470077121000031)","Unfall 236857 (2024) Kat:3, Licht: 0","236857","3","4","6","04","18","7","","0","0","1","1","0"
"POINT (13.350815850000060 52.512096122000059)","Unfall 236858 (2024) Kat:3, Licht: 0","236858","3","4","6","04","17","7","","0","0","1","1","0"
"POINT (13.578216123000061 52.465497437000067)","Unfall 236859 (2024) Kat:2, Licht: 0","236859","2","4","6","04","17","7","","0","0","1","1","0"
"POINT (13.427501840000048 52.582847512000058)","Unfall 236860 (2024) Kat:3, Licht: 0","236860","3","7","5","04","16","7","","0","1","1","0","0"
"POINT (13.424859888000071 52.481991040000082)","Unfall 236861 (2024) Kat:3, Licht: 0","236861","3","6","2","04","15","7","","0","0","1","0","0"
"POINT (13.489632307000022 52.512172971000041)","Unfall 236862 (2024) Kat:3, Licht: 0","236862","3","2","2","04","13","7","","0","0","1","0","0"
"POINT (13.405698401000052 52.514095236000060)","Unfall 236863 (2024) Kat:3, Licht: 2","236863","3","2","5","04","03","7","","2","0","1","0","0"
"POINT (13.341467902000034 52.599916104000044)","Unfall 236864 (2024) Kat:3, Licht: 2","236864","3","6","2","04","02","7","","2","0","1","0","0"
"POINT (13.419725035000056 52.459817641000029)","Unfall 236865 (2024) Kat:3, Licht: 0","236865","3","7","5","04","10","7","","0","0","1","0","1"
"POINT (13.326857708000034 52.427768932000049)","Unfall 236866 (2024) Kat:3, Licht: 0","236866","3","3","5","04","09","7","","0","1","1","0","0"
"POINT (13.276625254000066 52.450427779000051)","Unfall 236867 (2024) Kat:3, Licht: 0","236867","3","1","2","04","12","7","","0","1","0","0","0"
"POINT (13.572448097000063 52.451276428000028)","Unfall 236868 (2024) Kat:3, Licht: 2","236868","3","6","2","04","22","7","","2","0","1","0","0"
"POINT (13.433907243000021 52.482294716000069)","Unfall 236869 (2024) Kat:3, Licht: 0","236869","3","5","1","04","09","7","","0","1","0","0","0"
"POINT (13.342008602000021 52.463393077000035)","Unfall 236870 (2024) Kat:3, Licht: 0","236870","3","7","6","04","09","6","","0","0","0","1","0"
"POINT (13.557071926000049 52.534351393000065)","Unfall 236871 (2024) Kat:3, Licht: 0","236871","3","2","5","04","11","6","","0","0","1","0","0"
"POINT (13.384945993000031 52.526923512000053)","Unfall 236872 (2024) Kat:3, Licht: 0","236872","3","5","1","04","14","6","","0","1","1","0","0"
"POINT (13.332228161000046 52.417791420000071)","Unfall 236873 (2024) Kat:3, Licht: 0","236873","3","3","5","04","19","6","","0","0","1","0","1"
"POINT (13.314585329000067 52.499652824000066)","Unfall 236874 (2024) Kat:3, Licht: 0","236874","3","6","0","04","17","6","","0","0","0","0","1"
"POINT (13.197260776000064 52.524894765000056)","Unfall 236875 (2024) Kat:3, Licht: 0","236875","3","5","0","04","13","6","","0","0","0","0","0"
"POINT (13.565194764000069 52.544790498000054)","Unfall 236876 (2024) Kat:3, Licht: 0","236876","3","6","2","04","12","6","","0","0","1","0","0"
"POINT (13.490384213000027 52.427819459000034)","Unfall 236877 (2024) Kat:3, Licht: 0","236877","3","3","5","04","10","6","","0","0","1","0","0"
"POINT (13.446385926000062 52.486440110000046)","Unfall 236878 (2024) Kat:3, Licht: 0","236878","3","3","5","04","09","6","","0","0","1","0","0"
"POINT (13.285371007000037 52.595127580000053)","Unfall 236879 (2024) Kat:3, Licht: 0","236879","3","6","2","04","08","6","","0","0","1","0","0"
"POINT (13.411457956000049 52.456810530000041)","Unfall 236880 (2024) Kat:3, Licht: 0","236880","3","6","2","04","14","6","","0","0","1","0","0"
"POINT (13.212968241000056 52.571273301000076)","Unfall 236881 (2024) Kat:3, Licht: 0","236881","3","7","6","04","10","6","","0","0","1","0","0"
"POINT (13.426918740000076 52.511663839000050)","Unfall 236882 (2024) Kat:3, Licht: 0","236882","3","6","3","04","12","3","","0","0","1","0","1"
"POINT (13.261821050000037 52.515536455000074)","Unfall 236883 (2024) Kat:3, Licht: 2","236883","3","3","5","04","21","6","","2","0","1","0","0"
"POINT (13.408326782000074 52.547245776000068)","Unfall 236884 (2024) Kat:3, Licht: 0","236884","3","6","2","04","16","6","","0","0","1","0","0"
"POINT (13.395506307000062 52.498995107000042)","Unfall 236885 (2024) Kat:3, Licht: 0","236885","3","2","5","04","14","6","","0","0","1","0","0"
"POINT (13.557282731000043 52.542905746000031)","Unfall 236886 (2024) Kat:3, Licht: 0","236886","3","5","1","04","12","6","","0","1","1","0","0"
"POINT (13.321311088000073 52.411048108000045)","Unfall 236887 (2024) Kat:3, Licht: 0","236887","3","3","5","04","11","6","","0","0","1","0","0"
"POINT (13.413625450000040 52.566586168000072)","Unfall 236888 (2024) Kat:3, Licht: 0","236888","3","3","5","04","11","6","","0","0","1","0","0"
"POINT (13.419852724000066 52.531772743000033)","Unfall 236889 (2024) Kat:3, Licht: 1","236889","3","7","5","04","20","5","","1","0","0","0","0"
"POINT (13.353275369000073 52.502067728000043)","Unfall 236890 (2024) Kat:3, Licht: 0","236890","3","2","2","04","16","2","","0","0","1","0","0"
"POINT (13.528359894000062 52.417651606000049)","Unfall 236891 (2024) Kat:2, Licht: 0","236891","2","7","0","04","16","5","","0","0","0","0","0"
"POINT (13.305538836000039 52.488390795000043)","Unfall 236892 (2024) Kat:3, Licht: 0","236892","3","4","6","04","18","5","","0","0","1","1","0"
"POINT (13.344423036000023 52.445996408000042)","Unfall 236893 (2024) Kat:2, Licht: 2","236893","2","3","5","04","21","4","","2","1","1","0","0"
"POINT (13.281430011000054 52.584950700000036)","Unfall 236894 (2024) Kat:3, Licht: 0","236894","3","2","5","04","20","5","","0","0","0","0","1"
"POINT (13.359342112000036 52.601833616000079)","Unfall 236895 (2024) Kat:3, Licht: 0","236895","3","3","5","04","10","6","","0","0","1","0","0"
"POINT (13.385336892000055 52.521035118000043)","Unfall 236896 (2024) Kat:3, Licht: 0","236896","3","7","4","04","16","5","","0","0","1","0","1"
"POINT (13.340149267000072 52.450783286000046)","Unfall 236897 (2024) Kat:3, Licht: 0","236897","3","3","5","04","15","5","","0","1","1","0","0"
"POINT (13.444617731000051 52.577794124000036)","Unfall 236898 (2024) Kat:3, Licht: 0","236898","3","6","2","04","14","5","","0","0","1","0","0"
"POINT (13.453122078000035 52.489541795000036)","Unfall 236899 (2024) Kat:3, Licht: 2","236899","3","7","1","04","00","5","","2","0","1","0","0"
"POINT (13.438478916000065 52.452590787000076)","Unfall 236900 (2024) Kat:3, Licht: 0","236900","3","2","5","04","16","5","","0","1","1","0","0"
"POINT (13.610553450000054 52.526873005000027)","Unfall 236901 (2024) Kat:3, Licht: 0","236901","3","3","5","04","16","5","","0","0","1","0","0"
"POINT (13.506767522000075 52.518266102000041)","Unfall 236902 (2024) Kat:3, Licht: 2","236902","3","7","4","05","03","1","","2","0","1","0","0"
"POINT (13.551815942000076 52.428431067000076)","Unfall 236903 (2024) Kat:3, Licht: 0","236903","3","2","5","04","08","5","","0","1","1","0","0"
"POINT (13.445241057000032 52.485569526000063)","Unfall 236904 (2024) Kat:3, Licht: 0","236904","3","5","1","05","06","7","","0","0","1","0","0"
"POINT (13.395704656000078 52.498415700000066)","Unfall 236905 (2024) Kat:3, Licht: 0","236905","3","2","5","04","19","5","","0","0","1","0","0"
"POINT (13.389732243000026 52.495911899000077)","Unfall 236906 (2024) Kat:3, Licht: 0","236906","3","2","5","04","08","5","","0","1","1","0","0"
"POINT (13.565753250000057 52.529407244000026)","Unfall 236907 (2024) Kat:3, Licht: 0","236907","3","4","6","04","07","5","","0","1","0","1","0"
"POINT (13.378103366000062 52.466346133000059)","Unfall 236908 (2024) Kat:3, Licht: 0","236908","3","2","5","04","08","5","","0","0","1","0","0"
"POINT (13.456222498000045 52.473780155000043)","Unfall 236909 (2024) Kat:3, Licht: 2","236909","3","6","2","04","20","5","","2","0","1","0","0"
"POINT (13.346023740000021 52.496103045000041)","Unfall 236910 (2024) Kat:2, Licht: 0","236910","2","6","2","04","13","5","","0","0","1","0","1"
"POINT (13.303789239000025 52.411615900000072)","Unfall 236911 (2024) Kat:3, Licht: 0","236911","3","4","0","04","10","5","","0","0","0","1","0"
"POINT (13.349889605000044 52.503033050000056)","Unfall 236912 (2024) Kat:3, Licht: 0","236912","3","6","2","04","10","5","","0","0","1","0","0"
"POINT (13.433490334000055 52.444012301000043)","Unfall 236913 (2024) Kat:3, Licht: 0","236913","3","2","2","04","09","5","","0","0","1","0","0"
"POINT (13.386140921000049 52.558724967000046)","Unfall 236914 (2024) Kat:3, Licht: 0","236914","3","2","0","04","08","5","","0","0","1","0","0"
"POINT (13.510703489000036 52.404459163000070)","Unfall 236915 (2024) Kat:2, Licht: 0","236915","2","6","2","05","06","6","","0","0","1","0","1"
"POINT (13.385260919000075 52.498700468000038)","Unfall 236916 (2024) Kat:3, Licht: 0","236916","3","6","2","04","16","5","","0","0","1","0","1"
"POINT (13.348853063000035 52.459064542000078)","Unfall 236917 (2024) Kat:2, Licht: 0","236917","2","2","5","04","19","5","","0","0","1","0","1"
"POINT (13.332383146000041 52.468638675000079)","Unfall 236918 (2024) Kat:3, Licht: 0","236918","3","4","6","04","11","5","","0","0","1","1","0"
"POINT (13.352395055000045 52.440885812000033)","Unfall 236919 (2024) Kat:3, Licht: 0","236919","3","7","3","04","08","5","","0","1","1","0","0"
"POINT (13.390646613000058 52.531023235000077)","Unfall 236920 (2024) Kat:3, Licht: 0","236920","3","4","6","04","14","5","","0","1","0","1","0"
"POINT (13.247863558000063 52.537632640000027)","Unfall 236921 (2024) Kat:3, Licht: 0","236921","3","2","5","04","10","5","","0","0","1","0","1"
"POINT (13.377781238000068 52.556551415000058)","Unfall 236922 (2024) Kat:3, Licht: 0","236922","3","2","5","04","07","5","","0","1","0","0","0"
"POINT (13.423518392000062 52.544202484000039)","Unfall 236923 (2024) Kat:3, Licht: 2","236923","3","6","4","05","22","7","","2","1","1","0","0"
"POINT (13.414538911000022 52.491393453000057)","Unfall 236924 (2024) Kat:3, Licht: 0","236924","3","6","2","05","13","1","","0","0","1","0","0"
"POINT (13.378792707000059 52.552248046000045)","Unfall 236925 (2024) Kat:3, Licht: 2","236925","3","6","2","04","20","5","","2","0","1","0","0"
"POINT (13.330757945000073 52.562545158000034)","Unfall 236926 (2024) Kat:3, Licht: 0","236926","3","2","5","04","11","5","","0","1","1","0","0"
"POINT (13.337891994000074 52.450912940000080)","Unfall 236927 (2024) Kat:3, Licht: 0","236927","3","4","6","04","14","5","","0","0","1","1","0"
"POINT (13.320867412000041 52.451742233000061)","Unfall 236928 (2024) Kat:3, Licht: 0","236928","3","2","5","04","07","5","","0","0","1","1","0"
"POINT (13.384150321000050 52.556041664000077)","Unfall 236929 (2024) Kat:3, Licht: 2","236929","3","2","5","04","21","4","","2","0","1","0","0"
"POINT (13.451215071000036 52.488968698000065)","Unfall 236930 (2024) Kat:3, Licht: 1","236930","3","3","5","04","19","4","","1","1","1","0","0"
"POINT (13.476146468000024 52.557326591000049)","Unfall 236931 (2024) Kat:3, Licht: 1","236931","3","3","0","04","19","4","","1","1","1","0","0"
"POINT (13.491434812000023 52.511129098000026)","Unfall 236932 (2024) Kat:3, Licht: 0","236932","3","2","2","04","17","4","","0","0","1","0","0"
"POINT (13.427589242000067 52.496139225000036)","Unfall 236933 (2024) Kat:3, Licht: 0","236933","3","3","5","04","14","4","","0","1","1","0","0"
"POINT (13.445551768000030 52.499187615000039)","Unfall 236934 (2024) Kat:3, Licht: 0","236934","3","4","6","04","16","4","","0","1","0","1","0"
"POINT (13.262595719000046 52.521134848000031)","Unfall 236935 (2024) Kat:3, Licht: 0","236935","3","6","2","04","14","4","","0","0","1","0","1"
"POINT (13.416302692000045 52.526896844000078)","Unfall 236936 (2024) Kat:3, Licht: 0","236936","3","6","2","04","14","4","","0","0","1","0","0"
"POINT (13.382884934000060 52.530702593000058)","Unfall 236937 (2024) Kat:3, Licht: 0","236937","3","7","6","04","13","4","","0","0","0","1","0"
"POINT (13.348018912000043 52.414820334000069)","Unfall 236938 (2024) Kat:3, Licht: 0","236938","3","3","5","04","09","4","","0","0","1","0","0"
"POINT (13.570273896000060 52.555637677000050)","Unfall 236939 (2024) Kat:3, Licht: 0","236939","3","2","5","04","11","4","","0","0","1","0","0"
"POINT (13.320298099000070 52.560238769000080)","Unfall 236940 (2024) Kat:2, Licht: 0","236940","2","6","0","05","17","6","","0","0","1","0","0"
"POINT (13.479772562000051 52.553499551000073)","Unfall 236941 (2024) Kat:3, Licht: 0","236941","3","6","2","04","10","4","","0","0","1","0","0"
"POINT (13.456420618000038 52.519393094000066)","Unfall 236942 (2024) Kat:3, Licht: 0","236942","3","1","1","04","09","4","","0","1","1","0","0"
"POINT (13.349618580000026 52.421537239000031)","Unfall 236943 (2024) Kat:3, Licht: 0","236943","3","5","1","04","08","4","","0","1","0","0","0"
"POINT (13.343152815000053 52.554820089000032)","Unfall 236944 (2024) Kat:3, Licht: 0","236944","3","3","5","04","08","4","","0","1","1","0","0"
"POINT (13.214971003000073 52.439186497000037)","Unfall 236945 (2024) Kat:3, Licht: 0","236945","3","5","1","04","17","3","","0","0","1","0","0"
"POINT (13.157987550000030 52.532963313000039)","Unfall 236946 (2024) Kat:3, Licht: 0","236946","3","3","5","04","19","4","","0","1","1","0","0"
"POINT (13.414767215000040 52.553865398000028)","Unfall 236947 (2024) Kat:3, Licht: 0","236947","3","2","5","05","16","2","","0","1","1","0","0"
"POINT (13.480918821000046 52.421520542000053)","Unfall 236948 (2024) Kat:3, Licht: 0","236948","3","7","2","04","18","4","","0","0","1","0","0"
"POINT (13.366672496000035 52.525725744000056)","Unfall 236949 (2024) Kat:3, Licht: 0","236949","3","6","3","04","07","4","","0","0","0","0","1"
"POINT (13.328760492000072 52.566037431000041)","Unfall 236950 (2024) Kat:3, Licht: 0","236950","3","1","0","04","18","4","","0","0","0","0","1"
"POINT (13.397991306000051 52.535057112000061)","Unfall 236951 (2024) Kat:3, Licht: 0","236951","3","6","2","04","09","4","","0","0","1","0","0"
"POINT (13.350269848000039 52.536036999000032)","Unfall 236952 (2024) Kat:3, Licht: 0","236952","3","2","5","04","09","4","","0","0","1","0","1"
"POINT (13.362753019000024 52.579714970000055)","Unfall 236953 (2024) Kat:3, Licht: 0","236953","3","7","1","04","05","4","","0","0","0","0","0"
"POINT (13.389057913000045 52.515592167000079)","Unfall 236954 (2024) Kat:3, Licht: 0","236954","3","3","5","04","06","4","","0","0","1","0","0"
"POINT (13.332820015000038 52.469058582000059)","Unfall 236955 (2024) Kat:3, Licht: 0","236955","3","3","5","05","08","5","","0","1","1","0","0"
"POINT (13.448822799000027 52.485099500000047)","Unfall 236956 (2024) Kat:3, Licht: 1","236956","3","3","5","04","05","4","","1","0","1","0","0"
"POINT (13.448057596000069 52.517505259000075)","Unfall 236957 (2024) Kat:3, Licht: 0","236957","3","7","0","04","05","4","","0","1","0","0","0"
"POINT (13.426688845000058 52.523210692000077)","Unfall 236958 (2024) Kat:3, Licht: 0","236958","3","4","0","04","16","3","","0","0","0","1","0"
"POINT (13.329193194000027 52.563293000000044)","Unfall 236959 (2024) Kat:3, Licht: 0","236959","3","4","6","04","08","3","","0","0","0","1","0"
"POINT (13.527517673000034 52.491676116000065)","Unfall 236960 (2024) Kat:3, Licht: 0","236960","3","3","5","04","15","2","","0","1","1","0","0"
"POINT (13.380910019000055 52.516369670000074)","Unfall 236961 (2024) Kat:3, Licht: 0","236961","3","2","5","04","17","3","","0","1","1","0","0"
"POINT (13.471171296000023 52.504974112000070)","Unfall 236962 (2024) Kat:3, Licht: 0","236962","3","6","2","04","19","3","","0","0","1","0","0"
"POINT (13.334701007000035 52.556458885000040)","Unfall 236963 (2024) Kat:3, Licht: 0","236963","3","7","5","04","16","3","","0","0","1","0","1"
"POINT (13.306700438000064 52.517257280000081)","Unfall 236964 (2024) Kat:3, Licht: 0","236964","3","3","5","04","11","3","","0","1","0","0","0"
"POINT (13.422628286000077 52.544575371000064)","Unfall 236965 (2024) Kat:3, Licht: 0","236965","3","3","5","04","10","3","","0","1","1","0","0"
"POINT (13.426986075000059 52.552213509000069)","Unfall 236966 (2024) Kat:3, Licht: 0","236966","3","3","5","04","08","3","","0","1","1","0","0"
"POINT (13.200784778000070 52.538505258000043)","Unfall 236967 (2024) Kat:3, Licht: 0","236967","3","2","5","04","16","5","","0","0","1","0","0"
"POINT (13.392022817000054 52.509274343000072)","Unfall 236968 (2024) Kat:3, Licht: 0","236968","3","5","1","04","08","3","","0","1","1","0","0"
"POINT (13.312150978000034 52.585094874000049)","Unfall 236969 (2024) Kat:2, Licht: 0","236969","2","4","6","04","14","3","","0","0","0","1","0"
"POINT (13.551813651000032 52.428432629000042)","Unfall 236970 (2024) Kat:3, Licht: 0","236970","3","1","0","04","16","3","","0","1","0","0","0"
"POINT (13.320210914000029 52.474930012000073)","Unfall 236971 (2024) Kat:3, Licht: 2","236971","3","6","3","04","21","3","","2","1","1","0","0"
"POINT (13.404974635000031 52.503009786000064)","Unfall 236972 (2024) Kat:3, Licht: 0","236972","3","7","6","04","12","3","","0","0","0","1","0"
"POINT (13.344977846000063 52.484796301000074)","Unfall 236973 (2024) Kat:2, Licht: 2","236973","2","4","6","05","22","7","","2","0","1","1","0"
"POINT (13.449684570000045 52.471444445000031)","Unfall 236974 (2024) Kat:3, Licht: 0","236974","3","7","6","04","18","3","","0","0","1","1","0"
"POINT (13.304457182000021 52.499439390000077)","Unfall 236975 (2024) Kat:3, Licht: 0","236975","3","6","2","04","18","3","","0","0","1","0","0"
"POINT (13.429529959000035 52.523101589000078)","Unfall 236976 (2024) Kat:2, Licht: 0","236976","2","2","5","04","17","3","","0","1","1","0","0"
"POINT (13.290461574000062 52.581983740000055)","Unfall 236977 (2024) Kat:3, Licht: 0","236977","3","6","2","04","16","3","","0","0","1","0","0"
"POINT (13.439613146000056 52.547834719000036)","Unfall 236978 (2024) Kat:3, Licht: 0","236978","3","3","5","04","15","3","","0","1","1","0","0"
"POINT (13.405004985000062 52.398520964000056)","Unfall 236979 (2024) Kat:3, Licht: 1","236979","3","4","6","04","07","3","","1","1","0","1","0"
"POINT (13.291285646000063 52.497129632000053)","Unfall 236980 (2024) Kat:3, Licht: 0","236980","3","2","5","04","08","3","","0","1","0","0","0"
"POINT (13.426709735000031 52.420546389000037)","Unfall 236981 (2024) Kat:3, Licht: 0","236981","3","6","2","04","14","3","","0","0","1","0","0"
"POINT (13.352163273000031 52.505519876000051)","Unfall 236982 (2024) Kat:3, Licht: 0","236982","3","3","5","04","13","3","","0","0","1","0","0"
"POINT (13.362087525000049 52.567736997000054)","Unfall 236983 (2024) Kat:2, Licht: 0","236983","2","2","6","04","13","3","","0","0","1","1","0"
"POINT (13.395433612000033 52.538098797000032)","Unfall 236984 (2024) Kat:3, Licht: 0","236984","3","4","6","04","13","3","","0","0","1","1","0"
"POINT (13.378907709000032 52.526611393000053)","Unfall 236985 (2024) Kat:3, Licht: 0","236985","3","4","6","04","12","3","","0","1","0","1","0"
"POINT (13.561745724000048 52.506082681000066)","Unfall 236986 (2024) Kat:3, Licht: 0","236986","3","7","0","04","11","3","","0","0","1","0","0"
"POINT (13.165167255000028 52.533443404000082)","Unfall 236987 (2024) Kat:3, Licht: 0","236987","3","3","5","04","10","3","","0","0","1","0","1"
"POINT (13.430807647000051 52.511910174000036)","Unfall 236988 (2024) Kat:3, Licht: 0","236988","3","2","5","04","10","3","","0","1","1","0","0"
"POINT (13.331448422000051 52.503022888000032)","Unfall 236989 (2024) Kat:3, Licht: 0","236989","3","4","6","04","08","3","","0","0","1","1","0"
"POINT (13.265760993000072 52.483509953000066)","Unfall 236990 (2024) Kat:3, Licht: 0","236990","3","2","6","04","08","3","","0","0","1","1","0"
"POINT (13.436608719000048 52.503774265000061)","Unfall 236991 (2024) Kat:3, Licht: 0","236991","3","1","1","04","07","3","","0","0","1","0","1"
"POINT (13.379688720000047 52.551279223000051)","Unfall 236992 (2024) Kat:3, Licht: 0","236992","3","1","0","04","18","2","","0","0","0","0","1"
"POINT (13.415824982000061 52.567868495000027)","Unfall 236993 (2024) Kat:3, Licht: 0","236993","3","1","8","05","10","1","","0","0","0","0","0"
"POINT (13.388207739000052 52.520661186000041)","Unfall 236994 (2024) Kat:3, Licht: 0","236994","3","6","0","04","16","2","","0","1","1","0","0"
"POINT (13.327328769000076 52.448704275000068)","Unfall 236995 (2024) Kat:2, Licht: 0","236995","2","4","6","04","16","2","","0","0","1","1","0"
"POINT (13.259959174000073 52.428180161000057)","Unfall 236996 (2024) Kat:3, Licht: 0","236996","3","7","5","05","16","6","","0","1","1","0","0"
"POINT (13.384300194000048 52.555724884000028)","Unfall 236997 (2024) Kat:3, Licht: 0","236997","3","2","6","04","16","2","","0","0","1","1","0"
"POINT (13.466189014000065 52.508690987000080)","Unfall 236998 (2024) Kat:3, Licht: 0","236998","3","6","3","05","15","6","","0","1","1","0","0"
"POINT (13.560462530000052 52.487716191000061)","Unfall 236999 (2024) Kat:3, Licht: 0","236999","3","6","2","04","15","2","","0","0","1","0","0"
"POINT (13.285289583000065 52.453664993000075)","Unfall 237000 (2024) Kat:3, Licht: 0","237000","3","5","1","04","11","2","","0","0","1","0","0"
"POINT (13.522754363000047 52.498655030000066)","Unfall 237001 (2024) Kat:3, Licht: 0","237001","3","3","5","04","08","2","","0","0","1","0","0"
"POINT (13.403019703000041 52.552968990000068)","Unfall 237002 (2024) Kat:3, Licht: 0","237002","3","2","5","05","11","7","","0","1","0","0","0"
"POINT (13.384236091000048 52.509921611000038)","Unfall 237003 (2024) Kat:3, Licht: 0","237003","3","2","5","04","16","2","","0","0","1","0","0"
"POINT (13.427845878000028 52.518163814000047)","Unfall 237004 (2024) Kat:3, Licht: 2","237004","3","2","5","04","21","2","","2","1","1","0","0"
"POINT (13.376551870000071 52.460009457000069)","Unfall 237005 (2024) Kat:2, Licht: 0","237005","2","3","5","04","17","2","","0","1","1","0","0"
"POINT (13.275360390000060 52.460919203000060)","Unfall 237006 (2024) Kat:3, Licht: 0","237006","3","3","5","04","17","2","","0","1","1","0","0"
"POINT (13.386179701000060 52.558463947000064)","Unfall 237007 (2024) Kat:3, Licht: 0","237007","3","6","0","05","19","6","","0","0","1","0","0"
"POINT (13.352207639000028 52.504082121000067)","Unfall 237008 (2024) Kat:3, Licht: 0","237008","3","6","3","04","17","2","","0","0","1","0","0"
"POINT (13.571765592000077 52.471860344000049)","Unfall 237009 (2024) Kat:3, Licht: 0","237009","3","3","5","04","17","2","","0","0","1","0","0"