WKT,Name,OBJECTID,UKATEGORIE,UTYP1,UART,UMONAT,USTUNDE,UWOCHENTAG,STRZUSTAND,ULICHTVERH,ISTRAD,ISTPKW,ISTFUSS,ISTKRAD
"POINT (13.354691120000041 52.497126717000071)","Unfall 237010 (2024) Kat:3, Licht: 0","237010","3","3","5","04","16","2","","0","1","1","0","0"
"POINT (13.394397677000029 52.485819402000061)","Unfall 237011 (2024) Kat:3, Licht: 0","237011","3","6","3","04","15","2","","0","1","1","0","0"
"POINT (13.378307140000061 52.529177859000072)","Unfall 237012 (2024) Kat:3, Licht: 0","237012","3","2","5","04","15","2","","0","1","1","0","0"
"POINT (13.177895892000038 52.533939896000049)","Unfall 237013 (2024) Kat:3, Licht: 0","237013","3","2","5","04","14","2","","0","1","1","0","0"
"POINT (13.191679773000033 52.567756236000037)","Unfall 237014 (2024) Kat:3, Licht: 0","237014","3","7","2","04","14","2","","0","0","1","0","0"
"POINT (13.501086018000024 52.413658068000075)","Unfall 237015 (2024) Kat:3, Licht: 0","237015","3","3","5","04","14","2","","0","1","1","0","0"
"POINT (13.578388438000047 52.454320039000038)","Unfall 237016 (2024) Kat:3, Licht: 0","237016","3","5","1","04","10","5","","0","1","1","0","0"
"POINT (13.287022075000039 52.540085887000032)","Unfall 237017 (2024) Kat:3, Licht: 0","237017","3","3","0","04","13","2","","0","0","1","0","1"
"POINT (13.419986206000033 52.502251638000075)","Unfall 237018 (2024) Kat:3, Licht: 0","237018","3","2","5","04","12","2","","0","1","1","0","0"
"POINT (13.311369993000028 52.468780999000046)","Unfall 237019 (2024) Kat:3, Licht: 0","237019","3","1","1","04","11","2","","0","0","1","0","0"
"POINT (13.247849573000053 52.548656354000059)","Unfall 237020 (2024) Kat:2, Licht: 0","237020","2","6","2","04","11","2","","0","0","1","0","1"
"POINT (13.210249209000040 52.549156993000054)","Unfall 237021 (2024) Kat:3, Licht: 0","237021","3","6","2","05","13","4","","0","0","1","0","0"
"POINT (13.428436061000070 52.547885193000070)","Unfall 237022 (2024) Kat:3, Licht: 0","237022","3","2","5","04","10","2","","0","1","1","0","0"
"POINT (13.398094947000061 52.527216613000064)","Unfall 237023 (2024) Kat:3, Licht: 0","237023","3","3","5","04","10","2","","0","0","1","0","1"
"POINT (13.461040773000036 52.454258135000032)","Unfall 237024 (2024) Kat:3, Licht: 2","237024","3","3","5","04","22","2","","2","0","1","0","0"
"POINT (13.381904632000044 52.454804654000043)","Unfall 237025 (2024) Kat:3, Licht: 0","237025","3","5","1","05","18","1","","0","0","1","1","0"
"POINT (13.570986924000067 52.389957904000028)","Unfall 237026 (2024) Kat:3, Licht: 0","237026","3","6","2","04","15","2","","0","0","1","0","0"
"POINT (13.416853597000056 52.519514228000048)","Unfall 237027 (2024) Kat:2, Licht: 0","237027","2","4","6","04","14","2","","0","0","1","1","0"
"POINT (13.492149447000031 52.516321220000066)","Unfall 237028 (2024) Kat:3, Licht: 0","237028","3","3","5","04","09","2","","0","0","1","0","0"
"POINT (13.294417147000047 52.596551690000069)","Unfall 237029 (2024) Kat:3, Licht: 0","237029","3","7","5","04","10","2","","0","0","1","0","0"
"POINT (13.452856217000033 52.533839785000055)","Unfall 237030 (2024) Kat:3, Licht: 0","237030","3","2","5","04","09","2","","0","1","1","0","0"
"POINT (13.496512099000029 52.533942902000035)","Unfall 237031 (2024) Kat:3, Licht: 0","237031","3","6","2","04","08","2","","0","0","1","0","0"
"POINT (13.401390486000025 52.571792791000064)","Unfall 237032 (2024) Kat:3, Licht: 0","237032","3","7","2","04","07","2","","0","0","0","0","1"
"POINT (13.373744250000072 52.556667868000034)","Unfall 237033 (2024) Kat:3, Licht: 0","237033","3","2","5","04","13","1","","0","0","1","0","0"
"POINT (13.383613060000073 52.572773957000038)","Unfall 237034 (2024) Kat:3, Licht: 0","237034","3","1","9","04","05","1","","0","0","1","0","0"
"POINT (13.426518240000064 52.542861225000081)","Unfall 237035 (2024) Kat:3, Licht: 0","237035","3","6","2","04","14","1","","0","0","1","0","0"
"POINT (13.440554443000053 52.501796896000030)","Unfall 237036 (2024) Kat:3, Licht: 0","237036","3","5","1","04","10","1","","0","1","1","0","0"
"POINT (13.195442678000063 52.528074807000053)","Unfall 237037 (2024) Kat:3, Licht: 2","237037","3","2","3","04","22","1","","2","0","1","0","0"
"POINT (13.509323922000021 52.546338680000076)","Unfall 237038 (2024) Kat:3, Licht: 0","237038","3","2","5","04","17","1","","0","1","1","0","0"
"POINT (13.379019340000070 52.526067900000044)","Unfall 237039 (2024) Kat:3, Licht: 0","237039","3","7","5","04","18","1","","0","1","1","0","0"
"POINT (13.382808128000022 52.530764156000032)","Unfall 237040 (2024) Kat:3, Licht: 0","237040","3","6","2","04","12","1","","0","1","1","0","0"
"POINT (13.389057031000050 52.515598046000036)","Unfall 237041 (2024) Kat:3, Licht: 0","237041","3","3","5","04","12","1","","0","0","1","0","0"
"POINT (13.413601495000023 52.566509994000057)","Unfall 237042 (2024) Kat:3, Licht: 0","237042","3","3","5","04","11","1","","0","0","1","0","1"
"POINT (13.421495344000050 52.500683393000031)","Unfall 237043 (2024) Kat:3, Licht: 2","237043","3","7","5","04","20","1","","2","1","1","0","0"
"POINT (13.433248543000047 52.502159391000077)","Unfall 237044 (2024) Kat:3, Licht: 1","237044","3","5","1","04","19","1","","1","1","1","0","0"
"POINT (13.468280618000051 52.583265062000066)","Unfall 237045 (2024) Kat:2, Licht: 2","237045","2","1","8","04","19","1","","2","0","1","0","0"
"POINT (13.413391080000054 52.525226694000082)","Unfall 237046 (2024) Kat:3, Licht: 0","237046","3","2","0","05","19","5","","0","0","1","0","0"
"POINT (13.430579808000061 52.497859105000032)","Unfall 237047 (2024) Kat:3, Licht: 0","237047","3","7","5","04","18","1","","0","0","1","0","1"
"POINT (13.315794513000071 52.506112476000055)","Unfall 237048 (2024) Kat:3, Licht: 0","237048","3","3","5","04","17","1","","0","1","1","0","0"
"POINT (13.413217286000076 52.398186756000030)","Unfall 237049 (2024) Kat:3, Licht: 0","237049","3","3","5","04","15","1","","0","0","1","0","0"
"POINT (13.488912850000077 52.467099362000056)","Unfall 237050 (2024) Kat:3, Licht: 0","237050","3","6","2","04","14","1","","0","1","1","0","0"
"POINT (13.482308293000074 52.425538787000050)","Unfall 237051 (2024) Kat:3, Licht: 0","237051","3","2","5","04","13","1","","0","0","1","0","1"
"POINT (13.515238681000028 52.567213867000078)","Unfall 237052 (2024) Kat:3, Licht: 0","237052","3","2","5","04","13","1","","0","0","1","0","0"
"POINT (13.507936244000064 52.565406874000075)","Unfall 237053 (2024) Kat:3, Licht: 0","237053","3","6","0","05","15","4","","0","1","1","0","0"
"POINT (13.418425142000046 52.487574880000068)","Unfall 237054 (2024) Kat:3, Licht: 0","237054","3","5","1","04","15","1","","0","1","1","0","0"
"POINT (13.408844711000029 52.526863397000056)","Unfall 237055 (2024) Kat:3, Licht: 0","237055","3","3","5","04","10","1","","0","1","0","0","0"
"POINT (13.271468388000073 52.509670913000036)","Unfall 237056 (2024) Kat:3, Licht: 0","237056","3","6","3","04","17","7","","0","0","1","0","0"
"POINT (13.240099380000061 52.424498349000032)","Unfall 237057 (2024) Kat:3, Licht: 1","237057","3","4","6","04","19","7","","1","0","1","1","0"
"POINT (13.315264264000064 52.514575968000031)","Unfall 237058 (2024) Kat:3, Licht: 0","237058","3","2","6","04","15","7","","0","0","1","1","0"
"POINT (13.426472912000065 52.476830068000027)","Unfall 237059 (2024) Kat:3, Licht: 0","237059","3","5","1","04","14","7","","0","1","1","0","0"
"POINT (13.417658973000073 52.506308534000027)","Unfall 237060 (2024) Kat:3, Licht: 0","237060","3","7","0","04","13","7","","0","0","1","0","0"
"POINT (13.544030279000026 52.568158369000059)","Unfall 237061 (2024) Kat:3, Licht: 0","237061","3","3","5","04","12","7","","0","1","1","0","0"
"POINT (13.334031199000037 52.430223021000074)","Unfall 237062 (2024) Kat:3, Licht: 0","237062","3","2","5","04","11","3","","0","1","1","0","0"
"POINT (13.487980713000070 52.546290189000047)","Unfall 237063 (2024) Kat:3, Licht: 0","237063","3","3","5","04","11","7","","0","0","1","0","0"
"POINT (13.573315072000071 52.394324167000036)","Unfall 237064 (2024) Kat:2, Licht: 0","237064","2","3","5","04","10","7","","0","1","1","0","0"
"POINT (13.567457587000035 52.573319770000069)","Unfall 237065 (2024) Kat:3, Licht: 0","237065","3","3","5","04","10","7","","0","1","1","0","0"
"POINT (13.331650665000041 52.574452389000044)","Unfall 237066 (2024) Kat:3, Licht: 2","237066","3","7","2","04","23","7","","2","0","0","0","1"
"POINT (13.423333338000077 52.500567062000073)","Unfall 237067 (2024) Kat:2, Licht: 2","237067","2","1","0","04","22","7","","2","1","0","0","0"
"POINT (13.415094239000041 52.509252850000053)","Unfall 237068 (2024) Kat:3, Licht: 2","237068","3","5","1","04","20","7","","2","1","1","0","0"
"POINT (13.341795465000075 52.494430747000081)","Unfall 237069 (2024) Kat:3, Licht: 0","237069","3","6","3","05","19","3","","0","1","0","0","0"
"POINT (13.571302463000052 52.555474716000049)","Unfall 237070 (2024) Kat:3, Licht: 0","237070","3","6","2","04","10","7","","0","0","1","0","0"
"POINT (13.435297506000040 52.425703923000071)","Unfall 237071 (2024) Kat:3, Licht: 0","237071","3","6","2","04","16","7","","0","0","1","0","0"
"POINT (13.439672327000039 52.502253941000049)","Unfall 237072 (2024) Kat:3, Licht: 0","237072","3","6","2","04","15","7","","0","0","1","0","0"
"POINT (13.480786712000054 52.438033932000053)","Unfall 237073 (2024) Kat:3, Licht: 0","237073","3","3","5","04","15","7","","0","0","1","0","1"
"POINT (13.492637057000024 52.491132343000061)","Unfall 237074 (2024) Kat:3, Licht: 0","237074","3","2","5","04","13","7","","0","1","1","0","0"
"POINT (13.278088250000053 52.415283971000065)","Unfall 237075 (2024) Kat:3, Licht: 0","237075","3","5","1","04","12","7","","0","1","1","0","0"
"POINT (13.371760556000027 52.509333528000070)","Unfall 237076 (2024) Kat:3, Licht: 0","237076","3","3","5","04","11","7","","0","0","1","0","0"
"POINT (13.309097545000043 52.516535278000049)","Unfall 237077 (2024) Kat:3, Licht: 0","237077","3","6","2","04","08","7","","0","0","1","0","0"
"POINT (13.412393091000069 52.532671944000072)","Unfall 237078 (2024) Kat:3, Licht: 2","237078","3","2","2","04","23","7","","2","0","1","0","0"
"POINT (13.330143321000037 52.507326530000057)","Unfall 237079 (2024) Kat:3, Licht: 0","237079","3","6","3","04","15","7","","0","0","1","0","0"
"POINT (13.527444134000064 52.557511721000026)","Unfall 237080 (2024) Kat:3, Licht: 0","237080","3","2","5","04","15","7","","0","1","1","0","0"
"POINT (13.326106433000064 52.538347817000044)","Unfall 237081 (2024) Kat:3, Licht: 0","237081","3","2","5","04","12","7","","0","0","1","0","0"
"POINT (13.299857432000067 52.599140150000039)","Unfall 237082 (2024) Kat:3, Licht: 0","237082","3","3","5","04","11","7","","0","0","1","0","0"
"POINT (13.335470713000063 52.595608208000044)","Unfall 237083 (2024) Kat:3, Licht: 0","237083","3","7","6","04","11","7","","0","0","1","1","0"
"POINT (13.384775778000062 52.496711451000067)","Unfall 237084 (2024) Kat:2, Licht: 2","237084","2","3","5","04","00","7","","2","1","1","0","0"
"POINT (13.386308285000041 52.490077087000031)","Unfall 237085 (2024) Kat:2, Licht: 0","237085","2","3","5","04","18","6","","0","1","0","0","0"
"POINT (13.387900805000072 52.522367331000055)","Unfall 237086 (2024) Kat:3, Licht: 0","237086","3","3","5","04","16","6","","0","0","0","0","0"
"POINT (13.207528964000062 52.532698006000032)","Unfall 237087 (2024) Kat:3, Licht: 0","237087","3","2","5","04","13","6","","0","1","1","0","0"
"POINT (13.499371099000030 52.519784903000073)","Unfall 237088 (2024) Kat:3, Licht: 2","237088","3","4","6","04","21","6","","2","0","1","1","0"
"POINT (13.406749914000045 52.522867678000068)","Unfall 237089 (2024) Kat:3, Licht: 0","237089","3","5","1","04","19","6","","0","1","1","0","0"
"POINT (13.461379215000022 52.471452420000048)","Unfall 237090 (2024) Kat:2, Licht: 0","237090","2","4","6","04","08","7","","0","0","1","1","0"
"POINT (13.431894445000069 52.505787794000071)","Unfall 237091 (2024) Kat:2, Licht: 0","237091","2","4","6","04","18","6","","0","1","0","1","0"
"POINT (13.394385572000033 52.507020553000075)","Unfall 237092 (2024) Kat:3, Licht: 0","237092","3","3","5","04","17","6","","0","0","1","0","0"
"POINT (13.210184395000056 52.549649182000053)","Unfall 237093 (2024) Kat:3, Licht: 0","237093","3","7","6","04","14","6","","0","0","0","1","0"
"POINT (13.388757830000031 52.517450495000048)","Unfall 237094 (2024) Kat:3, Licht: 0","237094","3","2","5","04","16","6","","0","1","1","0","0"
"POINT (13.400576336000029 52.530539620000070)","Unfall 237095 (2024) Kat:3, Licht: 2","237095","3","4","6","04","03","7","","2","0","1","1","0"
"POINT (13.196646735000058 52.535225358000048)","Unfall 237096 (2024) Kat:3, Licht: 0","237096","3","4","6","04","16","6","","0","0","1","1","0"
"POINT (13.542761562000067 52.457623943000044)","Unfall 237097 (2024) Kat:2, Licht: 0","237097","2","7","5","04","16","6","","0","0","1","0","0"
"POINT (13.433215061000055 52.599173686000029)","Unfall 237098 (2024) Kat:2, Licht: 0","237098","2","2","5","04","15","6","","0","1","1","0","0"
"POINT (13.294713479000052 52.513452249000068)","Unfall 237099 (2024) Kat:2, Licht: 0","237099","2","7","6","04","14","6","","0","0","1","1","0"
"POINT (13.317934955000055 52.455198502000030)","Unfall 237100 (2024) Kat:3, Licht: 0","237100","3","3","5","05","11","2","","0","0","1","0","1"
"POINT (13.288424601000031 52.506567599000050)","Unfall 237101 (2024) Kat:3, Licht: 0","237101","3","6","2","04","13","6","","0","0","1","0","0"
"POINT (13.406508562000056 52.498470508000082)","Unfall 237102 (2024) Kat:3, Licht: 0","237102","3","3","5","04","12","6","","0","1","1","0","0"
"POINT (13.385699305000060 52.523564229000044)","Unfall 237103 (2024) Kat:3, Licht: 0","237103","3","5","1","05","08","2","","0","1","1","0","0"
"POINT (13.431557588000032 52.550803698000038)","Unfall 237104 (2024) Kat:3, Licht: 0","237104","3","2","5","05","18","6","","0","1","1","0","0"
"POINT (13.466032613000039 52.496888132000038)","Unfall 237105 (2024) Kat:3, Licht: 0","237105","3","6","2","04","13","6","","0","0","1","0","0"
"POINT (13.380439074000037 52.560312611000029)","Unfall 237106 (2024) Kat:3, Licht: 0","237106","3","4","6","04","12","6","","0","0","1","1","0"
"POINT (13.410323570000060 52.510556554000061)","Unfall 237107 (2024) Kat:3, Licht: 0","237107","3","3","5","04","08","6","","0","1","1","0","0"
"POINT (13.242712681000057 52.543663313000081)","Unfall 237108 (2024) Kat:3, Licht: 0","237108","3","6","2","04","08","6","","0","0","1","0","0"
"POINT (13.589342688000045 52.517664398000079)","Unfall 237109 (2024) Kat:3, Licht: 0","237109","3","6","3","04","07","6","","0","0","1","0","1"
"POINT (13.228400572000055 52.506365488000029)","Unfall 237110 (2024) Kat:3, Licht: 0","237110","3","3","5","04","19","3","","0","1","1","0","0"
"POINT (13.574799612000049 52.399552072000063)","Unfall 237111 (2024) Kat:2, Licht: 0","237111","2","3","5","04","07","6","","0","1","0","0","0"
"POINT (13.450899941000046 52.560677369000075)","Unfall 237112 (2024) Kat:3, Licht: 2","237112","3","5","1","04","05","6","","2","0","1","0","0"
"POINT (13.418430714000067 52.500084404000063)","Unfall 237113 (2024) Kat:3, Licht: 2","237113","3","3","5","04","00","6","","2","0","1","0","0"
"POINT (13.428187587000025 52.560441413000035)","Unfall 237114 (2024) Kat:3, Licht: 0","237114","3","6","2","04","17","6","","0","0","1","0","0"
"POINT (13.259737477000044 52.515079359000026)","Unfall 237115 (2024) Kat:3, Licht: 0","237115","3","7","6","04","14","6","","0","0","1","1","0"
"POINT (13.326507405000029 52.425318439000080)","Unfall 237116 (2024) Kat:3, Licht: 0","237116","3","3","5","04","14","6","","0","1","1","0","0"
"POINT (13.438978755000051 52.591904882000051)","Unfall 237117 (2024) Kat:3, Licht: 0","237117","3","6","3","04","11","6","","0","1","0","0","0"
"POINT (13.246534361000045 52.511193523000031)","Unfall 237118 (2024) Kat:3, Licht: 0","237118","3","5","1","04","19","6","","0","0","1","0","0"
"POINT (13.370720693000067 52.490051189000042)","Unfall 237119 (2024) Kat:2, Licht: 0","237119","2","3","5","04","17","6","","0","1","1","0","1"
"POINT (13.354562067000074 52.429097360000071)","Unfall 237120 (2024) Kat:3, Licht: 0","237120","3","3","5","04","15","6","","0","1","1","0","0"
"POINT (13.177560578000055 52.525305863000028)","Unfall 237121 (2024) Kat:2, Licht: 0","237121","2","2","5","04","15","6","","0","1","0","0","0"
"POINT (13.295372410000027 52.539612805000047)","Unfall 237122 (2024) Kat:2, Licht: 0","237122","2","2","5","04","18","1","","0","1","1","0","0"
"POINT (13.343437624000046 52.434940488000052)","Unfall 237123 (2024) Kat:3, Licht: 0","237123","3","2","5","04","15","6","","0","1","1","0","0"
"POINT (13.550183326000024 52.438680969000075)","Unfall 237124 (2024) Kat:3, Licht: 0","237124","3","1","0","04","14","6","","0","1","0","0","0"
"POINT (13.216267648000041 52.537939728000026)","Unfall 237125 (2024) Kat:2, Licht: 0","237125","2","6","0","05","10","6","","0","0","1","0","1"
"POINT (13.558320281000022 52.455540973000041)","Unfall 237126 (2024) Kat:3, Licht: 2","237126","3","6","2","04","22","5","","2","0","1","0","0"
"POINT (13.310115600000074 52.461588097000060)","Unfall 237127 (2024) Kat:3, Licht: 0","237127","3","7","0","04","14","5","","0","1","0","1","0"
"POINT (13.345083455000065 52.483760305000033)","Unfall 237128 (2024) Kat:3, Licht: 2","237128","3","7","5","04","22","5","","2","0","1","0","1"
"POINT (13.394266802000061 52.506953347000035)","Unfall 237129 (2024) Kat:3, Licht: 0","237129","3","2","5","05","09","4","","0","1","1","0","0"
"POINT (13.404747430000043 52.393667565000044)","Unfall 237130 (2024) Kat:3, Licht: 0","237130","3","3","5","04","16","5","","0","0","1","0","0"
"POINT (13.350190721000047 52.549314387000038)","Unfall 237131 (2024) Kat:3, Licht: 0","237131","3","7","0","04","14","5","","0","0","0","0","1"
"POINT (13.328011565000054 52.525745330000063)","Unfall 237132 (2024) Kat:3, Licht: 0","237132","3","2","5","04","13","5","","0","0","1","0","0"
"POINT (13.188624899000047 52.556431427000064)","Unfall 237133 (2024) Kat:3, Licht: 0","237133","3","3","5","04","06","5","","0","1","0","0","0"
"POINT (13.592131444000074 52.546305863000043)","Unfall 237134 (2024) Kat:2, Licht: 0","237134","2","1","0","04","05","5","","0","0","0","0","0"
"POINT (13.400759991000029 52.529605482000079)","Unfall 237135 (2024) Kat:3, Licht: 0","237135","3","5","1","04","11","5","","0","1","1","0","0"
"POINT (13.448296953000067 52.529584187000069)","Unfall 237136 (2024) Kat:3, Licht: 0","237136","3","7","2","04","08","5","","0","1","1","0","0"
"POINT (13.388355603000036 52.519722423000076)","Unfall 237137 (2024) Kat:3, Licht: 0","237137","3","4","6","05","13","5","","0","1","0","1","0"
"POINT (13.180151651000074 52.514444810000043)","Unfall 237138 (2024) Kat:3, Licht: 0","237138","3","3","0","04","17","5","","0","1","0","0","0"
"POINT (13.377394995000031 52.514569554000047)","Unfall 237139 (2024) Kat:3, Licht: 0","237139","3","1","0","04","14","5","","0","0","0","0","1"
"POINT (13.285498941000071 52.497217057000057)","Unfall 237140 (2024) Kat:3, Licht: 1","237140","3","5","1","04","20","5","","1","1","1","0","0"
"POINT (13.393369929000073 52.457914109000058)","Unfall 237141 (2024) Kat:3, Licht: 2","237141","3","3","5","05","02","6","","2","0","1","0","0"
"POINT (13.199161747000062 52.542373210000051)","Unfall 237142 (2024) Kat:2, Licht: 0","237142","2","4","6","04","09","5","","0","0","1","1","0"
"POINT (13.337185949000059 52.504092653000043)","Unfall 237143 (2024) Kat:3, Licht: 0","237143","3","1","0","04","19","5","","0","1","0","0","0"
"POINT (13.443284088000041 52.491061726000055)","Unfall 237144 (2024) Kat:3, Licht: 0","237144","3","5","1","04","08","5","","0","1","1","0","0"
"POINT (13.294087309000076 52.419384871000034)","Unfall 237145 (2024) Kat:3, Licht: 0","237145","3","7","2","04","08","5","","0","0","0","0","1"
"POINT (13.521406788000036 52.525755830000037)","Unfall 237146 (2024) Kat:3, Licht: 0","237146","3","6","2","04","18","1","","0","0","1","0","0"
"POINT (13.573611451000033 52.404083045000050)","Unfall 237147 (2024) Kat:3, Licht: 0","237147","3","7","5","04","18","5","","0","1","1","0","0"
"POINT (13.459030034000023 52.529060400000049)","Unfall 237148 (2024) Kat:3, Licht: 0","237148","3","2","5","04","15","5","","0","1","1","0","0"
"POINT (13.157438751000029 52.534456588000069)","Unfall 237149 (2024) Kat:2, Licht: 0","237149","2","1","0","04","15","5","","0","0","0","0","1"
"POINT (13.482410354000024 52.511296373000050)","Unfall 237150 (2024) Kat:3, Licht: 0","237150","3","7","2","04","12","5","","0","0","1","0","0"
"POINT (13.248354928000026 52.538224656000068)","Unfall 237151 (2024) Kat:3, Licht: 0","237151","3","4","6","04","11","5","","0","0","1","1","0"
"POINT (13.209147397000038 52.559483577000037)","Unfall 237152 (2024) Kat:2, Licht: 0","237152","2","4","6","04","09","5","","0","1","0","1","0"
"POINT (13.331078369000068 52.495426948000045)","Unfall 237153 (2024) Kat:3, Licht: 0","237153","3","3","5","04","07","5","","0","0","1","0","0"
"POINT (13.311075013000050 52.569830685000056)","Unfall 237154 (2024) Kat:2, Licht: 0","237154","2","3","5","04","19","4","","0","0","1","0","1"
"POINT (13.335722849000035 52.513470126000072)","Unfall 237155 (2024) Kat:3, Licht: 0","237155","3","3","5","04","17","4","","0","0","0","0","1"
"POINT (13.199772090000067 52.538926894000042)","Unfall 237156 (2024) Kat:3, Licht: 0","237156","3","5","0","04","13","4","","0","1","1","0","0"
"POINT (13.556359261000068 52.406793048000054)","Unfall 237157 (2024) Kat:2, Licht: 2","237157","2","1","9","04","22","4","","2","0","0","0","1"
"POINT (13.313388600000053 52.503044639000052)","Unfall 237158 (2024) Kat:3, Licht: 2","237158","3","6","2","04","20","4","","2","1","1","0","0"
"POINT (13.263483492000034 52.482644248000042)","Unfall 237159 (2024) Kat:3, Licht: 0","237159","3","2","5","04","19","4","","0","0","1","0","1"
"POINT (13.348999940000056 52.508605083000077)","Unfall 237160 (2024) Kat:3, Licht: 0","237160","3","7","2","04","12","2","","0","0","0","0","1"
"POINT (13.413317049000057 52.506939728000077)","Unfall 237161 (2024) Kat:2, Licht: 0","237161","2","2","5","04","19","4","","0","1","0","0","0"
"POINT (13.430265609000060 52.486117717000070)","Unfall 237162 (2024) Kat:3, Licht: 0","237162","3","2","5","04","17","4","","0","0","1","0","0"
"POINT (13.540065692000042 52.565268862000039)","Unfall 237163 (2024) Kat:2, Licht: 0","237163","2","2","5","04","17","4","","0","1","0","0","0"
"POINT (13.327492517000053 52.524422121000043)","Unfall 237164 (2024) Kat:3, Licht: 0","237164","3","2","5","04","16","4","","0","1","1","0","0"
"POINT (13.333991276000063 52.521134303000053)","Unfall 237165 (2024) Kat:3, Licht: 0","237165","3","7","0","04","15","4","","0","1","1","0","0"
"POINT (13.321883662000062 52.511190742000053)","Unfall 237166 (2024) Kat:3, Licht: 0","237166","3","4","6","04","13","3","","0","0","1","1","0"
"POINT (13.451657840000053 52.508438550000051)","Unfall 237167 (2024) Kat:3, Licht: 0","237167","3","1","0","04","15","4","","0","1","0","0","0"
"POINT (13.141017621000060 52.524678169000026)","Unfall 237168 (2024) Kat:2, Licht: 0","237168","2","6","3","04","13","4","","0","0","1","0","0"
"POINT (13.317383624000058 52.430788485000051)","Unfall 237169 (2024) Kat:3, Licht: 0","237169","3","2","5","04","12","4","","0","0","1","0","0"
"POINT (13.288604930000076 52.588309935000041)","Unfall 237170 (2024) Kat:3, Licht: 0","237170","3","4","6","04","11","4","","0","0","1","1","0"
"POINT (13.347795502000054 52.548052330000075)","Unfall 237171 (2024) Kat:3, Licht: 0","237171","3","5","0","04","09","4","","0","0","1","0","1"
"POINT (13.598217382000030 52.520627875000059)","Unfall 237172 (2024) Kat:3, Licht: 0","237172","3","3","2","04","08","4","","0","0","1","0","0"
"POINT (13.436931426000058 52.470626953000078)","Unfall 237173 (2024) Kat:3, Licht: 0","237173","3","5","1","04","07","4","","0","0","1","0","1"
"POINT (13.373390744000062 52.556895845000042)","Unfall 237174 (2024) Kat:2, Licht: 0","237174","2","7","6","04","11","7","","0","0","1","1","0"
"POINT (13.334192530000053 52.541075690000071)","Unfall 237175 (2024) Kat:3, Licht: 0","237175","3","6","2","04","07","4","","0","0","1","0","0"
"POINT (13.288112752000075 52.592437971000038)","Unfall 237176 (2024) Kat:3, Licht: 1","237176","3","7","6","04","06","4","","1","1","0","1","0"
"POINT (13.528714763000039 52.489248538000027)","Unfall 237177 (2024) Kat:3, Licht: 0","237177","3","6","2","04","09","5","","0","0","1","0","0"
"POINT (13.447472522000055 52.470404269000028)","Unfall 237178 (2024) Kat:3, Licht: 1","237178","3","5","1","04","06","4","","1","0","1","0","1"
"POINT (13.427281736000054 52.549726873000054)","Unfall 237179 (2024) Kat:3, Licht: 0","237179","3","3","5","04","06","4","","0","0","1","0","0"
"POINT (13.397028629000033 52.505335890000026)","Unfall 237180 (2024) Kat:3, Licht: 0","237180","3","4","0","04","17","4","","0","0","0","1","0"
"POINT (13.417884816000026 52.543849243000068)","Unfall 237181 (2024) Kat:3, Licht: 0","237181","3","3","0","04","17","4","","0","0","1","0","1"
"POINT (13.552290442000071 52.439335161000031)","Unfall 237182 (2024) Kat:3, Licht: 0","237182","3","3","5","04","15","7","","0","1","1","0","0"
"POINT (13.433148873000050 52.519915756000046)","Unfall 237183 (2024) Kat:3, Licht: 0","237183","3","6","3","04","14","4","","0","1","1","0","0"
"POINT (13.508775981000042 52.564505906000079)","Unfall 237184 (2024) Kat:3, Licht: 0","237184","3","6","3","04","13","4","","0","0","1","0","0"
"POINT (13.285138435000022 52.493783065000059)","Unfall 237185 (2024) Kat:3, Licht: 0","237185","3","7","6","04","08","4","","0","0","0","1","0"
"POINT (13.320454855000037 52.565948641000034)","Unfall 237186 (2024) Kat:3, Licht: 2","237186","3","7","6","04","21","3","","2","0","1","1","0"
"POINT (13.196783345000028 52.531418492000057)","Unfall 237187 (2024) Kat:3, Licht: 0","237187","3","4","6","05","10","3","","0","1","0","1","0"
"POINT (13.408305980000023 52.498484996000059)","Unfall 237188 (2024) Kat:3, Licht: 0","237188","3","6","2","04","12","3","","0","0","1","0","0"
"POINT (13.270824434000076 52.450904316000049)","Unfall 237189 (2024) Kat:3, Licht: 1","237189","3","2","5","04","19","3","","1","0","1","0","0"
"POINT (13.328366784000025 52.466350633000047)","Unfall 237190 (2024) Kat:3, Licht: 0","237190","3","4","6","04","15","3","","0","0","0","1","0"
"POINT (13.442740353000033 52.551135881000050)","Unfall 237191 (2024) Kat:2, Licht: 0","237191","2","3","5","04","09","3","","0","0","1","0","0"
"POINT (13.388923904000023 52.547545224000032)","Unfall 237192 (2024) Kat:3, Licht: 0","237192","3","6","3","04","18","3","","0","0","0","0","1"
"POINT (13.395003182000039 52.496336400000075)","Unfall 237193 (2024) Kat:3, Licht: 1","237193","3","2","5","04","18","4","","1","1","0","0","0"
"POINT (13.422555363000072 52.499182707000045)","Unfall 237194 (2024) Kat:3, Licht: 0","237194","3","7","6","04","18","3","","0","0","0","1","0"
"POINT (13.421658430000036 52.562487007000072)","Unfall 237195 (2024) Kat:2, Licht: 0","237195","2","3","5","04","16","3","","0","0","1","0","1"