WKT,Name,OBJECTID,UKATEGORIE,UTYP1,UART,UMONAT,USTUNDE,UWOCHENTAG,STRZUSTAND,ULICHTVERH,ISTRAD,ISTPKW,ISTFUSS,ISTKRAD
"POINT (13.522045015000060 52.402369834000069)","Unfall 237196 (2024) Kat:3, Licht: 0","237196","3","4","6","04","12","3","","0","0","1","1","0"
"POINT (13.413027388000046 52.508597870000074)","Unfall 237197 (2024) Kat:3, Licht: 0","237197","3","6","3","04","08","3","","0","1","1","0","0"
"POINT (13.381668381000054 52.449945590000027)","Unfall 237198 (2024) Kat:3, Licht: 0","237198","3","3","5","04","08","3","","0","0","1","0","0"
"POINT (13.300346001000037 52.626369843000077)","Unfall 237199 (2024) Kat:3, Licht: 0","237199","3","5","6","04","05","3","","0","0","1","1","0"
"POINT (13.212771649000047 52.572802249000063)","Unfall 237200 (2024) Kat:3, Licht: 0","237200","3","6","4","04","05","3","","0","0","1","0","0"
"POINT (13.359313079000060 52.557113177000076)","Unfall 237201 (2024) Kat:3, Licht: 2","237201","3","3","5","04","19","3","","2","1","1","0","0"
"POINT (13.361548224000046 52.497795685000028)","Unfall 237202 (2024) Kat:3, Licht: 0","237202","3","6","2","04","17","3","","0","0","1","0","0"
"POINT (13.515664997000044 52.567379440000082)","Unfall 237203 (2024) Kat:3, Licht: 0","237203","3","6","3","04","18","6","","0","0","1","0","0"
"POINT (13.509284424000043 52.551513023000041)","Unfall 237204 (2024) Kat:3, Licht: 0","237204","3","2","6","04","17","3","","0","0","1","1","0"
"POINT (13.519380760000047 52.526078885000061)","Unfall 237205 (2024) Kat:3, Licht: 0","237205","3","3","5","04","17","3","","0","0","1","0","1"
"POINT (13.409792063000054 52.416510806000076)","Unfall 237206 (2024) Kat:2, Licht: 0","237206","2","2","5","05","17","4","","0","0","1","0","1"
"POINT (13.391428966000035 52.501091574000043)","Unfall 237207 (2024) Kat:3, Licht: 0","237207","3","5","1","04","14","3","","0","1","1","0","0"
"POINT (13.519762417000038 52.525583327000049)","Unfall 237208 (2024) Kat:3, Licht: 0","237208","3","6","2","04","09","3","","0","1","1","0","0"
"POINT (13.591990683000063 52.529893768000079)","Unfall 237209 (2024) Kat:3, Licht: 0","237209","3","7","5","04","11","3","","0","1","1","0","0"
"POINT (13.486157442000035 52.433276847000059)","Unfall 237210 (2024) Kat:3, Licht: 0","237210","3","3","5","04","09","3","","0","0","1","0","0"
"POINT (13.371763577000024 52.509322932000032)","Unfall 237211 (2024) Kat:3, Licht: 0","237211","3","3","5","04","07","3","","0","1","1","0","0"
"POINT (13.390200906000075 52.562792552000076)","Unfall 237212 (2024) Kat:3, Licht: 1","237212","3","4","6","04","19","3","","1","0","1","1","0"
"POINT (13.565596825000057 52.529319865000048)","Unfall 237213 (2024) Kat:3, Licht: 0","237213","3","6","2","04","07","3","","0","0","0","0","1"
"POINT (13.436154242000043 52.448822175000032)","Unfall 237214 (2024) Kat:3, Licht: 0","237214","3","2","5","04","17","3","","0","1","0","0","1"
"POINT (13.221504633000052 52.537024231000032)","Unfall 237215 (2024) Kat:3, Licht: 0","237215","3","6","2","05","15","6","","0","0","1","0","0"
"POINT (13.200772290000032 52.538486325000065)","Unfall 237216 (2024) Kat:3, Licht: 0","237216","3","3","5","04","16","3","","0","0","1","0","0"
"POINT (13.119718500000033 52.528981177000048)","Unfall 237217 (2024) Kat:3, Licht: 0","237217","3","6","2","05","14","6","","0","0","1","0","0"
"POINT (13.563871977000076 52.519086004000030)","Unfall 237218 (2024) Kat:3, Licht: 0","237218","3","6","2","04","16","3","","0","0","1","0","0"
"POINT (13.424524464000058 52.513379713000063)","Unfall 237219 (2024) Kat:3, Licht: 0","237219","3","6","2","04","09","3","","0","1","0","0","0"
"POINT (13.280446966000056 52.476360573000079)","Unfall 237220 (2024) Kat:3, Licht: 0","237220","3","6","2","04","15","3","","0","0","1","0","1"
"POINT (13.398531200000036 52.583861548000073)","Unfall 237221 (2024) Kat:3, Licht: 0","237221","3","6","2","04","15","3","","0","1","0","0","0"
"POINT (13.406435079000062 52.498469962000058)","Unfall 237222 (2024) Kat:2, Licht: 0","237222","2","4","6","04","12","3","","0","1","1","1","0"
"POINT (13.321219162000034 52.565681562000066)","Unfall 237223 (2024) Kat:3, Licht: 0","237223","3","2","5","04","16","3","","0","1","1","0","0"
"POINT (13.314228768000021 52.508394924000072)","Unfall 237224 (2024) Kat:3, Licht: 0","237224","3","5","5","05","16","4","","0","0","1","0","1"
"POINT (13.497587234000036 52.505399320000038)","Unfall 237225 (2024) Kat:3, Licht: 0","237225","3","7","1","04","10","3","","0","0","1","0","0"
"POINT (13.329939740000043 52.569578225000043)","Unfall 237226 (2024) Kat:2, Licht: 0","237226","2","6","2","04","13","3","","0","0","1","0","1"
"POINT (13.308605415000045 52.617951634000065)","Unfall 237227 (2024) Kat:3, Licht: 0","237227","3","7","1","04","11","3","","0","0","1","0","0"
"POINT (13.413621172000035 52.523523305000026)","Unfall 237228 (2024) Kat:2, Licht: 0","237228","2","7","5","04","08","3","","0","0","1","0","1"
"POINT (13.343658238000046 52.535577998000065)","Unfall 237229 (2024) Kat:3, Licht: 0","237229","3","6","3","04","08","3","","0","0","0","0","1"
"POINT (13.533736989000033 52.525724340000068)","Unfall 237230 (2024) Kat:3, Licht: 0","237230","3","2","5","04","06","3","","0","1","1","0","0"
"POINT (13.490560344000073 52.543096331000072)","Unfall 237231 (2024) Kat:3, Licht: 2","237231","3","3","5","04","20","3","","2","1","1","0","0"
"POINT (13.396277497000028 52.517498482000065)","Unfall 237232 (2024) Kat:3, Licht: 0","237232","3","2","5","04","08","3","","0","1","1","0","0"
"POINT (13.294094997000059 52.490441120000071)","Unfall 237233 (2024) Kat:3, Licht: 0","237233","3","7","0","04","07","3","","0","1","0","0","0"
"POINT (13.429936718000022 52.523238446000050)","Unfall 237234 (2024) Kat:3, Licht: 2","237234","3","2","5","04","20","2","","2","0","0","0","1"
"POINT (13.433887098000071 52.559555520000060)","Unfall 237235 (2024) Kat:2, Licht: 0","237235","2","3","5","04","15","2","","0","0","1","0","0"
"POINT (13.184073315000035 52.423946381000064)","Unfall 237236 (2024) Kat:3, Licht: 0","237236","3","5","1","04","14","2","","0","1","1","0","0"
"POINT (13.499505745000022 52.508896715000049)","Unfall 237237 (2024) Kat:3, Licht: 0","237237","3","4","6","04","14","2","","0","0","1","1","0"
"POINT (13.292969442000071 52.575482824000062)","Unfall 237238 (2024) Kat:3, Licht: 0","237238","3","5","5","04","15","2","","0","0","1","0","0"
"POINT (13.310072863000073 52.493615555000076)","Unfall 237239 (2024) Kat:3, Licht: 2","237239","3","3","5","04","21","2","","2","0","1","0","0"
"POINT (13.424104406000026 52.486250662000032)","Unfall 237240 (2024) Kat:3, Licht: 0","237240","3","2","3","04","18","2","","0","1","1","0","0"
"POINT (13.286850600000037 52.495841485000028)","Unfall 237241 (2024) Kat:3, Licht: 0","237241","3","2","5","04","18","2","","0","0","1","0","0"
"POINT (13.226564924000058 52.437442829000076)","Unfall 237242 (2024) Kat:3, Licht: 0","237242","3","5","1","04","16","5","","0","1","1","0","0"
"POINT (13.394737753000072 52.465469385000063)","Unfall 237243 (2024) Kat:3, Licht: 0","237243","3","3","5","04","17","2","","0","1","0","0","0"
"POINT (13.464722748000042 52.470392774000061)","Unfall 237244 (2024) Kat:3, Licht: 0","237244","3","2","5","04","10","2","","0","1","0","0","0"
"POINT (13.375914212000055 52.485036210000032)","Unfall 237245 (2024) Kat:3, Licht: 0","237245","3","6","2","04","17","2","","0","0","1","0","0"
"POINT (13.409218529000043 52.501703999000028)","Unfall 237246 (2024) Kat:3, Licht: 0","237246","3","2","5","04","16","2","","0","1","1","0","0"
"POINT (13.557540678000066 52.522561452000048)","Unfall 237247 (2024) Kat:3, Licht: 0","237247","3","6","4","04","16","2","","0","1","1","0","0"
"POINT (13.392945072000032 52.537265868000077)","Unfall 237248 (2024) Kat:3, Licht: 0","237248","3","6","2","04","16","2","","0","0","1","0","1"
"POINT (13.606889000000024 52.538858974000050)","Unfall 237249 (2024) Kat:2, Licht: 2","237249","2","4","6","04","22","2","","2","0","1","1","0"
"POINT (13.335612086000026 52.565142469000079)","Unfall 237250 (2024) Kat:3, Licht: 2","237250","3","2","5","04","21","2","","2","0","1","0","0"
"POINT (13.343325166000056 52.526226490000056)","Unfall 237251 (2024) Kat:3, Licht: 0","237251","3","2","5","04","16","2","","0","1","1","0","0"
"POINT (13.421732876000021 52.519321127000069)","Unfall 237252 (2024) Kat:2, Licht: 1","237252","2","5","1","04","16","2","","1","1","0","0","0"
"POINT (13.373491566000041 52.557068753000067)","Unfall 237253 (2024) Kat:2, Licht: 2","237253","2","6","0","04","20","2","","2","0","1","0","1"
"POINT (13.242596012000035 52.433837963000030)","Unfall 237254 (2024) Kat:3, Licht: 0","237254","3","2","5","04","14","2","","0","1","1","0","0"
"POINT (13.388717747000044 52.499440243000038)","Unfall 237255 (2024) Kat:3, Licht: 0","237255","3","2","5","04","19","2","","0","1","1","0","0"
"POINT (13.414711267000030 52.553571159000057)","Unfall 237256 (2024) Kat:3, Licht: 0","237256","3","2","5","04","16","2","","0","1","1","0","0"
"POINT (13.513531148000027 52.464760322000075)","Unfall 237257 (2024) Kat:3, Licht: 0","237257","3","2","5","04","08","2","","0","1","0","0","0"
"POINT (13.518984033000038 52.531443507000063)","Unfall 237258 (2024) Kat:2, Licht: 0","237258","2","2","5","04","16","2","","0","1","1","0","0"
"POINT (13.378215722000050 52.576628166000035)","Unfall 237259 (2024) Kat:3, Licht: 0","237259","3","2","5","04","16","2","","0","0","1","0","1"
"POINT (13.127315689000056 52.528809764000073)","Unfall 237260 (2024) Kat:3, Licht: 0","237260","3","6","2","04","16","2","","0","0","1","0","1"
"POINT (13.351581089000035 52.440363905000027)","Unfall 237261 (2024) Kat:3, Licht: 0","237261","3","3","5","04","15","2","","0","1","1","0","0"
"POINT (13.301043134000054 52.616229229000055)","Unfall 237262 (2024) Kat:2, Licht: 0","237262","2","2","5","04","14","2","","0","0","1","0","1"
"POINT (13.189726684000050 52.536854609000045)","Unfall 237263 (2024) Kat:3, Licht: 0","237263","3","2","5","04","12","2","","0","1","1","0","0"
"POINT (13.345903828000075 52.589895761000037)","Unfall 237264 (2024) Kat:3, Licht: 0","237264","3","7","0","04","11","2","","0","0","1","0","1"
"POINT (13.477413579000029 52.430079792000072)","Unfall 237265 (2024) Kat:3, Licht: 0","237265","3","7","1","04","13","2","","0","0","1","0","0"
"POINT (13.275000796000029 52.598003441000060)","Unfall 237266 (2024) Kat:2, Licht: 1","237266","2","1","9","05","21","4","","1","0","0","0","1"
"POINT (13.371339450000050 52.569268258000079)","Unfall 237267 (2024) Kat:3, Licht: 0","237267","3","5","1","04","13","2","","0","1","1","0","0"
"POINT (13.413469486000054 52.566491293000070)","Unfall 237268 (2024) Kat:3, Licht: 0","237268","3","2","5","04","13","2","","0","0","1","0","0"
"POINT (13.208676780000076 52.559263684000030)","Unfall 237269 (2024) Kat:3, Licht: 0","237269","3","4","6","04","10","2","","0","1","0","1","0"
"POINT (13.298314243000050 52.509217012000079)","Unfall 237270 (2024) Kat:3, Licht: 0","237270","3","7","2","04","08","2","","0","0","1","0","1"
"POINT (13.522075847000053 52.525888629000065)","Unfall 237271 (2024) Kat:3, Licht: 0","237271","3","2","2","04","06","2","","0","0","1","0","0"
"POINT (13.238246414000059 52.546536087000050)","Unfall 237272 (2024) Kat:2, Licht: 0","237272","2","5","1","04","11","2","","0","1","1","0","0"
"POINT (13.267066495000051 52.531828728000050)","Unfall 237273 (2024) Kat:3, Licht: 0","237273","3","1","0","04","10","2","","0","0","0","0","1"
"POINT (13.321805353000059 52.486419028000057)","Unfall 237274 (2024) Kat:3, Licht: 0","237274","3","4","6","04","10","2","","0","0","1","1","0"
"POINT (13.236806948000037 52.542111415000079)","Unfall 237275 (2024) Kat:3, Licht: 0","237275","3","7","2","04","10","2","","0","0","1","0","0"
"POINT (13.577246106000075 52.455983119000052)","Unfall 237276 (2024) Kat:3, Licht: 0","237276","3","2","5","04","07","2","","0","0","0","0","0"
"POINT (13.431893674000037 52.466515931000060)","Unfall 237277 (2024) Kat:3, Licht: 0","237277","3","3","5","04","07","2","","0","1","1","0","0"
"POINT (13.467958594000038 52.502598630000080)","Unfall 237278 (2024) Kat:3, Licht: 0","237278","3","6","3","04","07","2","","0","1","1","0","0"
"POINT (13.538105157000075 52.476581627000030)","Unfall 237279 (2024) Kat:3, Licht: 0","237279","3","6","3","04","06","2","","0","0","1","0","1"
"POINT (13.448873699000046 52.419475607000038)","Unfall 237280 (2024) Kat:2, Licht: 0","237280","2","4","6","04","06","2","","0","0","1","1","0"
"POINT (13.287663371000065 52.515522643000054)","Unfall 237281 (2024) Kat:3, Licht: 2","237281","3","5","1","04","04","2","","2","0","1","0","0"
"POINT (13.389213393000034 52.514568996000037)","Unfall 237282 (2024) Kat:3, Licht: 0","237282","3","5","1","04","14","2","","0","0","1","0","0"
"POINT (13.427353754000023 52.535676509000041)","Unfall 237283 (2024) Kat:2, Licht: 2","237283","2","5","1","04","00","1","","2","0","1","0","0"
"POINT (13.400594260000048 52.510036405000051)","Unfall 237284 (2024) Kat:3, Licht: 0","237284","3","3","5","04","19","1","","0","0","1","0","0"
"POINT (13.421471152000038 52.465199860000041)","Unfall 237285 (2024) Kat:3, Licht: 2","237285","3","2","5","04","22","1","","2","0","1","0","0"
"POINT (13.391011650000053 52.504187036000076)","Unfall 237286 (2024) Kat:2, Licht: 2","237286","2","1","0","04","21","1","","2","1","0","0","0"
"POINT (13.432884164000029 52.560560043000066)","Unfall 237287 (2024) Kat:3, Licht: 0","237287","3","5","1","04","19","1","","0","0","1","0","0"
"POINT (13.440894628000024 52.482387793000044)","Unfall 237288 (2024) Kat:3, Licht: 0","237288","3","3","5","04","19","1","","0","0","1","0","0"
"POINT (13.296963224000024 52.527220116000080)","Unfall 237289 (2024) Kat:3, Licht: 0","237289","3","1","0","04","17","1","","0","0","1","0","1"
"POINT (13.494433576000063 52.569027851000044)","Unfall 237290 (2024) Kat:3, Licht: 0","237290","3","2","5","04","17","1","","0","0","1","0","1"
"POINT (13.584213863000059 52.429666750000081)","Unfall 237291 (2024) Kat:3, Licht: 0","237291","3","7","0","04","17","1","","0","1","0","0","0"
"POINT (13.411723033000044 52.523964459000069)","Unfall 237292 (2024) Kat:2, Licht: 0","237292","2","2","5","04","15","1","","0","1","1","0","0"
"POINT (13.625275856000030 52.539610026000048)","Unfall 237293 (2024) Kat:3, Licht: 0","237293","3","7","0","04","15","1","","0","1","0","0","0"
"POINT (13.583621682000057 52.451704761000030)","Unfall 237294 (2024) Kat:3, Licht: 0","237294","3","2","5","05","17","2","","0","1","1","0","0"
"POINT (13.480802507000021 52.553780887000073)","Unfall 237295 (2024) Kat:3, Licht: 0","237295","3","6","3","04","10","1","","0","0","1","0","0"
"POINT (13.242932966000069 52.601518306000060)","Unfall 237296 (2024) Kat:3, Licht: 0","237296","3","3","5","04","12","1","","0","0","1","0","0"
"POINT (13.360398345000021 52.597741640000038)","Unfall 237297 (2024) Kat:3, Licht: 0","237297","3","3","5","04","19","1","","0","0","1","0","0"
"POINT (13.429637878000051 52.551198752000062)","Unfall 237298 (2024) Kat:3, Licht: 0","237298","3","6","2","04","15","1","","0","0","1","0","0"
"POINT (13.128948108000031 52.469303611000043)","Unfall 237299 (2024) Kat:3, Licht: 0","237299","3","3","5","04","13","1","","0","1","1","0","0"
"POINT (13.280209756000033 52.518482839000058)","Unfall 237300 (2024) Kat:3, Licht: 0","237300","3","2","2","04","12","1","","0","0","1","0","0"
"POINT (13.427794547000076 52.545353942000077)","Unfall 237301 (2024) Kat:2, Licht: 2","237301","2","1","3","04","01","1","","2","1","0","0","0"
"POINT (13.385196913000073 52.397546530000056)","Unfall 237302 (2024) Kat:3, Licht: 0","237302","3","3","5","05","11","3","","0","0","1","0","0"
"POINT (13.360834978000071 52.577015247000077)","Unfall 237303 (2024) Kat:3, Licht: 2","237303","3","2","3","04","21","1","","2","0","1","0","0"
"POINT (13.454107842000042 52.474081310000031)","Unfall 237304 (2024) Kat:3, Licht: 0","237304","3","6","4","04","18","1","","0","1","0","0","1"
"POINT (13.183128207000038 52.539833141000031)","Unfall 237305 (2024) Kat:3, Licht: 0","237305","3","3","5","04","18","1","","0","0","1","0","1"
"POINT (13.540105389000075 52.536656782000080)","Unfall 237306 (2024) Kat:2, Licht: 0","237306","2","4","6","04","17","1","","0","0","1","1","0"
"POINT (13.385643135000066 52.484953265000058)","Unfall 237307 (2024) Kat:3, Licht: 0","237307","3","3","5","04","13","1","","0","0","1","0","0"
"POINT (13.547707205000052 52.437761434000038)","Unfall 237308 (2024) Kat:3, Licht: 0","237308","3","6","2","04","15","7","","0","0","1","0","0"
"POINT (13.179251386000033 52.533798328000046)","Unfall 237309 (2024) Kat:1, Licht: 0","237309","1","2","6","04","13","7","","0","0","1","1","0"
"POINT (13.394005794000066 52.490335689000062)","Unfall 237310 (2024) Kat:3, Licht: 2","237310","3","7","5","04","22","7","","2","0","1","0","1"
"POINT (13.531952052000065 52.484146232000057)","Unfall 237311 (2024) Kat:3, Licht: 2","237311","3","3","5","04","21","7","","2","0","1","0","1"
"POINT (13.406206836000024 52.482661671000074)","Unfall 237312 (2024) Kat:3, Licht: 0","237312","3","6","2","04","17","7","","0","0","1","0","1"
"POINT (13.464934086000028 52.429565823000075)","Unfall 237313 (2024) Kat:3, Licht: 0","237313","3","6","2","04","14","7","","0","0","1","0","0"
"POINT (13.339674737000053 52.505371045000061)","Unfall 237314 (2024) Kat:3, Licht: 0","237314","3","6","2","04","10","7","","0","0","1","0","1"
"POINT (13.380936004000034 52.516370915000039)","Unfall 237315 (2024) Kat:3, Licht: 0","237315","3","2","0","04","17","7","","0","1","1","0","0"
"POINT (13.308010088000060 52.506674749000069)","Unfall 237316 (2024) Kat:3, Licht: 0","237316","3","6","2","04","17","7","","0","0","1","0","0"
"POINT (13.379287302000023 52.489707003000035)","Unfall 237317 (2024) Kat:3, Licht: 0","237317","3","3","5","04","15","7","","0","1","1","0","0"
"POINT (13.438664398000071 52.489849491000030)","Unfall 237318 (2024) Kat:3, Licht: 0","237318","3","2","5","04","08","5","","0","0","1","0","1"
"POINT (13.432888917000071 52.517846330000054)","Unfall 237319 (2024) Kat:3, Licht: 2","237319","3","3","5","04","20","7","","2","0","1","0","0"
"POINT (13.436290638000060 52.488880450000067)","Unfall 237320 (2024) Kat:3, Licht: 0","237320","3","2","5","04","15","7","","0","1","1","0","0"
"POINT (13.404242091000071 52.533165416000031)","Unfall 237321 (2024) Kat:3, Licht: 0","237321","3","3","5","04","14","7","","0","1","1","0","0"
"POINT (13.351522003000071 52.509561137000048)","Unfall 237322 (2024) Kat:3, Licht: 0","237322","3","2","5","07","19","2","","0","1","1","0","0"
"POINT (13.554105555000035 52.469577535000042)","Unfall 237323 (2024) Kat:3, Licht: 0","237323","3","6","2","07","18","2","","0","0","1","0","1"
"POINT (13.390759412000023 52.550258443000075)","Unfall 237324 (2024) Kat:3, Licht: 0","237324","3","6","3","07","16","2","","0","0","1","0","1"
"POINT (13.314725969000051 52.529578337000032)","Unfall 237325 (2024) Kat:3, Licht: 0","237325","3","3","5","07","16","2","","0","1","1","0","0"
"POINT (13.476890124000022 52.563255139000034)","Unfall 237326 (2024) Kat:2, Licht: 0","237326","2","3","5","07","05","2","","0","0","1","0","1"
"POINT (13.472419219000074 52.454285054000081)","Unfall 237327 (2024) Kat:3, Licht: 0","237327","3","6","2","07","15","2","","0","0","1","0","0"
"POINT (13.259900265000056 52.421529216000067)","Unfall 237328 (2024) Kat:3, Licht: 0","237328","3","3","5","07","11","2","","0","0","1","0","0"
"POINT (13.343984668000076 52.596039679000057)","Unfall 237329 (2024) Kat:3, Licht: 0","237329","3","6","2","07","11","2","","0","0","1","0","0"
"POINT (13.165327105000074 52.551059509000027)","Unfall 237330 (2024) Kat:3, Licht: 0","237330","3","2","5","07","11","2","","0","1","0","0","0"
"POINT (13.415566475000048 52.507307832000038)","Unfall 237331 (2024) Kat:3, Licht: 0","237331","3","3","5","07","08","2","","0","0","1","0","1"
"POINT (13.407150319000039 52.518391160000078)","Unfall 237332 (2024) Kat:1, Licht: 0","237332","1","2","5","07","11","2","","0","0","1","0","1"
"POINT (13.432900105000044 52.599264281000046)","Unfall 237333 (2024) Kat:3, Licht: 0","237333","3","2","5","07","17","1","","0","0","0","0","1"
"POINT (13.496696837000059 52.534126757000081)","Unfall 237334 (2024) Kat:3, Licht: 0","237334","3","2","3","07","17","1","","0","0","0","0","1"
"POINT (13.421481540000059 52.493017293000037)","Unfall 237335 (2024) Kat:2, Licht: 0","237335","2","3","0","07","11","1","","0","1","0","0","0"
"POINT (13.373029333000034 52.557242613000028)","Unfall 237336 (2024) Kat:3, Licht: 0","237336","3","2","5","07","19","1","","0","0","1","0","0"
"POINT (13.392719258000056 52.582176156000060)","Unfall 237337 (2024) Kat:2, Licht: 0","237337","2","3","5","07","19","1","","0","1","1","0","0"
"POINT (13.508049348000043 52.403716278000047)","Unfall 237338 (2024) Kat:3, Licht: 2","237338","3","3","5","07","23","1","","2","0","1","0","0"
"POINT (13.453570730000024 52.549945798000067)","Unfall 237339 (2024) Kat:3, Licht: 2","237339","3","5","1","07","21","1","","2","0","1","0","0"
"POINT (13.335254989000077 52.461716440000032)","Unfall 237340 (2024) Kat:3, Licht: 0","237340","3","3","5","07","20","1","","0","0","1","0","1"
"POINT (13.451965515000040 52.510699777000070)","Unfall 237341 (2024) Kat:2, Licht: 0","237341","2","3","5","07","20","1","","0","0","1","0","1"
"POINT (13.376874967000049 52.538651722000054)","Unfall 237342 (2024) Kat:3, Licht: 0","237342","3","1","0","07","16","1","","0","1","0","0","0"
"POINT (13.394639764000033 52.505338340000037)","Unfall 237343 (2024) Kat:3, Licht: 0","237343","3","3","5","07","16","1","","0","1","1","0","0"
"POINT (13.284977060000074 52.469705059000034)","Unfall 237344 (2024) Kat:3, Licht: 0","237344","3","3","5","07","18","1","","0","0","1","0","0"
"POINT (13.477742658000068 52.551935881000077)","Unfall 237345 (2024) Kat:3, Licht: 0","237345","3","7","5","07","15","1","","0","1","1","0","0"
"POINT (13.311110817000042 52.569414770000037)","Unfall 237346 (2024) Kat:2, Licht: 0","237346","2","4","6","07","18","1","","0","0","1","1","0"
"POINT (13.346203256000024 52.500977657000078)","Unfall 237347 (2024) Kat:3, Licht: 0","237347","3","2","5","07","18","1","","0","1","1","0","0"
"POINT (13.401396482000052 52.533190732000037)","Unfall 237348 (2024) Kat:3, Licht: 0","237348","3","1","0","07","10","1","","0","1","0","0","0"
"POINT (13.513736467000058 52.464392856000075)","Unfall 237349 (2024) Kat:3, Licht: 0","237349","3","1","0","07","14","1","","0","1","0","0","0"
"POINT (13.563444030000028 52.445714435000070)","Unfall 237350 (2024) Kat:3, Licht: 0","237350","3","2","5","07","13","1","","0","1","1","0","0"
"POINT (13.402090470000076 52.602854526000044)","Unfall 237351 (2024) Kat:2, Licht: 2","237351","2","2","5","07","00","1","","2","0","1","0","0"
"POINT (13.233620346000066 52.438604270000042)","Unfall 237352 (2024) Kat:3, Licht: 0","237352","3","2","5","07","19","7","","0","1","1","0","0"
"POINT (13.425153294000040 52.499655895000046)","Unfall 237353 (2024) Kat:3, Licht: 0","237353","3","7","6","07","18","7","","0","0","1","1","0"
"POINT (13.317153862000055 52.454559932000052)","Unfall 237354 (2024) Kat:3, Licht: 0","237354","3","7","6","07","18","7","","0","0","1","1","0"
"POINT (13.328426498000056 52.565366787000073)","Unfall 237355 (2024) Kat:2, Licht: 0","237355","2","4","6","07","18","7","","0","0","1","1","0"
"POINT (13.296987013000034 52.498107289000075)","Unfall 237356 (2024) Kat:2, Licht: 0","237356","2","4","6","07","17","7","","0","0","1","1","0"
"POINT (13.326099061000036 52.538377687000036)","Unfall 237357 (2024) Kat:2, Licht: 0","237357","2","2","5","07","16","7","","0","0","1","0","1"
"POINT (13.438742961000059 52.480684948000032)","Unfall 237358 (2024) Kat:3, Licht: 0","237358","3","2","5","07","15","7","","0","1","0","0","1"
"POINT (13.380184910000025 52.532878413000049)","Unfall 237359 (2024) Kat:3, Licht: 0","237359","3","2","5","07","15","7","","0","1","1","0","0"
"POINT (13.496857945000045 52.634708403000047)","Unfall 237360 (2024) Kat:3, Licht: 0","237360","3","2","5","07","15","7","","0","1","1","0","0"
"POINT (13.418656723000026 52.383927278000044)","Unfall 237361 (2024) Kat:3, Licht: 0","237361","3","6","4","07","12","7","","0","1","1","0","0"
"POINT (13.336955377000038 52.485674009000036)","Unfall 237362 (2024) Kat:3, Licht: 2","237362","3","1","0","07","02","7","","2","1","0","0","0"
"POINT (13.349150535000035 52.515058499000077)","Unfall 237363 (2024) Kat:2, Licht: 2","237363","2","2","3","07","23","7","","2","0","0","0","1"
"POINT (13.347643829000049 52.541076941000028)","Unfall 237364 (2024) Kat:3, Licht: 2","237364","3","3","5","07","22","7","","2","0","1","0","0"
"POINT (13.600725029000046 52.538327544000026)","Unfall 237365 (2024) Kat:3, Licht: 0","237365","3","3","5","07","19","7","","0","1","1","0","0"
"POINT (13.415387560000056 52.520789031000049)","Unfall 237366 (2024) Kat:3, Licht: 0","237366","3","2","5","07","18","7","","0","1","1","0","0"
"POINT (13.447996726000042 52.513218017000042)","Unfall 237367 (2024) Kat:3, Licht: 0","237367","3","5","1","07","18","7","","0","1","1","0","0"
"POINT (13.321614450000027 52.500382185000035)","Unfall 237368 (2024) Kat:3, Licht: 0","237368","3","2","5","07","17","7","","0","0","1","0","0"
"POINT (13.385687273000030 52.520393439000031)","Unfall 237369 (2024) Kat:3, Licht: 0","237369","3","7","6","07","15","7","","0","0","0","1","0"
"POINT (13.331280464000031 52.503611865000039)","Unfall 237370 (2024) Kat:3, Licht: 0","237370","3","4","0","07","14","7","","0","0","1","1","0"
"POINT (13.426881974000025 52.475892176000059)","Unfall 237371 (2024) Kat:3, Licht: 2","237371","3","1","0","07","04","7","","2","0","0","0","0"
"POINT (13.468131365000033 52.546521427000073)","Unfall 237372 (2024) Kat:3, Licht: 0","237372","3","2","3","07","10","7","","0","0","1","0","1"
"POINT (13.349398107000070 52.467799322000076)","Unfall 237373 (2024) Kat:3, Licht: 0","237373","3","3","5","07","18","7","","0","1","1","0","0"
"POINT (13.240486786000076 52.526290280000069)","Unfall 237374 (2024) Kat:3, Licht: 0","237374","3","1","0","07","18","7","","0","0","0","0","0"
"POINT (13.671192266000048 52.417577964000031)","Unfall 237375 (2024) Kat:3, Licht: 0","237375","3","6","2","07","17","7","","0","0","1","0","0"
"POINT (13.240985493000039 52.543203567000035)","Unfall 237376 (2024) Kat:3, Licht: 0","237376","3","5","1","07","17","7","","0","0","1","0","1"
"POINT (13.401845320000064 52.530465823000043)","Unfall 237377 (2024) Kat:3, Licht: 2","237377","3","5","5","07","00","7","","2","1","1","0","0"
"POINT (13.220866334000050 52.442560074000028)","Unfall 237378 (2024) Kat:3, Licht: 0","237378","3","5","0","07","15","7","","0","0","1","0","1"
"POINT (13.327854485000046 52.599711216000060)","Unfall 237379 (2024) Kat:2, Licht: 0","237379","2","4","6","07","12","7","","0","0","1","1","0"
"POINT (13.380612153000072 52.442875849000075)","Unfall 237380 (2024) Kat:3, Licht: 0","237380","3","3","5","07","15","7","","0","1","1","0","0"
"POINT (13.551718481000023 52.428496753000047)","Unfall 237381 (2024) Kat:3, Licht: 0","237381","3","2","5","07","13","7","","0","1","1","0","0"
"POINT (13.409821281000063 52.503910240000039)","Unfall 237382 (2024) Kat:3, Licht: 0","237382","3","6","2","07","10","7","","0","0","1","0","0"