WKT,Name,OBJECTID,UKATEGORIE,UTYP1,UART,UMONAT,USTUNDE,UWOCHENTAG,STRZUSTAND,ULICHTVERH,ISTRAD,ISTPKW,ISTFUSS,ISTKRAD
"POINT (13.386908958000049 52.570311478000065)","Unfall 237570 (2024) Kat:3, Licht: 0","237570","3","6","3","07","15","3","","0","1","1","0","0"
"POINT (13.436628368000072 52.551864915000067)","Unfall 237571 (2024) Kat:3, Licht: 0","237571","3","3","5","06","16","1","","0","0","1","0","0"
"POINT (13.403660363000029 52.415066433000050)","Unfall 237572 (2024) Kat:3, Licht: 0","237572","3","6","3","06","12","1","","0","0","1","0","1"
"POINT (13.333493101000045 52.430002775000048)","Unfall 237573 (2024) Kat:3, Licht: 0","237573","3","2","0","06","08","1","","0","0","1","0","1"
"POINT (13.371776867000051 52.509276318000047)","Unfall 237574 (2024) Kat:3, Licht: 0","237574","3","2","5","06","19","1","","0","1","1","0","0"
"POINT (13.386164940000072 52.553307659000041)","Unfall 237575 (2024) Kat:3, Licht: 0","237575","3","7","6","06","11","7","","0","0","0","1","0"
"POINT (13.231815684000026 52.539182650000043)","Unfall 237576 (2024) Kat:2, Licht: 2","237576","2","4","6","06","23","7","","2","0","0","1","1"
"POINT (13.386053690000040 52.538803539000071)","Unfall 237577 (2024) Kat:3, Licht: 0","237577","3","3","5","06","18","7","","0","0","1","0","0"
"POINT (13.440799091000031 52.482434924000074)","Unfall 237578 (2024) Kat:3, Licht: 0","237578","3","7","6","06","17","7","","0","0","1","1","0"
"POINT (13.207169672000077 52.538878597000064)","Unfall 237579 (2024) Kat:3, Licht: 0","237579","3","5","1","06","18","7","","0","1","1","0","0"
"POINT (13.455992352000067 52.528691691000063)","Unfall 237580 (2024) Kat:3, Licht: 2","237580","3","4","6","06","23","7","","2","0","1","1","0"
"POINT (13.285988514000053 52.449622787000067)","Unfall 237581 (2024) Kat:3, Licht: 0","237581","3","3","5","06","16","7","","0","0","1","0","0"
"POINT (13.345041417000061 52.482898326000054)","Unfall 237582 (2024) Kat:3, Licht: 2","237582","3","6","2","06","23","7","","2","0","1","0","0"
"POINT (13.365763859000026 52.480683574000068)","Unfall 237583 (2024) Kat:3, Licht: 0","237583","3","6","2","06","19","7","","0","0","1","0","0"
"POINT (13.390131187000065 52.508582432000026)","Unfall 237584 (2024) Kat:3, Licht: 0","237584","3","3","5","06","14","7","","0","1","1","0","0"
"POINT (13.344083187000024 52.546506002000058)","Unfall 237585 (2024) Kat:3, Licht: 0","237585","3","4","6","06","18","7","","0","0","1","1","0"
"POINT (13.338684869000076 52.471449489000065)","Unfall 237586 (2024) Kat:3, Licht: 0","237586","3","5","1","06","13","7","","0","1","1","0","0"
"POINT (13.328811001000076 52.475730777000081)","Unfall 237587 (2024) Kat:3, Licht: 0","237587","3","3","5","06","16","7","","0","1","1","0","0"
"POINT (13.306732208000028 52.485023206000051)","Unfall 237588 (2024) Kat:3, Licht: 0","237588","3","2","5","06","11","7","","0","1","1","0","0"
"POINT (13.335360533000028 52.469291500000054)","Unfall 237589 (2024) Kat:3, Licht: 0","237589","3","7","5","06","11","7","","0","1","1","0","0"
"POINT (13.414922132000072 52.515786366000043)","Unfall 237590 (2024) Kat:3, Licht: 0","237590","3","2","5","06","16","7","","0","0","1","0","1"
"POINT (13.467200857000023 52.597072594000053)","Unfall 237591 (2024) Kat:3, Licht: 0","237591","3","2","5","06","10","7","","0","1","1","0","0"
"POINT (13.505412173000025 52.636939910000081)","Unfall 237592 (2024) Kat:2, Licht: 0","237592","2","2","5","06","08","7","","0","1","1","0","0"
"POINT (13.486129082000048 52.622222941000075)","Unfall 237593 (2024) Kat:3, Licht: 0","237593","3","3","5","06","16","7","","0","1","1","0","0"
"POINT (13.475547295000069 52.425772307000045)","Unfall 237594 (2024) Kat:3, Licht: 0","237594","3","6","2","06","15","7","","0","0","1","0","0"
"POINT (13.198897967000050 52.533165684000039)","Unfall 237595 (2024) Kat:3, Licht: 0","237595","3","3","5","06","15","7","","0","0","1","0","0"
"POINT (13.349531787000046 52.567389130000038)","Unfall 237596 (2024) Kat:3, Licht: 2","237596","3","2","6","06","00","7","","2","0","1","1","0"
"POINT (13.323358600000063 52.410458124000058)","Unfall 237597 (2024) Kat:2, Licht: 0","237597","2","3","5","06","13","7","","0","1","1","0","0"
"POINT (13.296435086000031 52.529271816000062)","Unfall 237598 (2024) Kat:3, Licht: 0","237598","3","2","5","06","13","7","","0","0","1","0","0"
"POINT (13.240214986000069 52.618813525000064)","Unfall 237599 (2024) Kat:3, Licht: 0","237599","3","2","4","06","13","7","","0","1","0","0","0"
"POINT (13.444393276000028 52.494656534000057)","Unfall 237600 (2024) Kat:2, Licht: 0","237600","2","7","0","06","12","7","","0","1","0","0","0"
"POINT (13.244923348000043 52.614422448000028)","Unfall 237601 (2024) Kat:3, Licht: 0","237601","3","2","2","06","11","7","","0","0","1","0","0"
"POINT (13.519609029000037 52.506071832000032)","Unfall 237602 (2024) Kat:3, Licht: 0","237602","3","6","2","06","08","7","","0","0","1","0","0"
"POINT (13.418180183000061 52.515414109000062)","Unfall 237603 (2024) Kat:3, Licht: 0","237603","3","3","5","06","04","7","","0","0","1","0","0"
"POINT (13.471669755000050 52.532116192000046)","Unfall 237604 (2024) Kat:3, Licht: 2","237604","3","2","5","06","00","7","","2","1","1","0","0"
"POINT (13.341389819000028 52.525545630000067)","Unfall 237605 (2024) Kat:3, Licht: 0","237605","3","7","1","06","15","7","","0","0","1","0","0"
"POINT (13.334032778000051 52.508114896000052)","Unfall 237606 (2024) Kat:3, Licht: 0","237606","3","7","5","06","13","6","","0","1","1","0","0"
"POINT (13.316274769000074 52.478315252000073)","Unfall 237607 (2024) Kat:2, Licht: 2","237607","2","6","0","06","22","6","","2","0","1","0","1"
"POINT (13.377809902000024 52.473231454000029)","Unfall 237608 (2024) Kat:3, Licht: 0","237608","3","5","1","06","18","6","","0","0","1","0","0"
"POINT (13.380647987000032 52.532505776000050)","Unfall 237609 (2024) Kat:3, Licht: 0","237609","3","7","5","06","15","6","","0","1","1","0","0"
"POINT (13.416104746000030 52.499729696000031)","Unfall 237610 (2024) Kat:3, Licht: 0","237610","3","5","1","06","14","6","","0","1","1","0","0"
"POINT (13.493155386000069 52.623783460000027)","Unfall 237611 (2024) Kat:3, Licht: 0","237611","3","3","5","06","12","6","","0","1","1","0","0"
"POINT (13.423646197000039 52.555095712000082)","Unfall 237612 (2024) Kat:2, Licht: 0","237612","2","3","5","06","12","6","","0","1","1","0","0"
"POINT (13.304296172000022 52.496636720000026)","Unfall 237613 (2024) Kat:3, Licht: 0","237613","3","7","5","06","10","6","","0","0","0","0","0"
"POINT (13.406655818000047 52.498437069000033)","Unfall 237614 (2024) Kat:2, Licht: 0","237614","2","2","5","07","11","2","","0","0","1","0","0"
"POINT (13.349020508000024 52.500664723000057)","Unfall 237615 (2024) Kat:3, Licht: 0","237615","3","4","6","06","09","6","","0","1","0","1","0"
"POINT (13.384891194000033 52.460834685000066)","Unfall 237616 (2024) Kat:3, Licht: 0","237616","3","2","5","06","08","6","","0","0","1","0","0"
"POINT (13.315810117000069 52.443023546000063)","Unfall 237617 (2024) Kat:3, Licht: 1","237617","3","6","2","06","22","6","","1","0","1","0","0"
"POINT (13.476359258000059 52.455717467000056)","Unfall 237618 (2024) Kat:3, Licht: 0","237618","3","7","0","06","21","6","","0","0","0","0","1"
"POINT (13.286680909000040 52.518716567000070)","Unfall 237619 (2024) Kat:2, Licht: 0","237619","2","2","5","06","20","6","","0","1","1","0","0"
"POINT (13.357779407000066 52.540918923000049)","Unfall 237620 (2024) Kat:3, Licht: 0","237620","3","5","1","06","07","6","","0","1","0","0","0"
"POINT (13.315299410000023 52.490839762000064)","Unfall 237621 (2024) Kat:3, Licht: 0","237621","3","2","5","06","18","6","","0","0","1","0","0"
"POINT (13.552048922000040 52.434710318000043)","Unfall 237622 (2024) Kat:3, Licht: 0","237622","3","3","5","06","12","6","","0","1","1","0","0"
"POINT (13.382766910000043 52.455854653000074)","Unfall 237623 (2024) Kat:3, Licht: 0","237623","3","6","0","06","10","6","","0","0","1","0","1"
"POINT (13.480334630000073 52.499143617000072)","Unfall 237624 (2024) Kat:3, Licht: 0","237624","3","3","5","06","09","6","","0","1","1","0","0"
"POINT (13.352264108000043 52.495291582000050)","Unfall 237625 (2024) Kat:3, Licht: 0","237625","3","3","5","06","14","6","","0","0","1","0","0"
"POINT (13.422553953000033 52.544608193000045)","Unfall 237626 (2024) Kat:3, Licht: 0","237626","3","1","0","06","10","6","","0","0","0","0","0"
"POINT (13.554477432000056 52.455892984000059)","Unfall 237627 (2024) Kat:2, Licht: 0","237627","2","3","5","06","11","5","","0","0","1","0","0"
"POINT (13.315332657000056 52.514721317000067)","Unfall 237628 (2024) Kat:3, Licht: 2","237628","3","3","5","06","00","5","","2","0","1","0","0"
"POINT (13.281421228000056 52.593941294000047)","Unfall 237629 (2024) Kat:3, Licht: 0","237629","3","6","2","06","19","5","","0","0","1","0","0"
"POINT (13.195611814000074 52.529350451000028)","Unfall 237630 (2024) Kat:3, Licht: 0","237630","3","6","2","06","13","5","","0","0","1","0","0"
"POINT (13.183294691000071 52.539978959000052)","Unfall 237631 (2024) Kat:2, Licht: 2","237631","2","5","1","06","23","5","","2","0","0","0","0"
"POINT (13.404493747000060 52.495162940000057)","Unfall 237632 (2024) Kat:3, Licht: 2","237632","3","3","5","06","22","5","","2","0","1","0","0"
"POINT (13.407786791000035 52.526710140000034)","Unfall 237633 (2024) Kat:3, Licht: 2","237633","3","1","0","06","21","5","","2","0","0","0","0"
"POINT (13.416445057000033 52.499631243000067)","Unfall 237634 (2024) Kat:3, Licht: 1","237634","3","7","5","06","21","5","","1","1","1","0","0"
"POINT (13.596546807000038 52.437015649000045)","Unfall 237635 (2024) Kat:1, Licht: 1","237635","1","3","5","06","21","5","","1","1","1","0","0"
"POINT (13.473090318000061 52.616902117000052)","Unfall 237636 (2024) Kat:3, Licht: 0","237636","3","3","5","07","06","7","","0","0","1","0","0"
"POINT (13.148574660000065 52.549913673000049)","Unfall 237637 (2024) Kat:3, Licht: 0","237637","3","4","6","06","19","5","","0","0","0","1","1"
"POINT (13.434752804000027 52.508624313000041)","Unfall 237638 (2024) Kat:3, Licht: 0","237638","3","2","5","06","18","5","","0","1","1","0","0"
"POINT (13.370858031000068 52.492666372000031)","Unfall 237639 (2024) Kat:2, Licht: 0","237639","2","2","5","06","18","5","","0","1","1","0","0"
"POINT (13.279668697000034 52.476004340000031)","Unfall 237640 (2024) Kat:3, Licht: 0","237640","3","3","5","06","16","5","","0","0","1","0","1"
"POINT (13.330062916000031 52.525237273000073)","Unfall 237641 (2024) Kat:3, Licht: 0","237641","3","5","5","06","15","5","","0","1","1","0","0"
"POINT (13.198652279000044 52.532797337000034)","Unfall 237642 (2024) Kat:2, Licht: 0","237642","2","2","6","06","11","5","","0","0","1","1","0"
"POINT (13.188934026000027 52.534345463000079)","Unfall 237643 (2024) Kat:3, Licht: 0","237643","3","6","0","06","11","5","","0","1","0","0","0"
"POINT (13.442845427000066 52.451923256000043)","Unfall 237644 (2024) Kat:2, Licht: 0","237644","2","7","8","06","07","5","","0","0","1","0","0"
"POINT (13.289139979000026 52.590252565000071)","Unfall 237645 (2024) Kat:3, Licht: 0","237645","3","3","5","06","07","5","","0","1","1","0","0"
"POINT (13.480312106000042 52.521091801000068)","Unfall 237646 (2024) Kat:3, Licht: 1","237646","3","6","0","06","04","5","","1","0","1","0","0"
"POINT (13.385759648000032 52.532671077000032)","Unfall 237647 (2024) Kat:3, Licht: 1","237647","3","1","0","06","21","5","","1","0","0","0","1"
"POINT (13.381541470000059 52.552320689000055)","Unfall 237648 (2024) Kat:3, Licht: 2","237648","3","7","5","06","00","1","","2","0","1","0","0"
"POINT (13.345189196000035 52.480892485000027)","Unfall 237649 (2024) Kat:3, Licht: 1","237649","3","3","5","06","20","5","","1","0","1","0","0"
"POINT (13.457320953000021 52.466225860000065)","Unfall 237650 (2024) Kat:3, Licht: 0","237650","3","6","2","06","20","5","","0","0","1","0","0"
"POINT (13.415443854000046 52.509700420000058)","Unfall 237651 (2024) Kat:3, Licht: 0","237651","3","7","6","06","18","5","","0","0","0","1","0"
"POINT (13.408605524000052 52.512103825000054)","Unfall 237652 (2024) Kat:3, Licht: 2","237652","3","5","5","06","23","5","","2","0","1","0","1"
"POINT (13.504897500000027 52.437187105000078)","Unfall 237653 (2024) Kat:3, Licht: 0","237653","3","3","5","06","16","5","","0","1","1","0","0"
"POINT (13.332152648000033 52.468642004000060)","Unfall 237654 (2024) Kat:2, Licht: 0","237654","2","3","0","06","16","5","","0","1","0","0","0"
"POINT (13.415793361000055 52.547367833000067)","Unfall 237655 (2024) Kat:3, Licht: 0","237655","3","6","3","06","15","5","","0","0","1","0","0"
"POINT (13.363581328000066 52.497671873000058)","Unfall 237656 (2024) Kat:3, Licht: 0","237656","3","4","6","06","15","5","","0","0","1","1","0"
"POINT (13.465980798000032 52.429041562000066)","Unfall 237657 (2024) Kat:3, Licht: 0","237657","3","3","5","06","15","5","","0","1","1","0","0"
"POINT (13.369575964000035 52.457974544000081)","Unfall 237658 (2024) Kat:3, Licht: 0","237658","3","1","1","06","08","5","","0","0","1","0","0"
"POINT (13.509206240000026 52.546532736000074)","Unfall 237659 (2024) Kat:3, Licht: 0","237659","3","3","5","06","14","5","","0","1","1","0","0"
"POINT (13.286800193000033 52.495817534000082)","Unfall 237660 (2024) Kat:2, Licht: 0","237660","2","3","5","06","14","5","","0","0","1","0","1"
"POINT (13.317864481000072 52.611302063000039)","Unfall 237661 (2024) Kat:2, Licht: 0","237661","2","2","5","06","08","5","","0","1","0","0","0"
"POINT (13.247114518000046 52.524472808000041)","Unfall 237662 (2024) Kat:3, Licht: 0","237662","3","6","2","06","12","5","","0","0","1","0","0"
"POINT (13.480569104000040 52.425532638000050)","Unfall 237663 (2024) Kat:3, Licht: 0","237663","3","5","1","06","07","5","","0","0","1","0","0"
"POINT (13.381872255000076 52.396904561000042)","Unfall 237664 (2024) Kat:2, Licht: 0","237664","2","3","5","06","10","5","","0","1","1","0","0"
"POINT (13.374562236000031 52.556161463000080)","Unfall 237665 (2024) Kat:3, Licht: 0","237665","3","5","1","06","09","5","","0","1","1","0","0"
"POINT (13.387978357000065 52.514675431000057)","Unfall 237666 (2024) Kat:3, Licht: 0","237666","3","6","2","06","09","5","","0","0","1","0","0"
"POINT (13.478515825000045 52.555810908000069)","Unfall 237667 (2024) Kat:3, Licht: 0","237667","3","3","5","06","07","5","","0","1","1","0","0"
"POINT (13.228535707000049 52.538225352000040)","Unfall 237668 (2024) Kat:3, Licht: 0","237668","3","7","2","06","06","5","","0","0","0","0","1"
"POINT (13.548880391000068 52.402103528000055)","Unfall 237669 (2024) Kat:3, Licht: 0","237669","3","7","6","06","20","4","","0","0","1","1","0"
"POINT (13.157035217000043 52.533000498000035)","Unfall 237670 (2024) Kat:3, Licht: 0","237670","3","2","5","06","14","4","","0","1","1","0","0"
"POINT (13.300844601000051 52.500091921000035)","Unfall 237671 (2024) Kat:3, Licht: 0","237671","3","7","1","06","13","4","","0","0","1","0","0"
"POINT (13.282455461000040 52.533983058000047)","Unfall 237672 (2024) Kat:3, Licht: 0","237672","3","2","0","06","20","4","","0","1","1","0","0"
"POINT (13.424874162000037 52.481829441000059)","Unfall 237673 (2024) Kat:1, Licht: 2","237673","1","4","6","06","23","4","","2","0","1","1","0"
"POINT (13.418743651000057 52.498896560000048)","Unfall 237674 (2024) Kat:2, Licht: 2","237674","2","4","6","06","21","4","","2","0","1","1","0"
"POINT (13.281634910000037 52.584424453000054)","Unfall 237675 (2024) Kat:3, Licht: 0","237675","3","2","8","06","20","4","","0","0","1","0","0"
"POINT (13.351468964000048 52.440360725000062)","Unfall 237676 (2024) Kat:3, Licht: 2","237676","3","2","6","06","23","4","","2","0","1","1","0"
"POINT (13.361880781000025 52.497727692000069)","Unfall 237677 (2024) Kat:3, Licht: 0","237677","3","6","3","06","18","4","","0","0","1","0","1"
"POINT (13.620901210000056 52.533166283000071)","Unfall 237678 (2024) Kat:3, Licht: 2","237678","3","1","0","06","23","4","","2","1","0","0","0"
"POINT (13.564684390000025 52.542856937000067)","Unfall 237679 (2024) Kat:3, Licht: 0","237679","3","4","6","06","14","4","","0","0","1","1","0"
"POINT (13.536472386000071 52.459961168000063)","Unfall 237680 (2024) Kat:3, Licht: 0","237680","3","3","5","06","16","4","","0","0","1","0","1"
"POINT (13.491480421000063 52.543575083000064)","Unfall 237681 (2024) Kat:3, Licht: 0","237681","3","7","5","06","19","4","","0","1","1","0","0"
"POINT (13.142747958000029 52.539630031000058)","Unfall 237682 (2024) Kat:3, Licht: 0","237682","3","3","5","06","15","4","","0","0","1","0","0"
"POINT (13.492330870000046 52.544018109000035)","Unfall 237683 (2024) Kat:3, Licht: 0","237683","3","2","0","06","17","4","","0","1","1","0","0"
"POINT (13.369784988000049 52.523184948000051)","Unfall 237684 (2024) Kat:3, Licht: 0","237684","3","6","3","06","16","4","","0","0","0","0","1"
"POINT (13.409979622000037 52.416454221000038)","Unfall 237685 (2024) Kat:2, Licht: 0","237685","2","3","5","06","15","4","","0","0","1","0","0"
"POINT (13.345815452000068 52.501334110000073)","Unfall 237686 (2024) Kat:3, Licht: 0","237686","3","2","5","06","15","4","","0","1","1","0","0"
"POINT (13.485066525000036 52.533501069000067)","Unfall 237687 (2024) Kat:3, Licht: 0","237687","3","2","5","06","07","4","","0","1","0","0","0"
"POINT (13.361397090000025 52.503874339000049)","Unfall 237688 (2024) Kat:3, Licht: 0","237688","3","6","2","06","14","4","","0","0","1","0","0"
"POINT (13.348929921000035 52.457485294000037)","Unfall 237689 (2024) Kat:3, Licht: 0","237689","3","6","2","06","15","4","","0","0","1","0","0"
"POINT (13.406911674000071 52.393776319000040)","Unfall 237690 (2024) Kat:3, Licht: 0","237690","3","3","5","06","16","4","","0","0","1","0","0"
"POINT (13.429071650000026 52.482252545000051)","Unfall 237691 (2024) Kat:3, Licht: 0","237691","3","5","1","06","13","4","","0","0","1","0","0"
"POINT (13.422775088000037 52.499793380000028)","Unfall 237692 (2024) Kat:3, Licht: 0","237692","3","6","6","06","13","4","","0","0","1","1","0"
"POINT (13.377016696000055 52.462010911000050)","Unfall 237693 (2024) Kat:3, Licht: 0","237693","3","6","2","06","13","4","","0","0","1","0","0"
"POINT (13.415616585000066 52.459267552000028)","Unfall 237694 (2024) Kat:3, Licht: 0","237694","3","6","3","06","12","4","","0","0","1","0","0"
"POINT (13.317528007000021 52.506204309000054)","Unfall 237695 (2024) Kat:3, Licht: 0","237695","3","2","5","06","12","5","","0","1","1","0","0"
"POINT (13.377650647000053 52.570607733000031)","Unfall 237696 (2024) Kat:3, Licht: 0","237696","3","6","2","06","11","4","","0","0","1","0","0"
"POINT (13.517735540000047 52.535097715000063)","Unfall 237697 (2024) Kat:3, Licht: 0","237697","3","6","2","06","10","4","","0","0","1","0","0"
"POINT (13.342016126000033 52.479124462000073)","Unfall 237698 (2024) Kat:3, Licht: 2","237698","3","7","6","06","23","4","","2","0","0","1","0"
"POINT (13.505555815000037 52.636956260000034)","Unfall 237699 (2024) Kat:3, Licht: 0","237699","3","3","5","06","18","4","","0","0","1","0","0"
"POINT (13.384219984000026 52.555988412000033)","Unfall 237700 (2024) Kat:3, Licht: 0","237700","3","3","5","06","17","4","","0","0","1","0","0"
"POINT (13.332638817000031 52.505972452000037)","Unfall 237701 (2024) Kat:3, Licht: 0","237701","3","6","2","06","11","4","","0","0","1","0","0"
"POINT (13.336982688000035 52.552567459000045)","Unfall 237702 (2024) Kat:3, Licht: 0","237702","3","2","2","06","07","4","","0","1","1","0","0"
"POINT (13.348580218000052 52.459124304000056)","Unfall 237703 (2024) Kat:2, Licht: 1","237703","2","2","5","06","10","4","","1","0","1","0","0"
"POINT (13.354099636000058 52.430301714000052)","Unfall 237704 (2024) Kat:3, Licht: 0","237704","3","5","1","06","11","4","","0","0","1","0","0"
"POINT (13.359843089000037 52.475356959000067)","Unfall 237705 (2024) Kat:3, Licht: 0","237705","3","2","5","06","13","5","","0","0","1","0","0"
"POINT (13.182333260000064 52.526420455000050)","Unfall 237706 (2024) Kat:2, Licht: 0","237706","2","7","0","06","09","4","","0","0","1","0","0"
"POINT (13.300240068000051 52.439811623000026)","Unfall 237707 (2024) Kat:3, Licht: 0","237707","3","2","6","06","08","4","","0","0","1","1","0"
"POINT (13.299526182000022 52.519492281000055)","Unfall 237708 (2024) Kat:3, Licht: 0","237708","3","2","5","07","18","7","","0","1","1","0","0"
"POINT (13.483864264000033 52.611706623000032)","Unfall 237709 (2024) Kat:3, Licht: 0","237709","3","6","4","06","08","4","","0","1","0","0","0"
"POINT (13.413177394000058 52.547681066000052)","Unfall 237710 (2024) Kat:3, Licht: 0","237710","3","2","5","06","08","4","","0","1","1","0","0"
"POINT (13.412089323000032 52.543141744000081)","Unfall 237711 (2024) Kat:3, Licht: 0","237711","3","2","5","06","07","4","","0","1","1","0","0"
"POINT (13.520026216000076 52.505426858000078)","Unfall 237712 (2024) Kat:3, Licht: 0","237712","3","6","2","06","07","4","","0","0","1","0","1"
"POINT (13.427860557000031 52.567976027000043)","Unfall 237713 (2024) Kat:3, Licht: 0","237713","3","7","5","06","07","4","","0","0","1","0","0"
"POINT (13.379419756000061 52.492251574000079)","Unfall 237714 (2024) Kat:3, Licht: 0","237714","3","3","5","06","07","4","","0","0","1","0","0"
"POINT (13.350321429000076 52.524477585000056)","Unfall 237715 (2024) Kat:2, Licht: 2","237715","2","1","0","06","00","4","","2","0","0","0","0"
"POINT (13.348562465000043 52.548456431000034)","Unfall 237716 (2024) Kat:3, Licht: 0","237716","3","6","2","06","08","4","","0","0","1","0","0"
"POINT (13.270395441000062 52.548561289000077)","Unfall 237717 (2024) Kat:2, Licht: 0","237717","2","2","5","06","08","4","","0","1","1","0","0"
"POINT (13.225437490000047 52.502160901000082)","Unfall 237718 (2024) Kat:3, Licht: 0","237718","3","5","1","06","07","4","","0","1","1","0","0"
"POINT (13.432930652000039 52.481753444000049)","Unfall 237719 (2024) Kat:3, Licht: 0","237719","3","4","6","06","17","4","","0","0","0","1","1"
"POINT (13.431552662000058 52.464457625000080)","Unfall 237720 (2024) Kat:3, Licht: 0","237720","3","1","0","07","17","5","","0","1","0","0","0"
"POINT (13.315145041000051 52.514667655000039)","Unfall 237721 (2024) Kat:3, Licht: 2","237721","3","3","5","06","22","4","","2","0","1","0","0"
"POINT (13.346048625000037 52.501073861000066)","Unfall 237722 (2024) Kat:3, Licht: 0","237722","3","2","5","06","18","4","","0","0","1","0","0"
"POINT (13.519334869000033 52.535492020000049)","Unfall 237723 (2024) Kat:3, Licht: 0","237723","3","2","5","06","16","4","","0","1","1","0","0"
"POINT (13.272975436000024 52.577072603000033)","Unfall 237724 (2024) Kat:3, Licht: 0","237724","3","6","2","06","16","4","","0","0","1","0","0"
"POINT (13.569438089000073 52.441751149000027)","Unfall 237725 (2024) Kat:3, Licht: 0","237725","3","7","6","06","07","7","","0","1","0","1","0"
"POINT (13.368330645000071 52.571184340000059)","Unfall 237726 (2024) Kat:3, Licht: 0","237726","3","1","0","06","09","4","","0","0","0","0","1"
"POINT (13.350979521000056 52.441374220000057)","Unfall 237727 (2024) Kat:3, Licht: 0","237727","3","5","1","07","15","6","","0","1","1","0","0"
"POINT (13.306518003000065 52.488388089000068)","Unfall 237728 (2024) Kat:3, Licht: 0","237728","3","3","5","06","08","4","","0","0","1","0","0"
"POINT (13.458228404000067 52.499653670000043)","Unfall 237729 (2024) Kat:3, Licht: 0","237729","3","3","5","06","07","4","","0","1","1","0","0"
"POINT (13.382009146000030 52.552885918000072)","Unfall 237730 (2024) Kat:3, Licht: 0","237730","3","6","3","06","05","4","","0","0","1","0","1"
"POINT (13.421492599000032 52.498152255000036)","Unfall 237731 (2024) Kat:3, Licht: 0","237731","3","2","5","07","16","6","","0","1","1","0","0"
"POINT (13.349176782000029 52.515059336000036)","Unfall 237732 (2024) Kat:3, Licht: 0","237732","3","6","4","06","17","3","","0","1","0","0","0"
"POINT (13.505555841000046 52.534883668000077)","Unfall 237733 (2024) Kat:3, Licht: 0","237733","3","2","0","06","12","3","","0","0","1","0","0"
"POINT (13.326866292000034 52.463172290000045)","Unfall 237734 (2024) Kat:3, Licht: 0","237734","3","3","5","06","11","3","","0","0","1","0","0"
"POINT (13.290101397000058 52.496924283000055)","Unfall 237735 (2024) Kat:2, Licht: 1","237735","2","4","6","06","22","3","","1","0","0","1","0"
"POINT (13.353275546000077 52.408319891000076)","Unfall 237736 (2024) Kat:3, Licht: 1","237736","3","5","1","06","21","3","","1","0","0","0","0"
"POINT (13.409487804000037 52.504000366000071)","Unfall 237737 (2024) Kat:2, Licht: 0","237737","2","3","5","06","17","3","","0","1","1","0","0"
"POINT (13.308177188000059 52.488056753000080)","Unfall 237738 (2024) Kat:3, Licht: 0","237738","3","6","0","06","15","3","","0","0","1","0","1"
"POINT (13.400304083000037 52.590856515000041)","Unfall 237739 (2024) Kat:3, Licht: 0","237739","3","2","3","06","15","3","","0","0","1","0","1"
"POINT (13.558105601000022 52.502311690000056)","Unfall 237740 (2024) Kat:3, Licht: 0","237740","3","5","1","06","14","3","","0","1","1","0","0"
"POINT (13.428056476000052 52.481175770000050)","Unfall 237741 (2024) Kat:3, Licht: 0","237741","3","5","1","06","14","3","","0","1","1","0","0"
"POINT (13.318839664000052 52.453824464000036)","Unfall 237742 (2024) Kat:3, Licht: 0","237742","3","6","3","06","14","3","","0","0","1","0","1"
"POINT (13.409781479000060 52.502417966000053)","Unfall 237743 (2024) Kat:3, Licht: 0","237743","3","5","1","06","13","3","","0","1","1","0","0"
"POINT (13.330821595000032 52.486405754000032)","Unfall 237744 (2024) Kat:3, Licht: 0","237744","3","6","2","06","12","3","","0","0","1","0","0"
"POINT (13.388912627000025 52.532390308000060)","Unfall 237745 (2024) Kat:3, Licht: 0","237745","3","6","2","06","09","3","","0","1","0","0","0"
"POINT (13.407351215000062 52.488920282000038)","Unfall 237746 (2024) Kat:2, Licht: 0","237746","2","6","2","06","08","3","","0","0","1","0","1"
"POINT (13.359086831000070 52.569808007000063)","Unfall 237747 (2024) Kat:2, Licht: 0","237747","2","6","0","06","08","3","","0","0","0","0","1"
"POINT (13.314329128000054 52.472205026000040)","Unfall 237748 (2024) Kat:3, Licht: 0","237748","3","4","6","06","08","3","","0","0","0","1","0"
"POINT (13.358949178000046 52.546431044000030)","Unfall 237749 (2024) Kat:3, Licht: 0","237749","3","2","2","06","10","3","","0","0","0","0","1"
"POINT (13.371776443000044 52.509277806000057)","Unfall 237750 (2024) Kat:3, Licht: 0","237750","3","2","5","06","11","3","","0","1","1","0","0"
"POINT (13.370603477000031 52.530050503000041)","Unfall 237751 (2024) Kat:3, Licht: 2","237751","3","7","5","06","22","3","","2","1","1","0","0"
"POINT (13.400959689000047 52.518346720000068)","Unfall 237752 (2024) Kat:3, Licht: 0","237752","3","2","5","06","17","3","","0","1","1","0","0"
"POINT (13.297500733000049 52.534575608000068)","Unfall 237753 (2024) Kat:3, Licht: 0","237753","3","7","5","06","16","3","","0","0","1","0","0"
"POINT (13.378510980000044 52.566024832000039)","Unfall 237754 (2024) Kat:3, Licht: 0","237754","3","3","5","06","14","3","","0","0","1","0","0"
"POINT (13.271307048000040 52.509930359000066)","Unfall 237755 (2024) Kat:3, Licht: 0","237755","3","5","1","06","16","3","","0","1","0","0","0"
"POINT (13.300979377000033 52.587154958000042)","Unfall 237756 (2024) Kat:3, Licht: 0","237756","3","3","5","06","18","3","","0","0","1","0","1"