WKT,Name,OBJECTID,UKATEGORIE,UTYP1,UART,UMONAT,USTUNDE,UWOCHENTAG,STRZUSTAND,ULICHTVERH,ISTRAD,ISTPKW,ISTFUSS,ISTKRAD
"POINT (13.360781208000049 52.417255230000080)","Unfall 237757 (2024) Kat:3, Licht: 0","237757","3","2","5","06","18","3","","0","1","1","0","0"
"POINT (13.478962699000022 52.560730255000067)","Unfall 237758 (2024) Kat:3, Licht: 0","237758","3","7","1","06","18","3","","0","1","1","0","0"
"POINT (13.564601358000061 52.452627541000027)","Unfall 237759 (2024) Kat:3, Licht: 0","237759","3","5","1","06","17","3","","0","1","1","0","0"
"POINT (13.401585514000033 52.539768590000051)","Unfall 237760 (2024) Kat:3, Licht: 0","237760","3","2","5","06","17","3","","0","1","1","0","0"
"POINT (13.620740977000025 52.530777259000047)","Unfall 237761 (2024) Kat:3, Licht: 0","237761","3","3","5","06","18","3","","0","0","1","0","0"
"POINT (13.325655787000073 52.509260079000057)","Unfall 237762 (2024) Kat:3, Licht: 0","237762","3","2","2","06","17","3","","0","1","1","0","0"
"POINT (13.434309069000051 52.545832868000048)","Unfall 237763 (2024) Kat:3, Licht: 0","237763","3","3","5","06","15","3","","0","0","1","0","1"
"POINT (13.345160271000054 52.489442299000075)","Unfall 237764 (2024) Kat:3, Licht: 0","237764","3","6","3","06","15","3","","0","1","1","0","0"
"POINT (13.358339137000030 52.545816821000074)","Unfall 237765 (2024) Kat:3, Licht: 0","237765","3","6","2","06","15","3","","0","1","0","0","0"
"POINT (13.389204668000048 52.547180553000032)","Unfall 237766 (2024) Kat:3, Licht: 0","237766","3","3","5","06","15","3","","0","0","1","0","1"
"POINT (13.388508519000027 52.531634259000043)","Unfall 237767 (2024) Kat:3, Licht: 0","237767","3","4","6","06","15","3","","0","0","1","1","0"
"POINT (13.323626530000070 52.493823285000076)","Unfall 237768 (2024) Kat:3, Licht: 0","237768","3","2","0","06","15","3","","0","0","1","0","0"
"POINT (13.413625450000040 52.566586168000072)","Unfall 237769 (2024) Kat:2, Licht: 0","237769","2","3","5","06","14","3","","0","1","1","0","0"
"POINT (13.432985464000069 52.491894642000034)","Unfall 237770 (2024) Kat:3, Licht: 0","237770","3","7","0","06","12","3","","0","1","1","0","0"
"POINT (13.371008691000043 52.523467687000050)","Unfall 237771 (2024) Kat:3, Licht: 0","237771","3","3","5","06","12","3","","0","1","0","0","0"
"POINT (13.449417765000021 52.474309390000030)","Unfall 237772 (2024) Kat:3, Licht: 0","237772","3","5","1","06","10","3","","0","0","1","0","0"
"POINT (13.443562703000055 52.464203675000078)","Unfall 237773 (2024) Kat:2, Licht: 0","237773","2","2","5","06","10","3","","0","1","1","0","0"
"POINT (13.520574845000056 52.434082914000044)","Unfall 237774 (2024) Kat:2, Licht: 0","237774","2","3","5","06","08","3","","0","1","1","0","0"
"POINT (13.287060530000076 52.432701723000037)","Unfall 237775 (2024) Kat:3, Licht: 0","237775","3","3","5","06","07","3","","0","0","1","0","0"
"POINT (13.342037103000052 52.522691860000066)","Unfall 237776 (2024) Kat:3, Licht: 2","237776","3","7","8","06","00","3","","2","0","1","0","0"
"POINT (13.284152830000039 52.485411437000039)","Unfall 237777 (2024) Kat:3, Licht: 0","237777","3","7","0","06","16","3","","0","0","1","0","0"
"POINT (13.161652777000029 52.523548942000048)","Unfall 237778 (2024) Kat:2, Licht: 0","237778","2","3","5","06","12","3","","0","0","1","0","0"
"POINT (13.257510671000034 52.451451318000068)","Unfall 237779 (2024) Kat:3, Licht: 1","237779","3","1","9","06","21","2","","1","0","1","0","0"
"POINT (13.455820090000032 52.430361009000080)","Unfall 237780 (2024) Kat:3, Licht: 0","237780","3","2","0","06","18","2","","0","0","1","0","0"
"POINT (13.338965867000070 52.543324798000071)","Unfall 237781 (2024) Kat:3, Licht: 0","237781","3","2","6","06","14","2","","0","0","1","1","0"
"POINT (13.278176834000021 52.507019039000056)","Unfall 237782 (2024) Kat:3, Licht: 0","237782","3","6","2","06","18","2","","0","0","1","0","1"
"POINT (13.353990823000061 52.473284854000042)","Unfall 237783 (2024) Kat:3, Licht: 0","237783","3","1","9","06","18","2","","0","0","0","0","1"
"POINT (13.526648320000049 52.428789432000031)","Unfall 237784 (2024) Kat:3, Licht: 0","237784","3","2","5","06","18","2","","0","0","1","0","0"
"POINT (13.427709065000045 52.553095780000035)","Unfall 237785 (2024) Kat:3, Licht: 0","237785","3","3","5","06","16","2","","0","0","1","0","0"
"POINT (13.287673993000055 52.585448310000061)","Unfall 237786 (2024) Kat:3, Licht: 0","237786","3","6","2","06","16","2","","0","0","1","0","0"
"POINT (13.299337661000038 52.487353588000076)","Unfall 237787 (2024) Kat:3, Licht: 0","237787","3","6","3","06","15","2","","0","0","1","0","0"
"POINT (13.427245797000069 52.549841966000031)","Unfall 237788 (2024) Kat:3, Licht: 0","237788","3","3","5","06","13","2","","0","0","1","0","0"
"POINT (13.407639005000021 52.517870042000027)","Unfall 237789 (2024) Kat:3, Licht: 0","237789","3","3","5","06","12","2","","0","0","0","0","0"
"POINT (13.337435934000041 52.467073815000049)","Unfall 237790 (2024) Kat:3, Licht: 0","237790","3","2","5","07","10","1","","0","0","1","0","1"
"POINT (13.452203705000045 52.438499203000049)","Unfall 237791 (2024) Kat:3, Licht: 0","237791","3","3","5","06","12","2","","0","1","1","0","0"
"POINT (13.447214949000056 52.498234030000049)","Unfall 237792 (2024) Kat:3, Licht: 0","237792","3","5","1","06","11","2","","0","1","1","0","0"
"POINT (13.330219736000060 52.570376242000066)","Unfall 237793 (2024) Kat:3, Licht: 0","237793","3","2","2","06","10","2","","0","0","0","0","0"
"POINT (13.337602241000070 52.457501872000080)","Unfall 237794 (2024) Kat:3, Licht: 0","237794","3","5","1","06","09","2","","0","1","1","0","0"
"POINT (13.272199532000059 52.453528760000040)","Unfall 237795 (2024) Kat:3, Licht: 0","237795","3","2","5","06","09","2","","0","0","1","0","0"
"POINT (13.433616804000053 52.522739804000082)","Unfall 237796 (2024) Kat:3, Licht: 0","237796","3","3","5","06","09","2","","0","1","1","0","0"
"POINT (13.264459600000066 52.514697694000063)","Unfall 237797 (2024) Kat:3, Licht: 0","237797","3","3","5","07","10","6","","0","1","1","0","0"
"POINT (13.424793888000067 52.540399964000073)","Unfall 237798 (2024) Kat:3, Licht: 0","237798","3","6","2","06","09","2","","0","0","1","0","0"
"POINT (13.412051457000075 52.542718717000071)","Unfall 237799 (2024) Kat:3, Licht: 0","237799","3","2","5","06","08","2","","0","1","1","0","0"
"POINT (13.348899267000036 52.458698527000081)","Unfall 237800 (2024) Kat:3, Licht: 0","237800","3","6","2","06","08","2","","0","0","1","0","0"
"POINT (13.386285319000024 52.583202772000050)","Unfall 237801 (2024) Kat:3, Licht: 0","237801","3","5","1","06","08","2","","0","1","1","0","0"
"POINT (13.496604197000067 52.487596459000031)","Unfall 237802 (2024) Kat:3, Licht: 0","237802","3","5","1","06","07","2","","0","0","1","0","0"
"POINT (13.278420860000040 52.474826859000075)","Unfall 237803 (2024) Kat:3, Licht: 1","237803","3","7","8","07","05","5","","1","0","1","0","0"
"POINT (13.315396855000074 52.416634472000055)","Unfall 237804 (2024) Kat:3, Licht: 0","237804","3","5","5","06","07","2","","0","0","1","0","0"
"POINT (13.468269808000059 52.546544221000033)","Unfall 237805 (2024) Kat:3, Licht: 0","237805","3","2","5","06","05","2","","0","1","1","0","0"
"POINT (13.359413166000024 52.523299397000073)","Unfall 237806 (2024) Kat:3, Licht: 2","237806","3","2","5","06","03","2","","2","0","1","0","0"
"POINT (13.360626909000075 52.523358907000045)","Unfall 237807 (2024) Kat:3, Licht: 1","237807","3","2","5","06","20","2","","1","1","1","0","0"
"POINT (13.575464561000047 52.453860030000044)","Unfall 237808 (2024) Kat:3, Licht: 0","237808","3","4","6","06","17","2","","0","0","1","1","0"
"POINT (13.423406323000052 52.490723699000057)","Unfall 237809 (2024) Kat:3, Licht: 0","237809","3","6","3","06","18","2","","0","0","1","0","1"
"POINT (13.454499501000043 52.510240713000030)","Unfall 237810 (2024) Kat:3, Licht: 0","237810","3","4","6","06","17","2","","0","1","0","1","0"
"POINT (13.200514009000074 52.538674209000078)","Unfall 237811 (2024) Kat:3, Licht: 0","237811","3","2","5","06","15","2","","0","0","1","0","0"
"POINT (13.453929616000039 52.488918952000063)","Unfall 237812 (2024) Kat:3, Licht: 0","237812","3","2","0","06","13","2","","0","0","1","0","0"
"POINT (13.462748130000023 52.469368795000037)","Unfall 237813 (2024) Kat:3, Licht: 0","237813","3","1","8","06","10","2","","0","0","1","0","0"
"POINT (13.403041467000037 52.521437654000067)","Unfall 237814 (2024) Kat:3, Licht: 0","237814","3","1","0","06","10","2","","0","1","0","0","0"
"POINT (13.564039654000055 52.518954906000033)","Unfall 237815 (2024) Kat:3, Licht: 0","237815","3","2","6","06","10","2","","0","0","1","1","0"
"POINT (13.360330710000028 52.574256712000079)","Unfall 237816 (2024) Kat:3, Licht: 0","237816","3","5","0","06","07","2","","0","1","1","0","0"
"POINT (13.275665246000074 52.494016033000037)","Unfall 237817 (2024) Kat:3, Licht: 2","237817","3","1","1","06","01","2","","2","0","1","0","0"
"POINT (13.345205793000048 52.492252150000070)","Unfall 237818 (2024) Kat:2, Licht: 0","237818","2","2","5","06","20","2","","0","0","1","0","1"
"POINT (13.347624973000052 52.540910697000072)","Unfall 237819 (2024) Kat:3, Licht: 2","237819","3","6","3","06","23","2","","2","0","1","0","0"
"POINT (13.387956888000076 52.521719985000061)","Unfall 237820 (2024) Kat:3, Licht: 0","237820","3","1","0","06","19","1","","0","0","0","0","0"
"POINT (13.384278590000065 52.556067612000049)","Unfall 237821 (2024) Kat:3, Licht: 0","237821","3","2","5","06","18","1","","0","1","1","0","0"
"POINT (13.543518712000036 52.534290882000050)","Unfall 237822 (2024) Kat:3, Licht: 0","237822","3","2","5","06","17","1","","0","1","1","0","0"
"POINT (13.470732673000043 52.555198322000081)","Unfall 237823 (2024) Kat:2, Licht: 0","237823","2","3","5","06","17","1","","0","0","1","0","1"
"POINT (13.305544664000024 52.499661219000075)","Unfall 237824 (2024) Kat:3, Licht: 0","237824","3","2","5","06","16","1","","0","0","1","0","0"
"POINT (13.305064189000063 52.512606033000054)","Unfall 237825 (2024) Kat:3, Licht: 0","237825","3","7","5","06","16","1","","0","0","1","0","1"
"POINT (13.142286077000051 52.537929276000057)","Unfall 237826 (2024) Kat:3, Licht: 0","237826","3","6","4","06","12","1","","0","0","1","0","1"
"POINT (13.437132416000054 52.465192950000073)","Unfall 237827 (2024) Kat:3, Licht: 0","237827","3","3","5","06","11","1","","0","1","1","0","0"
"POINT (13.339315820000024 52.595934050000039)","Unfall 237828 (2024) Kat:3, Licht: 0","237828","3","2","5","06","08","1","","0","1","1","0","0"
"POINT (13.509561821000034 52.429978905000041)","Unfall 237829 (2024) Kat:3, Licht: 0","237829","3","1","8","06","20","1","","0","0","0","0","1"
"POINT (13.384912940000049 52.556906175000051)","Unfall 237830 (2024) Kat:2, Licht: 0","237830","2","4","6","06","19","1","","0","0","1","1","0"
"POINT (13.422232318000056 52.559890139000061)","Unfall 237831 (2024) Kat:3, Licht: 0","237831","3","3","5","06","18","1","","0","0","1","0","0"
"POINT (13.472064364000062 52.465291050000076)","Unfall 237832 (2024) Kat:3, Licht: 0","237832","3","7","0","06","16","1","","0","1","0","0","0"
"POINT (13.358996120000029 52.546377127000028)","Unfall 237833 (2024) Kat:3, Licht: 0","237833","3","2","5","06","14","1","","0","1","1","0","0"
"POINT (13.429350530000022 52.471086635000063)","Unfall 237834 (2024) Kat:3, Licht: 0","237834","3","5","1","06","13","1","","0","1","1","0","0"
"POINT (13.381854394000072 52.552035459000081)","Unfall 237835 (2024) Kat:2, Licht: 2","237835","2","1","0","06","00","1","","2","0","0","0","0"
"POINT (13.271451436000063 52.509833487000037)","Unfall 237836 (2024) Kat:3, Licht: 2","237836","3","1","0","06","00","1","","2","0","0","0","1"
"POINT (13.457600030000037 52.561359012000082)","Unfall 237837 (2024) Kat:3, Licht: 2","237837","3","5","0","06","00","1","","2","0","1","0","1"
"POINT (13.383127710000053 52.530600726000046)","Unfall 237838 (2024) Kat:2, Licht: 0","237838","2","4","6","06","18","7","","0","0","1","1","0"
"POINT (13.330194516000063 52.505436201000066)","Unfall 237839 (2024) Kat:3, Licht: 0","237839","3","7","6","06","08","7","","0","1","0","1","0"
"POINT (13.485568510000064 52.464345366000032)","Unfall 237840 (2024) Kat:3, Licht: 2","237840","3","3","5","06","23","7","","2","0","1","0","0"
"POINT (13.322393255000065 52.486383743000033)","Unfall 237841 (2024) Kat:3, Licht: 1","237841","3","3","5","06","20","7","","1","0","1","0","0"
"POINT (13.567976191000071 52.573589323000078)","Unfall 237842 (2024) Kat:3, Licht: 0","237842","3","2","5","06","16","7","","0","1","1","0","0"
"POINT (13.162112251000053 52.523590314000046)","Unfall 237843 (2024) Kat:3, Licht: 2","237843","3","7","2","06","23","7","","2","0","1","0","0"
"POINT (13.390005599000062 52.562640933000068)","Unfall 237844 (2024) Kat:3, Licht: 0","237844","3","7","2","06","14","7","","0","0","1","0","0"
"POINT (13.335723343000041 52.513460892000069)","Unfall 237845 (2024) Kat:2, Licht: 0","237845","2","3","5","06","14","7","","0","1","1","0","0"
"POINT (13.487318157000061 52.526634301000058)","Unfall 237846 (2024) Kat:3, Licht: 0","237846","3","7","0","06","19","7","","0","1","1","0","0"
"POINT (13.357546593000052 52.523694159000058)","Unfall 237847 (2024) Kat:3, Licht: 1","237847","3","6","3","06","20","7","","1","1","1","0","0"
"POINT (13.425017197000045 52.528042056000061)","Unfall 237848 (2024) Kat:3, Licht: 0","237848","3","2","6","06","14","3","","0","0","1","1","0"
"POINT (13.412746078000055 52.503069210000035)","Unfall 237849 (2024) Kat:3, Licht: 0","237849","3","5","1","06","18","7","","0","1","1","0","0"
"POINT (13.375274649000062 52.556439155000078)","Unfall 237850 (2024) Kat:3, Licht: 0","237850","3","6","0","06","18","7","","0","0","1","0","0"
"POINT (13.204381734000037 52.540799643000071)","Unfall 237851 (2024) Kat:2, Licht: 0","237851","2","6","3","06","13","7","","0","0","1","0","0"
"POINT (13.345056255000031 52.539002559000039)","Unfall 237852 (2024) Kat:3, Licht: 0","237852","3","3","5","06","15","7","","0","1","1","0","0"
"POINT (13.478019590000031 52.514782563000040)","Unfall 237853 (2024) Kat:3, Licht: 0","237853","3","6","3","06","14","7","","0","1","0","0","0"
"POINT (13.156083815000045 52.562573764000035)","Unfall 237854 (2024) Kat:2, Licht: 0","237854","2","7","0","06","12","7","","0","0","1","0","0"
"POINT (13.429433079000034 52.509412968000049)","Unfall 237855 (2024) Kat:3, Licht: 0","237855","3","7","3","06","05","7","","0","1","1","0","0"
"POINT (13.519988661000070 52.562061836000055)","Unfall 237856 (2024) Kat:3, Licht: 0","237856","3","6","2","06","13","7","","0","0","1","0","1"
"POINT (13.569550260000028 52.452824976000045)","Unfall 237857 (2024) Kat:3, Licht: 0","237857","3","2","5","06","12","7","","0","0","1","0","0"
"POINT (13.339431095000066 52.503135069000052)","Unfall 237858 (2024) Kat:2, Licht: 1","237858","2","2","5","06","05","7","","1","0","1","0","0"
"POINT (13.303512054000066 52.488433716000031)","Unfall 237859 (2024) Kat:3, Licht: 2","237859","3","1","9","06","04","7","","2","0","1","0","0"
"POINT (13.473670841000057 52.425718455000037)","Unfall 237860 (2024) Kat:3, Licht: 0","237860","3","6","2","06","11","7","","0","0","1","0","0"
"POINT (13.526533285000028 52.426467339000055)","Unfall 237861 (2024) Kat:2, Licht: 0","237861","2","3","5","06","11","7","","0","1","1","0","0"
"POINT (13.221513502000050 52.559987594000063)","Unfall 237862 (2024) Kat:3, Licht: 0","237862","3","6","2","06","10","7","","0","0","1","0","0"
"POINT (13.286715049000065 52.538616151000042)","Unfall 237863 (2024) Kat:3, Licht: 2","237863","3","6","3","06","02","7","","2","0","0","0","0"
"POINT (13.464195918000030 52.560065169000040)","Unfall 237864 (2024) Kat:2, Licht: 2","237864","2","5","1","06","01","7","","2","1","1","0","0"
"POINT (13.319780365000042 52.606962550000048)","Unfall 237865 (2024) Kat:3, Licht: 0","237865","3","2","6","06","10","6","","0","0","1","1","0"
"POINT (13.412187754000058 52.528287778000049)","Unfall 237866 (2024) Kat:3, Licht: 0","237866","3","6","2","06","07","6","","0","0","1","0","0"
"POINT (13.462985616000026 52.470853066000075)","Unfall 237867 (2024) Kat:3, Licht: 0","237867","3","3","5","06","20","6","","0","1","1","0","0"
"POINT (13.422799608000048 52.537248913000042)","Unfall 237868 (2024) Kat:2, Licht: 0","237868","2","1","0","06","19","6","","0","0","0","0","0"
"POINT (13.364051383000060 52.556904910000071)","Unfall 237869 (2024) Kat:3, Licht: 0","237869","3","1","0","06","19","6","","0","0","0","0","1"
"POINT (13.419948874000056 52.496217249000040)","Unfall 237870 (2024) Kat:3, Licht: 0","237870","3","6","3","06","19","6","","0","0","1","0","0"
"POINT (13.331448358000046 52.506713528000034)","Unfall 237871 (2024) Kat:3, Licht: 0","237871","3","1","0","06","17","6","","0","0","0","0","1"
"POINT (13.584277030000067 52.438901019000070)","Unfall 237872 (2024) Kat:3, Licht: 0","237872","3","1","0","06","18","6","","0","1","0","0","0"
"POINT (13.209514510000076 52.565509418000033)","Unfall 237873 (2024) Kat:3, Licht: 0","237873","3","6","3","06","18","6","","0","0","0","0","0"
"POINT (13.446484276000035 52.544907124000076)","Unfall 237874 (2024) Kat:3, Licht: 0","237874","3","4","6","06","09","7","","0","0","1","1","0"
"POINT (13.259191762000057 52.521765946000073)","Unfall 237875 (2024) Kat:3, Licht: 0","237875","3","7","0","06","16","6","","0","0","1","0","1"
"POINT (13.291719887000056 52.595932285000060)","Unfall 237876 (2024) Kat:3, Licht: 0","237876","3","2","5","07","19","2","","0","1","1","0","0"
"POINT (13.388599997000028 52.501353591000054)","Unfall 237877 (2024) Kat:2, Licht: 0","237877","2","3","5","06","17","6","","0","0","0","0","0"
"POINT (13.402478550000069 52.448451577000071)","Unfall 237878 (2024) Kat:3, Licht: 0","237878","3","5","1","06","07","2","","0","1","1","0","0"
"POINT (13.375743412000077 52.455240714000070)","Unfall 237879 (2024) Kat:3, Licht: 0","237879","3","6","3","06","16","6","","0","0","1","0","1"
"POINT (13.417513985000028 52.462465551000037)","Unfall 237880 (2024) Kat:3, Licht: 0","237880","3","3","5","06","16","6","","0","1","1","0","0"
"POINT (13.509654324000053 52.472862188000079)","Unfall 237881 (2024) Kat:3, Licht: 0","237881","3","2","5","06","13","6","","0","1","1","0","0"
"POINT (13.266827437000074 52.443998218000047)","Unfall 237882 (2024) Kat:2, Licht: 0","237882","2","5","1","06","12","6","","0","1","0","0","0"
"POINT (13.346828236000022 52.414936188000070)","Unfall 237883 (2024) Kat:2, Licht: 0","237883","2","4","6","06","11","6","","0","0","1","1","0"
"POINT (13.450732650000077 52.527288134000059)","Unfall 237884 (2024) Kat:2, Licht: 0","237884","2","2","5","06","11","6","","0","1","1","0","0"
"POINT (13.229799439000033 52.431009506000066)","Unfall 237885 (2024) Kat:3, Licht: 0","237885","3","2","5","06","11","6","","0","1","1","0","0"
"POINT (13.427755621000074 52.548128135000070)","Unfall 237886 (2024) Kat:3, Licht: 0","237886","3","7","2","06","08","6","","0","1","1","0","0"
"POINT (13.415982647000021 52.527106006000054)","Unfall 237887 (2024) Kat:3, Licht: 0","237887","3","2","5","06","08","6","","0","1","0","0","0"
"POINT (13.332514621000030 52.595346659000029)","Unfall 237888 (2024) Kat:3, Licht: 0","237888","3","6","0","06","14","5","","0","0","1","0","1"
"POINT (13.302314357000057 52.488272989000052)","Unfall 237889 (2024) Kat:3, Licht: 0","237889","3","2","5","06","20","6","","0","1","1","0","0"
"POINT (13.490301227000032 52.468263093000076)","Unfall 237890 (2024) Kat:3, Licht: 1","237890","3","1","0","06","18","6","","1","0","0","0","1"
"POINT (13.380423159000031 52.518175529000075)","Unfall 237891 (2024) Kat:3, Licht: 0","237891","3","6","2","06","17","6","","0","1","0","0","0"
"POINT (13.259369185000025 52.430658386000061)","Unfall 237892 (2024) Kat:3, Licht: 0","237892","3","1","0","06","12","6","","0","0","0","0","0"
"POINT (13.521614974000045 52.525744135000082)","Unfall 237893 (2024) Kat:2, Licht: 0","237893","2","3","5","06","16","5","","0","0","1","0","0"
"POINT (13.348970637000036 52.541816407000056)","Unfall 237894 (2024) Kat:3, Licht: 0","237894","3","4","0","06","14","5","","0","1","0","1","0"
"POINT (13.593283789000054 52.522716380000077)","Unfall 237895 (2024) Kat:3, Licht: 0","237895","3","3","5","06","19","5","","0","1","1","0","0"
"POINT (13.409983551000039 52.439042647000065)","Unfall 237896 (2024) Kat:3, Licht: 0","237896","3","3","5","06","16","6","","0","1","1","0","0"
"POINT (13.362789954000050 52.522867705000067)","Unfall 237897 (2024) Kat:3, Licht: 0","237897","3","3","5","06","19","5","","0","1","1","0","0"
"POINT (13.603971524000031 52.485893596000039)","Unfall 237898 (2024) Kat:2, Licht: 0","237898","2","2","5","07","08","2","","0","0","1","0","1"
"POINT (13.153996346000042 52.554414798000039)","Unfall 237899 (2024) Kat:3, Licht: 0","237899","3","5","1","06","18","5","","0","1","1","0","0"
"POINT (13.291463825000051 52.606053999000039)","Unfall 237900 (2024) Kat:2, Licht: 0","237900","2","1","0","06","16","5","","0","1","0","0","0"
"POINT (13.519611935000057 52.506057334000047)","Unfall 237901 (2024) Kat:3, Licht: 0","237901","3","6","2","06","16","5","","0","0","1","0","0"
"POINT (13.329568038000048 52.594145875000038)","Unfall 237902 (2024) Kat:3, Licht: 0","237902","3","6","2","07","17","6","","0","0","1","0","1"
"POINT (13.345897818000026 52.500124662000076)","Unfall 237903 (2024) Kat:3, Licht: 0","237903","3","3","5","06","15","5","","0","0","1","0","0"
"POINT (13.350205340000059 52.459071128000062)","Unfall 237904 (2024) Kat:3, Licht: 0","237904","3","7","0","06","15","5","","0","0","0","0","1"
"POINT (13.339787793000028 52.595847430000049)","Unfall 237905 (2024) Kat:3, Licht: 0","237905","3","6","3","06","15","5","","0","0","1","0","1"
"POINT (13.272945996000033 52.508748408000031)","Unfall 237906 (2024) Kat:3, Licht: 0","237906","3","6","2","07","15","3","","0","0","1","0","0"
"POINT (13.301380416000029 52.611352672000066)","Unfall 237907 (2024) Kat:3, Licht: 0","237907","3","3","5","06","15","5","","0","1","0","0","0"
"POINT (13.275044466000054 52.461112597000067)","Unfall 237908 (2024) Kat:3, Licht: 0","237908","3","6","0","06","15","5","","0","0","1","0","0"
"POINT (13.400728369000035 52.484294044000080)","Unfall 237909 (2024) Kat:3, Licht: 0","237909","3","5","4","06","15","5","","0","0","1","0","1"
"POINT (13.310332149000033 52.478994664000027)","Unfall 237910 (2024) Kat:3, Licht: 0","237910","3","2","5","06","10","5","","0","1","1","0","0"
"POINT (13.441329150000058 52.501406236000037)","Unfall 237911 (2024) Kat:3, Licht: 0","237911","3","6","2","06","10","5","","0","1","0","0","0"
"POINT (13.229033786000059 52.426427691000072)","Unfall 237912 (2024) Kat:3, Licht: 0","237912","3","6","2","06","09","5","","0","0","1","0","1"
"POINT (13.316449079000051 52.453613349000079)","Unfall 237913 (2024) Kat:3, Licht: 0","237913","3","6","6","06","08","5","","0","1","0","1","0"
"POINT (13.412332211000034 52.561157143000059)","Unfall 237914 (2024) Kat:3, Licht: 0","237914","3","5","1","06","08","5","","0","1","1","0","0"
"POINT (13.454213037000045 52.493881013000077)","Unfall 237915 (2024) Kat:3, Licht: 0","237915","3","2","2","06","08","5","","0","1","1","0","0"
"POINT (13.429699359000040 52.550595878000081)","Unfall 237916 (2024) Kat:3, Licht: 0","237916","3","3","5","06","08","5","","0","1","1","0","0"
"POINT (13.392846935000023 52.433845029000054)","Unfall 237917 (2024) Kat:3, Licht: 0","237917","3","6","0","06","08","5","","0","0","1","1","0"
"POINT (13.613437364000049 52.498575014000039)","Unfall 237918 (2024) Kat:3, Licht: 0","237918","3","6","2","07","15","2","","0","0","1","0","0"
"POINT (13.434803440000053 52.460881929000038)","Unfall 237919 (2024) Kat:3, Licht: 0","237919","3","6","2","06","09","4","","0","0","1","0","0"
"POINT (13.653596414000049 52.414030116000049)","Unfall 237920 (2024) Kat:3, Licht: 0","237920","3","7","5","06","08","5","","0","0","1","0","0"
"POINT (13.548131092000062 52.499103159000072)","Unfall 237921 (2024) Kat:3, Licht: 0","237921","3","6","4","06","07","5","","0","1","1","0","0"
"POINT (13.321887632000028 52.528122217000032)","Unfall 237922 (2024) Kat:2, Licht: 0","237922","2","1","1","07","17","5","","0","0","1","0","0"
"POINT (13.553297081000039 52.469604845000049)","Unfall 237923 (2024) Kat:3, Licht: 0","237923","3","3","5","06","06","5","","0","0","1","0","0"
"POINT (13.309773279000069 52.431233024000051)","Unfall 237924 (2024) Kat:3, Licht: 0","237924","3","1","0","06","19","5","","0","1","0","0","0"
"POINT (13.418105757000035 52.487615346000041)","Unfall 237925 (2024) Kat:3, Licht: 0","237925","3","6","2","06","17","5","","0","0","1","0","1"
"POINT (13.315014933000043 52.514248047000081)","Unfall 237926 (2024) Kat:3, Licht: 0","237926","3","6","0","06","09","5","","0","0","1","0","1"
"POINT (13.440390359000048 52.461920961000033)","Unfall 237927 (2024) Kat:3, Licht: 0","237927","3","7","2","06","16","5","","0","0","1","0","1"
"POINT (13.338953592000053 52.543333383000061)","Unfall 237928 (2024) Kat:3, Licht: 1","237928","3","2","5","07","03","2","","1","1","1","0","0"
"POINT (13.376293634000035 52.491581007000036)","Unfall 237929 (2024) Kat:3, Licht: 0","237929","3","6","2","06","15","5","","0","0","1","0","1"
"POINT (13.332389847000059 52.576683269000057)","Unfall 237930 (2024) Kat:3, Licht: 0","237930","3","6","0","06","15","5","","0","0","1","0","0"
"POINT (13.408056104000025 52.550470425000071)","Unfall 237931 (2024) Kat:3, Licht: 0","237931","3","5","5","06","13","3","","0","1","1","0","0"
"POINT (13.157863271000053 52.543104581000080)","Unfall 237932 (2024) Kat:3, Licht: 0","237932","3","2","2","06","12","5","","0","0","1","0","1"
"POINT (13.403199978000032 52.552977132000080)","Unfall 237933 (2024) Kat:3, Licht: 0","237933","3","3","5","06","16","5","","0","0","1","0","1"
"POINT (13.365809385000034 52.435237718000053)","Unfall 237934 (2024) Kat:3, Licht: 0","237934","3","2","5","06","11","5","","0","0","1","0","1"
"POINT (13.381087277000063 52.532151733000035)","Unfall 237935 (2024) Kat:3, Licht: 0","237935","3","5","1","06","09","5","","0","1","1","0","0"
"POINT (13.414983687000074 52.515869610000038)","Unfall 237936 (2024) Kat:3, Licht: 0","237936","3","3","5","06","16","5","","0","0","1","0","1"
"POINT (13.440161833000047 52.567221676000031)","Unfall 237937 (2024) Kat:2, Licht: 0","237937","2","6","4","06","15","5","","0","0","1","0","1"
"POINT (13.312960784000040 52.452765135000050)","Unfall 237938 (2024) Kat:2, Licht: 0","237938","2","2","5","06","09","5","","0","1","1","0","0"
"POINT (13.274295885000072 52.508398221000050)","Unfall 237939 (2024) Kat:3, Licht: 0","237939","3","6","2","06","13","5","","0","0","1","0","0"
"POINT (13.347944772000062 52.424191570000062)","Unfall 237940 (2024) Kat:3, Licht: 0","237940","3","2","5","06","07","5","","0","1","1","0","0"
"POINT (13.385250012000029 52.558969901000069)","Unfall 237941 (2024) Kat:3, Licht: 0","237941","3","4","0","06","12","5","","0","0","0","1","0"
"POINT (13.465455826000039 52.557523792000040)","Unfall 237942 (2024) Kat:2, Licht: 0","237942","2","4","6","07","17","1","","0","0","1","1","0"
"POINT (13.264493333000075 52.536693531000026)","Unfall 237943 (2024) Kat:2, Licht: 0","237943","2","7","2","06","12","5","","0","0","1","0","0"