WKT,Name,OBJECTID,UKATEGORIE,UTYP1,UART,UMONAT,USTUNDE,UWOCHENTAG,STRZUSTAND,ULICHTVERH,ISTRAD,ISTPKW,ISTFUSS,ISTKRAD
"POINT (13.276694199000076 52.640167333000079)","Unfall 237944 (2024) Kat:2, Licht: 0","237944","2","3","5","06","09","5","","0","1","1","0","0"
"POINT (13.524442476000047 52.495773823000036)","Unfall 237945 (2024) Kat:3, Licht: 0","237945","3","2","5","06","09","5","","0","1","0","0","0"
"POINT (13.405916437000030 52.530488914000045)","Unfall 237946 (2024) Kat:2, Licht: 0","237946","2","3","5","06","09","5","","0","1","1","0","0"
"POINT (13.398794032000069 52.496345337000037)","Unfall 237947 (2024) Kat:3, Licht: 0","237947","3","3","5","06","08","5","","0","0","1","0","0"
"POINT (13.433806230000073 52.608784416000049)","Unfall 237948 (2024) Kat:3, Licht: 0","237948","3","6","2","06","15","5","","0","0","1","0","0"
"POINT (13.375090602000057 52.455245969000032)","Unfall 237949 (2024) Kat:3, Licht: 2","237949","3","1","8","06","03","4","","2","0","1","0","0"
"POINT (13.401937550000071 52.492420132000063)","Unfall 237950 (2024) Kat:3, Licht: 0","237950","3","6","3","06","17","4","","0","1","0","0","0"
"POINT (13.414919453000039 52.509029090000070)","Unfall 237951 (2024) Kat:3, Licht: 0","237951","3","3","5","06","18","4","","0","1","0","0","0"
"POINT (13.498423798000033 52.433835380000062)","Unfall 237952 (2024) Kat:3, Licht: 2","237952","3","3","5","06","22","4","","2","0","1","0","0"
"POINT (13.320571323000024 52.483214789000044)","Unfall 237953 (2024) Kat:3, Licht: 0","237953","3","3","5","06","20","4","","0","1","1","0","0"
"POINT (13.195228936000035 52.527618689000064)","Unfall 237954 (2024) Kat:3, Licht: 0","237954","3","6","2","06","18","4","","0","0","1","0","0"
"POINT (13.164529628000025 52.466520193000065)","Unfall 237955 (2024) Kat:2, Licht: 0","237955","2","2","5","06","17","4","","0","0","1","0","1"
"POINT (13.475780916000076 52.475943412000049)","Unfall 237956 (2024) Kat:3, Licht: 0","237956","3","3","5","06","17","4","","0","0","1","0","1"
"POINT (13.387714407000033 52.514659029000029)","Unfall 237957 (2024) Kat:3, Licht: 0","237957","3","5","1","06","16","4","","0","1","1","0","0"
"POINT (13.371910136000054 52.538945768000076)","Unfall 237958 (2024) Kat:3, Licht: 0","237958","3","6","2","06","16","4","","0","0","1","0","0"
"POINT (13.524202790000061 52.423260444000050)","Unfall 237959 (2024) Kat:3, Licht: 0","237959","3","5","1","06","16","4","","0","0","1","0","0"
"POINT (13.417945701000065 52.546253472000046)","Unfall 237960 (2024) Kat:3, Licht: 0","237960","3","6","0","06","14","4","","0","1","1","0","0"
"POINT (13.451024454000049 52.508553024000037)","Unfall 237961 (2024) Kat:3, Licht: 0","237961","3","2","5","06","14","4","","0","0","1","0","1"
"POINT (13.450605008000025 52.480128459000071)","Unfall 237962 (2024) Kat:3, Licht: 0","237962","3","3","5","06","14","4","","0","0","1","0","0"
"POINT (13.345623979000038 52.436201199000038)","Unfall 237963 (2024) Kat:3, Licht: 0","237963","3","2","6","06","14","4","","0","0","1","1","0"
"POINT (13.400188092000064 52.509663121000074)","Unfall 237964 (2024) Kat:3, Licht: 0","237964","3","6","3","06","14","4","","0","0","1","0","0"
"POINT (13.427746396000032 52.481140706000076)","Unfall 237965 (2024) Kat:3, Licht: 0","237965","3","2","5","06","14","4","","0","1","1","0","0"
"POINT (13.494819675000031 52.545440468000038)","Unfall 237966 (2024) Kat:3, Licht: 0","237966","3","3","5","07","06","2","","0","1","0","0","0"
"POINT (13.347132095000063 52.447802886000034)","Unfall 237967 (2024) Kat:3, Licht: 0","237967","3","7","6","06","10","4","","0","0","0","1","0"
"POINT (13.323433563000037 52.493517118000057)","Unfall 237968 (2024) Kat:3, Licht: 0","237968","3","2","5","06","08","4","","0","1","1","0","0"
"POINT (13.361649006000050 52.544906404000074)","Unfall 237969 (2024) Kat:3, Licht: 0","237969","3","2","5","06","08","4","","0","1","1","0","0"
"POINT (13.230397352000068 52.546680851000076)","Unfall 237970 (2024) Kat:3, Licht: 2","237970","3","7","5","06","07","4","","2","1","1","0","0"
"POINT (13.371342730000038 52.447261978000029)","Unfall 237971 (2024) Kat:3, Licht: 0","237971","3","1","0","06","07","4","","0","0","0","0","1"
"POINT (13.230166799000074 52.546910618000027)","Unfall 237972 (2024) Kat:3, Licht: 1","237972","3","6","2","06","21","6","","1","0","1","0","0"
"POINT (13.330646847000025 52.505410521000044)","Unfall 237973 (2024) Kat:3, Licht: 1","237973","3","2","5","06","21","4","","1","1","1","0","0"
"POINT (13.387059270000066 52.543532542000037)","Unfall 237974 (2024) Kat:3, Licht: 0","237974","3","7","5","06","16","4","","0","0","1","0","1"
"POINT (13.332115378000026 52.506401011000037)","Unfall 237975 (2024) Kat:2, Licht: 0","237975","2","1","0","06","16","4","","0","1","0","0","0"
"POINT (13.328547455000034 52.500370492000059)","Unfall 237976 (2024) Kat:3, Licht: 2","237976","3","1","0","06","15","4","","2","0","0","0","1"
"POINT (13.305654800000070 52.575236904000064)","Unfall 237977 (2024) Kat:3, Licht: 0","237977","3","2","0","06","10","4","","0","0","1","0","0"
"POINT (13.333403024000063 52.560294256000077)","Unfall 237978 (2024) Kat:2, Licht: 0","237978","2","6","2","06","16","3","","0","1","0","0","0"
"POINT (13.428153601000076 52.526487666000037)","Unfall 237979 (2024) Kat:3, Licht: 0","237979","3","7","2","06","17","1","","0","0","1","0","0"
"POINT (13.423717358000033 52.523876360000031)","Unfall 237980 (2024) Kat:3, Licht: 0","237980","3","7","5","06","17","3","","0","0","1","0","0"
"POINT (13.184647169000073 52.515400067000030)","Unfall 237981 (2024) Kat:2, Licht: 0","237981","2","2","5","06","21","3","","0","0","1","0","1"
"POINT (13.528123785000048 52.556908077000060)","Unfall 237982 (2024) Kat:3, Licht: 1","237982","3","2","5","06","19","3","","1","1","1","0","0"
"POINT (13.343682365000063 52.447819189000029)","Unfall 237983 (2024) Kat:3, Licht: 0","237983","3","4","6","06","19","3","","0","0","1","1","0"
"POINT (13.354364004000047 52.549196289000065)","Unfall 237984 (2024) Kat:2, Licht: 0","237984","2","4","6","06","18","3","","0","0","1","1","0"
"POINT (13.473774004000063 52.474954367000066)","Unfall 237985 (2024) Kat:3, Licht: 1","237985","3","2","5","06","21","3","","1","1","1","0","0"
"POINT (13.311182278000047 52.506506739000031)","Unfall 237986 (2024) Kat:3, Licht: 1","237986","3","2","5","06","20","3","","1","0","1","0","0"
"POINT (13.366581022000048 52.585237946000063)","Unfall 237987 (2024) Kat:3, Licht: 0","237987","3","5","1","06","20","3","","0","0","1","0","0"
"POINT (13.381116377000069 52.555975549000038)","Unfall 237988 (2024) Kat:3, Licht: 0","237988","3","1","0","06","20","3","","0","0","0","0","1"
"POINT (13.338519880000035 52.485653809000041)","Unfall 237989 (2024) Kat:2, Licht: 0","237989","2","6","2","06","17","3","","0","0","1","0","1"
"POINT (13.471582117000025 52.507888072000071)","Unfall 237990 (2024) Kat:3, Licht: 0","237990","3","4","6","06","19","3","","0","1","0","1","0"
"POINT (13.272347979000074 52.635837055000081)","Unfall 237991 (2024) Kat:3, Licht: 0","237991","3","3","5","06","18","3","","0","1","1","0","0"
"POINT (13.296922825000024 52.548121258000037)","Unfall 237992 (2024) Kat:3, Licht: 0","237992","3","2","5","06","18","3","","0","0","1","0","1"
"POINT (13.375685582000074 52.504352631000074)","Unfall 237993 (2024) Kat:3, Licht: 0","237993","3","5","1","06","18","3","","0","1","1","0","0"
"POINT (13.247589012000049 52.467486342000029)","Unfall 237994 (2024) Kat:2, Licht: 0","237994","2","7","5","06","17","3","","0","0","1","0","1"
"POINT (13.405022523000071 52.496344540000052)","Unfall 237995 (2024) Kat:3, Licht: 0","237995","3","4","6","06","14","3","","0","0","1","1","0"
"POINT (13.439716340000075 52.473695232000068)","Unfall 237996 (2024) Kat:3, Licht: 0","237996","3","7","2","06","11","3","","0","0","1","0","0"
"POINT (13.382904503000077 52.561269229000061)","Unfall 237997 (2024) Kat:3, Licht: 0","237997","3","3","5","07","16","3","","0","1","1","0","0"
"POINT (13.453249212000060 52.475286162000032)","Unfall 237998 (2024) Kat:2, Licht: 0","237998","2","1","9","06","11","3","","0","0","1","0","0"
"POINT (13.457726048000040 52.486276134000036)","Unfall 237999 (2024) Kat:3, Licht: 0","237999","3","2","5","06","09","3","","0","1","1","0","0"
"POINT (13.448999625000056 52.508322530000044)","Unfall 238000 (2024) Kat:3, Licht: 0","238000","3","2","5","06","09","3","","0","1","1","0","0"
"POINT (13.333947708000039 52.529684117000045)","Unfall 238001 (2024) Kat:3, Licht: 0","238001","3","7","6","06","16","3","","0","0","0","1","0"
"POINT (13.310826080000027 52.500309956000081)","Unfall 238002 (2024) Kat:2, Licht: 0","238002","2","5","1","06","13","3","","0","1","1","0","0"
"POINT (13.559801597000046 52.480611142000043)","Unfall 238003 (2024) Kat:3, Licht: 0","238003","3","6","2","06","12","3","","0","0","1","0","0"
"POINT (13.381261152000036 52.515551475000052)","Unfall 238004 (2024) Kat:3, Licht: 0","238004","3","6","3","06","12","3","","0","1","0","0","0"
"POINT (13.509682252000061 52.489829054000040)","Unfall 238005 (2024) Kat:3, Licht: 0","238005","3","4","6","06","12","3","","0","1","0","1","0"
"POINT (13.343693052000049 52.546301192000044)","Unfall 238006 (2024) Kat:3, Licht: 0","238006","3","2","5","06","10","3","","0","1","1","0","0"
"POINT (13.399535882000066 52.529544494000049)","Unfall 238007 (2024) Kat:3, Licht: 0","238007","3","2","5","06","09","3","","0","0","1","0","1"
"POINT (13.334371143000055 52.610228585000073)","Unfall 238008 (2024) Kat:3, Licht: 0","238008","3","4","6","06","07","3","","0","0","1","1","0"
"POINT (13.296431530000064 52.529278660000045)","Unfall 238009 (2024) Kat:2, Licht: 0","238009","2","2","5","06","06","3","","0","0","1","0","0"
"POINT (13.514000041000031 52.551291729000070)","Unfall 238010 (2024) Kat:3, Licht: 0","238010","3","6","2","06","20","3","","0","0","1","0","1"
"POINT (13.316434296000068 52.453634199000078)","Unfall 238011 (2024) Kat:3, Licht: 0","238011","3","2","5","06","18","3","","0","1","0","0","0"
"POINT (13.613496942000040 52.509023039000056)","Unfall 238012 (2024) Kat:3, Licht: 0","238012","3","4","6","06","18","3","","0","0","0","1","1"
"POINT (13.432768268000075 52.464913749000061)","Unfall 238013 (2024) Kat:3, Licht: 0","238013","3","6","2","06","18","3","","0","0","1","0","1"
"POINT (13.571867834000045 52.430172819000063)","Unfall 238014 (2024) Kat:3, Licht: 0","238014","3","3","5","06","17","3","","0","1","1","0","0"
"POINT (13.598203571000056 52.520618386000081)","Unfall 238015 (2024) Kat:3, Licht: 0","238015","3","3","5","06","15","3","","0","0","1","0","1"
"POINT (13.348355866000077 52.546096618000036)","Unfall 238016 (2024) Kat:3, Licht: 0","238016","3","2","2","06","12","3","","0","1","1","0","0"
"POINT (13.311622229000022 52.479502441000079)","Unfall 238017 (2024) Kat:3, Licht: 0","238017","3","2","6","06","12","3","","0","0","1","1","0"
"POINT (13.409777233000057 52.524015511000073)","Unfall 238018 (2024) Kat:3, Licht: 0","238018","3","6","2","06","13","4","","0","1","0","0","0"
"POINT (13.340814583000054 52.447498676000066)","Unfall 238019 (2024) Kat:3, Licht: 0","238019","3","7","0","06","11","3","","0","1","0","0","0"
"POINT (13.519875249000052 52.525841855000067)","Unfall 238020 (2024) Kat:3, Licht: 0","238020","3","2","5","06","09","3","","0","1","1","0","0"
"POINT (13.486932365000030 52.434045803000060)","Unfall 238021 (2024) Kat:3, Licht: 0","238021","3","3","5","06","09","3","","0","0","1","0","0"
"POINT (13.191147514000022 52.549977633000026)","Unfall 238022 (2024) Kat:2, Licht: 0","238022","2","3","5","06","07","3","","0","0","1","0","1"
"POINT (13.407022578000067 52.452608341000030)","Unfall 238023 (2024) Kat:2, Licht: 0","238023","2","5","1","06","13","3","","0","1","0","0","0"
"POINT (13.267826605000039 52.445547334000082)","Unfall 238024 (2024) Kat:3, Licht: 0","238024","3","2","2","06","07","3","","0","0","1","0","0"
"POINT (13.580398259000049 52.455510703000073)","Unfall 238025 (2024) Kat:2, Licht: 0","238025","2","2","5","06","07","3","","0","1","1","0","0"
"POINT (13.532757793000030 52.433855912000070)","Unfall 238026 (2024) Kat:3, Licht: 0","238026","3","5","1","06","11","3","","0","1","1","0","0"
"POINT (13.405432721000068 52.525296056000059)","Unfall 238027 (2024) Kat:3, Licht: 0","238027","3","7","5","06","21","3","","0","1","1","0","0"
"POINT (13.318070745000057 52.509579989000031)","Unfall 238028 (2024) Kat:3, Licht: 0","238028","3","7","5","06","12","3","","0","1","1","0","0"
"POINT (13.431729614000062 52.497474831000034)","Unfall 238029 (2024) Kat:3, Licht: 0","238029","3","4","6","06","18","2","","0","0","1","1","0"
"POINT (13.471871852000049 52.532004926000070)","Unfall 238030 (2024) Kat:3, Licht: 0","238030","3","6","2","06","16","2","","0","0","1","0","0"
"POINT (13.417592910000053 52.464820226000029)","Unfall 238031 (2024) Kat:3, Licht: 0","238031","3","6","3","07","08","4","","0","1","0","0","0"
"POINT (13.311989003000065 52.571734916000082)","Unfall 238032 (2024) Kat:3, Licht: 0","238032","3","6","2","06","17","2","","0","0","1","0","0"
"POINT (13.437609842000029 52.463566666000077)","Unfall 238033 (2024) Kat:3, Licht: 0","238033","3","3","5","06","08","2","","0","0","1","0","0"
"POINT (13.424038915000040 52.553545593000081)","Unfall 238034 (2024) Kat:3, Licht: 0","238034","3","3","5","06","20","2","","0","1","1","0","0"
"POINT (13.550887129000046 52.429041602000041)","Unfall 238035 (2024) Kat:3, Licht: 0","238035","3","2","5","07","09","2","","0","1","1","0","0"
"POINT (13.234683604000054 52.527352518000043)","Unfall 238036 (2024) Kat:3, Licht: 0","238036","3","6","2","06","18","3","","0","0","1","0","0"
"POINT (13.357367101000023 52.535936869000068)","Unfall 238037 (2024) Kat:3, Licht: 2","238037","3","2","5","06","21","2","","2","0","1","0","0"
"POINT (13.263957737000055 52.514238100000057)","Unfall 238038 (2024) Kat:3, Licht: 0","238038","3","2","0","06","17","2","","0","0","1","1","0"
"POINT (13.323619581000059 52.458717233000073)","Unfall 238039 (2024) Kat:3, Licht: 0","238039","3","7","5","06","16","2","","0","1","1","0","0"
"POINT (13.474035385000036 52.426735992000033)","Unfall 238040 (2024) Kat:3, Licht: 0","238040","3","5","1","07","07","3","","0","0","1","0","0"
"POINT (13.287608901000056 52.477603109000029)","Unfall 238041 (2024) Kat:3, Licht: 0","238041","3","4","6","06","14","2","","0","0","1","1","0"
"POINT (13.412610191000056 52.538023244000044)","Unfall 238042 (2024) Kat:3, Licht: 0","238042","3","2","2","06","17","2","","0","1","1","0","0"
"POINT (13.452521032000050 52.591347953000081)","Unfall 238043 (2024) Kat:3, Licht: 0","238043","3","3","5","06","13","2","","0","1","1","0","0"
"POINT (13.270493039000030 52.451020795000034)","Unfall 238044 (2024) Kat:3, Licht: 0","238044","3","2","5","06","18","7","","0","1","1","0","0"
"POINT (13.302060736000044 52.457013261000043)","Unfall 238045 (2024) Kat:3, Licht: 0","238045","3","5","1","06","11","2","","0","1","1","0","0"
"POINT (13.385928720000038 52.478197743000067)","Unfall 238046 (2024) Kat:3, Licht: 0","238046","3","2","5","06","06","2","","0","1","1","0","0"
"POINT (13.455232101000036 52.472976849000077)","Unfall 238047 (2024) Kat:3, Licht: 0","238047","3","4","6","06","15","2","","0","0","1","1","0"
"POINT (13.462191521000022 52.529293819000031)","Unfall 238048 (2024) Kat:3, Licht: 0","238048","3","2","5","06","15","2","","0","1","0","0","0"
"POINT (13.498127281000052 52.563600761000032)","Unfall 238049 (2024) Kat:3, Licht: 0","238049","3","4","6","06","14","2","","0","0","1","1","0"
"POINT (13.538790759000051 52.431594135000068)","Unfall 238050 (2024) Kat:3, Licht: 0","238050","3","3","5","06","10","2","","0","0","1","0","0"
"POINT (13.292974161000075 52.506711109000037)","Unfall 238051 (2024) Kat:3, Licht: 0","238051","3","4","6","06","09","2","","0","1","0","1","0"
"POINT (13.377960050000070 52.529074962000038)","Unfall 238052 (2024) Kat:3, Licht: 0","238052","3","6","2","06","08","2","","0","1","1","0","0"
"POINT (13.441859642000054 52.636390401000028)","Unfall 238053 (2024) Kat:3, Licht: 0","238053","3","1","4","06","17","1","","0","0","1","0","0"
"POINT (13.440634920000036 52.517099129000030)","Unfall 238054 (2024) Kat:3, Licht: 2","238054","3","3","5","06","02","2","","2","0","1","0","0"
"POINT (13.450755073000039 52.527131640000050)","Unfall 238055 (2024) Kat:3, Licht: 0","238055","3","2","5","06","14","5","","0","1","1","0","0"
"POINT (13.384979512000029 52.548972403000050)","Unfall 238056 (2024) Kat:2, Licht: 0","238056","2","7","4","06","14","2","","0","0","1","0","0"
"POINT (13.581346795000059 52.442854453000052)","Unfall 238057 (2024) Kat:2, Licht: 0","238057","2","4","6","06","20","1","","0","0","0","1","0"
"POINT (13.279375989000073 52.523820682000064)","Unfall 238058 (2024) Kat:3, Licht: 0","238058","3","3","5","06","17","1","","0","1","1","0","0"
"POINT (13.279002987000069 52.503618658000050)","Unfall 238059 (2024) Kat:3, Licht: 2","238059","3","2","5","06","22","1","","2","0","1","0","0"
"POINT (13.414131565000048 52.498663745000044)","Unfall 238060 (2024) Kat:3, Licht: 0","238060","3","6","2","06","18","1","","0","1","0","0","0"
"POINT (13.379433984000059 52.529406599000026)","Unfall 238061 (2024) Kat:2, Licht: 0","238061","2","1","0","06","19","1","","0","1","0","0","0"
"POINT (13.339402650000068 52.488363565000043)","Unfall 238062 (2024) Kat:3, Licht: 0","238062","3","1","0","06","18","1","","0","1","0","0","0"
"POINT (13.458467903000042 52.473513727000068)","Unfall 238063 (2024) Kat:3, Licht: 0","238063","3","7","2","06","18","1","","0","0","1","0","1"
"POINT (13.451467059000038 52.436652027000036)","Unfall 238064 (2024) Kat:3, Licht: 0","238064","3","3","5","06","15","1","","0","0","1","0","0"
"POINT (13.402390500000024 52.516408039000055)","Unfall 238065 (2024) Kat:3, Licht: 0","238065","3","3","5","06","16","1","","0","1","1","0","0"
"POINT (13.386822781000035 52.527122504000033)","Unfall 238066 (2024) Kat:3, Licht: 0","238066","3","4","6","06","14","1","","0","0","1","1","0"
"POINT (13.199499007000043 52.534814677000043)","Unfall 238067 (2024) Kat:3, Licht: 0","238067","3","2","5","06","16","1","","0","0","1","0","0"
"POINT (13.330455790000030 52.495607317000065)","Unfall 238068 (2024) Kat:3, Licht: 0","238068","3","6","2","06","14","1","","0","0","1","0","1"
"POINT (13.332776535000050 52.540361356000062)","Unfall 238069 (2024) Kat:3, Licht: 0","238069","3","6","2","06","16","1","","0","0","1","0","0"
"POINT (13.507907843000055 52.546382926000035)","Unfall 238070 (2024) Kat:3, Licht: 0","238070","3","2","5","06","13","1","","0","1","1","0","0"
"POINT (13.377827644000035 52.531890368000063)","Unfall 238071 (2024) Kat:3, Licht: 0","238071","3","7","5","06","16","1","","0","0","0","0","1"
"POINT (13.625261184000067 52.456964045000063)","Unfall 238072 (2024) Kat:3, Licht: 0","238072","3","1","0","06","12","1","","0","1","0","0","0"
"POINT (13.200885268000036 52.538655991000041)","Unfall 238073 (2024) Kat:2, Licht: 0","238073","2","1","9","06","06","1","","0","0","1","0","0"
"POINT (13.278328102000046 52.466141704000052)","Unfall 238074 (2024) Kat:3, Licht: 0","238074","3","5","1","06","11","1","","0","0","1","0","0"
"POINT (13.427540953000062 52.498890166000081)","Unfall 238075 (2024) Kat:3, Licht: 2","238075","3","4","6","06","03","1","","2","0","1","1","0"
"POINT (13.589068128000065 52.527122218000045)","Unfall 238076 (2024) Kat:3, Licht: 2","238076","3","7","1","06","03","1","","2","0","1","0","0"
"POINT (13.383527693000076 52.483774149000055)","Unfall 238077 (2024) Kat:3, Licht: 0","238077","3","6","0","06","05","5","","0","0","1","0","1"
"POINT (13.288305251000054 52.584431329000040)","Unfall 238078 (2024) Kat:3, Licht: 2","238078","3","1","0","06","00","1","","2","0","0","0","0"
"POINT (13.295616778000067 52.610692680000056)","Unfall 238079 (2024) Kat:3, Licht: 0","238079","3","6","2","06","10","1","","0","0","1","0","0"
"POINT (13.573104351000040 52.460625783000069)","Unfall 238080 (2024) Kat:3, Licht: 0","238080","3","6","3","06","19","7","","0","1","1","0","0"
"POINT (13.350812935000022 52.539322791000075)","Unfall 238081 (2024) Kat:3, Licht: 0","238081","3","3","5","06","15","7","","0","0","1","0","0"
"POINT (13.390778705000059 52.484227867000072)","Unfall 238082 (2024) Kat:3, Licht: 0","238082","3","4","0","06","15","7","","0","0","0","1","1"
"POINT (13.247776006000038 52.539917824000042)","Unfall 238083 (2024) Kat:3, Licht: 0","238083","3","2","5","06","12","7","","0","0","1","0","0"
"POINT (13.277953988000036 52.465525836000040)","Unfall 238084 (2024) Kat:3, Licht: 2","238084","3","5","1","06","00","7","","2","0","1","0","0"
"POINT (13.285011946000054 52.511146480000036)","Unfall 238085 (2024) Kat:3, Licht: 0","238085","3","3","5","06","18","5","","0","0","1","0","1"
"POINT (13.422147830000029 52.493078545000060)","Unfall 238086 (2024) Kat:2, Licht: 0","238086","2","3","5","06","18","7","","0","0","1","0","0"
"POINT (13.298574027000029 52.596978650000040)","Unfall 238087 (2024) Kat:3, Licht: 0","238087","3","2","5","06","17","7","","0","0","1","0","1"
"POINT (13.320255500000030 52.418878643000028)","Unfall 238088 (2024) Kat:3, Licht: 0","238088","3","6","2","06","13","7","","0","1","1","0","0"
"POINT (13.507660258000044 52.441085285000042)","Unfall 238089 (2024) Kat:2, Licht: 0","238089","2","2","5","06","16","7","","0","0","1","0","1"
"POINT (13.577257723000059 52.513154591000045)","Unfall 238090 (2024) Kat:2, Licht: 0","238090","2","2","5","06","18","7","","0","0","1","0","1"
"POINT (13.590365776000056 52.446411729000033)","Unfall 238091 (2024) Kat:2, Licht: 0","238091","2","2","5","06","17","7","","0","0","1","0","1"
"POINT (13.376716444000067 52.556630366000036)","Unfall 238092 (2024) Kat:3, Licht: 0","238092","3","6","2","06","10","7","","0","0","1","0","0"
"POINT (13.330593060000069 52.494838032000075)","Unfall 238093 (2024) Kat:3, Licht: 0","238093","3","6","2","06","10","7","","0","0","1","0","0"
"POINT (13.280975051000041 52.590501194000069)","Unfall 238094 (2024) Kat:3, Licht: 0","238094","3","1","0","06","14","6","","0","1","0","0","0"
"POINT (13.397627523000040 52.501530390000028)","Unfall 238095 (2024) Kat:3, Licht: 0","238095","3","3","5","06","19","6","","0","1","1","0","0"
"POINT (13.348877393000066 52.494560675000059)","Unfall 238096 (2024) Kat:3, Licht: 0","238096","3","3","5","06","19","6","","0","0","1","0","0"
"POINT (13.330714827000065 52.498101202000043)","Unfall 238097 (2024) Kat:3, Licht: 0","238097","3","6","2","07","15","6","","0","1","1","0","0"
"POINT (13.345157511000025 52.489361908000035)","Unfall 238098 (2024) Kat:2, Licht: 0","238098","2","6","2","06","18","6","","0","1","1","0","0"
"POINT (13.323807986000077 52.506964042000050)","Unfall 238099 (2024) Kat:3, Licht: 0","238099","3","5","1","06","17","6","","0","1","1","0","0"
"POINT (13.433548225000038 52.444259393000038)","Unfall 238100 (2024) Kat:3, Licht: 0","238100","3","6","2","06","14","6","","0","0","1","0","1"
"POINT (13.300583638000035 52.420743909000066)","Unfall 238101 (2024) Kat:3, Licht: 0","238101","3","3","5","06","15","6","","0","0","1","0","1"
"POINT (13.356984321000027 52.559962603000031)","Unfall 238102 (2024) Kat:3, Licht: 0","238102","3","3","5","06","14","6","","0","0","1","0","0"
"POINT (13.331605556000056 52.453014642000028)","Unfall 238103 (2024) Kat:3, Licht: 0","238103","3","6","2","06","13","6","","0","0","1","0","1"
"POINT (13.333479502000046 52.429893048000054)","Unfall 238104 (2024) Kat:3, Licht: 0","238104","3","3","5","06","11","6","","0","1","1","0","0"
"POINT (13.515992274000041 52.455741904000035)","Unfall 238105 (2024) Kat:3, Licht: 2","238105","3","6","4","06","22","4","","2","1","0","0","0"
"POINT (13.320489361000057 52.461609027000065)","Unfall 238106 (2024) Kat:3, Licht: 0","238106","3","6","3","06","11","6","","0","0","1","0","1"
"POINT (13.351943431000052 52.449334317000080)","Unfall 238107 (2024) Kat:3, Licht: 1","238107","3","4","6","06","18","6","","1","1","0","1","0"
"POINT (13.380749457000036 52.528310154000053)","Unfall 238108 (2024) Kat:3, Licht: 0","238108","3","6","2","06","10","6","","0","0","1","0","0"
"POINT (13.538276578000023 52.554326401000026)","Unfall 238109 (2024) Kat:3, Licht: 1","238109","3","2","5","06","04","6","","1","1","1","0","0"
"POINT (13.344328964000056 52.538290005000079)","Unfall 238110 (2024) Kat:3, Licht: 0","238110","3","3","5","06","13","6","","0","0","0","0","0"
"POINT (13.484497946000033 52.513987065000038)","Unfall 238111 (2024) Kat:3, Licht: 0","238111","3","6","2","06","15","6","","0","0","1","0","1"
"POINT (13.330403629000045 52.459236089000058)","Unfall 238112 (2024) Kat:3, Licht: 0","238112","3","1","0","06","15","6","","0","0","0","0","1"
"POINT (13.401076003000071 52.414453220000041)","Unfall 238113 (2024) Kat:3, Licht: 0","238113","3","2","6","07","12","7","","0","0","1","1","0"
"POINT (13.434912094000026 52.481222652000042)","Unfall 238114 (2024) Kat:3, Licht: 0","238114","3","4","6","06","14","6","","0","0","1","1","0"
"POINT (13.348165505000054 52.602759424000055)","Unfall 238115 (2024) Kat:3, Licht: 0","238115","3","2","5","06","14","6","","0","1","1","0","0"
"POINT (13.319776025000067 52.463343800000075)","Unfall 238116 (2024) Kat:3, Licht: 0","238116","3","2","6","06","13","6","","0","0","1","1","0"
"POINT (13.687336236000021 52.441568640000071)","Unfall 238117 (2024) Kat:3, Licht: 0","238117","3","3","5","06","12","6","","0","1","1","0","0"
"POINT (13.574049018000039 52.444871809000063)","Unfall 238118 (2024) Kat:3, Licht: 2","238118","3","7","6","06","23","6","","2","1","0","1","0"
"POINT (13.436830353000062 52.449746978000064)","Unfall 238119 (2024) Kat:3, Licht: 0","238119","3","7","5","06","11","6","","0","0","1","0","1"
"POINT (13.400889846000041 52.533074274000057)","Unfall 238120 (2024) Kat:3, Licht: 2","238120","3","1","4","06","23","6","","2","1","1","0","0"
"POINT (13.601181628000063 52.481560180000031)","Unfall 238121 (2024) Kat:3, Licht: 0","238121","3","7","0","06","07","6","","0","0","1","0","0"
"POINT (13.375778460000049 52.510047016000044)","Unfall 238122 (2024) Kat:3, Licht: 0","238122","3","7","6","06","15","6","","0","0","0","1","1"
"POINT (13.356487530000038 52.525498277000054)","Unfall 238123 (2024) Kat:3, Licht: 0","238123","3","1","0","06","15","6","","0","0","0","0","1"
"POINT (13.346357286000057 52.500372664000054)","Unfall 238124 (2024) Kat:3, Licht: 1","238124","3","6","0","06","14","6","","1","0","1","0","1"
"POINT (13.399377694000066 52.532723186000055)","Unfall 238125 (2024) Kat:3, Licht: 0","238125","3","6","2","06","14","6","","0","0","1","0","0"
"POINT (13.446875901000055 52.526250525000080)","Unfall 238126 (2024) Kat:3, Licht: 0","238126","3","2","5","06","07","5","","0","1","1","0","0"
"POINT (13.434780328000045 52.439353241000049)","Unfall 238127 (2024) Kat:3, Licht: 0","238127","3","3","5","06","20","6","","0","0","1","0","0"
"POINT (13.311078561000045 52.506475196000054)","Unfall 238128 (2024) Kat:3, Licht: 0","238128","3","2","5","06","17","3","","0","1","1","0","0"
"POINT (13.564687611000068 52.513054881000073)","Unfall 238129 (2024) Kat:3, Licht: 0","238129","3","6","2","06","15","6","","0","0","1","0","0"
"POINT (13.465414747000068 52.567202102000067)","Unfall 238130 (2024) Kat:3, Licht: 0","238130","3","3","5","06","07","2","","0","0","1","0","1"