WKT,Name,OBJECTID,UKATEGORIE,UTYP1,UART,UMONAT,USTUNDE,UWOCHENTAG,STRZUSTAND,ULICHTVERH,ISTRAD,ISTPKW,ISTFUSS,ISTKRAD
"POINT (13.426390489000028 52.542644467000059)","Unfall 238131 (2024) Kat:3, Licht: 0","238131","3","5","0","06","15","6","","0","1","0","0","0"
"POINT (13.463619809000022 52.469823022000071)","Unfall 238132 (2024) Kat:3, Licht: 0","238132","3","1","0","06","14","6","","0","0","0","0","1"
"POINT (13.444665574000055 52.578642197000079)","Unfall 238133 (2024) Kat:3, Licht: 0","238133","3","3","5","06","14","6","","0","1","1","0","0"
"POINT (13.308121145000030 52.467863678000072)","Unfall 238134 (2024) Kat:3, Licht: 0","238134","3","2","5","06","12","6","","0","0","1","0","0"
"POINT (13.518776483000067 52.447657646000039)","Unfall 238135 (2024) Kat:2, Licht: 0","238135","2","1","0","06","11","6","","0","0","0","0","1"
"POINT (13.387720298000033 52.550017123000032)","Unfall 238136 (2024) Kat:3, Licht: 0","238136","3","1","0","06","09","6","","0","0","0","0","0"
"POINT (13.397369919000027 52.528694867000070)","Unfall 238137 (2024) Kat:3, Licht: 0","238137","3","2","2","06","08","6","","0","1","0","0","0"
"POINT (13.264938497000060 52.536839110000074)","Unfall 238138 (2024) Kat:2, Licht: 0","238138","2","3","5","06","07","6","","0","0","1","0","1"
"POINT (13.388763883000024 52.550105755000061)","Unfall 238139 (2024) Kat:3, Licht: 2","238139","3","1","9","06","02","6","","2","1","0","0","0"
"POINT (13.322117253000044 52.511797676000072)","Unfall 238140 (2024) Kat:2, Licht: 2","238140","2","3","5","06","00","6","","2","0","1","0","0"
"POINT (13.529801789000032 52.422480904000054)","Unfall 238141 (2024) Kat:3, Licht: 0","238141","3","2","0","06","20","5","","0","0","1","0","0"
"POINT (13.411022351000042 52.553924417000076)","Unfall 238142 (2024) Kat:3, Licht: 0","238142","3","2","0","06","13","5","","0","0","0","0","0"
"POINT (13.185487353000042 52.516329336000069)","Unfall 238143 (2024) Kat:2, Licht: 2","238143","2","4","6","06","22","5","","2","0","1","1","1"
"POINT (13.596632544000045 52.456681905000039)","Unfall 238144 (2024) Kat:3, Licht: 0","238144","3","5","1","06","17","5","","0","1","1","0","0"
"POINT (13.422071011000071 52.514260416000070)","Unfall 238145 (2024) Kat:3, Licht: 0","238145","3","1","9","06","17","5","","0","0","0","0","1"
"POINT (13.268148726000049 52.509275397000067)","Unfall 238146 (2024) Kat:3, Licht: 0","238146","3","4","6","06","13","5","","0","0","1","1","0"
"POINT (13.385489323000058 52.518516226000031)","Unfall 238147 (2024) Kat:3, Licht: 0","238147","3","2","3","06","12","5","","0","0","1","0","1"
"POINT (13.380023524000023 52.532767775000082)","Unfall 238148 (2024) Kat:3, Licht: 0","238148","3","3","5","06","11","5","","0","1","1","0","0"
"POINT (13.395385251000050 52.582778989000076)","Unfall 238149 (2024) Kat:3, Licht: 0","238149","3","3","5","06","17","5","","0","1","1","0","0"
"POINT (13.378462560000060 52.560792690000028)","Unfall 238150 (2024) Kat:3, Licht: 0","238150","3","3","5","06","17","5","","0","1","1","0","0"
"POINT (13.550750574000062 52.428931242000033)","Unfall 238151 (2024) Kat:3, Licht: 0","238151","3","2","5","06","17","5","","0","1","1","0","0"
"POINT (13.433844878000059 52.494510528000035)","Unfall 238152 (2024) Kat:3, Licht: 0","238152","3","4","6","06","20","5","","0","0","1","1","0"
"POINT (13.422128486000076 52.488990270000045)","Unfall 238153 (2024) Kat:3, Licht: 0","238153","3","5","1","06","19","5","","0","0","1","0","0"
"POINT (13.390489649000074 52.506925947000070)","Unfall 238154 (2024) Kat:3, Licht: 0","238154","3","5","1","06","18","5","","0","1","1","0","0"
"POINT (13.548617902000046 52.427648489000035)","Unfall 238155 (2024) Kat:3, Licht: 0","238155","3","6","0","06","17","5","","0","1","0","0","0"
"POINT (13.329682069000057 52.563165923000042)","Unfall 238156 (2024) Kat:2, Licht: 0","238156","2","3","0","06","11","5","","0","1","1","0","0"
"POINT (13.385489501000052 52.471921084000030)","Unfall 238157 (2024) Kat:3, Licht: 0","238157","3","2","5","06","15","5","","0","1","1","0","0"
"POINT (13.541917664000039 52.399051645000043)","Unfall 238158 (2024) Kat:3, Licht: 0","238158","3","4","0","06","14","5","","0","1","0","1","0"
"POINT (13.320005028000026 52.486696270000039)","Unfall 238159 (2024) Kat:3, Licht: 0","238159","3","4","6","06","14","5","","0","1","0","1","0"
"POINT (13.323034525000025 52.450051329000075)","Unfall 238160 (2024) Kat:3, Licht: 0","238160","3","7","1","06","14","5","","0","0","1","0","0"
"POINT (13.182055901000069 52.536158336000028)","Unfall 238161 (2024) Kat:3, Licht: 0","238161","3","2","5","06","14","5","","0","0","1","0","0"
"POINT (13.396156252000026 52.515190210000071)","Unfall 238162 (2024) Kat:3, Licht: 0","238162","3","5","1","06","10","5","","0","1","0","0","0"
"POINT (13.240111624000065 52.509339885000031)","Unfall 238163 (2024) Kat:2, Licht: 0","238163","2","4","6","06","07","5","","0","0","1","1","0"
"POINT (13.420858574000022 52.606624129000068)","Unfall 238164 (2024) Kat:3, Licht: 0","238164","3","6","2","06","07","5","","0","0","1","0","0"
"POINT (13.584102154000050 52.463588113000071)","Unfall 238165 (2024) Kat:3, Licht: 0","238165","3","1","1","06","15","3","","0","0","1","0","0"
"POINT (13.557949897000071 52.409949132000065)","Unfall 238166 (2024) Kat:2, Licht: 0","238166","2","3","5","06","18","5","","0","0","1","0","0"
"POINT (13.270501168000067 52.548585000000060)","Unfall 238167 (2024) Kat:3, Licht: 0","238167","3","2","4","06","17","6","","0","1","1","0","0"
"POINT (13.580412714000033 52.455509529000039)","Unfall 238168 (2024) Kat:3, Licht: 0","238168","3","2","5","06","18","5","","0","0","1","0","1"
"POINT (13.380705284000044 52.516626909000081)","Unfall 238169 (2024) Kat:3, Licht: 0","238169","3","4","6","06","16","5","","0","1","0","1","0"
"POINT (13.373065512000039 52.562085835000062)","Unfall 238170 (2024) Kat:2, Licht: 0","238170","2","3","5","06","16","5","","0","0","1","0","0"
"POINT (13.610589552000022 52.515131506000046)","Unfall 238171 (2024) Kat:3, Licht: 0","238171","3","3","5","06","13","5","","0","0","1","0","0"
"POINT (13.167190286000050 52.420438443000080)","Unfall 238172 (2024) Kat:3, Licht: 0","238172","3","7","5","06","12","5","","0","0","1","0","0"
"POINT (13.352341553000031 52.442506350000031)","Unfall 238173 (2024) Kat:3, Licht: 0","238173","3","6","4","06","09","5","","0","1","1","0","0"
"POINT (13.364308335000032 52.549614913000028)","Unfall 238174 (2024) Kat:3, Licht: 0","238174","3","2","2","06","19","5","","0","0","1","0","0"
"POINT (13.559463213000072 52.446639766000033)","Unfall 238175 (2024) Kat:2, Licht: 0","238175","2","3","5","06","06","4","","0","1","1","0","0"
"POINT (13.405588196000053 52.540841493000073)","Unfall 238176 (2024) Kat:3, Licht: 0","238176","3","6","3","06","19","4","","0","1","0","0","0"
"POINT (13.403936922000071 52.495340748000046)","Unfall 238177 (2024) Kat:3, Licht: 0","238177","3","3","5","06","18","4","","0","1","0","0","0"
"POINT (13.455119745000047 52.559244917000058)","Unfall 238178 (2024) Kat:3, Licht: 0","238178","3","3","5","06","18","4","","0","0","1","0","1"
"POINT (13.286807840000051 52.417798379000033)","Unfall 238179 (2024) Kat:2, Licht: 0","238179","2","4","6","06","15","4","","0","0","1","1","0"
"POINT (13.385889628000029 52.538953116000073)","Unfall 238180 (2024) Kat:2, Licht: 0","238180","2","1","9","06","12","4","","0","0","1","0","0"
"POINT (13.325929575000032 52.494648812000037)","Unfall 238181 (2024) Kat:2, Licht: 0","238181","2","4","6","06","10","4","","0","0","1","1","0"
"POINT (13.362416838000058 52.447462463000079)","Unfall 238182 (2024) Kat:3, Licht: 0","238182","3","6","2","06","09","4","","0","0","1","0","0"
"POINT (13.403811996000059 52.503354728000033)","Unfall 238183 (2024) Kat:3, Licht: 0","238183","3","3","5","06","09","4","","0","1","0","0","0"
"POINT (13.377977028000032 52.472404726000036)","Unfall 238184 (2024) Kat:3, Licht: 0","238184","3","2","0","06","09","4","","0","1","0","0","0"
"POINT (13.380397084000037 52.434452833000080)","Unfall 238185 (2024) Kat:3, Licht: 0","238185","3","2","5","06","19","4","","0","0","1","0","0"
"POINT (13.293811588000040 52.534804200000053)","Unfall 238186 (2024) Kat:3, Licht: 0","238186","3","2","3","06","12","4","","0","0","1","0","0"
"POINT (13.307148902000051 52.555196856000066)","Unfall 238187 (2024) Kat:3, Licht: 0","238187","3","6","2","06","09","4","","0","0","1","0","0"
"POINT (13.561149133000072 52.547452697000040)","Unfall 238188 (2024) Kat:2, Licht: 0","238188","2","1","9","06","12","5","","0","0","1","0","0"
"POINT (13.277945967000051 52.506775204000064)","Unfall 238189 (2024) Kat:2, Licht: 0","238189","2","4","6","06","16","4","","0","1","0","1","0"
"POINT (13.450352225000074 52.522308262000081)","Unfall 238190 (2024) Kat:3, Licht: 0","238190","3","3","5","06","16","4","","0","0","1","0","0"
"POINT (13.129846223000072 52.449175005000029)","Unfall 238191 (2024) Kat:3, Licht: 0","238191","3","6","2","06","15","4","","0","0","1","0","0"
"POINT (13.333420493000062 52.502189071000032)","Unfall 238192 (2024) Kat:3, Licht: 0","238192","3","2","6","06","16","4","","0","0","1","1","0"
"POINT (13.387446808000050 52.492847524000069)","Unfall 238193 (2024) Kat:3, Licht: 2","238193","3","2","5","06","23","6","","2","1","1","0","0"
"POINT (13.369121463000056 52.601767608000046)","Unfall 238194 (2024) Kat:3, Licht: 0","238194","3","6","2","06","14","4","","0","0","1","0","0"
"POINT (13.330470860000048 52.495468444000039)","Unfall 238195 (2024) Kat:3, Licht: 0","238195","3","3","5","06","14","4","","0","0","1","0","0"
"POINT (13.400417923000077 52.490447430000074)","Unfall 238196 (2024) Kat:3, Licht: 0","238196","3","3","5","06","12","4","","0","0","1","0","0"
"POINT (13.587972668000077 52.520602283000073)","Unfall 238197 (2024) Kat:3, Licht: 0","238197","3","3","5","06","10","4","","0","1","1","0","0"
"POINT (13.453717241000049 52.551587214000051)","Unfall 238198 (2024) Kat:3, Licht: 0","238198","3","3","5","06","10","4","","0","1","0","0","0"
"POINT (13.416343740000059 52.519981008000059)","Unfall 238199 (2024) Kat:3, Licht: 0","238199","3","2","5","06","08","4","","0","1","0","0","0"
"POINT (13.267966112000067 52.445437033000076)","Unfall 238200 (2024) Kat:2, Licht: 0","238200","2","3","5","06","13","4","","0","1","1","0","0"
"POINT (13.485397524000064 52.530781167000043)","Unfall 238201 (2024) Kat:3, Licht: 0","238201","3","4","6","06","12","4","","0","0","1","1","0"
"POINT (13.201533651000034 52.539459110000053)","Unfall 238202 (2024) Kat:3, Licht: 0","238202","3","6","3","06","10","4","","0","0","1","0","0"
"POINT (13.406294230000071 52.532372285000065)","Unfall 238203 (2024) Kat:2, Licht: 0","238203","2","3","5","06","09","4","","0","1","1","0","0"
"POINT (13.266673286000071 52.631568896000033)","Unfall 238204 (2024) Kat:3, Licht: 0","238204","3","7","8","06","09","4","","0","0","1","0","0"
"POINT (13.286788270000045 52.586260816000049)","Unfall 238205 (2024) Kat:3, Licht: 0","238205","3","2","5","06","09","4","","0","0","1","0","0"
"POINT (13.264269548000073 52.536876636000045)","Unfall 238206 (2024) Kat:3, Licht: 0","238206","3","6","2","06","08","4","","0","0","1","0","0"
"POINT (13.394380608000063 52.507047179000040)","Unfall 238207 (2024) Kat:3, Licht: 0","238207","3","3","5","06","08","4","","0","1","1","0","0"
"POINT (13.447972900000025 52.478013779000037)","Unfall 238208 (2024) Kat:3, Licht: 0","238208","3","3","5","06","07","4","","0","1","1","0","0"
"POINT (13.281881142000032 52.583792032000076)","Unfall 238209 (2024) Kat:3, Licht: 0","238209","3","6","4","06","16","3","","0","1","1","0","0"
"POINT (13.332800870000028 52.459702450000066)","Unfall 238210 (2024) Kat:3, Licht: 0","238210","3","3","5","07","09","4","","0","1","0","0","0"
"POINT (13.488716988000022 52.526602232000073)","Unfall 238211 (2024) Kat:3, Licht: 0","238211","3","6","4","06","11","3","","0","0","0","0","0"
"POINT (13.319380595000041 52.587603033000050)","Unfall 238212 (2024) Kat:3, Licht: 0","238212","3","6","2","06","09","4","","0","0","1","0","0"
"POINT (13.460889313000052 52.454221224000037)","Unfall 238213 (2024) Kat:3, Licht: 0","238213","3","3","5","06","14","3","","0","1","1","0","0"
"POINT (13.301937678000058 52.440613384000073)","Unfall 238214 (2024) Kat:3, Licht: 0","238214","3","3","2","06","18","3","","0","0","1","0","1"
"POINT (13.231288111000026 52.538230294000073)","Unfall 238215 (2024) Kat:3, Licht: 0","238215","3","6","2","06","14","3","","0","0","0","0","1"
"POINT (13.503973027000029 52.546590026000047)","Unfall 238216 (2024) Kat:3, Licht: 0","238216","3","3","5","06","12","3","","0","0","1","0","1"
"POINT (13.348555121000061 52.522032451000030)","Unfall 238217 (2024) Kat:3, Licht: 0","238217","3","3","5","06","08","3","","0","1","1","0","0"
"POINT (13.493549031000043 52.541315011000052)","Unfall 238218 (2024) Kat:3, Licht: 0","238218","3","3","5","06","07","3","","0","1","1","0","0"
"POINT (13.342838456000038 52.525654568000050)","Unfall 238219 (2024) Kat:2, Licht: 0","238219","2","1","0","06","20","3","","0","0","0","0","0"
"POINT (13.519117253000047 52.513466565000044)","Unfall 238220 (2024) Kat:3, Licht: 0","238220","3","2","5","06","18","3","","0","0","1","0","0"
"POINT (13.435246836000033 52.439323489000060)","Unfall 238221 (2024) Kat:3, Licht: 0","238221","3","7","0","06","15","5","","0","0","1","0","0"
"POINT (13.217665936000060 52.538168155000051)","Unfall 238222 (2024) Kat:2, Licht: 0","238222","2","4","6","06","17","3","","0","0","1","1","0"
"POINT (13.491285232000052 52.510867228000052)","Unfall 238223 (2024) Kat:3, Licht: 0","238223","3","3","5","06","15","3","","0","0","1","0","1"
"POINT (13.391803333000041 52.497932696000078)","Unfall 238224 (2024) Kat:3, Licht: 0","238224","3","6","2","06","14","3","","0","0","1","0","1"
"POINT (13.466871686000047 52.551248443000077)","Unfall 238225 (2024) Kat:3, Licht: 0","238225","3","3","5","06","14","3","","0","1","1","0","0"
"POINT (13.380151517000058 52.519669523000061)","Unfall 238226 (2024) Kat:3, Licht: 0","238226","3","2","5","06","09","3","","0","1","1","0","0"
"POINT (13.233865582000021 52.538594001000035)","Unfall 238227 (2024) Kat:3, Licht: 0","238227","3","6","2","06","09","3","","0","0","1","0","0"
"POINT (13.337567943000067 52.503709556000047)","Unfall 238228 (2024) Kat:3, Licht: 0","238228","3","4","6","06","13","3","","0","0","0","1","0"
"POINT (13.412351335000039 52.513680841000053)","Unfall 238229 (2024) Kat:3, Licht: 0","238229","3","7","6","06","20","3","","0","0","1","1","0"
"POINT (13.505583172000058 52.534752364000042)","Unfall 238230 (2024) Kat:3, Licht: 1","238230","3","3","5","06","19","3","","1","1","0","0","1"
"POINT (13.351004188000047 52.434983343000056)","Unfall 238231 (2024) Kat:3, Licht: 0","238231","3","4","6","06","19","3","","0","1","0","1","0"
"POINT (13.557933285000047 52.409941618000062)","Unfall 238232 (2024) Kat:3, Licht: 0","238232","3","3","0","06","18","3","","0","0","1","0","0"
"POINT (13.301224893000040 52.599506216000066)","Unfall 238233 (2024) Kat:3, Licht: 0","238233","3","3","5","06","15","3","","0","1","1","0","0"
"POINT (13.358376596000028 52.486385009000060)","Unfall 238234 (2024) Kat:3, Licht: 0","238234","3","3","5","06","16","3","","0","0","1","0","1"
"POINT (13.219157986000027 52.548868913000035)","Unfall 238235 (2024) Kat:2, Licht: 0","238235","2","6","2","06","14","7","","0","0","1","0","0"
"POINT (13.342785414000048 52.525509130000046)","Unfall 238236 (2024) Kat:3, Licht: 0","238236","3","2","5","06","15","3","","0","1","1","0","0"
"POINT (13.430751490000034 52.468458102000056)","Unfall 238237 (2024) Kat:3, Licht: 0","238237","3","3","5","06","15","3","","0","0","1","0","1"
"POINT (13.232260941000050 52.527614658000061)","Unfall 238238 (2024) Kat:3, Licht: 0","238238","3","6","2","06","19","3","","0","0","1","0","0"
"POINT (13.392913265000061 52.509634459000040)","Unfall 238239 (2024) Kat:3, Licht: 0","238239","3","6","3","06","11","3","","0","1","0","0","0"
"POINT (13.347627686000067 52.507183971000075)","Unfall 238240 (2024) Kat:3, Licht: 0","238240","3","2","2","06","13","3","","0","0","0","0","1"
"POINT (13.395001645000036 52.496327436000058)","Unfall 238241 (2024) Kat:2, Licht: 0","238241","2","2","5","06","08","3","","0","1","1","0","0"
"POINT (13.481360060000043 52.460881910000069)","Unfall 238242 (2024) Kat:3, Licht: 0","238242","3","2","5","06","08","3","","0","0","1","0","0"
"POINT (13.527547923000043 52.484273967000036)","Unfall 238243 (2024) Kat:3, Licht: 0","238243","3","3","5","06","08","2","","0","0","1","0","0"
"POINT (13.271409497000036 52.508809924000047)","Unfall 238244 (2024) Kat:3, Licht: 0","238244","3","5","5","06","12","3","","0","0","1","0","0"
"POINT (13.428837269000041 52.584529714000041)","Unfall 238245 (2024) Kat:3, Licht: 0","238245","3","2","5","06","15","4","","0","1","1","0","0"
"POINT (13.273717560000023 52.500032475000069)","Unfall 238246 (2024) Kat:3, Licht: 2","238246","3","6","2","06","00","3","","2","0","0","0","0"
"POINT (13.357420632000071 52.535964025000055)","Unfall 238247 (2024) Kat:3, Licht: 0","238247","3","2","5","06","12","2","","0","0","1","0","0"
"POINT (13.458329523000032 52.525493395000069)","Unfall 238248 (2024) Kat:3, Licht: 2","238248","3","3","5","06","22","2","","2","0","1","0","0"
"POINT (13.264158251000026 52.514380575000075)","Unfall 238249 (2024) Kat:3, Licht: 2","238249","3","3","5","06","23","2","","2","0","1","0","0"
"POINT (13.247283943000070 52.538078049000035)","Unfall 238250 (2024) Kat:3, Licht: 2","238250","3","6","2","06","22","2","","2","0","1","0","0"
"POINT (13.399530741000035 52.568535056000030)","Unfall 238251 (2024) Kat:3, Licht: 0","238251","3","7","5","06","18","2","","0","0","1","0","1"
"POINT (13.376997345000063 52.483411741000054)","Unfall 238252 (2024) Kat:3, Licht: 2","238252","3","1","0","06","22","2","","2","0","0","0","0"
"POINT (13.256106963000036 52.511839999000074)","Unfall 238253 (2024) Kat:3, Licht: 0","238253","3","5","1","06","18","2","","0","1","1","0","0"
"POINT (13.384910897000054 52.468590691000031)","Unfall 238254 (2024) Kat:2, Licht: 0","238254","2","5","1","06","17","2","","0","1","1","0","0"
"POINT (13.388569566000058 52.518514117000052)","Unfall 238255 (2024) Kat:3, Licht: 0","238255","3","6","2","06","20","2","","0","1","1","0","0"
"POINT (13.299487093000039 52.626165442000058)","Unfall 238256 (2024) Kat:3, Licht: 0","238256","3","3","5","06","20","2","","0","1","1","0","0"
"POINT (13.363323545000071 52.524590114000034)","Unfall 238257 (2024) Kat:3, Licht: 0","238257","3","2","5","06","16","2","","0","1","1","0","0"
"POINT (13.382321081000043 52.504475535000040)","Unfall 238258 (2024) Kat:3, Licht: 0","238258","3","2","5","07","18","7","","0","0","1","0","0"
"POINT (13.296128399000054 52.516926160000082)","Unfall 238259 (2024) Kat:3, Licht: 0","238259","3","3","5","06","18","2","","0","0","1","0","0"
"POINT (13.387835478000056 52.492767679000053)","Unfall 238260 (2024) Kat:3, Licht: 0","238260","3","2","5","06","19","2","","0","1","1","0","0"
"POINT (13.404348086000027 52.533120402000065)","Unfall 238261 (2024) Kat:3, Licht: 0","238261","3","3","5","06","08","2","","0","1","1","0","0"
"POINT (13.401215148000063 52.414612477000048)","Unfall 238262 (2024) Kat:3, Licht: 0","238262","3","2","5","06","13","3","","0","0","1","0","0"
"POINT (13.240744051000036 52.511327113000050)","Unfall 238263 (2024) Kat:3, Licht: 0","238263","3","2","5","06","17","2","","0","0","1","0","0"
"POINT (13.469878423000068 52.553757078000046)","Unfall 238264 (2024) Kat:3, Licht: 0","238264","3","6","2","06","17","2","","0","0","1","0","0"
"POINT (13.410817835000046 52.526929575000054)","Unfall 238265 (2024) Kat:3, Licht: 0","238265","3","5","1","07","10","6","","0","1","1","0","0"
"POINT (13.405196753000041 52.496151126000029)","Unfall 238266 (2024) Kat:3, Licht: 0","238266","3","3","5","06","16","2","","0","0","1","0","1"
"POINT (13.411280173000023 52.530584028000078)","Unfall 238267 (2024) Kat:3, Licht: 0","238267","3","6","3","06","16","2","","0","1","0","0","0"
"POINT (13.318649852000021 52.432523652000043)","Unfall 238268 (2024) Kat:3, Licht: 0","238268","3","3","5","06","14","2","","0","0","1","0","1"
"POINT (13.578751173000057 52.406000648000031)","Unfall 238269 (2024) Kat:3, Licht: 0","238269","3","5","1","06","14","2","","0","0","1","0","0"
"POINT (13.284336072000031 52.486571606000041)","Unfall 238270 (2024) Kat:3, Licht: 0","238270","3","6","2","06","17","5","","0","0","1","0","0"
"POINT (13.335767447000023 52.513675020000051)","Unfall 238271 (2024) Kat:2, Licht: 0","238271","2","4","6","06","14","2","","0","1","0","1","0"
"POINT (13.299739974000033 52.473400041000048)","Unfall 238272 (2024) Kat:2, Licht: 0","238272","2","2","5","06","13","2","","0","1","1","0","0"
"POINT (13.340222033000032 52.505250856000032)","Unfall 238273 (2024) Kat:2, Licht: 0","238273","2","6","3","06","11","2","","0","0","1","0","1"
"POINT (13.330306714000073 52.565749982000057)","Unfall 238274 (2024) Kat:3, Licht: 0","238274","3","1","0","06","10","2","","0","0","0","0","1"
"POINT (13.328013914000053 52.479747464000070)","Unfall 238275 (2024) Kat:3, Licht: 0","238275","3","2","5","06","10","2","","0","0","1","0","1"
"POINT (13.355391106000070 52.519689871000082)","Unfall 238276 (2024) Kat:3, Licht: 0","238276","3","2","5","06","08","2","","0","1","1","0","0"
"POINT (13.428782493000028 52.581568303000040)","Unfall 238277 (2024) Kat:3, Licht: 0","238277","3","6","2","06","08","2","","0","0","1","0","0"
"POINT (13.619745867000063 52.539597128000082)","Unfall 238278 (2024) Kat:3, Licht: 0","238278","3","2","6","06","07","2","","0","0","1","1","0"
"POINT (13.413361285000065 52.588410624000062)","Unfall 238279 (2024) Kat:3, Licht: 0","238279","3","3","0","06","15","4","","0","0","0","0","1"
"POINT (13.177632014000039 52.516936189000035)","Unfall 238280 (2024) Kat:2, Licht: 0","238280","2","6","5","06","08","2","","0","0","1","0","1"
"POINT (13.330295027000034 52.557713034000074)","Unfall 238281 (2024) Kat:2, Licht: 2","238281","2","5","1","06","01","2","","2","0","1","0","0"
"POINT (13.373870175000036 52.468790439000031)","Unfall 238282 (2024) Kat:3, Licht: 0","238282","3","6","2","06","10","2","","0","1","1","0","0"
"POINT (13.389363889000037 52.496105664000027)","Unfall 238283 (2024) Kat:3, Licht: 0","238283","3","2","5","06","08","2","","0","0","1","0","0"
"POINT (13.331064932000061 52.493160842000066)","Unfall 238284 (2024) Kat:3, Licht: 0","238284","3","3","5","07","12","7","","0","1","0","0","0"
"POINT (13.328836352000053 52.478883390000078)","Unfall 238285 (2024) Kat:3, Licht: 0","238285","3","2","6","06","14","2","","0","0","0","1","0"
"POINT (13.402013698000076 52.554331257000058)","Unfall 238286 (2024) Kat:3, Licht: 1","238286","3","6","2","06","20","2","","1","0","1","0","0"
"POINT (13.450285437000048 52.496403479000037)","Unfall 238287 (2024) Kat:3, Licht: 0","238287","3","6","2","06","19","2","","0","0","1","0","1"
"POINT (13.294535255000028 52.629473143000041)","Unfall 238288 (2024) Kat:2, Licht: 0","238288","2","2","2","06","19","2","","0","0","1","0","0"
"POINT (13.332718636000038 52.504187680000030)","Unfall 238289 (2024) Kat:3, Licht: 0","238289","3","5","1","06","18","2","","0","1","1","0","0"
"POINT (13.379616669000029 52.552812929000027)","Unfall 238290 (2024) Kat:3, Licht: 0","238290","3","2","5","06","09","6","","0","1","1","0","0"
"POINT (13.291991127000074 52.590626116000067)","Unfall 238291 (2024) Kat:3, Licht: 0","238291","3","3","5","06","13","2","","0","0","0","0","0"
"POINT (13.483210530000065 52.407739506000041)","Unfall 238292 (2024) Kat:3, Licht: 0","238292","3","4","6","06","09","2","","0","0","1","1","0"
"POINT (13.266338845000064 52.536798262000048)","Unfall 238293 (2024) Kat:2, Licht: 0","238293","2","1","8","06","06","2","","0","0","1","0","0"
"POINT (13.433864468000024 52.523258865000059)","Unfall 238294 (2024) Kat:3, Licht: 0","238294","3","7","5","06","11","1","","0","0","1","0","0"
"POINT (13.385061640000060 52.498120145000030)","Unfall 238295 (2024) Kat:3, Licht: 2","238295","3","7","0","06","23","1","","2","0","1","0","1"
"POINT (13.343069948000050 52.526292816000080)","Unfall 238296 (2024) Kat:2, Licht: 2","238296","2","1","0","07","03","3","","2","0","0","0","1"
"POINT (13.443992502000071 52.500009084000055)","Unfall 238297 (2024) Kat:3, Licht: 2","238297","3","4","6","06","21","1","","2","0","0","1","1"
"POINT (13.359570579000035 52.420360067000047)","Unfall 238298 (2024) Kat:3, Licht: 1","238298","3","3","5","06","21","1","","1","1","1","0","0"
"POINT (13.319143508000025 52.419738592000044)","Unfall 238299 (2024) Kat:3, Licht: 0","238299","3","3","2","06","17","1","","0","0","1","0","0"
"POINT (13.419679102000032 52.393817902000080)","Unfall 238300 (2024) Kat:3, Licht: 0","238300","3","2","0","06","17","1","","0","0","1","0","1"
"POINT (13.718453795000073 52.431482304000042)","Unfall 238301 (2024) Kat:3, Licht: 0","238301","3","3","2","06","16","1","","0","1","0","0","1"
"POINT (13.314672894000068 52.529543132000072)","Unfall 238302 (2024) Kat:3, Licht: 0","238302","3","1","9","06","20","1","","0","0","1","0","0"
"POINT (13.452421996000055 52.481184713000061)","Unfall 238303 (2024) Kat:3, Licht: 0","238303","3","3","5","06","16","1","","0","0","1","0","0"
"POINT (13.396291601000030 52.528405273000033)","Unfall 238304 (2024) Kat:2, Licht: 0","238304","2","5","1","06","16","1","","0","1","1","0","0"
"POINT (13.436246154000060 52.467304303000049)","Unfall 238305 (2024) Kat:3, Licht: 0","238305","3","3","5","06","12","1","","0","1","1","0","0"
"POINT (13.432209344000057 52.604477079000048)","Unfall 238306 (2024) Kat:3, Licht: 0","238306","3","7","6","06","10","1","","0","0","1","1","0"
"POINT (13.331012511000040 52.501600436000047)","Unfall 238307 (2024) Kat:3, Licht: 2","238307","3","1","8","06","03","1","","2","0","1","0","0"
"POINT (13.374505592000048 52.542330952000043)","Unfall 238308 (2024) Kat:3, Licht: 2","238308","3","5","1","06","01","1","","2","0","1","0","0"
"POINT (13.393405638000047 52.457964296000057)","Unfall 238309 (2024) Kat:3, Licht: 0","238309","3","6","2","07","15","5","","0","0","1","0","0"
"POINT (13.432871864000049 52.517788615000029)","Unfall 238310 (2024) Kat:3, Licht: 2","238310","3","3","0","06","01","1","","2","1","1","0","0"
"POINT (13.340334095000060 52.504166232000046)","Unfall 238311 (2024) Kat:3, Licht: 2","238311","3","5","5","06","22","3","","2","0","1","0","0"
"POINT (13.343078987000069 52.526319190000038)","Unfall 238312 (2024) Kat:2, Licht: 0","238312","2","2","5","06","19","1","","0","0","1","0","1"
"POINT (13.423471603000053 52.482157470000061)","Unfall 238313 (2024) Kat:3, Licht: 0","238313","3","7","2","06","18","1","","0","0","1","0","1"
"POINT (13.453515038000035 52.523204506000070)","Unfall 238314 (2024) Kat:3, Licht: 0","238314","3","2","5","06","18","1","","0","1","1","0","0"
"POINT (13.353170008000063 52.449100395000073)","Unfall 238315 (2024) Kat:3, Licht: 0","238315","3","3","5","06","14","1","","0","0","1","0","0"
"POINT (13.310584867000046 52.516390472000069)","Unfall 238316 (2024) Kat:3, Licht: 0","238316","3","3","2","06","14","1","","0","1","1","0","0"
"POINT (13.352133450000053 52.505537617000073)","Unfall 238317 (2024) Kat:2, Licht: 0","238317","2","3","5","06","18","1","","0","0","1","0","0"