WKT,Name,OBJECTID,UKATEGORIE,UTYP1,UART,UMONAT,USTUNDE,UWOCHENTAG,STRZUSTAND,ULICHTVERH,ISTRAD,ISTPKW,ISTFUSS,ISTKRAD
"POINT (13.334829258000070 52.499401543000033)","Unfall 238318 (2024) Kat:2, Licht: 0","238318","2","6","2","06","15","2","","0","0","1","0","0"
"POINT (13.382280873000070 52.455894397000066)","Unfall 238319 (2024) Kat:3, Licht: 0","238319","3","5","1","06","18","1","","0","0","1","0","1"
"POINT (13.482430975000057 52.411453974000040)","Unfall 238320 (2024) Kat:3, Licht: 0","238320","3","3","5","06","18","1","","0","0","1","0","0"
"POINT (13.455049449000057 52.435227780000048)","Unfall 238321 (2024) Kat:3, Licht: 0","238321","3","2","5","06","17","1","","0","1","1","0","0"
"POINT (13.444669140000030 52.501052029000050)","Unfall 238322 (2024) Kat:3, Licht: 0","238322","3","1","2","06","16","1","","0","0","1","0","1"
"POINT (13.283865640000045 52.589474308000035)","Unfall 238323 (2024) Kat:3, Licht: 0","238323","3","7","0","06","15","1","","0","0","0","0","0"
"POINT (13.554605180000067 52.537591835000057)","Unfall 238324 (2024) Kat:3, Licht: 0","238324","3","5","1","06","14","1","","0","1","1","0","0"
"POINT (13.468302508000022 52.467803448000041)","Unfall 238325 (2024) Kat:3, Licht: 1","238325","3","1","0","06","21","1","","1","0","0","0","1"
"POINT (13.424458063000031 52.486244421000038)","Unfall 238326 (2024) Kat:3, Licht: 0","238326","3","2","5","06","15","5","","0","1","1","0","0"
"POINT (13.573093680000056 52.451781073000063)","Unfall 238327 (2024) Kat:2, Licht: 1","238327","2","1","0","06","21","1","","1","0","0","0","1"
"POINT (13.446727811000073 52.502627638000035)","Unfall 238328 (2024) Kat:3, Licht: 0","238328","3","2","5","06","14","1","","0","1","1","0","0"
"POINT (13.479210244000058 52.609860113000082)","Unfall 238329 (2024) Kat:2, Licht: 0","238329","2","3","5","06","17","1","","0","1","1","0","0"
"POINT (13.517021475000035 52.461769627000081)","Unfall 238330 (2024) Kat:3, Licht: 0","238330","3","2","5","06","15","1","","0","1","1","0","0"
"POINT (13.548124678000022 52.528098811000064)","Unfall 238331 (2024) Kat:3, Licht: 0","238331","3","5","1","06","15","1","","0","1","1","0","0"
"POINT (13.369518441000025 52.587743377000038)","Unfall 238332 (2024) Kat:3, Licht: 0","238332","3","1","1","06","10","1","","0","0","1","0","0"
"POINT (13.402255388000071 52.483448372000055)","Unfall 238333 (2024) Kat:3, Licht: 2","238333","3","5","1","06","00","1","","2","0","1","0","0"
"POINT (13.306505255000047 52.488387115000080)","Unfall 238334 (2024) Kat:3, Licht: 0","238334","3","3","5","06","13","1","","0","0","1","0","1"
"POINT (13.259837055000048 52.516180047000034)","Unfall 238335 (2024) Kat:3, Licht: 0","238335","3","3","0","06","13","1","","0","0","1","0","1"
"POINT (13.598061462000032 52.441494989000034)","Unfall 238336 (2024) Kat:2, Licht: 0","238336","2","3","0","06","09","1","","0","0","1","0","0"
"POINT (13.386286681000058 52.558729704000029)","Unfall 238337 (2024) Kat:2, Licht: 0","238337","2","3","5","06","05","1","","0","0","1","0","1"
"POINT (13.284353622000026 52.486746354000047)","Unfall 238338 (2024) Kat:3, Licht: 0","238338","3","2","5","06","18","7","","0","1","1","0","0"
"POINT (13.336351189000027 52.542038516000048)","Unfall 238339 (2024) Kat:3, Licht: 2","238339","3","6","2","06","00","1","","2","0","1","0","0"
"POINT (13.497827794000045 52.538770470000031)","Unfall 238340 (2024) Kat:3, Licht: 0","238340","3","3","5","06","16","7","","0","0","1","0","1"
"POINT (13.248422081000058 52.524147915000071)","Unfall 238341 (2024) Kat:3, Licht: 0","238341","3","7","2","06","14","7","","0","0","1","0","1"
"POINT (13.391075073000025 52.536246872000049)","Unfall 238342 (2024) Kat:2, Licht: 0","238342","2","4","6","06","11","7","","0","1","0","1","0"
"POINT (13.468130803000065 52.427830238000070)","Unfall 238343 (2024) Kat:3, Licht: 0","238343","3","2","5","06","20","7","","0","1","1","0","0"
"POINT (13.406418742000028 52.502525263000052)","Unfall 238344 (2024) Kat:3, Licht: 0","238344","3","3","5","06","14","7","","0","0","1","0","0"
"POINT (13.449255615000027 52.548002655000062)","Unfall 238345 (2024) Kat:3, Licht: 0","238345","3","1","0","06","13","7","","0","1","0","0","0"
"POINT (13.449930374000076 52.445598849000078)","Unfall 238346 (2024) Kat:2, Licht: 0","238346","2","2","5","06","18","7","","0","0","1","0","1"
"POINT (13.442787596000073 52.465088043000037)","Unfall 238347 (2024) Kat:3, Licht: 0","238347","3","2","5","06","16","7","","0","0","1","0","1"
"POINT (13.335661047000031 52.557549778000066)","Unfall 238348 (2024) Kat:2, Licht: 0","238348","2","4","6","06","15","7","","0","0","1","1","0"
"POINT (13.557477494000068 52.437420366000026)","Unfall 238349 (2024) Kat:3, Licht: 0","238349","3","5","1","06","15","7","","0","1","1","0","0"
"POINT (13.396484556000075 52.528457236000065)","Unfall 238350 (2024) Kat:3, Licht: 0","238350","3","1","0","06","14","7","","0","1","0","0","0"
"POINT (13.567750869000065 52.573506424000072)","Unfall 238351 (2024) Kat:3, Licht: 0","238351","3","3","5","06","14","7","","0","1","1","0","0"
"POINT (13.591577995000023 52.537079633000076)","Unfall 238352 (2024) Kat:3, Licht: 0","238352","3","2","2","06","10","7","","0","0","1","0","0"
"POINT (13.473973984000054 52.425783858000045)","Unfall 238353 (2024) Kat:3, Licht: 0","238353","3","2","5","06","10","7","","0","0","1","0","1"
"POINT (13.469094377000033 52.555111707000037)","Unfall 238354 (2024) Kat:3, Licht: 0","238354","3","3","5","06","08","7","","0","0","1","0","0"
"POINT (13.433049075000042 52.485020295000027)","Unfall 238355 (2024) Kat:3, Licht: 0","238355","3","4","0","06","14","6","","0","0","0","1","1"
"POINT (13.430437354000048 52.485951255000032)","Unfall 238356 (2024) Kat:3, Licht: 2","238356","3","6","2","06","22","7","","2","1","1","0","0"
"POINT (13.518516193000039 52.564173271000072)","Unfall 238357 (2024) Kat:3, Licht: 0","238357","3","1","0","06","20","7","","0","1","1","0","0"
"POINT (13.329239077000068 52.503440737000062)","Unfall 238358 (2024) Kat:3, Licht: 0","238358","3","7","6","06","17","7","","0","0","1","1","0"
"POINT (13.453404200000023 52.510439474000066)","Unfall 238359 (2024) Kat:3, Licht: 0","238359","3","5","1","06","14","7","","0","1","1","0","0"
"POINT (13.414325418000033 52.551380789000063)","Unfall 238360 (2024) Kat:3, Licht: 0","238360","3","6","3","06","14","7","","0","1","0","0","0"
"POINT (13.297934063000071 52.578181956000037)","Unfall 238361 (2024) Kat:3, Licht: 0","238361","3","2","5","06","13","7","","0","0","1","0","0"
"POINT (13.397438897000029 52.517505507000067)","Unfall 238362 (2024) Kat:3, Licht: 0","238362","3","4","6","06","11","7","","0","1","0","1","0"
"POINT (13.195406859000059 52.528863150000063)","Unfall 238363 (2024) Kat:3, Licht: 0","238363","3","7","5","06","11","7","","0","0","1","0","0"
"POINT (13.327949224000065 52.609034110000039)","Unfall 238364 (2024) Kat:3, Licht: 0","238364","3","3","5","06","10","7","","0","0","1","0","0"
"POINT (13.527228628000046 52.556433229000049)","Unfall 238365 (2024) Kat:3, Licht: 0","238365","3","2","5","06","10","7","","0","0","1","0","1"
"POINT (13.390271226000038 52.508592239000052)","Unfall 238366 (2024) Kat:3, Licht: 0","238366","3","3","5","06","09","7","","0","0","1","0","0"
"POINT (13.383989490000033 52.455811328000038)","Unfall 238367 (2024) Kat:3, Licht: 0","238367","3","3","5","06","05","7","","0","0","1","0","0"
"POINT (13.558487809000042 52.453657868000050)","Unfall 238368 (2024) Kat:2, Licht: 2","238368","2","1","8","06","03","7","","2","0","1","0","0"
"POINT (13.410348739000028 52.521648232000075)","Unfall 238369 (2024) Kat:3, Licht: 0","238369","3","1","0","06","12","6","","0","1","0","0","0"
"POINT (13.302193775000035 52.488471814000036)","Unfall 238370 (2024) Kat:3, Licht: 2","238370","3","6","3","06","22","6","","2","0","1","0","0"
"POINT (13.541631076000044 52.433401705000051)","Unfall 238371 (2024) Kat:3, Licht: 2","238371","3","6","3","06","23","6","","2","1","0","0","0"
"POINT (13.513402226000039 52.427741616000048)","Unfall 238372 (2024) Kat:3, Licht: 1","238372","3","6","4","06","21","6","","1","0","1","0","0"
"POINT (13.453583387000037 52.473692629000027)","Unfall 238373 (2024) Kat:3, Licht: 0","238373","3","3","5","06","19","6","","0","0","1","0","0"
"POINT (13.422119624000061 52.535413717000040)","Unfall 238374 (2024) Kat:3, Licht: 0","238374","3","4","6","06","19","6","","0","1","0","1","0"
"POINT (13.311994332000040 52.567972547000068)","Unfall 238375 (2024) Kat:2, Licht: 0","238375","2","3","5","06","19","6","","0","0","1","0","0"
"POINT (13.215396854000062 52.560715181000035)","Unfall 238376 (2024) Kat:3, Licht: 0","238376","3","2","5","06","18","6","","0","1","0","0","0"
"POINT (13.344334220000064 52.431342738000069)","Unfall 238377 (2024) Kat:3, Licht: 0","238377","3","7","6","06","14","6","","0","0","1","1","0"
"POINT (13.388385720000031 52.532791551000059)","Unfall 238378 (2024) Kat:3, Licht: 0","238378","3","1","0","06","12","6","","0","0","0","0","1"
"POINT (13.488920208000025 52.419561433000069)","Unfall 238379 (2024) Kat:3, Licht: 0","238379","3","5","1","06","12","6","","0","0","1","0","0"
"POINT (13.414585487000068 52.553584103000048)","Unfall 238380 (2024) Kat:3, Licht: 0","238380","3","6","2","06","08","6","","0","0","1","0","1"
"POINT (13.357700845000068 52.437761226000077)","Unfall 238381 (2024) Kat:3, Licht: 0","238381","3","1","0","06","08","6","","0","0","0","0","1"
"POINT (13.452318691000073 52.510635474000026)","Unfall 238382 (2024) Kat:3, Licht: 2","238382","3","5","1","06","00","6","","2","1","1","0","0"
"POINT (13.381754551000029 52.513896041000066)","Unfall 238383 (2024) Kat:3, Licht: 2","238383","3","6","2","06","22","6","","2","0","1","0","0"
"POINT (13.469254398000032 52.531431108000049)","Unfall 238384 (2024) Kat:3, Licht: 0","238384","3","2","6","06","20","6","","0","0","1","1","0"
"POINT (13.197349198000040 52.532065039000031)","Unfall 238385 (2024) Kat:3, Licht: 0","238385","3","3","5","06","20","6","","0","1","1","0","0"
"POINT (13.379863308000040 52.551209053000036)","Unfall 238386 (2024) Kat:3, Licht: 0","238386","3","7","6","06","20","6","","0","0","1","1","0"
"POINT (13.429293966000046 52.556398792000039)","Unfall 238387 (2024) Kat:3, Licht: 0","238387","3","2","5","06","20","6","","0","1","1","0","0"
"POINT (13.328350855000053 52.477310838000051)","Unfall 238388 (2024) Kat:3, Licht: 0","238388","3","2","5","06","18","6","","0","1","1","0","0"
"POINT (13.305762738000055 52.476490788000035)","Unfall 238389 (2024) Kat:3, Licht: 0","238389","3","6","2","06","16","6","","0","0","1","0","0"
"POINT (13.434950442000059 52.450521360000039)","Unfall 238390 (2024) Kat:3, Licht: 0","238390","3","3","5","06","16","6","","0","0","1","0","0"
"POINT (13.430782573000045 52.468462327000054)","Unfall 238391 (2024) Kat:3, Licht: 0","238391","3","2","5","06","15","6","","0","0","1","0","0"
"POINT (13.322568904000036 52.513110882000035)","Unfall 238392 (2024) Kat:3, Licht: 0","238392","3","6","3","06","14","6","","0","0","1","0","0"
"POINT (13.544806446000052 52.439749808000045)","Unfall 238393 (2024) Kat:3, Licht: 0","238393","3","3","5","06","14","6","","0","1","1","0","0"
"POINT (13.303274441000042 52.505239431000064)","Unfall 238394 (2024) Kat:3, Licht: 0","238394","3","6","2","06","17","6","","0","0","1","0","0"
"POINT (13.485009694000041 52.533406502000048)","Unfall 238395 (2024) Kat:3, Licht: 0","238395","3","2","5","06","09","6","","0","0","1","0","0"
"POINT (13.215571757000077 52.526803835000067)","Unfall 238396 (2024) Kat:3, Licht: 2","238396","3","6","2","06","01","6","","2","0","1","0","0"
"POINT (13.364107327000056 52.564006735000078)","Unfall 238397 (2024) Kat:3, Licht: 0","238397","3","3","0","06","07","6","","0","1","0","0","0"
"POINT (13.601335393000056 52.535737276000077)","Unfall 238398 (2024) Kat:3, Licht: 0","238398","3","7","5","06","12","5","","0","0","1","0","1"
"POINT (13.407253759000071 52.518313913000043)","Unfall 238399 (2024) Kat:3, Licht: 0","238399","3","3","0","06","10","5","","0","1","1","0","0"
"POINT (13.403103474000034 52.524605633000078)","Unfall 238400 (2024) Kat:3, Licht: 2","238400","3","1","0","06","22","5","","2","1","0","0","0"
"POINT (13.481255353000051 52.460795186000041)","Unfall 238401 (2024) Kat:2, Licht: 2","238401","2","2","5","06","23","5","","2","0","1","0","1"
"POINT (13.388731091000068 52.500425893000056)","Unfall 238402 (2024) Kat:3, Licht: 2","238402","3","7","1","06","21","5","","2","0","0","0","1"
"POINT (13.491783891000068 52.511740240000051)","Unfall 238403 (2024) Kat:3, Licht: 0","238403","3","2","5","06","19","5","","0","0","1","0","0"
"POINT (13.482919554000034 52.480686029000026)","Unfall 238404 (2024) Kat:3, Licht: 0","238404","3","7","5","06","09","5","","0","1","1","0","0"
"POINT (13.322911358000056 52.511197621000065)","Unfall 238405 (2024) Kat:3, Licht: 0","238405","3","6","0","06","18","5","","0","0","0","0","0"
"POINT (13.346038944000043 52.544869011000060)","Unfall 238406 (2024) Kat:3, Licht: 0","238406","3","2","5","06","18","5","","0","0","1","0","1"
"POINT (13.447526866000032 52.476021530000082)","Unfall 238407 (2024) Kat:3, Licht: 0","238407","3","4","0","06","17","5","","0","0","1","1","0"
"POINT (13.559618279000063 52.497723724000082)","Unfall 238408 (2024) Kat:3, Licht: 0","238408","3","3","5","06","17","5","","0","0","1","0","0"
"POINT (13.392579054000066 52.529519482000069)","Unfall 238409 (2024) Kat:3, Licht: 0","238409","3","5","1","06","16","5","","0","1","0","0","0"
"POINT (13.354940318000047 52.543996303000029)","Unfall 238410 (2024) Kat:3, Licht: 0","238410","3","2","5","06","15","5","","0","1","1","0","0"
"POINT (13.479422574000068 52.643721831000050)","Unfall 238411 (2024) Kat:3, Licht: 0","238411","3","3","5","06","15","5","","0","0","1","0","0"
"POINT (13.510901080000053 52.565528288000053)","Unfall 238412 (2024) Kat:3, Licht: 0","238412","3","6","0","06","14","5","","0","0","1","0","0"
"POINT (13.370270099000038 52.556839160000038)","Unfall 238413 (2024) Kat:3, Licht: 0","238413","3","6","2","06","14","5","","0","0","1","0","0"
"POINT (13.208726004000027 52.510614287000067)","Unfall 238414 (2024) Kat:3, Licht: 0","238414","3","2","5","06","16","4","","0","0","1","0","1"
"POINT (13.163522684000043 52.523769255000047)","Unfall 238415 (2024) Kat:3, Licht: 0","238415","3","3","5","06","14","5","","0","1","1","0","0"
"POINT (13.366661678000071 52.417491567000070)","Unfall 238416 (2024) Kat:3, Licht: 0","238416","3","3","5","06","20","5","","0","0","1","0","1"
"POINT (13.335316171000045 52.609498905000066)","Unfall 238417 (2024) Kat:3, Licht: 0","238417","3","4","6","06","19","5","","0","0","1","1","0"
"POINT (13.318260922000036 52.491655397000045)","Unfall 238418 (2024) Kat:3, Licht: 0","238418","3","2","5","06","12","5","","0","1","1","0","0"
"POINT (13.479933883000058 52.526408162000052)","Unfall 238419 (2024) Kat:3, Licht: 0","238419","3","6","2","06","18","5","","0","0","1","0","0"
"POINT (13.477827810000065 52.514544558000068)","Unfall 238420 (2024) Kat:3, Licht: 0","238420","3","6","3","06","12","5","","0","0","1","0","0"
"POINT (13.279931446000035 52.518464799000071)","Unfall 238421 (2024) Kat:3, Licht: 0","238421","3","6","4","06","17","5","","0","1","0","0","0"
"POINT (13.335368778000031 52.451423020000050)","Unfall 238422 (2024) Kat:3, Licht: 0","238422","3","7","5","06","08","5","","0","0","1","0","0"
"POINT (13.327972932000023 52.462538353000070)","Unfall 238423 (2024) Kat:3, Licht: 0","238423","3","4","6","06","13","5","","0","0","0","1","1"
"POINT (13.306391459000054 52.488497280000047)","Unfall 238424 (2024) Kat:3, Licht: 0","238424","3","3","5","06","13","5","","0","1","1","0","0"
"POINT (13.169598922000034 52.526987969000061)","Unfall 238425 (2024) Kat:3, Licht: 0","238425","3","6","2","06","08","5","","0","0","1","0","0"
"POINT (13.526205670000024 52.423875304000035)","Unfall 238426 (2024) Kat:3, Licht: 0","238426","3","2","5","06","07","5","","0","1","1","0","0"
"POINT (13.298539167000058 52.421908553000037)","Unfall 238427 (2024) Kat:2, Licht: 0","238427","2","2","5","06","08","5","","0","1","1","0","0"
"POINT (13.484115607000035 52.463133041000049)","Unfall 238428 (2024) Kat:3, Licht: 0","238428","3","2","0","06","14","7","","0","0","1","0","0"
"POINT (13.417493064000041 52.499328094000077)","Unfall 238429 (2024) Kat:3, Licht: 0","238429","3","6","2","06","10","5","","0","1","1","0","0"
"POINT (13.320380187000069 52.485225535000041)","Unfall 238430 (2024) Kat:3, Licht: 0","238430","3","3","5","06","07","5","","0","1","0","0","0"
"POINT (13.538513735000038 52.420544777000032)","Unfall 238431 (2024) Kat:3, Licht: 0","238431","3","6","2","07","12","5","","0","0","1","0","0"
"POINT (13.439419046000069 52.530892999000059)","Unfall 238432 (2024) Kat:3, Licht: 0","238432","3","2","5","06","08","5","","0","1","1","0","0"
"POINT (13.319368182000062 52.490598428000055)","Unfall 238433 (2024) Kat:3, Licht: 0","238433","3","5","1","06","10","5","","0","1","1","0","0"
"POINT (13.452204747000053 52.443378549000045)","Unfall 238434 (2024) Kat:3, Licht: 0","238434","3","3","5","06","07","5","","0","0","1","0","0"
"POINT (13.378311618000055 52.467093281000075)","Unfall 238435 (2024) Kat:2, Licht: 0","238435","2","2","5","06","07","5","","0","1","1","0","0"
"POINT (13.347050211000067 52.439487554000038)","Unfall 238436 (2024) Kat:3, Licht: 0","238436","3","6","2","06","18","5","","0","1","1","0","0"
"POINT (13.578636537000023 52.452440787000057)","Unfall 238437 (2024) Kat:2, Licht: 0","238437","2","2","5","06","20","5","","0","0","1","0","1"
"POINT (13.385242590000075 52.531257776000075)","Unfall 238438 (2024) Kat:3, Licht: 0","238438","3","3","5","06","06","5","","0","1","1","0","0"
"POINT (13.345013497000025 52.554322984000066)","Unfall 238439 (2024) Kat:3, Licht: 0","238439","3","3","5","06","05","5","","0","0","1","0","0"
"POINT (13.360844385000064 52.491321581000079)","Unfall 238440 (2024) Kat:3, Licht: 0","238440","3","2","5","06","17","5","","0","0","1","0","1"
"POINT (13.162479619000067 52.548179988000072)","Unfall 238441 (2024) Kat:3, Licht: 0","238441","3","2","5","06","17","5","","0","0","1","0","0"
"POINT (13.706346348000068 52.433965661000059)","Unfall 238442 (2024) Kat:2, Licht: 0","238442","2","2","2","06","16","5","","0","0","1","0","1"
"POINT (13.380931831000055 52.516370716000040)","Unfall 238443 (2024) Kat:3, Licht: 0","238443","3","2","5","06","16","5","","0","1","1","0","0"
"POINT (13.322676693000062 52.488312081000061)","Unfall 238444 (2024) Kat:3, Licht: 0","238444","3","7","5","06","15","5","","0","1","1","0","0"
"POINT (13.524529292000068 52.420382579000034)","Unfall 238445 (2024) Kat:3, Licht: 0","238445","3","1","9","06","14","5","","0","0","1","0","0"
"POINT (13.328432087000067 52.565383933000078)","Unfall 238446 (2024) Kat:3, Licht: 0","238446","3","4","6","06","14","5","","0","0","1","1","0"
"POINT (13.476692055000058 52.512284837000038)","Unfall 238447 (2024) Kat:2, Licht: 0","238447","2","1","0","06","19","6","","0","1","0","0","0"
"POINT (13.424973401000045 52.481907048000039)","Unfall 238448 (2024) Kat:3, Licht: 0","238448","3","6","2","06","12","5","","0","0","1","0","1"
"POINT (13.354984175000027 52.544014732000051)","Unfall 238449 (2024) Kat:2, Licht: 2","238449","2","7","5","06","02","7","","2","0","1","0","0"
"POINT (13.408319483000071 52.511862220000069)","Unfall 238450 (2024) Kat:3, Licht: 0","238450","3","7","6","06","11","5","","0","0","1","1","0"
"POINT (13.315573812000025 52.447143154000059)","Unfall 238451 (2024) Kat:3, Licht: 0","238451","3","3","5","06","07","5","","0","1","1","0","0"
"POINT (13.366906112000038 52.449656449000031)","Unfall 238452 (2024) Kat:3, Licht: 0","238452","3","2","5","06","09","5","","0","1","0","0","0"
"POINT (13.434921594000059 52.440132439000081)","Unfall 238453 (2024) Kat:2, Licht: 0","238453","2","6","0","06","17","4","","0","0","0","0","1"
"POINT (13.509590832000072 52.546374859000082)","Unfall 238454 (2024) Kat:3, Licht: 1","238454","3","2","5","06","20","4","","1","0","1","0","0"
"POINT (13.406980783000051 52.393783033000034)","Unfall 238455 (2024) Kat:3, Licht: 0","238455","3","2","6","06","15","4","","0","0","1","1","0"
"POINT (13.509131973000024 52.546405094000079)","Unfall 238456 (2024) Kat:3, Licht: 2","238456","3","3","5","06","22","4","","2","0","1","0","0"
"POINT (13.382647080000027 52.530467770000030)","Unfall 238457 (2024) Kat:2, Licht: 0","238457","2","1","0","06","17","4","","0","1","0","0","0"
"POINT (13.417088930000034 52.535263019000070)","Unfall 238458 (2024) Kat:3, Licht: 0","238458","3","3","5","06","18","4","","0","0","1","0","1"
"POINT (13.583432150000021 52.451703133000080)","Unfall 238459 (2024) Kat:3, Licht: 0","238459","3","4","6","06","17","4","","0","0","1","1","0"
"POINT (13.502603345000068 52.461353192000047)","Unfall 238460 (2024) Kat:3, Licht: 0","238460","3","3","5","06","14","4","","0","1","0","0","0"
"POINT (13.241160869000055 52.538620153000068)","Unfall 238461 (2024) Kat:2, Licht: 0","238461","2","6","2","06","14","7","","0","0","1","0","0"
"POINT (13.357615843000076 52.413149327000042)","Unfall 238462 (2024) Kat:3, Licht: 0","238462","3","7","5","06","13","4","","0","0","1","0","0"
"POINT (13.417545087000065 52.524444515000027)","Unfall 238463 (2024) Kat:3, Licht: 0","238463","3","2","5","06","10","4","","0","1","0","0","0"
"POINT (13.558995137000068 52.470070844000077)","Unfall 238464 (2024) Kat:2, Licht: 0","238464","2","3","5","06","09","4","","0","0","1","0","0"
"POINT (13.292401850000033 52.444902082000056)","Unfall 238465 (2024) Kat:3, Licht: 0","238465","3","3","0","06","14","6","","0","1","1","0","0"
"POINT (13.311478076000071 52.567915536000044)","Unfall 238466 (2024) Kat:3, Licht: 0","238466","3","6","2","06","08","4","","0","0","1","0","0"
"POINT (13.467781713000022 52.546351760000050)","Unfall 238467 (2024) Kat:3, Licht: 2","238467","3","2","5","06","21","4","","2","1","1","0","0"
"POINT (13.188814934000050 52.521688223000069)","Unfall 238468 (2024) Kat:2, Licht: 0","238468","2","2","5","06","16","4","","0","0","1","0","0"
"POINT (13.420771023000043 52.468551439000066)","Unfall 238469 (2024) Kat:3, Licht: 0","238469","3","2","5","06","16","4","","0","1","1","0","0"
"POINT (13.331486310000059 52.487343865000071)","Unfall 238470 (2024) Kat:3, Licht: 0","238470","3","5","1","06","16","4","","0","0","1","0","0"
"POINT (13.416163716000028 52.399392275000082)","Unfall 238471 (2024) Kat:3, Licht: 0","238471","3","3","5","06","16","1","","0","0","1","0","0"
"POINT (13.286014774000023 52.417588099000056)","Unfall 238472 (2024) Kat:2, Licht: 0","238472","2","7","5","06","12","4","","0","0","1","0","1"
"POINT (13.385970359000055 52.490074201000027)","Unfall 238473 (2024) Kat:2, Licht: 0","238473","2","5","1","06","11","4","","0","1","1","0","0"
"POINT (13.308051670000054 52.577362151000045)","Unfall 238474 (2024) Kat:3, Licht: 0","238474","3","3","5","06","10","4","","0","0","1","0","0"
"POINT (13.450519890000066 52.484230953000065)","Unfall 238475 (2024) Kat:3, Licht: 0","238475","3","5","1","06","10","4","","0","0","1","0","0"
"POINT (13.504892852000069 52.509125817000040)","Unfall 238476 (2024) Kat:3, Licht: 0","238476","3","3","5","06","06","4","","0","1","1","0","0"
"POINT (13.421834389000026 52.501747003000048)","Unfall 238477 (2024) Kat:3, Licht: 2","238477","3","5","1","06","02","4","","2","1","1","0","0"
"POINT (13.483944893000057 52.474149776000047)","Unfall 238478 (2024) Kat:3, Licht: 2","238478","3","3","5","06","02","4","","2","0","1","0","0"
"POINT (13.284716643000024 52.479157621000070)","Unfall 238479 (2024) Kat:3, Licht: 0","238479","3","2","5","06","16","3","","0","1","1","0","0"
"POINT (13.457137094000075 52.438491776000035)","Unfall 238480 (2024) Kat:3, Licht: 0","238480","3","5","1","06","20","4","","0","1","1","0","0"
"POINT (13.380438483000034 52.518088830000067)","Unfall 238481 (2024) Kat:3, Licht: 0","238481","3","2","5","06","18","4","","0","1","0","0","0"
"POINT (13.457968041000072 52.528830107000033)","Unfall 238482 (2024) Kat:3, Licht: 0","238482","3","2","5","06","20","4","","0","1","1","0","0"
"POINT (13.422013601000060 52.486986705000049)","Unfall 238483 (2024) Kat:3, Licht: 0","238483","3","2","6","06","20","4","","0","0","1","1","0"
"POINT (13.317006303000028 52.529297960000065)","Unfall 238484 (2024) Kat:3, Licht: 0","238484","3","4","6","06","17","4","","0","0","1","1","0"
"POINT (13.301544384000067 52.495145575000038)","Unfall 238485 (2024) Kat:3, Licht: 0","238485","3","3","5","06","17","4","","0","1","1","0","0"
"POINT (13.538242316000037 52.554334017000031)","Unfall 238486 (2024) Kat:3, Licht: 0","238486","3","2","5","06","15","4","","0","1","1","0","0"
"POINT (13.582055949000051 52.438598836000040)","Unfall 238487 (2024) Kat:3, Licht: 0","238487","3","1","0","06","15","4","","0","0","0","0","1"
"POINT (13.585023590000048 52.427926432000049)","Unfall 238488 (2024) Kat:3, Licht: 0","238488","3","4","6","06","12","4","","0","0","0","1","0"
"POINT (13.515393058000029 52.417469752000045)","Unfall 238489 (2024) Kat:3, Licht: 0","238489","3","7","1","06","10","4","","0","1","1","0","0"
"POINT (13.198560822000047 52.533285385000056)","Unfall 238490 (2024) Kat:3, Licht: 0","238490","3","6","0","06","09","4","","0","0","0","0","0"
"POINT (13.410949519000042 52.528590079000026)","Unfall 238491 (2024) Kat:3, Licht: 0","238491","3","6","2","06","08","4","","0","0","1","0","0"
"POINT (13.312261474000024 52.430361829000049)","Unfall 238492 (2024) Kat:3, Licht: 0","238492","3","2","5","06","07","4","","0","1","0","0","0"
"POINT (13.479449947000035 52.516255873000034)","Unfall 238493 (2024) Kat:3, Licht: 0","238493","3","2","5","06","07","4","","0","0","1","0","0"
"POINT (13.313806624000051 52.506363720000081)","Unfall 238494 (2024) Kat:3, Licht: 0","238494","3","2","5","06","12","3","","0","1","1","0","0"
"POINT (13.366311318000044 52.481184566000081)","Unfall 238495 (2024) Kat:2, Licht: 0","238495","2","7","5","06","10","3","","0","1","0","0","0"
"POINT (13.446747481000045 52.502644637000060)","Unfall 238496 (2024) Kat:3, Licht: 0","238496","3","7","0","06","19","3","","0","1","0","0","0"
"POINT (13.428664320000053 52.518852337000055)","Unfall 238497 (2024) Kat:3, Licht: 0","238497","3","2","5","06","16","3","","0","0","1","0","1"
"POINT (13.316486872000041 52.499292825000055)","Unfall 238498 (2024) Kat:3, Licht: 0","238498","3","3","5","06","16","3","","0","1","1","0","0"
"POINT (13.343178157000068 52.439714709000043)","Unfall 238499 (2024) Kat:3, Licht: 0","238499","3","2","5","06","16","3","","0","0","1","0","0"
"POINT (13.448811205000027 52.485105564000037)","Unfall 238500 (2024) Kat:3, Licht: 0","238500","3","3","0","06","18","2","","0","0","1","0","1"
"POINT (13.344648774000063 52.471018915000059)","Unfall 238501 (2024) Kat:3, Licht: 0","238501","3","2","5","06","15","3","","0","1","1","0","0"
"POINT (13.351533727000060 52.509524494000061)","Unfall 238502 (2024) Kat:3, Licht: 0","238502","3","2","5","06","15","5","","0","1","0","0","0"
"POINT (13.579620804000058 52.458882879000043)","Unfall 238503 (2024) Kat:3, Licht: 0","238503","3","1","0","06","14","3","","0","1","0","0","0"
"POINT (13.475238118000050 52.501669437000032)","Unfall 238504 (2024) Kat:3, Licht: 0","238504","3","2","4","06","14","3","","0","1","0","0","0"