WKT,Name,OBJECTID,UKATEGORIE,UTYP1,UART,UMONAT,USTUNDE,UWOCHENTAG,STRZUSTAND,ULICHTVERH,ISTRAD,ISTPKW,ISTFUSS,ISTKRAD
"POINT (13.344449716000042 52.504257043000052)","Unfall 238505 (2024) Kat:2, Licht: 0","238505","2","4","6","06","14","3","","0","0","0","1","0"
"POINT (13.331135243000062 52.478865525000060)","Unfall 238506 (2024) Kat:3, Licht: 0","238506","3","4","6","06","14","3","","0","0","1","1","0"
"POINT (13.307005483000069 52.517370823000078)","Unfall 238507 (2024) Kat:3, Licht: 0","238507","3","6","2","06","14","3","","0","0","1","0","1"
"POINT (13.355127469000024 52.427668828000037)","Unfall 238508 (2024) Kat:3, Licht: 0","238508","3","3","5","06","12","3","","0","0","1","0","0"
"POINT (13.352323742000067 52.485208709000062)","Unfall 238509 (2024) Kat:3, Licht: 0","238509","3","5","1","06","12","3","","0","0","1","0","0"
"POINT (13.316685490000054 52.514125089000061)","Unfall 238510 (2024) Kat:3, Licht: 0","238510","3","6","3","07","15","4","","0","0","1","0","0"
"POINT (13.412451974000021 52.545255245000078)","Unfall 238511 (2024) Kat:3, Licht: 0","238511","3","1","0","06","12","3","","0","1","0","0","0"
"POINT (13.314793680000037 52.525605014000064)","Unfall 238512 (2024) Kat:3, Licht: 0","238512","3","3","5","06","10","3","","0","1","1","0","0"
"POINT (13.370578635000072 52.545520609000050)","Unfall 238513 (2024) Kat:3, Licht: 0","238513","3","6","3","06","10","3","","0","0","1","0","1"
"POINT (13.458072699000070 52.525653506000026)","Unfall 238514 (2024) Kat:3, Licht: 0","238514","3","2","5","06","07","3","","0","0","1","0","0"
"POINT (13.499326732000043 52.561063781000030)","Unfall 238515 (2024) Kat:3, Licht: 0","238515","3","6","2","06","08","3","","0","0","1","0","1"
"POINT (13.407908807000069 52.452516282000033)","Unfall 238516 (2024) Kat:3, Licht: 0","238516","3","2","5","06","08","3","","0","0","1","0","0"
"POINT (13.294930525000041 52.576261355000042)","Unfall 238517 (2024) Kat:3, Licht: 0","238517","3","3","0","06","07","3","","0","1","0","0","1"
"POINT (13.297489777000067 52.452650444000028)","Unfall 238518 (2024) Kat:3, Licht: 0","238518","3","6","3","06","15","3","","0","0","1","0","1"
"POINT (13.601381824000043 52.519653942000048)","Unfall 238519 (2024) Kat:3, Licht: 1","238519","3","7","6","06","20","3","","1","1","0","1","0"
"POINT (13.344166548000032 52.426716757000065)","Unfall 238520 (2024) Kat:3, Licht: 0","238520","3","3","0","06","18","3","","0","1","0","0","0"
"POINT (13.337599068000031 52.460179509000056)","Unfall 238521 (2024) Kat:3, Licht: 0","238521","3","3","5","06","17","3","","0","1","1","0","0"
"POINT (13.275773538000067 52.423566910000034)","Unfall 238522 (2024) Kat:3, Licht: 0","238522","3","5","1","06","15","3","","0","0","1","0","0"
"POINT (13.395403918000056 52.538090094000040)","Unfall 238523 (2024) Kat:3, Licht: 0","238523","3","4","6","06","15","3","","0","0","1","1","0"
"POINT (13.295462951000047 52.536483809000060)","Unfall 238524 (2024) Kat:3, Licht: 0","238524","3","5","1","06","12","3","","0","1","1","0","0"
"POINT (13.351456412000061 52.509712691000061)","Unfall 238525 (2024) Kat:3, Licht: 2","238525","3","2","5","06","22","3","","2","0","1","0","0"
"POINT (13.369244863000063 52.588565537000079)","Unfall 238526 (2024) Kat:3, Licht: 0","238526","3","6","2","06","15","3","","0","0","1","0","0"
"POINT (13.301087536000068 52.513551820000032)","Unfall 238527 (2024) Kat:2, Licht: 0","238527","2","3","5","06","15","3","","0","1","1","0","0"
"POINT (13.331489393000027 52.504960561000075)","Unfall 238528 (2024) Kat:3, Licht: 0","238528","3","6","2","06","13","3","","0","0","1","0","0"
"POINT (13.524725084000067 52.439250524000045)","Unfall 238529 (2024) Kat:3, Licht: 0","238529","3","2","5","06","10","3","","0","0","1","0","1"
"POINT (13.197437767000054 52.516262423000057)","Unfall 238530 (2024) Kat:3, Licht: 0","238530","3","7","2","06","09","3","","0","0","1","0","1"
"POINT (13.478397998000048 52.619015102000049)","Unfall 238531 (2024) Kat:1, Licht: 0","238531","1","7","0","06","16","3","","0","0","1","0","0"
"POINT (13.457006630000024 52.528883431000054)","Unfall 238532 (2024) Kat:3, Licht: 0","238532","3","6","3","06","07","2","","0","1","0","0","0"
"POINT (13.364691870000058 52.562725004000072)","Unfall 238533 (2024) Kat:2, Licht: 0","238533","2","3","5","06","08","6","","0","0","1","0","0"
"POINT (13.259309112000039 52.547283548000053)","Unfall 238534 (2024) Kat:3, Licht: 0","238534","3","7","2","06","19","2","","0","0","1","0","0"
"POINT (13.330947877000028 52.506796554000061)","Unfall 238535 (2024) Kat:2, Licht: 0","238535","2","2","0","06","15","2","","0","1","1","0","0"
"POINT (13.322518107000064 52.514415300000053)","Unfall 238536 (2024) Kat:3, Licht: 0","238536","3","3","5","06","15","2","","0","0","1","0","0"
"POINT (13.290575120000028 52.493127707000042)","Unfall 238537 (2024) Kat:3, Licht: 0","238537","3","7","5","06","12","2","","0","0","1","0","0"
"POINT (13.332857436000040 52.506959954000081)","Unfall 238538 (2024) Kat:3, Licht: 2","238538","3","7","6","06","22","2","","2","0","1","1","0"
"POINT (13.468152844000031 52.522591143000056)","Unfall 238539 (2024) Kat:3, Licht: 2","238539","3","3","5","06","21","2","","2","0","1","0","1"
"POINT (13.351363415000037 52.440166621000060)","Unfall 238540 (2024) Kat:3, Licht: 2","238540","3","7","5","06","21","2","","2","0","1","0","0"
"POINT (13.501311799000064 52.560246269000061)","Unfall 238541 (2024) Kat:3, Licht: 0","238541","3","5","1","06","17","2","","0","1","1","0","0"
"POINT (13.337313481000024 52.469634146000033)","Unfall 238542 (2024) Kat:3, Licht: 0","238542","3","5","1","06","17","2","","0","1","1","0","0"
"POINT (13.387974947000032 52.496274490000076)","Unfall 238543 (2024) Kat:3, Licht: 0","238543","3","3","5","06","17","2","","0","0","1","0","1"
"POINT (13.452037586000074 52.438240707000034)","Unfall 238544 (2024) Kat:3, Licht: 0","238544","3","6","2","06","12","5","","0","0","1","0","0"
"POINT (13.327701575000049 52.535510536000061)","Unfall 238545 (2024) Kat:3, Licht: 0","238545","3","6","2","06","17","2","","0","0","1","0","0"
"POINT (13.598951573000022 52.537652598000079)","Unfall 238546 (2024) Kat:3, Licht: 0","238546","3","5","1","06","15","2","","0","1","0","0","0"
"POINT (13.365505155000051 52.525386315000048)","Unfall 238547 (2024) Kat:3, Licht: 0","238547","3","6","3","06","14","5","","0","1","0","0","0"
"POINT (13.392385748000038 52.575428696000074)","Unfall 238548 (2024) Kat:3, Licht: 0","238548","3","3","5","06","15","2","","0","1","0","0","0"
"POINT (13.526940626000055 52.556288194000047)","Unfall 238549 (2024) Kat:3, Licht: 0","238549","3","2","5","06","15","2","","0","1","1","0","0"
"POINT (13.406565259000047 52.582066651000048)","Unfall 238550 (2024) Kat:3, Licht: 0","238550","3","6","3","06","19","2","","0","1","1","0","0"
"POINT (13.347254788000043 52.505433005000043)","Unfall 238551 (2024) Kat:3, Licht: 0","238551","3","3","5","06","14","5","","0","0","1","0","0"
"POINT (13.441921196000067 52.550275627000076)","Unfall 238552 (2024) Kat:3, Licht: 0","238552","3","3","5","06","13","2","","0","1","1","0","0"
"POINT (13.302392201000032 52.445013141000061)","Unfall 238553 (2024) Kat:3, Licht: 0","238553","3","3","5","06","11","2","","0","0","1","0","0"
"POINT (13.411266597000065 52.526098281000031)","Unfall 238554 (2024) Kat:3, Licht: 0","238554","3","3","5","06","18","2","","0","1","0","0","0"
"POINT (13.283444418000045 52.518672868000067)","Unfall 238555 (2024) Kat:3, Licht: 0","238555","3","6","2","06","16","2","","0","0","1","0","0"
"POINT (13.419792078000057 52.496387471000048)","Unfall 238556 (2024) Kat:3, Licht: 0","238556","3","2","2","06","19","6","","0","1","1","0","0"
"POINT (13.314397574000054 52.472893174000035)","Unfall 238557 (2024) Kat:3, Licht: 0","238557","3","5","1","06","10","2","","0","1","0","0","0"
"POINT (13.376106219000064 52.458714371000042)","Unfall 238558 (2024) Kat:3, Licht: 0","238558","3","2","0","06","09","2","","0","0","1","0","0"
"POINT (13.319915985000023 52.471607814000038)","Unfall 238559 (2024) Kat:3, Licht: 0","238559","3","6","0","06","08","2","","0","0","1","0","0"
"POINT (13.417647659000068 52.590876692000052)","Unfall 238560 (2024) Kat:3, Licht: 0","238560","3","2","5","06","08","2","","0","1","0","0","0"
"POINT (13.497718535000047 52.543780339000079)","Unfall 238561 (2024) Kat:3, Licht: 0","238561","3","3","5","06","16","2","","0","1","0","0","0"
"POINT (13.539823321000028 52.540087993000043)","Unfall 238562 (2024) Kat:3, Licht: 0","238562","3","3","5","06","05","2","","0","0","1","0","0"
"POINT (13.427653334000070 52.507593262000057)","Unfall 238563 (2024) Kat:2, Licht: 0","238563","2","3","5","06","16","2","","0","0","1","0","0"
"POINT (13.278429751000033 52.507063940000080)","Unfall 238564 (2024) Kat:3, Licht: 0","238564","3","3","5","06","16","2","","0","1","1","0","0"
"POINT (13.276596316000052 52.458361827000033)","Unfall 238565 (2024) Kat:3, Licht: 0","238565","3","3","5","06","15","2","","0","1","1","0","0"
"POINT (13.194847726000035 52.529079047000039)","Unfall 238566 (2024) Kat:3, Licht: 0","238566","3","4","6","06","15","2","","0","1","0","1","0"
"POINT (13.433556732000056 52.598586031000082)","Unfall 238567 (2024) Kat:3, Licht: 0","238567","3","5","1","06","10","2","","0","0","1","0","0"
"POINT (13.433228054000040 52.495129914000074)","Unfall 238568 (2024) Kat:3, Licht: 0","238568","3","6","2","06","09","2","","0","1","1","0","0"
"POINT (13.461534107000034 52.483780454000055)","Unfall 238569 (2024) Kat:2, Licht: 0","238569","2","3","5","06","10","2","","0","0","1","0","1"
"POINT (13.408242733000066 52.489037199000052)","Unfall 238570 (2024) Kat:2, Licht: 0","238570","2","6","3","06","09","2","","0","1","0","0","1"
"POINT (13.629020836000052 52.521817668000040)","Unfall 238571 (2024) Kat:3, Licht: 0","238571","3","5","0","06","07","2","","0","1","1","0","0"
"POINT (13.329902998000023 52.513117546000046)","Unfall 238572 (2024) Kat:3, Licht: 0","238572","3","7","0","06","07","2","","0","0","1","0","0"
"POINT (13.332273204000046 52.442462811000041)","Unfall 238573 (2024) Kat:3, Licht: 0","238573","3","2","0","06","07","2","","0","1","1","0","0"
"POINT (13.402035850000061 52.602843962000065)","Unfall 238574 (2024) Kat:3, Licht: 0","238574","3","2","5","06","07","2","","0","1","1","0","0"
"POINT (13.401715612000032 52.588549906000026)","Unfall 238575 (2024) Kat:2, Licht: 0","238575","2","1","0","06","11","1","","0","1","0","0","0"
"POINT (13.391324108000049 52.457507288000045)","Unfall 238576 (2024) Kat:3, Licht: 0","238576","3","3","5","06","12","1","","0","0","1","0","0"
"POINT (13.197989809000035 52.478363909000052)","Unfall 238577 (2024) Kat:2, Licht: 0","238577","2","1","0","06","12","1","","0","1","0","0","0"
"POINT (13.395003838000036 52.496340226000029)","Unfall 238578 (2024) Kat:3, Licht: 2","238578","3","7","0","06","03","1","","2","0","0","0","0"
"POINT (13.413878915000055 52.497928980000040)","Unfall 238579 (2024) Kat:3, Licht: 0","238579","3","3","5","06","19","1","","0","1","1","0","0"
"POINT (13.339160722000031 52.457356451000066)","Unfall 238580 (2024) Kat:2, Licht: 0","238580","2","1","1","06","18","1","","0","0","1","0","0"
"POINT (13.313707129000022 52.467793551000057)","Unfall 238581 (2024) Kat:3, Licht: 0","238581","3","3","5","06","18","1","","0","0","1","0","0"
"POINT (13.376766010000040 52.509641054000042)","Unfall 238582 (2024) Kat:3, Licht: 0","238582","3","2","5","06","15","1","","0","1","1","0","0"
"POINT (13.357913608000047 52.484314496000081)","Unfall 238583 (2024) Kat:3, Licht: 0","238583","3","7","0","06","14","1","","0","0","1","0","0"
"POINT (13.439290745000051 52.471767546000081)","Unfall 238584 (2024) Kat:3, Licht: 0","238584","3","6","4","06","13","1","","0","0","1","0","0"
"POINT (13.259256486000027 52.430908281000029)","Unfall 238585 (2024) Kat:3, Licht: 0","238585","3","1","0","06","12","1","","0","1","0","0","0"
"POINT (13.284645709000074 52.417831806000038)","Unfall 238586 (2024) Kat:3, Licht: 0","238586","3","5","1","06","12","3","","0","0","1","0","1"
"POINT (13.372172918000047 52.538774258000046)","Unfall 238587 (2024) Kat:3, Licht: 0","238587","3","2","5","06","10","1","","0","1","1","0","0"
"POINT (13.475419764000037 52.502069826000081)","Unfall 238588 (2024) Kat:2, Licht: 0","238588","2","1","0","06","07","1","","0","1","0","0","0"
"POINT (13.296744001000036 52.585742396000057)","Unfall 238589 (2024) Kat:3, Licht: 0","238589","3","4","6","06","20","7","","0","0","0","1","0"
"POINT (13.433673574000068 52.523176119000027)","Unfall 238590 (2024) Kat:3, Licht: 0","238590","3","4","6","06","09","7","","0","0","0","1","0"
"POINT (13.399517099000036 52.531817162000038)","Unfall 238591 (2024) Kat:3, Licht: 0","238591","3","4","6","07","09","5","","0","0","0","1","0"
"POINT (13.387793992000070 52.523405769000078)","Unfall 238592 (2024) Kat:3, Licht: 0","238592","3","7","0","06","18","4","","0","1","1","0","0"
"POINT (13.307758214000046 52.568130279000059)","Unfall 238593 (2024) Kat:2, Licht: 0","238593","2","7","0","06","10","3","","0","1","0","0","0"
"POINT (13.440643879000049 52.517130457000064)","Unfall 238594 (2024) Kat:3, Licht: 0","238594","3","2","5","06","18","7","","0","0","1","0","0"
"POINT (13.408143187000064 52.541451668000036)","Unfall 238595 (2024) Kat:3, Licht: 0","238595","3","3","5","06","06","5","","0","1","1","0","0"
"POINT (13.294952159000047 52.576314554000078)","Unfall 238596 (2024) Kat:3, Licht: 0","238596","3","2","5","06","18","7","","0","1","1","0","0"
"POINT (13.435712072000058 52.417422612000053)","Unfall 238597 (2024) Kat:3, Licht: 0","238597","3","5","1","06","17","7","","0","0","1","0","1"
"POINT (13.480092052000032 52.526687635000030)","Unfall 238598 (2024) Kat:3, Licht: 0","238598","3","2","5","06","17","7","","0","1","1","0","0"
"POINT (13.480777209000053 52.499115186000040)","Unfall 238599 (2024) Kat:3, Licht: 0","238599","3","2","2","06","16","7","","0","1","1","0","0"
"POINT (13.321897906000061 52.575886848000039)","Unfall 238600 (2024) Kat:2, Licht: 0","238600","2","6","3","06","15","7","","0","1","0","0","0"
"POINT (13.541691123000021 52.425659914000050)","Unfall 238601 (2024) Kat:3, Licht: 0","238601","3","2","5","06","14","4","","0","0","1","0","1"
"POINT (13.574584709000021 52.448524309000049)","Unfall 238602 (2024) Kat:3, Licht: 0","238602","3","6","3","06","12","7","","0","1","1","0","0"
"POINT (13.416998076000027 52.535303899000041)","Unfall 238603 (2024) Kat:3, Licht: 0","238603","3","2","5","06","18","7","","0","1","0","0","0"
"POINT (13.433780848000026 52.443982822000066)","Unfall 238604 (2024) Kat:3, Licht: 1","238604","3","6","2","06","20","7","","1","0","1","0","0"
"POINT (13.326068259000067 52.505552115000057)","Unfall 238605 (2024) Kat:3, Licht: 2","238605","3","7","1","06","19","7","","2","0","1","0","0"
"POINT (13.444399254000075 52.492945644000031)","Unfall 238606 (2024) Kat:3, Licht: 0","238606","3","3","5","06","20","7","","0","1","1","0","0"
"POINT (13.331163097000058 52.502548344000047)","Unfall 238607 (2024) Kat:3, Licht: 0","238607","3","4","6","06","17","7","","0","1","0","1","0"
"POINT (13.385715023000046 52.516671553000037)","Unfall 238608 (2024) Kat:3, Licht: 0","238608","3","2","3","06","14","7","","0","1","1","0","0"
"POINT (13.383678146000022 52.436179011000036)","Unfall 238609 (2024) Kat:2, Licht: 0","238609","2","7","1","07","18","1","","0","0","1","0","0"
"POINT (13.346907226000042 52.478729207000072)","Unfall 238610 (2024) Kat:3, Licht: 2","238610","3","1","0","06","01","7","","2","0","0","0","0"
"POINT (13.415148646000034 52.515798438000047)","Unfall 238611 (2024) Kat:3, Licht: 0","238611","3","3","5","06","12","7","","0","0","1","0","1"
"POINT (13.423749957000041 52.486494171000061)","Unfall 238612 (2024) Kat:3, Licht: 0","238612","3","6","2","06","11","7","","0","0","1","0","0"
"POINT (13.396050390000028 52.538216763000037)","Unfall 238613 (2024) Kat:3, Licht: 2","238613","3","3","5","06","22","7","","2","1","1","0","0"
"POINT (13.314318620000051 52.613345867000078)","Unfall 238614 (2024) Kat:3, Licht: 2","238614","3","7","1","06","22","7","","2","0","1","0","0"
"POINT (13.344550753000021 52.538382871000067)","Unfall 238615 (2024) Kat:3, Licht: 1","238615","3","2","6","06","20","7","","1","0","1","1","0"
"POINT (13.226344090000055 52.559101347000080)","Unfall 238616 (2024) Kat:3, Licht: 0","238616","3","6","2","06","19","7","","0","0","1","0","0"
"POINT (13.408495558000027 52.524324271000069)","Unfall 238617 (2024) Kat:3, Licht: 0","238617","3","5","1","06","18","7","","0","1","1","0","0"
"POINT (13.491302224000037 52.469095425000035)","Unfall 238618 (2024) Kat:3, Licht: 0","238618","3","2","5","06","17","7","","0","0","1","0","1"
"POINT (13.138981916000034 52.417214771000033)","Unfall 238619 (2024) Kat:3, Licht: 0","238619","3","2","5","07","19","1","","0","0","1","0","1"
"POINT (13.598915489000035 52.528338132000044)","Unfall 238620 (2024) Kat:3, Licht: 0","238620","3","3","5","06","17","7","","0","0","1","0","0"
"POINT (13.439159625000059 52.505497857000080)","Unfall 238621 (2024) Kat:3, Licht: 0","238621","3","2","5","06","15","7","","0","0","1","0","0"
"POINT (13.241695977000063 52.512335013000040)","Unfall 238622 (2024) Kat:3, Licht: 0","238622","3","3","5","06","15","7","","0","1","1","0","0"
"POINT (13.426218499000072 52.506153614000027)","Unfall 238623 (2024) Kat:3, Licht: 0","238623","3","6","3","06","13","7","","0","1","0","0","1"
"POINT (13.284213318000070 52.485296099000038)","Unfall 238624 (2024) Kat:3, Licht: 0","238624","3","3","5","06","12","7","","0","1","1","0","0"
"POINT (13.262459464000074 52.451417353000068)","Unfall 238625 (2024) Kat:3, Licht: 0","238625","3","3","5","06","08","3","","0","1","1","0","0"
"POINT (13.437297580000063 52.523457804000032)","Unfall 238626 (2024) Kat:3, Licht: 0","238626","3","2","5","06","11","7","","0","1","1","0","0"
"POINT (13.439651668000067 52.481535290000068)","Unfall 238627 (2024) Kat:3, Licht: 0","238627","3","6","3","06","15","3","","0","1","1","0","0"
"POINT (13.353763167000068 52.505278386000043)","Unfall 238628 (2024) Kat:3, Licht: 0","238628","3","2","5","06","11","7","","0","1","1","0","0"
"POINT (13.463838402000022 52.469757898000069)","Unfall 238629 (2024) Kat:2, Licht: 0","238629","2","6","3","06","10","7","","0","1","1","0","0"
"POINT (13.416556913000022 52.501984880000066)","Unfall 238630 (2024) Kat:3, Licht: 0","238630","3","2","5","06","10","7","","0","1","1","0","0"
"POINT (13.475393773000064 52.502693425000075)","Unfall 238631 (2024) Kat:3, Licht: 0","238631","3","1","0","06","08","7","","0","1","0","0","0"
"POINT (13.301482337000039 52.499036268000054)","Unfall 238632 (2024) Kat:3, Licht: 0","238632","3","2","0","05","09","6","","0","0","1","0","1"
"POINT (13.565713681000034 52.554322950000028)","Unfall 238633 (2024) Kat:3, Licht: 0","238633","3","3","5","06","19","6","","0","1","1","0","0"
"POINT (13.388578755000026 52.504374379000069)","Unfall 238634 (2024) Kat:2, Licht: 0","238634","2","7","0","05","11","6","","0","0","0","0","1"
"POINT (13.232631516000026 52.539436785000078)","Unfall 238635 (2024) Kat:3, Licht: 2","238635","3","1","0","05","23","6","","2","0","0","0","1"
"POINT (13.394387228000028 52.507011675000058)","Unfall 238636 (2024) Kat:3, Licht: 0","238636","3","3","5","05","20","6","","0","0","1","0","0"
"POINT (13.379395147000025 52.569768653000040)","Unfall 238637 (2024) Kat:3, Licht: 0","238637","3","2","2","05","19","6","","0","0","0","0","1"
"POINT (13.432837486000039 52.464646422000044)","Unfall 238638 (2024) Kat:3, Licht: 0","238638","3","6","2","05","19","6","","0","1","1","0","0"
"POINT (13.343472783000038 52.532076753000069)","Unfall 238639 (2024) Kat:3, Licht: 0","238639","3","2","5","05","19","6","","0","1","1","0","0"
"POINT (13.353417994000040 52.433410318000028)","Unfall 238640 (2024) Kat:3, Licht: 0","238640","3","6","2","05","18","6","","0","0","1","0","0"
"POINT (13.427867103000040 52.473916322000036)","Unfall 238641 (2024) Kat:3, Licht: 0","238641","3","5","1","05","18","6","","0","0","1","0","0"
"POINT (13.350661923000075 52.414285778000078)","Unfall 238642 (2024) Kat:3, Licht: 0","238642","3","6","2","05","16","6","","0","0","1","0","0"
"POINT (13.381499919000078 52.440416975000062)","Unfall 238643 (2024) Kat:3, Licht: 0","238643","3","7","2","05","14","6","","0","0","0","0","1"
"POINT (13.327573808000068 52.448868078000032)","Unfall 238644 (2024) Kat:3, Licht: 0","238644","3","5","1","05","15","6","","0","0","1","0","0"
"POINT (13.344904372000030 52.510395254000059)","Unfall 238645 (2024) Kat:3, Licht: 0","238645","3","5","1","05","14","6","","0","1","1","0","0"
"POINT (13.559651586000030 52.446605899000076)","Unfall 238646 (2024) Kat:3, Licht: 0","238646","3","6","2","05","13","6","","0","0","1","0","0"
"POINT (13.304413100000033 52.503671844000053)","Unfall 238647 (2024) Kat:3, Licht: 0","238647","3","2","5","05","12","6","","0","1","1","0","0"
"POINT (13.411961402000031 52.417283123000061)","Unfall 238648 (2024) Kat:3, Licht: 0","238648","3","3","5","05","09","6","","0","1","1","0","0"
"POINT (13.351168839000024 52.558302387000026)","Unfall 238649 (2024) Kat:3, Licht: 0","238649","3","2","5","05","09","6","","0","0","1","0","0"
"POINT (13.625554205000071 52.456963263000034)","Unfall 238650 (2024) Kat:3, Licht: 0","238650","3","2","2","05","09","6","","0","0","1","0","0"
"POINT (13.226679325000077 52.583703185000047)","Unfall 238651 (2024) Kat:3, Licht: 0","238651","3","2","5","05","07","6","","0","0","1","0","0"
"POINT (13.306452630000024 52.517241674000047)","Unfall 238652 (2024) Kat:3, Licht: 1","238652","3","7","0","05","20","6","","1","1","0","0","0"
"POINT (13.522627270000044 52.463305849000051)","Unfall 238653 (2024) Kat:3, Licht: 0","238653","3","5","1","05","19","6","","0","1","1","0","0"
"POINT (13.316423148000069 52.469932499000038)","Unfall 238654 (2024) Kat:3, Licht: 0","238654","3","3","5","05","18","6","","0","0","1","0","0"
"POINT (13.377653453000050 52.529033985000069)","Unfall 238655 (2024) Kat:3, Licht: 0","238655","3","2","5","05","16","6","","0","1","1","0","0"
"POINT (13.439110736000032 52.473601860000031)","Unfall 238656 (2024) Kat:3, Licht: 0","238656","3","5","1","05","17","6","","0","1","1","0","0"
"POINT (13.332542294000064 52.504150362000075)","Unfall 238657 (2024) Kat:3, Licht: 0","238657","3","6","0","05","17","6","","0","0","1","0","0"
"POINT (13.543924398000058 52.436344483000028)","Unfall 238658 (2024) Kat:3, Licht: 0","238658","3","6","2","05","17","6","","0","0","1","0","0"
"POINT (13.311993022000024 52.500588143000073)","Unfall 238659 (2024) Kat:3, Licht: 0","238659","3","2","0","05","15","6","","0","0","1","0","0"
"POINT (13.348348132000069 52.494515609000075)","Unfall 238660 (2024) Kat:3, Licht: 0","238660","3","7","0","05","14","6","","0","0","1","0","1"
"POINT (13.519541665000077 52.454022652000049)","Unfall 238661 (2024) Kat:3, Licht: 0","238661","3","4","6","05","14","6","","0","1","0","1","0"
"POINT (13.575381312000047 52.447098984000036)","Unfall 238662 (2024) Kat:3, Licht: 0","238662","3","5","1","05","13","6","","0","1","1","0","0"
"POINT (13.517272705000039 52.454472101000079)","Unfall 238663 (2024) Kat:2, Licht: 0","238663","2","2","5","05","11","6","","0","1","1","0","0"
"POINT (13.460495254000023 52.468144656000050)","Unfall 238664 (2024) Kat:3, Licht: 0","238664","3","2","5","05","11","6","","0","0","1","0","1"
"POINT (13.523364125000057 52.497569817000056)","Unfall 238665 (2024) Kat:3, Licht: 0","238665","3","2","5","05","08","6","","0","1","1","0","0"
"POINT (13.295463054000038 52.497824397000045)","Unfall 238666 (2024) Kat:3, Licht: 0","238666","3","6","3","05","08","6","","0","1","1","0","0"
"POINT (13.448545589000048 52.519634124000049)","Unfall 238667 (2024) Kat:3, Licht: 0","238667","3","6","3","05","07","6","","0","1","1","0","0"
"POINT (13.218225826000037 52.508778540000037)","Unfall 238668 (2024) Kat:2, Licht: 0","238668","2","4","6","05","07","6","","0","0","1","1","0"
"POINT (13.295634931000052 52.493546004000052)","Unfall 238669 (2024) Kat:3, Licht: 2","238669","3","7","9","05","01","6","","2","0","1","0","0"
"POINT (13.395322171000032 52.528144187000066)","Unfall 238670 (2024) Kat:3, Licht: 0","238670","3","4","6","05","08","5","","0","1","0","1","0"
"POINT (13.423149124000076 52.512450665000074)","Unfall 238671 (2024) Kat:3, Licht: 0","238671","3","6","2","05","13","5","","0","0","1","0","0"
"POINT (13.411664992000055 52.523962591000043)","Unfall 238672 (2024) Kat:3, Licht: 2","238672","3","2","5","05","23","5","","2","1","1","0","0"
"POINT (13.423434499000052 52.531833174000042)","Unfall 238673 (2024) Kat:3, Licht: 1","238673","3","5","1","05","18","5","","1","1","1","0","0"
"POINT (13.385770887000035 52.523575962000052)","Unfall 238674 (2024) Kat:3, Licht: 0","238674","3","2","5","05","17","5","","0","0","1","0","1"
"POINT (13.472501301000023 52.508515563000060)","Unfall 238675 (2024) Kat:3, Licht: 0","238675","3","2","5","05","16","5","","0","1","1","0","0"
"POINT (13.349369985000067 52.551870144000077)","Unfall 238676 (2024) Kat:3, Licht: 0","238676","3","5","1","05","16","5","","0","0","1","0","1"
"POINT (13.451768789000027 52.480875509000043)","Unfall 238677 (2024) Kat:3, Licht: 0","238677","3","2","5","05","16","5","","0","1","0","0","1"
"POINT (13.460547607000024 52.432147347000068)","Unfall 238678 (2024) Kat:3, Licht: 0","238678","3","6","3","06","11","6","","0","0","1","0","0"
"POINT (13.404705666000041 52.449261729000057)","Unfall 238679 (2024) Kat:3, Licht: 0","238679","3","5","1","06","19","4","","0","0","1","0","0"
"POINT (13.389604229000042 52.512179909000054)","Unfall 238680 (2024) Kat:3, Licht: 0","238680","3","4","6","05","16","5","","0","1","0","1","0"
"POINT (13.347471335000023 52.487011263000056)","Unfall 238681 (2024) Kat:3, Licht: 0","238681","3","3","5","06","09","3","","0","1","0","0","0"
"POINT (13.461974536000071 52.518834643000048)","Unfall 238682 (2024) Kat:3, Licht: 0","238682","3","3","5","05","15","5","","0","1","1","0","0"
"POINT (13.470735179000030 52.502174790000026)","Unfall 238683 (2024) Kat:3, Licht: 0","238683","3","5","1","05","15","5","","0","0","1","0","0"
"POINT (13.486567945000047 52.502536556000052)","Unfall 238684 (2024) Kat:3, Licht: 0","238684","3","1","0","05","15","5","","0","0","0","0","1"
"POINT (13.354688130000056 52.536781330000053)","Unfall 238685 (2024) Kat:3, Licht: 0","238685","3","6","2","05","15","5","","0","0","1","0","0"
"POINT (13.503795222000065 52.636721007000062)","Unfall 238686 (2024) Kat:3, Licht: 0","238686","3","4","6","05","15","5","","0","1","0","1","0"
"POINT (13.408715894000068 52.551118168000073)","Unfall 238687 (2024) Kat:3, Licht: 0","238687","3","7","7","05","07","5","","0","1","0","0","0"
"POINT (13.355891802000031 52.520727111000042)","Unfall 238688 (2024) Kat:3, Licht: 0","238688","3","6","3","06","18","4","","0","0","1","0","1"
"POINT (13.398001319000059 52.490999680000073)","Unfall 238689 (2024) Kat:3, Licht: 0","238689","3","2","5","05","12","5","","0","1","0","0","1"
"POINT (13.408161261000032 52.541413935000037)","Unfall 238690 (2024) Kat:3, Licht: 1","238690","3","3","5","06","05","4","","1","1","0","0","0"