WKT,Name,OBJECTID,UKATEGORIE,UTYP1,UART,UMONAT,USTUNDE,UWOCHENTAG,STRZUSTAND,ULICHTVERH,ISTRAD,ISTPKW,ISTFUSS,ISTKRAD
"POINT (13.503648475000034 52.460742629000038)","Unfall 238691 (2024) Kat:3, Licht: 2","238691","3","2","5","05","23","5","","2","0","1","0","0"
"POINT (13.587493639000058 52.523732055000039)","Unfall 238692 (2024) Kat:3, Licht: 0","238692","3","1","8","05","19","5","","0","0","1","0","0"
"POINT (13.480320727000048 52.553259096000033)","Unfall 238693 (2024) Kat:3, Licht: 0","238693","3","6","4","05","19","5","","0","1","0","0","0"
"POINT (13.575353557000028 52.447460454000066)","Unfall 238694 (2024) Kat:3, Licht: 0","238694","3","1","0","06","08","4","","0","1","0","0","0"
"POINT (13.411785475000045 52.523966468000026)","Unfall 238695 (2024) Kat:3, Licht: 0","238695","3","2","5","05","11","5","","0","0","1","0","0"
"POINT (13.372360649000029 52.556149100000027)","Unfall 238696 (2024) Kat:3, Licht: 0","238696","3","6","0","05","18","5","","0","1","1","0","0"
"POINT (13.460491143000070 52.454131191000045)","Unfall 238697 (2024) Kat:3, Licht: 0","238697","3","6","2","06","18","3","","0","0","1","0","0"
"POINT (13.329726539000035 52.523722070000076)","Unfall 238698 (2024) Kat:3, Licht: 0","238698","3","2","5","05","12","6","","0","1","0","0","1"
"POINT (13.421696820000022 52.543539848000080)","Unfall 238699 (2024) Kat:3, Licht: 0","238699","3","1","0","05","18","5","","0","1","0","0","0"
"POINT (13.301859823000029 52.580296081000029)","Unfall 238700 (2024) Kat:3, Licht: 0","238700","3","3","5","05","17","5","","0","1","1","0","0"
"POINT (13.394492635000063 52.491731486000049)","Unfall 238701 (2024) Kat:3, Licht: 2","238701","3","2","5","05","00","5","","2","0","1","0","0"
"POINT (13.439040411000065 52.480417432000081)","Unfall 238702 (2024) Kat:3, Licht: 0","238702","3","2","6","05","06","5","","0","0","1","1","0"
"POINT (13.406186658000024 52.498324151000077)","Unfall 238703 (2024) Kat:3, Licht: 0","238703","3","6","3","07","18","3","","0","0","1","1","0"
"POINT (13.329681944000072 52.466034522000029)","Unfall 238704 (2024) Kat:3, Licht: 0","238704","3","6","2","05","17","5","","0","0","1","0","0"
"POINT (13.621333419000052 52.532054020000032)","Unfall 238705 (2024) Kat:3, Licht: 0","238705","3","3","5","05","07","5","","0","1","1","0","0"
"POINT (13.418811111000025 52.547054668000044)","Unfall 238706 (2024) Kat:3, Licht: 0","238706","3","1","0","05","17","5","","0","1","0","0","0"
"POINT (13.386658481000040 52.490075390000072)","Unfall 238707 (2024) Kat:3, Licht: 0","238707","3","2","2","05","08","5","","0","1","1","0","0"
"POINT (13.479848299000025 52.516861553000069)","Unfall 238708 (2024) Kat:3, Licht: 0","238708","3","6","2","05","08","5","","0","0","1","0","0"
"POINT (13.420578816000045 52.503276951000032)","Unfall 238709 (2024) Kat:3, Licht: 0","238709","3","2","5","05","15","5","","0","1","1","0","0"
"POINT (13.327456501000029 52.520512891000067)","Unfall 238710 (2024) Kat:3, Licht: 0","238710","3","2","2","05","15","5","","0","1","1","0","0"
"POINT (13.511677628000029 52.524310333000074)","Unfall 238711 (2024) Kat:3, Licht: 0","238711","3","5","1","05","15","5","","0","1","1","0","0"
"POINT (13.313841098000069 52.506056675000082)","Unfall 238712 (2024) Kat:3, Licht: 0","238712","3","6","2","05","15","5","","0","0","1","0","0"
"POINT (13.578130902000055 52.457139914000038)","Unfall 238713 (2024) Kat:3, Licht: 0","238713","3","2","0","05","15","5","","0","0","1","0","0"
"POINT (13.341655770000045 52.534196287000043)","Unfall 238714 (2024) Kat:3, Licht: 0","238714","3","6","6","06","07","2","","0","0","1","1","0"
"POINT (13.394900007000047 52.496275982000043)","Unfall 238715 (2024) Kat:3, Licht: 0","238715","3","2","6","06","12","5","","0","0","1","1","0"
"POINT (13.315031001000023 52.500894164000044)","Unfall 238716 (2024) Kat:3, Licht: 0","238716","3","2","5","05","14","5","","0","0","1","0","0"
"POINT (13.456800010000052 52.495898877000059)","Unfall 238717 (2024) Kat:3, Licht: 0","238717","3","3","5","05","14","5","","0","0","1","0","0"
"POINT (13.625414841000065 52.456532787000071)","Unfall 238718 (2024) Kat:3, Licht: 0","238718","3","4","6","05","06","5","","0","0","1","1","0"
"POINT (13.388185932000056 52.554494693000038)","Unfall 238719 (2024) Kat:3, Licht: 0","238719","3","3","0","06","11","3","","0","0","1","0","0"
"POINT (13.479907010000034 52.428416288000051)","Unfall 238720 (2024) Kat:3, Licht: 0","238720","3","3","5","06","10","4","","0","1","1","0","0"
"POINT (13.185329684000067 52.515364584000054)","Unfall 238721 (2024) Kat:3, Licht: 0","238721","3","6","2","05","11","5","","0","0","1","0","0"
"POINT (13.427832522000074 52.481150445000026)","Unfall 238722 (2024) Kat:3, Licht: 2","238722","3","2","5","06","23","4","","2","0","1","0","0"
"POINT (13.436800579000021 52.483246439000027)","Unfall 238723 (2024) Kat:2, Licht: 0","238723","2","5","1","05","10","5","","0","0","1","0","0"
"POINT (13.560498159000076 52.439355923000051)","Unfall 238724 (2024) Kat:3, Licht: 0","238724","3","6","2","05","07","5","","0","0","1","0","1"
"POINT (13.340037938000023 52.550954310000066)","Unfall 238725 (2024) Kat:3, Licht: 0","238725","3","5","3","05","07","5","","0","0","0","0","1"
"POINT (13.197856618000060 52.540538129000026)","Unfall 238726 (2024) Kat:3, Licht: 0","238726","3","5","1","06","14","3","","0","1","1","0","0"
"POINT (13.430143975000021 52.510154890000081)","Unfall 238727 (2024) Kat:3, Licht: 1","238727","3","2","5","05","04","5","","1","1","1","0","0"
"POINT (13.385894140000062 52.500622213000042)","Unfall 238728 (2024) Kat:3, Licht: 2","238728","3","7","9","05","01","5","","2","0","0","0","1"
"POINT (13.247671159000049 52.540368699000055)","Unfall 238729 (2024) Kat:3, Licht: 0","238729","3","2","5","06","18","5","","0","1","1","0","0"
"POINT (13.574452592000057 52.555230853000069)","Unfall 238730 (2024) Kat:3, Licht: 2","238730","3","2","0","05","01","5","","2","1","1","0","0"
"POINT (13.152062470000033 52.415025231000072)","Unfall 238731 (2024) Kat:2, Licht: 0","238731","2","3","5","06","07","5","","0","1","0","0","0"
"POINT (13.329707553000048 52.429069084000048)","Unfall 238732 (2024) Kat:2, Licht: 0","238732","2","2","5","05","16","5","","0","1","0","0","0"
"POINT (13.490352427000062 52.468510749000075)","Unfall 238733 (2024) Kat:3, Licht: 0","238733","3","6","2","05","15","5","","0","0","1","0","0"
"POINT (13.402628146000040 52.523919691000060)","Unfall 238734 (2024) Kat:3, Licht: 0","238734","3","4","6","05","19","5","","0","0","1","1","0"
"POINT (13.198494443000072 52.542859803000056)","Unfall 238735 (2024) Kat:3, Licht: 0","238735","3","2","5","06","16","6","","0","0","1","0","0"
"POINT (13.396224024000048 52.519679637000081)","Unfall 238736 (2024) Kat:3, Licht: 0","238736","3","1","0","05","18","5","","0","0","0","0","0"
"POINT (13.483982038000022 52.539676363000069)","Unfall 238737 (2024) Kat:2, Licht: 0","238737","2","1","0","05","17","5","","0","0","0","0","1"
"POINT (13.486855701000025 52.507204002000037)","Unfall 238738 (2024) Kat:3, Licht: 0","238738","3","2","5","05","15","5","","0","0","1","0","1"
"POINT (13.426129523000043 52.607533105000073)","Unfall 238739 (2024) Kat:3, Licht: 0","238739","3","7","0","05","15","5","","0","0","1","0","1"
"POINT (13.569108705000076 52.444570363000082)","Unfall 238740 (2024) Kat:3, Licht: 0","238740","3","2","5","05","14","5","","0","1","1","0","0"
"POINT (13.308557364000023 52.623541641000031)","Unfall 238741 (2024) Kat:2, Licht: 0","238741","2","1","1","05","12","5","","0","0","1","0","0"
"POINT (13.311097327000027 52.547717014000057)","Unfall 238742 (2024) Kat:3, Licht: 0","238742","3","3","5","05","11","5","","0","0","1","0","0"
"POINT (13.446670237000035 52.426838388000078)","Unfall 238743 (2024) Kat:3, Licht: 0","238743","3","6","2","05","07","5","","0","0","0","0","1"
"POINT (13.624886518000039 52.450493995000045)","Unfall 238744 (2024) Kat:3, Licht: 0","238744","3","3","5","05","18","4","","0","1","1","0","0"
"POINT (13.201119150000068 52.566052519000039)","Unfall 238745 (2024) Kat:3, Licht: 0","238745","3","6","3","05","18","4","","0","0","1","0","1"
"POINT (13.290251432000048 52.497144971000068)","Unfall 238746 (2024) Kat:3, Licht: 0","238746","3","3","5","05","17","4","","0","1","1","0","0"
"POINT (13.433971631000077 52.443506499000080)","Unfall 238747 (2024) Kat:3, Licht: 0","238747","3","2","5","05","17","4","","0","1","1","0","0"
"POINT (13.411030282000070 52.553989671000068)","Unfall 238748 (2024) Kat:3, Licht: 0","238748","3","2","5","07","17","6","","0","0","1","0","0"
"POINT (13.621506169000043 52.532050648000052)","Unfall 238749 (2024) Kat:2, Licht: 0","238749","2","1","0","05","15","6","","0","1","0","0","0"
"POINT (13.455515553000055 52.474140223000063)","Unfall 238750 (2024) Kat:3, Licht: 0","238750","3","4","6","05","16","4","","0","1","0","1","0"
"POINT (13.393834565000077 52.542849049000040)","Unfall 238751 (2024) Kat:3, Licht: 0","238751","3","5","1","05","16","4","","0","0","1","0","0"
"POINT (13.418143668000027 52.515549808000060)","Unfall 238752 (2024) Kat:3, Licht: 0","238752","3","2","5","05","15","4","","0","0","1","0","0"
"POINT (13.258174932000031 52.435329899000067)","Unfall 238753 (2024) Kat:3, Licht: 0","238753","3","3","5","05","14","4","","0","1","0","0","0"
"POINT (13.411553575000028 52.439024485000061)","Unfall 238754 (2024) Kat:3, Licht: 0","238754","3","2","5","05","14","4","","0","1","1","0","0"
"POINT (13.354003323000029 52.560169891000044)","Unfall 238755 (2024) Kat:3, Licht: 0","238755","3","5","1","05","13","4","","0","0","1","0","0"
"POINT (13.392121365000037 52.433944757000063)","Unfall 238756 (2024) Kat:3, Licht: 0","238756","3","7","6","05","11","4","","0","0","1","1","0"
"POINT (13.280757650000055 52.477770640000074)","Unfall 238757 (2024) Kat:3, Licht: 1","238757","3","5","1","05","21","4","","1","1","1","0","0"
"POINT (13.502461805000053 52.481111425000051)","Unfall 238758 (2024) Kat:3, Licht: 0","238758","3","1","0","05","20","4","","0","0","0","0","1"
"POINT (13.384255124000049 52.477756184000043)","Unfall 238759 (2024) Kat:3, Licht: 0","238759","3","6","2","05","18","4","","0","1","1","0","0"
"POINT (13.518206192000036 52.511905017000061)","Unfall 238760 (2024) Kat:3, Licht: 0","238760","3","5","0","05","18","4","","0","1","1","0","0"
"POINT (13.317513277000046 52.430916513000057)","Unfall 238761 (2024) Kat:3, Licht: 0","238761","3","3","5","05","17","4","","0","0","1","0","0"
"POINT (13.345567305000031 52.436168876000067)","Unfall 238762 (2024) Kat:3, Licht: 0","238762","3","3","5","05","17","4","","0","0","1","0","0"
"POINT (13.430471041000033 52.528831755000056)","Unfall 238763 (2024) Kat:3, Licht: 0","238763","3","2","5","05","17","4","","0","1","1","0","0"
"POINT (13.480513010000038 52.460299030000044)","Unfall 238764 (2024) Kat:3, Licht: 0","238764","3","2","5","05","15","4","","0","1","1","0","0"
"POINT (13.402163824000070 52.602867887000059)","Unfall 238765 (2024) Kat:3, Licht: 0","238765","3","2","5","05","15","4","","0","1","1","0","0"
"POINT (13.306666489000065 52.517555563000030)","Unfall 238766 (2024) Kat:3, Licht: 0","238766","3","2","5","05","19","4","","0","1","1","0","0"
"POINT (13.378927036000050 52.526519370000074)","Unfall 238767 (2024) Kat:3, Licht: 0","238767","3","7","1","05","16","4","","0","0","0","0","1"
"POINT (13.211793863000025 52.439566472000081)","Unfall 238768 (2024) Kat:3, Licht: 0","238768","3","6","4","05","13","4","","0","1","1","0","0"
"POINT (13.333238030000075 52.424032303000047)","Unfall 238769 (2024) Kat:3, Licht: 0","238769","3","3","0","05","13","4","","0","0","1","0","0"
"POINT (13.478672793000044 52.471596066000075)","Unfall 238770 (2024) Kat:3, Licht: 0","238770","3","3","2","05","12","4","","0","1","1","0","0"
"POINT (13.343651482000041 52.462290095000071)","Unfall 238771 (2024) Kat:3, Licht: 0","238771","3","6","2","05","15","4","","0","1","1","0","0"
"POINT (13.448334284000055 52.475881347000040)","Unfall 238772 (2024) Kat:3, Licht: 0","238772","3","5","1","05","14","4","","0","1","1","0","0"
"POINT (13.157884863000049 52.543133752000074)","Unfall 238773 (2024) Kat:2, Licht: 0","238773","2","2","5","05","11","4","","0","0","1","0","0"
"POINT (13.411622493000039 52.512703930000043)","Unfall 238774 (2024) Kat:2, Licht: 0","238774","2","3","5","05","13","4","","0","1","0","0","0"
"POINT (13.390802942000050 52.540284068000062)","Unfall 238775 (2024) Kat:3, Licht: 0","238775","3","3","5","06","17","1","","0","0","1","0","0"
"POINT (13.361724757000047 52.544800194000061)","Unfall 238776 (2024) Kat:3, Licht: 0","238776","3","2","5","05","09","4","","0","1","0","0","0"
"POINT (13.199251061000041 52.553121958000077)","Unfall 238777 (2024) Kat:3, Licht: 0","238777","3","4","6","05","08","4","","0","1","0","1","0"
"POINT (13.619241551000073 52.541054045000067)","Unfall 238778 (2024) Kat:3, Licht: 0","238778","3","3","5","05","07","4","","0","0","1","0","0"
"POINT (13.541458538000029 52.435406273000069)","Unfall 238779 (2024) Kat:3, Licht: 0","238779","3","2","3","05","07","4","","0","0","1","0","1"
"POINT (13.294226499000047 52.534297107000043)","Unfall 238780 (2024) Kat:3, Licht: 1","238780","3","2","5","06","21","1","","1","0","1","0","1"
"POINT (13.384227507000048 52.555706626000074)","Unfall 238781 (2024) Kat:3, Licht: 0","238781","3","2","5","05","07","4","","0","1","0","0","0"
"POINT (13.433499327000050 52.443991123000046)","Unfall 238782 (2024) Kat:3, Licht: 0","238782","3","2","5","05","07","4","","0","1","1","0","0"
"POINT (13.508987566000030 52.565605747000063)","Unfall 238783 (2024) Kat:3, Licht: 0","238783","3","2","5","05","06","4","","0","1","1","0","0"
"POINT (13.433011272000044 52.464722028000040)","Unfall 238784 (2024) Kat:2, Licht: 0","238784","2","3","5","05","06","4","","0","0","0","0","1"
"POINT (13.337580868000032 52.503704517000074)","Unfall 238785 (2024) Kat:1, Licht: 2","238785","1","1","9","05","01","4","","2","0","1","0","0"
"POINT (13.449987740000040 52.507516895000037)","Unfall 238786 (2024) Kat:3, Licht: 0","238786","3","4","6","05","16","3","","0","1","0","1","0"
"POINT (13.377628997000045 52.465478133000033)","Unfall 238787 (2024) Kat:2, Licht: 0","238787","2","5","1","05","18","3","","0","1","1","0","0"
"POINT (13.607061603000034 52.490129694000075)","Unfall 238788 (2024) Kat:3, Licht: 0","238788","3","2","5","05","09","3","","0","0","1","0","0"
"POINT (13.250069768000060 52.421229696000069)","Unfall 238789 (2024) Kat:3, Licht: 0","238789","3","3","5","05","18","3","","0","0","1","0","0"
"POINT (13.281319546000077 52.630214230000036)","Unfall 238790 (2024) Kat:3, Licht: 0","238790","3","5","1","05","18","3","","0","0","1","0","0"
"POINT (13.429514615000073 52.523101161000056)","Unfall 238791 (2024) Kat:3, Licht: 0","238791","3","2","5","05","18","3","","0","1","1","0","0"
"POINT (13.532090872000026 52.484113386000047)","Unfall 238792 (2024) Kat:3, Licht: 0","238792","3","3","5","05","16","3","","0","0","1","0","0"
"POINT (13.389746987000024 52.495910350000031)","Unfall 238793 (2024) Kat:3, Licht: 0","238793","3","2","5","05","16","3","","0","1","1","0","0"
"POINT (13.403017270000078 52.498424253000053)","Unfall 238794 (2024) Kat:3, Licht: 0","238794","3","2","5","05","09","3","","0","1","1","0","0"
"POINT (13.411049076000040 52.530640392000066)","Unfall 238795 (2024) Kat:3, Licht: 0","238795","3","2","5","05","14","3","","0","1","1","0","0"
"POINT (13.430260601000043 52.588752490000047)","Unfall 238796 (2024) Kat:2, Licht: 0","238796","2","1","0","05","13","3","","0","1","0","0","0"
"POINT (13.374474820000046 52.547861287000046)","Unfall 238797 (2024) Kat:3, Licht: 2","238797","3","5","1","07","02","6","","2","0","1","0","0"
"POINT (13.346951492000073 52.547267797000075)","Unfall 238798 (2024) Kat:3, Licht: 0","238798","3","7","0","06","08","2","","0","0","1","0","0"
"POINT (13.317497123000066 52.470414622000078)","Unfall 238799 (2024) Kat:3, Licht: 0","238799","3","3","5","05","13","3","","0","1","1","0","0"
"POINT (13.478075541000067 52.442139589000078)","Unfall 238800 (2024) Kat:3, Licht: 0","238800","3","3","5","05","13","3","","0","1","1","0","0"
"POINT (13.193524489000026 52.548732828000027)","Unfall 238801 (2024) Kat:3, Licht: 0","238801","3","2","5","06","14","7","","0","1","1","0","0"
"POINT (13.297106806000045 52.510427110000080)","Unfall 238802 (2024) Kat:3, Licht: 0","238802","3","5","3","05","12","3","","0","0","1","0","1"
"POINT (13.377346473000046 52.528911035000078)","Unfall 238803 (2024) Kat:3, Licht: 0","238803","3","6","3","05","12","3","","0","0","1","0","0"
"POINT (13.395252510000034 52.496101130000056)","Unfall 238804 (2024) Kat:3, Licht: 0","238804","3","2","5","05","11","3","","0","1","1","0","0"
"POINT (13.593492460000050 52.452944998000078)","Unfall 238805 (2024) Kat:3, Licht: 0","238805","3","2","5","06","16","6","","0","1","1","0","0"
"POINT (13.181703529000060 52.534089667000046)","Unfall 238806 (2024) Kat:3, Licht: 0","238806","3","2","0","05","11","3","","0","0","1","0","1"
"POINT (13.601401616000032 52.481869961000029)","Unfall 238807 (2024) Kat:3, Licht: 0","238807","3","4","6","05","07","3","","0","0","0","1","1"
"POINT (13.376708248000057 52.489324686000032)","Unfall 238808 (2024) Kat:3, Licht: 0","238808","3","2","5","05","13","3","","0","1","1","0","0"
"POINT (13.435785167000063 52.491635859000041)","Unfall 238809 (2024) Kat:3, Licht: 0","238809","3","3","5","05","09","3","","0","0","1","0","1"
"POINT (13.421965873000033 52.505062801000065)","Unfall 238810 (2024) Kat:3, Licht: 0","238810","3","3","0","05","09","3","","0","1","1","0","0"
"POINT (13.373437771000056 52.537945394000076)","Unfall 238811 (2024) Kat:3, Licht: 0","238811","3","2","5","05","17","3","","0","1","1","0","0"
"POINT (13.237146949000021 52.546370866000075)","Unfall 238812 (2024) Kat:3, Licht: 0","238812","3","6","2","05","17","3","","0","0","1","0","1"
"POINT (13.463542203000031 52.469782582000050)","Unfall 238813 (2024) Kat:3, Licht: 0","238813","3","6","2","05","17","3","","0","0","1","0","0"
"POINT (13.449360526000078 52.504627845000073)","Unfall 238814 (2024) Kat:3, Licht: 0","238814","3","7","0","05","14","3","","0","1","0","0","0"
"POINT (13.365448743000059 52.572252398000046)","Unfall 238815 (2024) Kat:3, Licht: 0","238815","3","3","5","05","14","3","","0","0","1","0","0"
"POINT (13.305026794000071 52.553490041000032)","Unfall 238816 (2024) Kat:3, Licht: 0","238816","3","6","3","05","13","3","","0","0","1","0","0"
"POINT (13.358679458000040 52.474481532000027)","Unfall 238817 (2024) Kat:3, Licht: 0","238817","3","3","0","05","13","3","","0","0","1","0","1"
"POINT (13.190519839000046 52.536588595000069)","Unfall 238818 (2024) Kat:3, Licht: 0","238818","3","6","2","05","12","3","","0","0","1","0","0"
"POINT (13.350063833000036 52.503407786000082)","Unfall 238819 (2024) Kat:3, Licht: 0","238819","3","6","2","05","12","3","","0","0","1","0","0"
"POINT (13.421956477000037 52.505122971000048)","Unfall 238820 (2024) Kat:3, Licht: 0","238820","3","3","5","06","16","5","","0","0","1","0","1"
"POINT (13.184603970000069 52.515601986000036)","Unfall 238821 (2024) Kat:3, Licht: 0","238821","3","3","5","05","12","3","","0","0","1","0","0"
"POINT (13.553093779000051 52.551805800000068)","Unfall 238822 (2024) Kat:2, Licht: 0","238822","2","4","6","05","10","3","","0","0","1","1","0"
"POINT (13.539776510000024 52.539827013000036)","Unfall 238823 (2024) Kat:3, Licht: 0","238823","3","3","5","05","09","3","","0","0","1","0","0"
"POINT (13.464750082000023 52.429643944000077)","Unfall 238824 (2024) Kat:3, Licht: 0","238824","3","1","0","05","09","3","","0","0","0","0","1"
"POINT (13.412237094000034 52.537956604000044)","Unfall 238825 (2024) Kat:2, Licht: 0","238825","2","7","5","05","09","3","","0","1","0","0","0"
"POINT (13.407913293000036 52.452520430000050)","Unfall 238826 (2024) Kat:2, Licht: 0","238826","2","2","5","07","19","7","","0","0","1","0","0"
"POINT (13.488578311000026 52.551923331000069)","Unfall 238827 (2024) Kat:3, Licht: 0","238827","3","6","3","07","19","5","","0","1","1","0","0"
"POINT (13.391352067000071 52.527073652000070)","Unfall 238828 (2024) Kat:3, Licht: 0","238828","3","5","1","06","15","2","","0","0","1","0","0"
"POINT (13.343343136000044 52.473063360000026)","Unfall 238829 (2024) Kat:3, Licht: 0","238829","3","5","1","05","09","3","","0","0","1","0","0"
"POINT (13.372888900000078 52.557350064000047)","Unfall 238830 (2024) Kat:3, Licht: 0","238830","3","7","0","05","12","2","","0","0","1","0","0"
"POINT (13.371950467000033 52.492454904000056)","Unfall 238831 (2024) Kat:3, Licht: 0","238831","3","6","4","05","17","2","","0","1","0","0","0"
"POINT (13.337154241000064 52.451054860000056)","Unfall 238832 (2024) Kat:2, Licht: 0","238832","2","6","4","05","13","2","","0","1","0","0","0"
"POINT (13.373574157000064 52.460305861000052)","Unfall 238833 (2024) Kat:3, Licht: 2","238833","3","5","1","05","22","2","","2","1","1","0","0"
"POINT (13.409143480000068 52.528404205000072)","Unfall 238834 (2024) Kat:3, Licht: 0","238834","3","5","1","06","10","7","","0","1","1","0","0"
"POINT (13.308003471000063 52.506675099000063)","Unfall 238835 (2024) Kat:3, Licht: 0","238835","3","7","5","05","20","2","","0","0","1","0","0"
"POINT (13.496131334000040 52.415554706000080)","Unfall 238836 (2024) Kat:3, Licht: 1","238836","3","5","1","05","18","2","","1","0","1","0","0"
"POINT (13.379851358000053 52.465793279000081)","Unfall 238837 (2024) Kat:3, Licht: 0","238837","3","7","0","05","15","2","","0","0","1","0","0"
"POINT (13.599771276000070 52.542568662000065)","Unfall 238838 (2024) Kat:3, Licht: 0","238838","3","4","6","06","07","6","","0","1","0","1","0"
"POINT (13.437130886000034 52.594301843000039)","Unfall 238839 (2024) Kat:3, Licht: 0","238839","3","2","3","05","14","5","","0","1","0","0","0"
"POINT (13.321742857000061 52.502039860000082)","Unfall 238840 (2024) Kat:3, Licht: 0","238840","3","2","6","05","15","2","","0","0","1","1","0"
"POINT (13.361871700000052 52.544779090000077)","Unfall 238841 (2024) Kat:3, Licht: 0","238841","3","1","0","05","14","2","","0","1","0","0","0"
"POINT (13.290853871000024 52.446370268000067)","Unfall 238842 (2024) Kat:3, Licht: 0","238842","3","3","5","05","13","2","","0","0","1","0","1"
"POINT (13.376333011000042 52.510086422000029)","Unfall 238843 (2024) Kat:3, Licht: 0","238843","3","3","5","05","08","2","","0","1","1","0","0"
"POINT (13.320371116000047 52.565887463000081)","Unfall 238844 (2024) Kat:3, Licht: 0","238844","3","5","1","05","07","2","","0","0","1","0","1"
"POINT (13.322695764000059 52.456510565000031)","Unfall 238845 (2024) Kat:3, Licht: 0","238845","3","2","3","05","07","2","","0","1","1","0","0"
"POINT (13.425841030000072 52.480836068000031)","Unfall 238846 (2024) Kat:3, Licht: 0","238846","3","5","1","07","16","6","","0","1","1","0","0"
"POINT (13.397056303000056 52.587108134000061)","Unfall 238847 (2024) Kat:3, Licht: 2","238847","3","1","2","05","22","2","","2","0","1","0","0"
"POINT (13.337768912000058 52.451027937000049)","Unfall 238848 (2024) Kat:3, Licht: 1","238848","3","4","6","05","21","2","","1","0","0","1","0"
"POINT (13.346260820000055 52.549896032000049)","Unfall 238849 (2024) Kat:3, Licht: 0","238849","3","3","5","05","17","2","","0","1","0","0","1"
"POINT (13.381996240000035 52.514138181000078)","Unfall 238850 (2024) Kat:3, Licht: 0","238850","3","6","2","06","16","1","","0","1","1","0","0"
"POINT (13.446520722000059 52.502734157000077)","Unfall 238851 (2024) Kat:3, Licht: 0","238851","3","2","2","05","17","2","","0","1","1","0","0"
"POINT (13.435052154000061 52.436149750000027)","Unfall 238852 (2024) Kat:2, Licht: 0","238852","2","2","5","05","17","2","","0","0","1","0","0"
"POINT (13.347459458000060 52.543809613000064)","Unfall 238853 (2024) Kat:3, Licht: 0","238853","3","2","1","05","16","2","","0","0","1","0","0"
"POINT (13.334137590000068 52.504331237000031)","Unfall 238854 (2024) Kat:3, Licht: 0","238854","3","5","1","05","16","2","","0","1","0","0","0"
"POINT (13.415975744000036 52.490730102000043)","Unfall 238855 (2024) Kat:3, Licht: 0","238855","3","3","5","05","15","2","","0","0","1","0","1"
"POINT (13.367240970000069 52.493259786000067)","Unfall 238856 (2024) Kat:3, Licht: 0","238856","3","1","0","06","08","4","","0","0","0","0","1"
"POINT (13.374520235000034 52.432832880000035)","Unfall 238857 (2024) Kat:3, Licht: 0","238857","3","3","5","05","11","2","","0","0","1","0","0"
"POINT (13.191735062000078 52.433660568000050)","Unfall 238858 (2024) Kat:2, Licht: 0","238858","2","2","5","06","12","7","","0","1","1","0","0"
"POINT (13.354607169000076 52.618110078000029)","Unfall 238859 (2024) Kat:3, Licht: 0","238859","3","2","5","05","11","2","","0","1","1","0","0"
"POINT (13.190714707000041 52.536398926000061)","Unfall 238860 (2024) Kat:3, Licht: 0","238860","3","3","5","05","10","2","","0","0","1","0","0"
"POINT (13.493233413000041 52.514426822000075)","Unfall 238861 (2024) Kat:3, Licht: 0","238861","3","3","0","05","04","2","","0","0","1","0","0"
"POINT (13.331009259000041 52.501582686000063)","Unfall 238862 (2024) Kat:3, Licht: 1","238862","3","6","2","05","21","2","","1","1","1","0","0"
"POINT (13.298532539000064 52.507980831000054)","Unfall 238863 (2024) Kat:3, Licht: 0","238863","3","3","5","06","17","1","","0","1","0","0","0"
"POINT (13.484082237000052 52.463206126000046)","Unfall 238864 (2024) Kat:3, Licht: 0","238864","3","2","5","05","20","2","","0","1","1","0","0"
"POINT (13.475215378000030 52.461834014000033)","Unfall 238865 (2024) Kat:3, Licht: 0","238865","3","4","6","07","07","5","","0","0","0","1","0"
"POINT (13.386800252000057 52.549433543000077)","Unfall 238866 (2024) Kat:3, Licht: 0","238866","3","2","5","05","16","2","","0","1","1","0","0"
"POINT (13.402322003000052 52.516371588000027)","Unfall 238867 (2024) Kat:2, Licht: 0","238867","2","7","8","05","16","2","","0","0","1","0","0"
"POINT (13.158495485000060 52.533062378000068)","Unfall 238868 (2024) Kat:3, Licht: 0","238868","3","6","2","05","15","2","","0","0","1","0","1"
"POINT (13.434296296000070 52.612795376000065)","Unfall 238869 (2024) Kat:3, Licht: 0","238869","3","6","2","05","11","2","","0","0","1","0","1"
"POINT (13.573283310000022 52.469911789000037)","Unfall 238870 (2024) Kat:3, Licht: 0","238870","3","6","3","05","08","2","","0","1","0","0","0"
"POINT (13.417112558000042 52.600794070000063)","Unfall 238871 (2024) Kat:3, Licht: 0","238871","3","1","0","05","20","1","","0","0","0","0","1"
"POINT (13.343714519000059 52.535830610000062)","Unfall 238872 (2024) Kat:3, Licht: 2","238872","3","6","3","05","23","1","","2","0","1","0","0"
"POINT (13.428740433000030 52.547688271000027)","Unfall 238873 (2024) Kat:3, Licht: 0","238873","3","2","5","05","16","1","","0","1","1","0","0"
"POINT (13.591594213000064 52.432341574000077)","Unfall 238874 (2024) Kat:3, Licht: 2","238874","3","3","5","05","00","1","","2","0","1","0","0"
"POINT (13.440161258000046 52.420726761000026)","Unfall 238875 (2024) Kat:3, Licht: 0","238875","3","7","2","05","19","1","","0","0","1","0","1"
"POINT (13.389188750000073 52.522012020000034)","Unfall 238876 (2024) Kat:3, Licht: 0","238876","3","6","3","05","18","1","","0","1","1","0","0"
"POINT (13.200263788000029 52.535257106000074)","Unfall 238877 (2024) Kat:3, Licht: 0","238877","3","7","6","05","18","1","","0","1","0","1","0"