WKT,Name,OBJECTID,UKATEGORIE,UTYP1,UART,UMONAT,USTUNDE,UWOCHENTAG,STRZUSTAND,ULICHTVERH,ISTRAD,ISTPKW,ISTFUSS,ISTKRAD
"POINT (13.381528212000035 52.556117043000029)","Unfall 238878 (2024) Kat:3, Licht: 0","238878","3","3","5","05","15","1","","0","1","0","0","0"
"POINT (13.585060125000041 52.395041654000067)","Unfall 238879 (2024) Kat:3, Licht: 0","238879","3","1","9","05","14","1","","0","0","1","0","0"
"POINT (13.389623971000049 52.495924689000049)","Unfall 238880 (2024) Kat:3, Licht: 0","238880","3","6","2","05","13","1","","0","0","1","0","0"
"POINT (13.360877263000077 52.545427229000040)","Unfall 238881 (2024) Kat:3, Licht: 0","238881","3","2","2","05","13","1","","0","0","1","0","0"
"POINT (13.296057406000045 52.517428634000055)","Unfall 238882 (2024) Kat:3, Licht: 0","238882","3","5","1","05","12","1","","0","1","1","0","0"
"POINT (13.396286088000068 52.517459579000047)","Unfall 238883 (2024) Kat:3, Licht: 0","238883","3","3","5","07","08","2","","0","1","0","0","1"
"POINT (13.496121514000038 52.534122142000058)","Unfall 238884 (2024) Kat:3, Licht: 0","238884","3","3","5","06","17","1","","0","0","0","0","1"
"POINT (13.374537106000048 52.528039360000037)","Unfall 238885 (2024) Kat:3, Licht: 0","238885","3","1","0","05","08","1","","0","0","1","0","0"
"POINT (13.332051464000074 52.505882061000079)","Unfall 238886 (2024) Kat:3, Licht: 2","238886","3","6","2","05","02","1","","2","0","1","0","0"
"POINT (13.257870816000036 52.505850116000033)","Unfall 238887 (2024) Kat:3, Licht: 2","238887","3","1","0","05","00","1","","2","1","0","0","0"
"POINT (13.446215147000032 52.471265339000070)","Unfall 238888 (2024) Kat:3, Licht: 0","238888","3","7","2","07","07","4","","0","0","0","0","0"
"POINT (13.359928808000063 52.447319560000039)","Unfall 238889 (2024) Kat:3, Licht: 0","238889","3","6","3","05","15","3","","0","0","1","0","1"
"POINT (13.388698022000028 52.494177918000048)","Unfall 238890 (2024) Kat:3, Licht: 0","238890","3","2","5","05","13","1","","0","1","1","0","0"
"POINT (13.342744317000040 52.518396757000062)","Unfall 238891 (2024) Kat:3, Licht: 1","238891","3","5","5","05","21","1","","1","0","1","0","1"
"POINT (13.378022659000067 52.466393709000045)","Unfall 238892 (2024) Kat:3, Licht: 0","238892","3","2","5","05","18","1","","0","0","1","0","0"
"POINT (13.449753721000036 52.536991113000056)","Unfall 238893 (2024) Kat:3, Licht: 2","238893","3","6","2","05","01","1","","2","0","1","0","0"
"POINT (13.392404313000043 52.507812817000058)","Unfall 238894 (2024) Kat:3, Licht: 2","238894","3","3","5","05","21","1","","2","0","1","0","0"
"POINT (13.141530476000071 52.533809963000067)","Unfall 238895 (2024) Kat:3, Licht: 2","238895","3","5","0","05","01","1","","2","0","1","0","1"
"POINT (13.185021931000051 52.515628576000040)","Unfall 238896 (2024) Kat:3, Licht: 0","238896","3","6","2","05","15","1","","0","0","1","0","0"
"POINT (13.343259073000070 52.473673216000066)","Unfall 238897 (2024) Kat:3, Licht: 0","238897","3","7","1","05","14","1","","0","0","1","0","0"
"POINT (13.576903252000022 52.421919574000071)","Unfall 238898 (2024) Kat:3, Licht: 0","238898","3","1","0","05","14","1","","0","1","1","0","0"
"POINT (13.260728553000035 52.486938960000032)","Unfall 238899 (2024) Kat:3, Licht: 0","238899","3","3","5","05","10","1","","0","1","1","0","0"
"POINT (13.360196407000046 52.496076138000035)","Unfall 238900 (2024) Kat:3, Licht: 0","238900","3","7","5","05","11","4","","0","1","1","0","0"
"POINT (13.412082241000064 52.537762468000039)","Unfall 238901 (2024) Kat:2, Licht: 2","238901","2","7","0","05","02","1","","2","0","0","0","0"
"POINT (13.650857814000062 52.452917643000035)","Unfall 238902 (2024) Kat:1, Licht: 0","238902","1","4","6","05","11","1","","0","0","0","1","1"
"POINT (13.331870519000063 52.505684071000076)","Unfall 238903 (2024) Kat:3, Licht: 2","238903","3","4","6","05","01","7","","2","0","1","1","0"
"POINT (13.401018298000054 52.530006114000059)","Unfall 238904 (2024) Kat:2, Licht: 2","238904","2","1","0","05","01","7","","2","1","0","0","0"
"POINT (13.360128796000026 52.476525766000066)","Unfall 238905 (2024) Kat:3, Licht: 0","238905","3","1","0","05","15","7","","0","1","0","0","0"
"POINT (13.349597151000069 52.449300836000077)","Unfall 238906 (2024) Kat:3, Licht: 0","238906","3","7","0","05","13","7","","0","0","1","1","0"
"POINT (13.332525429000043 52.506455193000079)","Unfall 238907 (2024) Kat:3, Licht: 2","238907","3","3","5","05","23","7","","2","0","1","0","0"
"POINT (13.443528159000039 52.417677636000064)","Unfall 238908 (2024) Kat:3, Licht: 2","238908","3","3","5","05","20","7","","2","0","1","0","0"
"POINT (13.406788476000031 52.498472662000040)","Unfall 238909 (2024) Kat:3, Licht: 1","238909","3","3","5","05","20","7","","1","1","1","0","0"
"POINT (13.316060770000036 52.441346554000063)","Unfall 238910 (2024) Kat:3, Licht: 0","238910","3","1","0","05","19","7","","0","0","0","0","0"
"POINT (13.292000721000022 52.591553364000049)","Unfall 238911 (2024) Kat:3, Licht: 0","238911","3","5","0","06","16","3","","0","1","1","0","0"
"POINT (13.417356459000075 52.512818902000049)","Unfall 238912 (2024) Kat:3, Licht: 0","238912","3","4","6","05","19","7","","0","0","1","1","0"
"POINT (13.431897229000072 52.485597213000062)","Unfall 238913 (2024) Kat:3, Licht: 0","238913","3","6","2","05","16","7","","0","0","1","0","0"
"POINT (13.487574170000073 52.541547923000053)","Unfall 238914 (2024) Kat:3, Licht: 0","238914","3","6","2","05","16","7","","0","1","1","0","0"
"POINT (13.452350370000033 52.452328080000029)","Unfall 238915 (2024) Kat:3, Licht: 0","238915","3","6","2","05","16","7","","0","0","1","0","0"
"POINT (13.344463957000073 52.504371772000070)","Unfall 238916 (2024) Kat:3, Licht: 2","238916","3","3","5","05","23","7","","2","0","1","0","0"
"POINT (13.370727596000052 52.444870845000082)","Unfall 238917 (2024) Kat:3, Licht: 0","238917","3","2","5","06","18","4","","0","1","1","0","0"
"POINT (13.325576740000031 52.504607509000039)","Unfall 238918 (2024) Kat:3, Licht: 0","238918","3","7","0","05","20","7","","0","0","1","0","1"
"POINT (13.313107876000061 52.499938845000031)","Unfall 238919 (2024) Kat:3, Licht: 0","238919","3","6","2","05","20","7","","0","0","1","0","1"
"POINT (13.623465366000062 52.510366044000079)","Unfall 238920 (2024) Kat:2, Licht: 0","238920","2","3","5","05","18","7","","0","0","1","0","0"
"POINT (13.430720006000058 52.589993489000051)","Unfall 238921 (2024) Kat:3, Licht: 0","238921","3","2","5","05","17","7","","0","1","1","0","0"
"POINT (13.329386741000064 52.562364783000078)","Unfall 238922 (2024) Kat:3, Licht: 0","238922","3","6","3","05","17","7","","0","0","1","0","1"
"POINT (13.318889430000070 52.575977352000052)","Unfall 238923 (2024) Kat:2, Licht: 0","238923","2","3","5","05","15","7","","0","1","0","0","1"
"POINT (13.332433793000064 52.506378181000059)","Unfall 238924 (2024) Kat:3, Licht: 0","238924","3","2","0","05","14","7","","0","0","1","0","0"
"POINT (13.610349244000076 52.534714173000054)","Unfall 238925 (2024) Kat:3, Licht: 0","238925","3","4","6","05","14","7","","0","0","1","1","0"
"POINT (13.637771595000061 52.456452873000046)","Unfall 238926 (2024) Kat:3, Licht: 0","238926","3","3","5","07","17","3","","0","0","1","0","0"
"POINT (13.261177368000062 52.537137662000077)","Unfall 238927 (2024) Kat:3, Licht: 0","238927","3","6","2","05","14","7","","0","0","1","0","0"
"POINT (13.350610712000048 52.439484083000082)","Unfall 238928 (2024) Kat:3, Licht: 1","238928","3","1","1","05","04","7","","1","0","1","0","1"
"POINT (13.402101397000024 52.523648813000079)","Unfall 238929 (2024) Kat:3, Licht: 2","238929","3","1","0","05","01","7","","2","0","0","0","0"
"POINT (13.453616180000040 52.514123113000039)","Unfall 238930 (2024) Kat:3, Licht: 2","238930","3","2","0","05","00","7","","2","0","1","1","0"
"POINT (13.491258977000030 52.469059440000080)","Unfall 238931 (2024) Kat:2, Licht: 2","238931","2","2","5","05","00","7","","2","0","1","0","0"
"POINT (13.263590130000068 52.422051157000055)","Unfall 238932 (2024) Kat:3, Licht: 0","238932","3","1","0","05","14","7","","0","1","0","0","0"
"POINT (13.397878986000023 52.490674444000035)","Unfall 238933 (2024) Kat:3, Licht: 0","238933","3","7","2","05","14","7","","0","1","1","0","0"
"POINT (13.267045856000038 52.444364814000039)","Unfall 238934 (2024) Kat:3, Licht: 0","238934","3","1","1","05","13","7","","0","1","1","0","0"
"POINT (13.256538969000076 52.519580172000076)","Unfall 238935 (2024) Kat:3, Licht: 0","238935","3","5","1","05","13","7","","0","1","1","0","0"
"POINT (13.451904342000034 52.477932179000049)","Unfall 238936 (2024) Kat:3, Licht: 0","238936","3","3","5","05","12","7","","0","0","1","0","0"
"POINT (13.258144897000022 52.518358394000074)","Unfall 238937 (2024) Kat:3, Licht: 0","238937","3","5","1","06","17","5","","0","0","1","0","0"
"POINT (13.470573138000077 52.504359228000055)","Unfall 238938 (2024) Kat:3, Licht: 0","238938","3","6","2","05","11","7","","0","1","1","0","0"
"POINT (13.318069381000043 52.509571067000081)","Unfall 238939 (2024) Kat:3, Licht: 0","238939","3","6","4","05","11","7","","0","0","1","0","0"
"POINT (13.398345458000051 52.538920930000074)","Unfall 238940 (2024) Kat:3, Licht: 0","238940","3","1","0","05","10","7","","0","1","0","0","0"
"POINT (13.285549901000024 52.482888851000041)","Unfall 238941 (2024) Kat:3, Licht: 0","238941","3","3","5","05","11","7","","0","0","1","0","0"
"POINT (13.418276872000035 52.462587333000045)","Unfall 238942 (2024) Kat:3, Licht: 0","238942","3","6","2","05","10","7","","0","0","1","0","0"
"POINT (13.333001792000061 52.595479590000082)","Unfall 238943 (2024) Kat:3, Licht: 0","238943","3","2","2","05","10","7","","0","0","1","0","1"
"POINT (13.439701900000045 52.552052114000048)","Unfall 238944 (2024) Kat:2, Licht: 0","238944","2","1","0","05","09","7","","0","0","0","0","1"
"POINT (13.431134988000053 52.593071711000050)","Unfall 238945 (2024) Kat:3, Licht: 0","238945","3","6","2","05","07","7","","0","0","1","0","0"
"POINT (13.301406054000040 52.495074842000065)","Unfall 238946 (2024) Kat:2, Licht: 1","238946","2","1","1","05","06","7","","1","0","1","0","0"
"POINT (13.500056140000027 52.518093797000063)","Unfall 238947 (2024) Kat:2, Licht: 0","238947","2","5","1","05","05","7","","0","1","1","0","0"
"POINT (13.499694633000047 52.526365136000038)","Unfall 238948 (2024) Kat:3, Licht: 0","238948","3","6","3","05","14","6","","0","1","0","0","0"
"POINT (13.339619338000034 52.450846206000051)","Unfall 238949 (2024) Kat:3, Licht: 0","238949","3","5","1","05","12","6","","0","1","0","0","0"
"POINT (13.307197856000073 52.505678393000039)","Unfall 238950 (2024) Kat:3, Licht: 2","238950","3","3","5","05","23","6","","2","1","1","0","0"
"POINT (13.240059121000058 52.511732542000061)","Unfall 238951 (2024) Kat:2, Licht: 2","238951","2","4","6","05","22","6","","2","0","1","1","0"
"POINT (13.430337407000025 52.492731192000065)","Unfall 238952 (2024) Kat:3, Licht: 0","238952","3","2","0","07","17","1","","0","1","1","0","0"
"POINT (13.389467428000046 52.495948331000079)","Unfall 238953 (2024) Kat:3, Licht: 2","238953","3","2","6","05","22","6","","2","0","1","1","0"
"POINT (13.309454635000066 52.492335573000048)","Unfall 238954 (2024) Kat:3, Licht: 2","238954","3","7","6","05","22","6","","2","0","1","1","0"
"POINT (13.384405416000050 52.555975647000082)","Unfall 238955 (2024) Kat:2, Licht: 0","238955","2","2","5","05","18","6","","0","0","1","1","0"
"POINT (13.400109867000026 52.509589589000029)","Unfall 238956 (2024) Kat:3, Licht: 0","238956","3","3","5","05","17","6","","0","0","1","0","1"
"POINT (13.526575867000076 52.425681016000055)","Unfall 238957 (2024) Kat:3, Licht: 0","238957","3","7","0","05","17","6","","0","1","0","0","0"
"POINT (13.211998801000050 52.551194171000077)","Unfall 238958 (2024) Kat:3, Licht: 0","238958","3","3","5","05","17","6","","0","1","1","0","0"
"POINT (13.346056169000065 52.544856168000081)","Unfall 238959 (2024) Kat:3, Licht: 0","238959","3","2","5","05","17","6","","0","0","1","0","0"
"POINT (13.514343754000038 52.468508868000072)","Unfall 238960 (2024) Kat:3, Licht: 0","238960","3","6","2","05","17","6","","0","0","1","0","0"
"POINT (13.471183164000024 52.505313432000037)","Unfall 238961 (2024) Kat:3, Licht: 0","238961","3","6","2","05","16","6","","0","1","1","0","0"
"POINT (13.218647158000067 52.560262550000061)","Unfall 238962 (2024) Kat:3, Licht: 0","238962","3","1","8","05","16","6","","0","0","1","0","0"
"POINT (13.292299922000041 52.589528102000031)","Unfall 238963 (2024) Kat:3, Licht: 0","238963","3","7","5","05","16","6","","0","1","1","0","0"
"POINT (13.188856104000024 52.536275835000026)","Unfall 238964 (2024) Kat:3, Licht: 0","238964","3","6","4","06","15","7","","0","1","1","0","0"
"POINT (13.361620078000044 52.553487356000062)","Unfall 238965 (2024) Kat:3, Licht: 0","238965","3","3","5","05","16","6","","0","0","1","0","0"
"POINT (13.352148231000058 52.505528824000066)","Unfall 238966 (2024) Kat:3, Licht: 0","238966","3","3","5","05","15","6","","0","0","1","0","1"
"POINT (13.306772601000034 52.555628456000079)","Unfall 238967 (2024) Kat:3, Licht: 0","238967","3","4","6","05","15","6","","0","0","1","1","0"
"POINT (13.490070459000037 52.523080906000075)","Unfall 238968 (2024) Kat:3, Licht: 0","238968","3","2","5","06","05","6","","0","0","1","0","1"
"POINT (13.327266748000056 52.532748547000040)","Unfall 238969 (2024) Kat:3, Licht: 0","238969","3","4","6","05","15","6","","0","0","1","1","0"
"POINT (13.398833983000031 52.570605356000044)","Unfall 238970 (2024) Kat:3, Licht: 0","238970","3","2","5","05","14","6","","0","0","1","0","0"
"POINT (13.473772809000025 52.474990424000055)","Unfall 238971 (2024) Kat:2, Licht: 1","238971","2","2","5","06","21","7","","1","0","1","0","1"
"POINT (13.326451034000058 52.537082296000051)","Unfall 238972 (2024) Kat:3, Licht: 0","238972","3","2","5","05","14","6","","0","0","1","0","0"
"POINT (13.207592182000042 52.528650049000078)","Unfall 238973 (2024) Kat:3, Licht: 0","238973","3","6","2","05","14","6","","0","0","1","0","0"
"POINT (13.424860329000069 52.481982756000036)","Unfall 238974 (2024) Kat:3, Licht: 0","238974","3","6","2","05","14","6","","0","0","1","0","1"
"POINT (13.504069761000039 52.546499732000029)","Unfall 238975 (2024) Kat:3, Licht: 0","238975","3","3","5","05","14","6","","0","0","1","0","0"
"POINT (13.422145989000057 52.493081434000032)","Unfall 238976 (2024) Kat:3, Licht: 0","238976","3","3","5","05","13","6","","0","1","1","0","0"
"POINT (13.315213005000032 52.490769878000037)","Unfall 238977 (2024) Kat:3, Licht: 0","238977","3","2","5","05","13","6","","0","0","1","0","0"
"POINT (13.499456182000074 52.522887590000039)","Unfall 238978 (2024) Kat:2, Licht: 0","238978","2","3","5","05","12","6","","0","0","1","0","1"
"POINT (13.415713453000023 52.572931254000082)","Unfall 238979 (2024) Kat:3, Licht: 0","238979","3","2","5","05","10","6","","0","1","1","0","0"
"POINT (13.432140076000053 52.466071667000051)","Unfall 238980 (2024) Kat:3, Licht: 0","238980","3","6","3","05","11","6","","0","0","1","0","1"
"POINT (13.175669916000061 52.539890981000042)","Unfall 238981 (2024) Kat:3, Licht: 0","238981","3","7","6","05","09","6","","0","0","0","1","0"
"POINT (13.398087249000071 52.584826319000058)","Unfall 238982 (2024) Kat:3, Licht: 0","238982","3","3","5","05","10","6","","0","0","1","0","0"
"POINT (13.478613422000024 52.425587947000054)","Unfall 238983 (2024) Kat:3, Licht: 0","238983","3","6","2","05","11","6","","0","0","1","0","0"
"POINT (13.423589002000028 52.501267877000032)","Unfall 238984 (2024) Kat:3, Licht: 0","238984","3","3","5","05","11","6","","0","1","1","0","0"
"POINT (13.366548808000061 52.449759557000050)","Unfall 238985 (2024) Kat:2, Licht: 0","238985","2","6","2","05","08","6","","0","0","1","0","1"
"POINT (13.468439691000071 52.562146502000076)","Unfall 238986 (2024) Kat:3, Licht: 0","238986","3","2","5","05","08","6","","0","0","1","0","0"
"POINT (13.600378313000022 52.526516497000046)","Unfall 238987 (2024) Kat:3, Licht: 0","238987","3","3","5","05","08","6","","0","0","1","0","0"
"POINT (13.277861648000055 52.572849836000046)","Unfall 238988 (2024) Kat:3, Licht: 0","238988","3","3","5","05","08","6","","0","0","1","0","0"
"POINT (13.458902964000060 52.520507628000075)","Unfall 238989 (2024) Kat:2, Licht: 0","238989","2","3","5","05","08","6","","0","1","1","0","0"
"POINT (13.381814771000052 52.396952374000080)","Unfall 238990 (2024) Kat:3, Licht: 0","238990","3","7","5","06","17","7","","0","0","1","0","1"
"POINT (13.559944429000041 52.442118330000028)","Unfall 238991 (2024) Kat:3, Licht: 0","238991","3","3","5","06","12","5","","0","0","0","0","0"
"POINT (13.184110671000042 52.514641275000031)","Unfall 238992 (2024) Kat:3, Licht: 0","238992","3","6","2","05","07","6","","0","0","1","0","0"
"POINT (13.490013780000027 52.565421222000055)","Unfall 238993 (2024) Kat:3, Licht: 0","238993","3","7","0","05","07","6","","0","1","0","0","0"
"POINT (13.578989410000077 52.443658020000044)","Unfall 238994 (2024) Kat:3, Licht: 0","238994","3","2","5","05","07","6","","0","1","1","0","0"
"POINT (13.337526475000061 52.558639873000061)","Unfall 238995 (2024) Kat:3, Licht: 0","238995","3","3","5","05","06","6","","0","0","1","0","0"
"POINT (13.349566060000029 52.499876788000051)","Unfall 238996 (2024) Kat:3, Licht: 0","238996","3","4","6","05","19","6","","0","1","0","1","0"
"POINT (13.285702440000023 52.495115045000034)","Unfall 238997 (2024) Kat:3, Licht: 2","238997","3","3","5","05","01","6","","2","0","1","0","0"
"POINT (13.394652780000058 52.492335929000035)","Unfall 238998 (2024) Kat:3, Licht: 0","238998","3","6","2","05","14","6","","0","0","0","0","0"
"POINT (13.482755916000031 52.500010449000058)","Unfall 238999 (2024) Kat:3, Licht: 0","238999","3","3","5","05","10","5","","0","1","0","0","0"
"POINT (13.442205685000033 52.500932939000052)","Unfall 239000 (2024) Kat:3, Licht: 2","239000","3","6","3","05","22","5","","2","1","1","0","0"
"POINT (13.432700638000028 52.517228160000059)","Unfall 239001 (2024) Kat:3, Licht: 2","239001","3","2","5","05","21","5","","2","1","1","0","0"
"POINT (13.383112584000060 52.493710489000080)","Unfall 239002 (2024) Kat:3, Licht: 0","239002","3","1","1","05","20","5","","0","0","1","0","1"
"POINT (13.313392564000026 52.515166943000054)","Unfall 239003 (2024) Kat:3, Licht: 0","239003","3","2","5","05","17","5","","0","1","1","0","0"
"POINT (13.330532130000051 52.571253428000034)","Unfall 239004 (2024) Kat:3, Licht: 0","239004","3","7","5","05","15","5","","0","0","1","0","0"
"POINT (13.395494675000066 52.497787475000052)","Unfall 239005 (2024) Kat:3, Licht: 0","239005","3","2","5","05","15","5","","0","1","1","0","0"
"POINT (13.245533136000063 52.421587283000065)","Unfall 239006 (2024) Kat:3, Licht: 0","239006","3","2","5","05","12","5","","0","0","1","0","1"
"POINT (13.547252087000061 52.556368043000077)","Unfall 239007 (2024) Kat:3, Licht: 0","239007","3","3","5","07","07","4","","0","1","0","0","0"
"POINT (13.328129743000034 52.464680431000033)","Unfall 239008 (2024) Kat:3, Licht: 0","239008","3","6","3","05","12","5","","0","1","0","0","0"
"POINT (13.347893656000053 52.541107067000041)","Unfall 239009 (2024) Kat:2, Licht: 0","239009","2","6","6","05","11","5","","0","1","0","1","0"
"POINT (13.293683939000061 52.491188103000070)","Unfall 239010 (2024) Kat:3, Licht: 0","239010","3","3","5","05","08","5","","0","0","1","0","0"
"POINT (13.443254668000066 52.548875129000066)","Unfall 239011 (2024) Kat:3, Licht: 0","239011","3","3","5","05","07","5","","0","0","1","0","0"
"POINT (13.550887129000046 52.429041602000041)","Unfall 239012 (2024) Kat:3, Licht: 0","239012","3","2","5","05","06","5","","0","1","1","0","0"
"POINT (13.383581851000031 52.551181504000056)","Unfall 239013 (2024) Kat:3, Licht: 0","239013","3","5","1","05","12","5","","0","1","1","0","0"
"POINT (13.418883455000071 52.544892286000049)","Unfall 239014 (2024) Kat:3, Licht: 0","239014","3","5","1","05","11","7","","0","1","1","0","0"
"POINT (13.465192904000048 52.498219928000026)","Unfall 239015 (2024) Kat:2, Licht: 2","239015","2","1","8","05","23","5","","2","0","0","0","1"
"POINT (13.399591348000058 52.508900296000036)","Unfall 239016 (2024) Kat:3, Licht: 2","239016","3","3","2","06","23","6","","2","0","1","0","0"
"POINT (13.350290568000048 52.502939554000079)","Unfall 239017 (2024) Kat:3, Licht: 0","239017","3","5","1","05","16","5","","0","1","1","0","0"
"POINT (13.527950646000022 52.557120096000062)","Unfall 239018 (2024) Kat:2, Licht: 0","239018","2","6","2","07","07","4","","0","0","1","0","0"
"POINT (13.545271715000069 52.425700810000080)","Unfall 239019 (2024) Kat:3, Licht: 0","239019","3","2","5","05","15","5","","0","1","1","0","0"
"POINT (13.636973937000050 52.451920964000067)","Unfall 239020 (2024) Kat:3, Licht: 0","239020","3","5","1","05","15","5","","0","1","1","0","0"
"POINT (13.473923075000073 52.425711157000080)","Unfall 239021 (2024) Kat:3, Licht: 0","239021","3","2","5","05","14","5","","0","1","1","0","0"
"POINT (13.302109669000060 52.488421286000062)","Unfall 239022 (2024) Kat:3, Licht: 0","239022","3","2","5","05","12","5","","0","0","1","0","1"
"POINT (13.397191805000034 52.586807219000036)","Unfall 239023 (2024) Kat:3, Licht: 0","239023","3","3","5","05","12","5","","0","0","1","0","0"
"POINT (13.461975431000042 52.564727682000068)","Unfall 239024 (2024) Kat:3, Licht: 0","239024","3","3","5","05","11","5","","0","1","1","0","0"
"POINT (13.442317183000057 52.498505550000061)","Unfall 239025 (2024) Kat:3, Licht: 0","239025","3","2","6","05","09","5","","0","0","1","1","0"
"POINT (13.376136407000047 52.528547659000026)","Unfall 239026 (2024) Kat:3, Licht: 0","239026","3","1","0","05","08","5","","0","1","1","0","0"
"POINT (13.385971661000042 52.528225440000028)","Unfall 239027 (2024) Kat:2, Licht: 0","239027","2","1","0","05","18","5","","0","1","0","0","0"
"POINT (13.521571152000035 52.525746597000079)","Unfall 239028 (2024) Kat:3, Licht: 0","239028","3","3","5","05","17","5","","0","0","1","0","0"
"POINT (13.276678696000033 52.483351535000054)","Unfall 239029 (2024) Kat:3, Licht: 0","239029","3","3","5","05","16","5","","0","0","1","0","0"
"POINT (13.357056007000040 52.498901350000040)","Unfall 239030 (2024) Kat:2, Licht: 0","239030","2","4","6","05","16","5","","0","0","1","1","0"
"POINT (13.312671395000052 52.499256338000066)","Unfall 239031 (2024) Kat:3, Licht: 0","239031","3","2","5","07","09","2","","0","1","1","0","0"
"POINT (13.372352332000048 52.455589643000053)","Unfall 239032 (2024) Kat:3, Licht: 0","239032","3","3","5","05","14","5","","0","0","1","0","0"
"POINT (13.428664320000053 52.518852337000055)","Unfall 239033 (2024) Kat:3, Licht: 0","239033","3","2","5","06","09","7","","0","0","1","0","1"
"POINT (13.399720547000072 52.382795970000075)","Unfall 239034 (2024) Kat:2, Licht: 0","239034","2","5","1","05","13","5","","0","1","1","0","0"
"POINT (13.289606092000042 52.506682108000064)","Unfall 239035 (2024) Kat:3, Licht: 0","239035","3","6","2","05","10","5","","0","0","1","0","0"
"POINT (13.429998595000029 52.552951507000046)","Unfall 239036 (2024) Kat:3, Licht: 0","239036","3","2","5","05","09","5","","0","1","0","0","0"
"POINT (13.358952695000028 52.565968967000060)","Unfall 239037 (2024) Kat:3, Licht: 0","239037","3","3","5","05","07","5","","0","1","1","0","0"
"POINT (13.363916847000041 52.557927099000040)","Unfall 239038 (2024) Kat:3, Licht: 2","239038","3","1","0","05","01","5","","2","1","0","0","0"
"POINT (13.321612386000027 52.565586087000042)","Unfall 239039 (2024) Kat:3, Licht: 0","239039","3","2","2","05","09","4","","0","0","0","0","0"
"POINT (13.278441200000032 52.473306449000063)","Unfall 239040 (2024) Kat:3, Licht: 0","239040","3","3","5","05","09","4","","0","0","1","0","0"
"POINT (13.464718448000042 52.497374034000075)","Unfall 239041 (2024) Kat:3, Licht: 2","239041","3","3","5","05","23","4","","2","0","1","0","0"
"POINT (13.410968804000049 52.509813726000061)","Unfall 239042 (2024) Kat:3, Licht: 2","239042","3","7","1","05","22","4","","2","0","1","0","0"
"POINT (13.319260347000068 52.501494637000064)","Unfall 239043 (2024) Kat:3, Licht: 2","239043","3","3","5","06","23","4","","2","1","1","0","0"
"POINT (13.309760751000056 52.431239762000075)","Unfall 239044 (2024) Kat:3, Licht: 2","239044","3","1","0","05","21","4","","2","0","0","0","1"
"POINT (13.347554452000054 52.467398440000068)","Unfall 239045 (2024) Kat:3, Licht: 0","239045","3","5","1","05","16","4","","0","0","1","0","0"
"POINT (13.601728790000038 52.535785996000072)","Unfall 239046 (2024) Kat:3, Licht: 0","239046","3","3","5","05","15","4","","0","1","1","0","0"
"POINT (13.267477610000071 52.408262080000043)","Unfall 239047 (2024) Kat:2, Licht: 0","239047","2","2","5","05","11","4","","0","1","1","0","0"
"POINT (13.343822232000036 52.613499779000051)","Unfall 239048 (2024) Kat:3, Licht: 0","239048","3","6","2","05","10","4","","0","0","1","0","0"
"POINT (13.306439354000076 52.517339804000073)","Unfall 239049 (2024) Kat:3, Licht: 0","239049","3","2","5","05","08","4","","0","1","1","0","0"
"POINT (13.429062673000033 52.491364938000061)","Unfall 239050 (2024) Kat:3, Licht: 2","239050","3","7","0","05","00","4","","2","0","0","0","1"
"POINT (13.366498626000066 52.417591169000048)","Unfall 239051 (2024) Kat:3, Licht: 2","239051","3","1","8","05","23","4","","2","0","0","0","0"
"POINT (13.455745485000023 52.465532116000077)","Unfall 239052 (2024) Kat:3, Licht: 0","239052","3","6","2","05","17","4","","0","0","1","0","0"
"POINT (13.551700022000034 52.428508850000071)","Unfall 239053 (2024) Kat:3, Licht: 0","239053","3","2","5","05","17","4","","0","1","1","0","0"
"POINT (13.291265913000075 52.497126537000042)","Unfall 239054 (2024) Kat:3, Licht: 0","239054","3","2","5","06","15","7","","0","1","1","0","0"
"POINT (13.262629996000044 52.451582770000073)","Unfall 239055 (2024) Kat:3, Licht: 0","239055","3","3","5","05","17","4","","0","0","1","0","1"
"POINT (13.398188182000069 52.545817588000034)","Unfall 239056 (2024) Kat:3, Licht: 2","239056","3","5","2","05","23","4","","2","0","1","0","0"
"POINT (13.435030443000073 52.435296941000047)","Unfall 239057 (2024) Kat:3, Licht: 0","239057","3","7","5","06","09","2","","0","0","1","0","0"
"POINT (13.220999291000055 52.536830671000075)","Unfall 239058 (2024) Kat:2, Licht: 0","239058","2","2","5","05","17","4","","0","1","1","0","0"
"POINT (13.267713610000044 52.407075722000059)","Unfall 239059 (2024) Kat:3, Licht: 0","239059","3","6","2","05","15","4","","0","0","1","0","0"
"POINT (13.414541041000064 52.501952929000026)","Unfall 239060 (2024) Kat:3, Licht: 0","239060","3","7","1","05","17","4","","0","0","1","0","0"
"POINT (13.398501318000058 52.592420437000044)","Unfall 239061 (2024) Kat:3, Licht: 0","239061","3","3","5","05","16","4","","0","0","0","0","0"
"POINT (13.464802382000073 52.470251319000056)","Unfall 239062 (2024) Kat:3, Licht: 0","239062","3","3","0","05","14","4","","0","0","1","0","0"
"POINT (13.358014730000036 52.592562866000037)","Unfall 239063 (2024) Kat:3, Licht: 0","239063","3","1","0","05","14","4","","0","0","0","0","1"
"POINT (13.376403043000039 52.434015395000074)","Unfall 239064 (2024) Kat:3, Licht: 0","239064","3","5","1","06","18","1","","0","0","1","0","0"