WKT,Name,OBJECTID,UKATEGORIE,UTYP1,UART,UMONAT,USTUNDE,UWOCHENTAG,STRZUSTAND,ULICHTVERH,ISTRAD,ISTPKW,ISTFUSS,ISTKRAD
"POINT (13.569832874000042 52.441792071000066)","Unfall 239065 (2024) Kat:3, Licht: 0","239065","3","2","5","06","15","5","","0","1","1","0","0"
"POINT (13.351758699000072 52.507522700000038)","Unfall 239066 (2024) Kat:3, Licht: 0","239066","3","6","3","05","11","4","","0","0","1","0","0"
"POINT (13.496083601000066 52.560166671000047)","Unfall 239067 (2024) Kat:3, Licht: 0","239067","3","4","6","05","10","4","","0","1","0","1","0"
"POINT (13.402114563000055 52.565597171000036)","Unfall 239068 (2024) Kat:3, Licht: 0","239068","3","5","1","05","09","6","","0","1","1","0","0"
"POINT (13.410424783000053 52.551073586000030)","Unfall 239069 (2024) Kat:3, Licht: 0","239069","3","7","0","05","09","4","","0","1","1","0","0"
"POINT (13.526800091000041 52.515761020000070)","Unfall 239070 (2024) Kat:2, Licht: 0","239070","2","7","0","05","09","4","","0","0","1","0","0"
"POINT (13.395685519000040 52.529084031000082)","Unfall 239071 (2024) Kat:2, Licht: 0","239071","2","1","0","06","14","6","","0","1","0","0","0"
"POINT (13.554817746000026 52.455634957000029)","Unfall 239072 (2024) Kat:3, Licht: 0","239072","3","3","5","05","08","4","","0","1","1","0","0"
"POINT (13.352146843000071 52.505383709000057)","Unfall 239073 (2024) Kat:2, Licht: 0","239073","2","6","2","05","14","7","","0","0","0","0","1"
"POINT (13.503511382000056 52.411729717000071)","Unfall 239074 (2024) Kat:3, Licht: 0","239074","3","3","5","05","06","4","","0","0","1","0","0"
"POINT (13.247132834000070 52.538311057000044)","Unfall 239075 (2024) Kat:2, Licht: 0","239075","2","7","5","05","06","4","","0","0","1","0","1"
"POINT (13.477636994000022 52.571780705000037)","Unfall 239076 (2024) Kat:3, Licht: 1","239076","3","7","7","05","04","4","","1","0","0","0","1"
"POINT (13.388393396000026 52.492906229000027)","Unfall 239077 (2024) Kat:3, Licht: 2","239077","3","6","3","07","02","1","","2","0","1","0","0"
"POINT (13.349704923000047 52.503073563000044)","Unfall 239078 (2024) Kat:3, Licht: 0","239078","3","2","5","05","07","4","","0","0","1","0","0"
"POINT (13.344218043000069 52.546173915000054)","Unfall 239079 (2024) Kat:3, Licht: 0","239079","3","2","5","05","14","4","","0","0","1","0","0"
"POINT (13.464392649000047 52.470221386000048)","Unfall 239080 (2024) Kat:3, Licht: 0","239080","3","2","5","06","16","3","","0","1","1","0","0"
"POINT (13.332047089000071 52.506248259000074)","Unfall 239081 (2024) Kat:3, Licht: 0","239081","3","7","6","05","10","3","","0","0","1","1","0"
"POINT (13.371892031000073 52.509043599000051)","Unfall 239082 (2024) Kat:3, Licht: 0","239082","3","2","5","06","15","6","","0","1","1","0","0"
"POINT (13.326784618000033 52.519675409000058)","Unfall 239083 (2024) Kat:3, Licht: 0","239083","3","5","1","05","07","3","","0","1","1","0","0"
"POINT (13.370463000000029 52.545317657000055)","Unfall 239084 (2024) Kat:3, Licht: 2","239084","3","2","5","05","23","3","","2","0","1","0","0"
"POINT (13.415493957000024 52.511239575000047)","Unfall 239085 (2024) Kat:3, Licht: 0","239085","3","6","2","05","18","3","","0","1","1","0","0"
"POINT (13.301303445000030 52.438799308000057)","Unfall 239086 (2024) Kat:3, Licht: 0","239086","3","6","2","05","08","3","","0","0","1","0","0"
"POINT (13.188249641000027 52.534317153000075)","Unfall 239087 (2024) Kat:3, Licht: 0","239087","3","6","0","06","09","5","","0","0","1","0","0"
"POINT (13.589093555000034 52.517575399000066)","Unfall 239088 (2024) Kat:3, Licht: 0","239088","3","2","5","05","11","3","","0","0","1","0","0"
"POINT (13.270149277000030 52.442392348000055)","Unfall 239089 (2024) Kat:3, Licht: 0","239089","3","2","6","05","16","3","","0","0","1","1","0"
"POINT (13.150517118000039 52.522961909000060)","Unfall 239090 (2024) Kat:3, Licht: 0","239090","3","2","5","05","19","3","","0","1","1","0","0"
"POINT (13.449404620000053 52.507894415000067)","Unfall 239091 (2024) Kat:3, Licht: 0","239091","3","7","5","05","18","3","","0","1","1","0","0"
"POINT (13.456253914000058 52.560143474000029)","Unfall 239092 (2024) Kat:2, Licht: 0","239092","2","3","5","05","17","3","","0","0","1","0","0"
"POINT (13.431257815000038 52.544058103000054)","Unfall 239093 (2024) Kat:3, Licht: 0","239093","3","5","1","05","14","3","","0","1","1","0","0"
"POINT (13.294298975000061 52.534340636000081)","Unfall 239094 (2024) Kat:3, Licht: 0","239094","3","6","3","06","11","5","","0","0","1","0","0"
"POINT (13.440958098000067 52.482327799000075)","Unfall 239095 (2024) Kat:3, Licht: 0","239095","3","2","5","05","14","3","","0","1","0","0","0"
"POINT (13.516302250000024 52.536551594000059)","Unfall 239096 (2024) Kat:3, Licht: 0","239096","3","6","2","05","13","3","","0","0","1","0","0"
"POINT (13.405775021000068 52.514031701000079)","Unfall 239097 (2024) Kat:3, Licht: 0","239097","3","2","5","05","10","3","","0","1","0","0","0"
"POINT (13.259305562000065 52.432746853000026)","Unfall 239098 (2024) Kat:3, Licht: 0","239098","3","6","0","06","17","3","","0","0","1","0","0"
"POINT (13.470836571000063 52.505672096000069)","Unfall 239099 (2024) Kat:2, Licht: 0","239099","2","2","5","05","09","3","","0","1","0","0","1"
"POINT (13.522473617000060 52.462021776000029)","Unfall 239100 (2024) Kat:3, Licht: 0","239100","3","3","5","05","06","3","","0","1","1","0","0"
"POINT (13.414154669000027 52.498580585000070)","Unfall 239101 (2024) Kat:3, Licht: 0","239101","3","3","5","05","07","3","","0","1","1","0","0"
"POINT (13.440614737000033 52.517033638000044)","Unfall 239102 (2024) Kat:3, Licht: 0","239102","3","2","5","05","07","3","","0","1","1","0","0"
"POINT (13.366682353000044 52.557293094000045)","Unfall 239103 (2024) Kat:3, Licht: 0","239103","3","3","5","05","07","3","","0","1","1","0","0"
"POINT (13.445351581000068 52.452449893000050)","Unfall 239104 (2024) Kat:3, Licht: 0","239104","3","6","3","05","13","3","","0","0","1","0","0"
"POINT (13.200780869000027 52.538499332000072)","Unfall 239105 (2024) Kat:2, Licht: 0","239105","2","2","5","05","08","3","","0","0","1","0","0"
"POINT (13.365492967000023 52.497396246000051)","Unfall 239106 (2024) Kat:3, Licht: 0","239106","3","3","5","05","18","3","","0","1","1","0","0"
"POINT (13.405980377000049 52.531306529000062)","Unfall 239107 (2024) Kat:3, Licht: 0","239107","3","6","2","05","14","4","","0","1","1","0","0"
"POINT (13.412925750000056 52.546769607000044)","Unfall 239108 (2024) Kat:3, Licht: 2","239108","3","2","5","05","23","3","","2","1","1","0","0"
"POINT (13.464398362000054 52.509906180000030)","Unfall 239109 (2024) Kat:3, Licht: 0","239109","3","3","2","05","19","3","","0","0","1","0","0"
"POINT (13.420905707000031 52.503186464000066)","Unfall 239110 (2024) Kat:2, Licht: 0","239110","2","4","6","05","17","3","","0","0","1","1","0"
"POINT (13.359425595000062 52.561966292000079)","Unfall 239111 (2024) Kat:2, Licht: 0","239111","2","5","1","05","16","3","","0","0","1","0","0"
"POINT (13.428084655000077 52.473415468000042)","Unfall 239112 (2024) Kat:3, Licht: 0","239112","3","2","5","05","15","3","","0","0","0","0","1"
"POINT (13.382287390000045 52.504458021000062)","Unfall 239113 (2024) Kat:3, Licht: 0","239113","3","6","3","05","15","3","","0","0","1","0","1"
"POINT (13.507541005000064 52.463301443000034)","Unfall 239114 (2024) Kat:3, Licht: 0","239114","3","3","5","05","15","3","","0","1","1","0","0"
"POINT (13.352962508000076 52.484349272000031)","Unfall 239115 (2024) Kat:3, Licht: 0","239115","3","2","5","06","15","5","","0","1","1","0","0"
"POINT (13.446839388000058 52.553465446000075)","Unfall 239116 (2024) Kat:2, Licht: 0","239116","2","6","4","05","11","3","","0","0","1","0","0"
"POINT (13.375050051000073 52.437003246000074)","Unfall 239117 (2024) Kat:3, Licht: 0","239117","3","3","5","05","11","3","","0","0","0","0","1"
"POINT (13.348429820000035 52.524687353000047)","Unfall 239118 (2024) Kat:3, Licht: 0","239118","3","6","3","05","08","3","","0","0","1","0","0"
"POINT (13.495344782000075 52.642177889000038)","Unfall 239119 (2024) Kat:3, Licht: 0","239119","3","2","5","06","12","5","","0","0","1","0","1"
"POINT (13.556014151000056 52.425594016000048)","Unfall 239120 (2024) Kat:2, Licht: 0","239120","2","1","9","05","07","3","","0","0","0","0","1"
"POINT (13.312612582000042 52.468510775000027)","Unfall 239121 (2024) Kat:3, Licht: 0","239121","3","5","1","06","14","7","","0","1","1","0","0"
"POINT (13.317515172000071 52.430945785000063)","Unfall 239122 (2024) Kat:3, Licht: 2","239122","3","1","8","05","23","3","","2","0","1","0","0"
"POINT (13.217535867000038 52.560413288000063)","Unfall 239123 (2024) Kat:3, Licht: 0","239123","3","6","2","05","19","3","","0","0","1","0","0"
"POINT (13.332808943000032 52.472478650000028)","Unfall 239124 (2024) Kat:3, Licht: 0","239124","3","3","5","06","07","5","","0","1","1","0","0"
"POINT (13.329136270000049 52.507625804000043)","Unfall 239125 (2024) Kat:3, Licht: 0","239125","3","6","3","05","18","3","","0","0","1","0","0"
"POINT (13.446742061000066 52.486687089000043)","Unfall 239126 (2024) Kat:3, Licht: 0","239126","3","4","6","05","18","3","","0","1","0","1","0"
"POINT (13.198842661000072 52.532885045000057)","Unfall 239127 (2024) Kat:3, Licht: 0","239127","3","4","6","05","16","3","","0","0","1","1","0"
"POINT (13.319111693000025 52.499563076000072)","Unfall 239128 (2024) Kat:3, Licht: 0","239128","3","4","6","05","13","3","","0","0","1","1","0"
"POINT (13.192131199000073 52.534128768000073)","Unfall 239129 (2024) Kat:3, Licht: 0","239129","3","1","0","05","13","3","","0","0","0","0","1"
"POINT (13.526710562000062 52.428799008000055)","Unfall 239130 (2024) Kat:3, Licht: 0","239130","3","2","5","06","12","6","","0","0","1","0","1"
"POINT (13.376883411000051 52.510768610000071)","Unfall 239131 (2024) Kat:3, Licht: 0","239131","3","2","5","05","11","3","","0","1","0","0","0"
"POINT (13.171934011000076 52.540862137000033)","Unfall 239132 (2024) Kat:3, Licht: 0","239132","3","2","5","05","10","3","","0","0","1","0","1"
"POINT (13.302860129000067 52.505538480000041)","Unfall 239133 (2024) Kat:2, Licht: 0","239133","2","6","3","05","10","3","","0","0","1","0","1"
"POINT (13.419604259000039 52.506137237000075)","Unfall 239134 (2024) Kat:2, Licht: 0","239134","2","2","5","05","08","3","","0","1","0","0","0"
"POINT (13.419267880000064 52.501241414000049)","Unfall 239135 (2024) Kat:3, Licht: 0","239135","3","6","2","06","12","4","","0","0","0","0","1"
"POINT (13.353808698000023 52.500420471000041)","Unfall 239136 (2024) Kat:3, Licht: 0","239136","3","6","2","05","08","3","","0","0","1","0","0"
"POINT (13.410408024000048 52.456037318000028)","Unfall 239137 (2024) Kat:2, Licht: 2","239137","2","1","0","05","00","3","","2","0","0","0","1"
"POINT (13.179043566000075 52.478706200000033)","Unfall 239138 (2024) Kat:3, Licht: 0","239138","3","6","3","05","10","2","","0","1","1","0","0"
"POINT (13.440302266000060 52.419342790000030)","Unfall 239139 (2024) Kat:3, Licht: 0","239139","3","3","5","05","16","2","","0","1","1","0","0"
"POINT (13.514432419000059 52.468464406000066)","Unfall 239140 (2024) Kat:3, Licht: 0","239140","3","3","0","05","16","2","","0","1","1","0","0"
"POINT (13.308197351000047 52.488707429000044)","Unfall 239141 (2024) Kat:3, Licht: 0","239141","3","6","2","05","15","2","","0","0","1","0","0"
"POINT (13.476005102000045 52.533031273000063)","Unfall 239142 (2024) Kat:3, Licht: 2","239142","3","7","0","06","21","5","","2","0","1","0","0"
"POINT (13.414962255000034 52.520526558000029)","Unfall 239143 (2024) Kat:3, Licht: 0","239143","3","1","0","05","14","2","","0","0","0","0","1"
"POINT (13.504871763000040 52.563266044000045)","Unfall 239144 (2024) Kat:3, Licht: 0","239144","3","2","0","05","14","2","","0","1","1","0","0"
"POINT (13.415129238000077 52.521019286000069)","Unfall 239145 (2024) Kat:3, Licht: 0","239145","3","7","0","05","13","2","","0","1","0","0","0"
"POINT (13.512254787000074 52.470747752000079)","Unfall 239146 (2024) Kat:2, Licht: 0","239146","2","7","5","05","12","2","","0","0","1","0","1"
"POINT (13.526680145000057 52.428794328000038)","Unfall 239147 (2024) Kat:3, Licht: 0","239147","3","2","5","05","10","2","","0","0","1","0","0"
"POINT (13.332677613000044 52.576965064000035)","Unfall 239148 (2024) Kat:2, Licht: 0","239148","2","5","1","05","09","2","","0","0","1","0","0"
"POINT (13.203386736000027 52.548620398000082)","Unfall 239149 (2024) Kat:3, Licht: 2","239149","3","5","1","05","21","2","","2","0","1","0","1"
"POINT (13.374255515000073 52.537430336000057)","Unfall 239150 (2024) Kat:3, Licht: 2","239150","3","5","1","05","22","2","","2","1","1","0","0"
"POINT (13.432901826000034 52.509112652000056)","Unfall 239151 (2024) Kat:3, Licht: 2","239151","3","7","0","05","23","2","","2","0","0","0","0"
"POINT (13.458233090000022 52.517605292000042)","Unfall 239152 (2024) Kat:3, Licht: 0","239152","3","3","5","05","18","2","","0","1","1","0","0"
"POINT (13.309612442000059 52.506456945000082)","Unfall 239153 (2024) Kat:3, Licht: 0","239153","3","4","6","05","16","2","","0","1","0","1","0"
"POINT (13.576778653000076 52.455315350000035)","Unfall 239154 (2024) Kat:3, Licht: 0","239154","3","4","6","05","12","2","","0","0","1","1","0"
"POINT (13.432470444000046 52.516593243000045)","Unfall 239155 (2024) Kat:2, Licht: 2","239155","2","5","1","05","01","2","","2","0","1","0","0"
"POINT (13.413094003000026 52.382870340000068)","Unfall 239156 (2024) Kat:3, Licht: 0","239156","3","2","5","08","19","6","","0","0","1","0","0"
"POINT (13.404285350000066 52.540585361000069)","Unfall 239157 (2024) Kat:3, Licht: 0","239157","3","3","5","08","19","6","","0","1","0","0","1"
"POINT (13.254392002000031 52.506784181000057)","Unfall 239158 (2024) Kat:2, Licht: 1","239158","2","3","5","08","19","6","","1","0","1","0","1"
"POINT (13.395106152000039 52.496261163000042)","Unfall 239159 (2024) Kat:3, Licht: 0","239159","3","3","5","08","19","6","","0","0","1","0","0"
"POINT (13.576086538000027 52.454427836000036)","Unfall 239160 (2024) Kat:2, Licht: 0","239160","2","4","6","08","17","6","","0","1","0","1","0"
"POINT (13.217459414000075 52.537770444000046)","Unfall 239161 (2024) Kat:3, Licht: 0","239161","3","2","5","08","16","6","","0","1","1","0","0"
"POINT (13.298949369000070 52.498402526000064)","Unfall 239162 (2024) Kat:3, Licht: 0","239162","3","4","6","08","14","6","","0","0","1","1","0"
"POINT (13.499897875000045 52.528217975000075)","Unfall 239163 (2024) Kat:3, Licht: 0","239163","3","1","0","08","12","6","","0","0","0","0","1"
"POINT (13.200477328000034 52.536947077000036)","Unfall 239164 (2024) Kat:3, Licht: 0","239164","3","2","5","08","12","6","","0","0","1","0","0"
"POINT (13.291123771000059 52.506692978000046)","Unfall 239165 (2024) Kat:3, Licht: 0","239165","3","2","0","08","11","6","","0","1","1","0","0"
"POINT (13.261684075000062 52.515612119000082)","Unfall 239166 (2024) Kat:3, Licht: 0","239166","3","5","1","08","11","6","","0","0","1","0","0"
"POINT (13.522064337000074 52.402398993000077)","Unfall 239167 (2024) Kat:3, Licht: 0","239167","3","7","2","08","07","6","","0","0","1","0","0"
"POINT (13.384293530000036 52.455820734000042)","Unfall 239168 (2024) Kat:3, Licht: 2","239168","3","1","0","08","01","6","","2","0","0","0","1"
"POINT (13.464590967000049 52.524458813000081)","Unfall 239169 (2024) Kat:3, Licht: 0","239169","3","2","5","08","08","5","","0","1","0","0","0"
"POINT (13.322285813000065 52.575871420000055)","Unfall 239170 (2024) Kat:3, Licht: 0","239170","3","7","0","08","12","5","","0","1","0","0","0"
"POINT (13.156345651000038 52.552840757000070)","Unfall 239171 (2024) Kat:3, Licht: 0","239171","3","7","6","08","16","5","","0","0","0","1","0"
"POINT (13.332278197000051 52.576329175000069)","Unfall 239172 (2024) Kat:3, Licht: 2","239172","3","1","0","08","23","5","","2","1","0","0","0"
"POINT (13.226678847000073 52.439733315000069)","Unfall 239173 (2024) Kat:3, Licht: 0","239173","3","3","5","08","17","5","","0","1","1","0","0"
"POINT (13.289907428000049 52.635092021000048)","Unfall 239174 (2024) Kat:3, Licht: 1","239174","3","3","5","08","19","5","","1","1","1","0","0"
"POINT (13.341776810000056 52.432248586000071)","Unfall 239175 (2024) Kat:3, Licht: 0","239175","3","1","0","08","16","5","","0","0","0","0","1"
"POINT (13.409834004000061 52.387477670000067)","Unfall 239176 (2024) Kat:3, Licht: 0","239176","3","2","5","08","18","5","","0","1","1","0","0"
"POINT (13.400567690000059 52.490478256000074)","Unfall 239177 (2024) Kat:3, Licht: 0","239177","3","3","5","08","18","5","","0","1","1","0","0"
"POINT (13.463230953000050 52.424153266000076)","Unfall 239178 (2024) Kat:3, Licht: 0","239178","3","6","2","08","17","5","","0","0","1","0","0"
"POINT (13.338382930000023 52.516827455000055)","Unfall 239179 (2024) Kat:3, Licht: 0","239179","3","6","2","08","16","5","","0","0","1","0","0"
"POINT (13.394719486000042 52.465470918000051)","Unfall 239180 (2024) Kat:3, Licht: 0","239180","3","7","0","08","15","5","","0","1","0","0","0"
"POINT (13.331032364000066 52.494986666000045)","Unfall 239181 (2024) Kat:3, Licht: 0","239181","3","6","2","08","14","5","","0","0","1","0","1"
"POINT (13.473864203000062 52.503003883000076)","Unfall 239182 (2024) Kat:3, Licht: 0","239182","3","2","6","08","13","5","","0","1","0","1","0"
"POINT (13.332783249000045 52.478618200000028)","Unfall 239183 (2024) Kat:2, Licht: 0","239183","2","7","5","08","13","5","","0","0","1","0","0"
"POINT (13.330117481000059 52.570083468000064)","Unfall 239184 (2024) Kat:3, Licht: 0","239184","3","6","3","08","12","5","","0","0","1","0","0"
"POINT (13.351232434000053 52.509711935000041)","Unfall 239185 (2024) Kat:3, Licht: 0","239185","3","2","5","08","13","5","","0","1","1","0","0"
"POINT (13.317709336000064 52.507264412000040)","Unfall 239186 (2024) Kat:3, Licht: 0","239186","3","7","5","08","12","5","","0","0","1","0","1"
"POINT (13.445740344000058 52.501825414000052)","Unfall 239187 (2024) Kat:3, Licht: 0","239187","3","6","3","08","12","5","","0","1","0","0","0"
"POINT (13.258784705000039 52.486375429000077)","Unfall 239188 (2024) Kat:2, Licht: 0","239188","2","6","3","08","11","5","","0","1","0","0","0"
"POINT (13.416426093000041 52.510944117000065)","Unfall 239189 (2024) Kat:3, Licht: 0","239189","3","2","5","08","10","5","","0","1","0","0","0"
"POINT (13.294449746000055 52.534431189000031)","Unfall 239190 (2024) Kat:3, Licht: 0","239190","3","3","5","08","11","5","","0","1","1","0","0"
"POINT (13.496497623000039 52.534027683000033)","Unfall 239191 (2024) Kat:3, Licht: 0","239191","3","3","5","08","10","5","","0","1","1","0","0"
"POINT (13.441178167000032 52.501482370000076)","Unfall 239192 (2024) Kat:3, Licht: 0","239192","3","2","5","08","09","5","","0","0","1","0","1"
"POINT (13.377025858000025 52.508620643000029)","Unfall 239193 (2024) Kat:3, Licht: 0","239193","3","2","5","08","10","5","","0","1","1","0","0"
"POINT (13.476079974000072 52.605458246000069)","Unfall 239194 (2024) Kat:3, Licht: 0","239194","3","3","5","08","08","5","","0","0","1","0","0"
"POINT (13.452419824000060 52.481185862000075)","Unfall 239195 (2024) Kat:3, Licht: 0","239195","3","3","5","08","08","5","","0","1","1","0","0"
"POINT (13.225778150000053 52.555341252000062)","Unfall 239196 (2024) Kat:3, Licht: 0","239196","3","6","2","08","09","5","","0","0","1","0","0"
"POINT (13.331805945000042 52.574330733000068)","Unfall 239197 (2024) Kat:3, Licht: 0","239197","3","1","0","08","07","5","","0","0","0","0","1"
"POINT (13.423289036000028 52.509199732000070)","Unfall 239198 (2024) Kat:2, Licht: 0","239198","2","2","5","08","08","5","","0","1","1","0","0"
"POINT (13.238561137000033 52.538944494000077)","Unfall 239199 (2024) Kat:3, Licht: 1","239199","3","1","0","08","05","5","","1","1","0","0","0"
"POINT (13.539869538000062 52.458643332000065)","Unfall 239200 (2024) Kat:3, Licht: 0","239200","3","4","6","08","17","4","","0","1","0","1","0"
"POINT (13.349078884000050 52.489934236000067)","Unfall 239201 (2024) Kat:3, Licht: 0","239201","3","1","0","08","09","4","","0","1","0","0","0"
"POINT (13.438961047000078 52.495008283000061)","Unfall 239202 (2024) Kat:3, Licht: 0","239202","3","7","0","08","17","4","","0","1","0","0","0"
"POINT (13.379434150000066 52.569907608000051)","Unfall 239203 (2024) Kat:3, Licht: 2","239203","3","3","5","08","23","4","","2","0","1","0","0"
"POINT (13.571498345000066 52.513170025000079)","Unfall 239204 (2024) Kat:3, Licht: 0","239204","3","5","0","08","16","4","","0","0","0","0","0"
"POINT (13.459409362000031 52.440527162000080)","Unfall 239205 (2024) Kat:3, Licht: 0","239205","3","3","5","08","16","4","","0","1","1","0","0"
"POINT (13.323370824000051 52.510875359000067)","Unfall 239206 (2024) Kat:3, Licht: 0","239206","3","2","5","08","14","4","","0","0","1","0","0"
"POINT (13.199331103000077 52.552922180000053)","Unfall 239207 (2024) Kat:3, Licht: 0","239207","3","2","5","08","13","4","","0","1","1","0","0"
"POINT (13.395980047000023 52.532428574000051)","Unfall 239208 (2024) Kat:3, Licht: 0","239208","3","2","5","08","09","4","","0","1","1","0","0"
"POINT (13.204354370000033 52.530279801000063)","Unfall 239209 (2024) Kat:3, Licht: 0","239209","3","6","2","08","08","4","","0","0","0","0","1"
"POINT (13.396107863000054 52.487274541000033)","Unfall 239210 (2024) Kat:3, Licht: 0","239210","3","7","6","08","17","4","","0","0","0","1","0"
"POINT (13.354805841000029 52.428990200000044)","Unfall 239211 (2024) Kat:3, Licht: 1","239211","3","6","2","08","21","4","","1","0","1","0","1"
"POINT (13.392087852000031 52.397784397000066)","Unfall 239212 (2024) Kat:3, Licht: 0","239212","3","3","5","08","18","4","","0","0","1","0","0"
"POINT (13.424684460000037 52.499786426000071)","Unfall 239213 (2024) Kat:3, Licht: 0","239213","3","7","2","08","17","4","","0","0","1","0","1"
"POINT (13.338981692000061 52.609574147000046)","Unfall 239214 (2024) Kat:3, Licht: 0","239214","3","3","2","08","14","4","","0","1","1","0","0"
"POINT (13.376587496000070 52.460164540000051)","Unfall 239215 (2024) Kat:3, Licht: 0","239215","3","6","2","08","11","4","","0","0","1","0","0"
"POINT (13.328319219000036 52.534732039000062)","Unfall 239216 (2024) Kat:3, Licht: 0","239216","3","7","5","08","09","4","","0","0","1","0","1"
"POINT (13.348856255000044 52.515130848000069)","Unfall 239217 (2024) Kat:3, Licht: 0","239217","3","3","5","08","08","4","","0","1","1","0","0"
"POINT (13.423354965000044 52.542855190000068)","Unfall 239218 (2024) Kat:3, Licht: 0","239218","3","5","0","08","08","4","","0","1","1","0","0"
"POINT (13.429634079000039 52.523170603000040)","Unfall 239219 (2024) Kat:3, Licht: 0","239219","3","7","5","08","14","3","","0","0","1","0","0"
"POINT (13.625677416000030 52.457541708000065)","Unfall 239220 (2024) Kat:3, Licht: 0","239220","3","3","0","08","06","3","","0","1","1","0","0"
"POINT (13.353968536000025 52.494749949000038)","Unfall 239221 (2024) Kat:3, Licht: 0","239221","3","2","2","08","18","3","","0","1","1","0","0"
"POINT (13.507752635000031 52.564114319000055)","Unfall 239222 (2024) Kat:3, Licht: 0","239222","3","6","2","08","17","3","","0","0","1","0","0"
"POINT (13.321471747000032 52.525768553000034)","Unfall 239223 (2024) Kat:3, Licht: 0","239223","3","5","5","08","17","3","","0","0","1","0","1"
"POINT (13.573634586000026 52.401828686000044)","Unfall 239224 (2024) Kat:3, Licht: 0","239224","3","3","5","08","16","3","","0","0","1","0","0"
"POINT (13.374776349000058 52.426266578000082)","Unfall 239225 (2024) Kat:3, Licht: 0","239225","3","6","3","08","16","3","","0","0","1","0","0"
"POINT (13.315848093000056 52.459056430000032)","Unfall 239226 (2024) Kat:3, Licht: 0","239226","3","7","4","08","15","3","","0","1","1","0","0"
"POINT (13.397939157000053 52.393668650000052)","Unfall 239227 (2024) Kat:3, Licht: 0","239227","3","2","2","08","14","3","","0","0","1","0","0"
"POINT (13.375825753000072 52.409095735000051)","Unfall 239228 (2024) Kat:3, Licht: 0","239228","3","6","2","08","07","3","","0","0","1","0","1"
"POINT (13.295007050000038 52.506746844000077)","Unfall 239229 (2024) Kat:2, Licht: 2","239229","2","3","5","08","01","3","","2","0","1","0","0"
"POINT (13.307472603000065 52.488521750000075)","Unfall 239230 (2024) Kat:3, Licht: 1","239230","3","7","0","08","20","3","","1","0","0","0","0"
"POINT (13.323125303000040 52.511270028000069)","Unfall 239231 (2024) Kat:3, Licht: 0","239231","3","6","2","08","18","3","","0","0","1","0","1"
"POINT (13.300640796000039 52.517258850000076)","Unfall 239232 (2024) Kat:3, Licht: 0","239232","3","2","5","08","16","3","","0","1","1","0","0"
"POINT (13.326868148000074 52.562490649000040)","Unfall 239233 (2024) Kat:3, Licht: 0","239233","3","3","5","08","16","3","","0","1","0","0","1"
"POINT (13.365867051000066 52.525281614000050)","Unfall 239234 (2024) Kat:3, Licht: 0","239234","3","2","2","08","16","3","","0","0","1","0","0"
"POINT (13.333758888000034 52.504251817000068)","Unfall 239235 (2024) Kat:3, Licht: 0","239235","3","2","5","08","16","3","","0","1","0","0","1"
"POINT (13.455644537000069 52.479474320000065)","Unfall 239236 (2024) Kat:3, Licht: 0","239236","3","3","5","08","16","3","","0","1","1","0","0"
"POINT (13.496582440000054 52.546307576000061)","Unfall 239237 (2024) Kat:2, Licht: 0","239237","2","2","5","08","15","3","","0","1","1","0","0"
"POINT (13.377441964000070 52.491629091000050)","Unfall 239238 (2024) Kat:3, Licht: 0","239238","3","6","3","08","15","3","","0","0","1","0","1"
"POINT (13.281171624000024 52.466192973000034)","Unfall 239239 (2024) Kat:3, Licht: 0","239239","3","3","5","08","14","3","","0","0","1","0","1"
"POINT (13.558878575000051 52.449029421000034)","Unfall 239240 (2024) Kat:3, Licht: 0","239240","3","6","2","08","12","3","","0","0","1","0","0"
"POINT (13.528125477000060 52.556984918000069)","Unfall 239241 (2024) Kat:3, Licht: 0","239241","3","3","5","08","10","3","","0","0","1","0","0"
"POINT (13.503004350000026 52.469998968000027)","Unfall 239242 (2024) Kat:2, Licht: 0","239242","2","6","4","08","06","3","","0","1","0","0","0"
"POINT (13.247641119000036 52.538283452000030)","Unfall 239243 (2024) Kat:3, Licht: 0","239243","3","7","5","08","15","2","","0","0","1","0","0"
"POINT (13.346288602000072 52.501238895000029)","Unfall 239244 (2024) Kat:3, Licht: 0","239244","3","2","5","08","09","2","","0","1","1","0","0"
"POINT (13.558021968000048 52.529581498000027)","Unfall 239245 (2024) Kat:3, Licht: 0","239245","3","1","0","08","09","2","","0","1","0","0","0"
"POINT (13.328248271000064 52.467338508000068)","Unfall 239246 (2024) Kat:3, Licht: 0","239246","3","1","0","08","08","2","","0","0","0","0","1"
"POINT (13.331498793000037 52.503778550000050)","Unfall 239247 (2024) Kat:3, Licht: 0","239247","3","7","5","08","19","2","","0","0","1","0","1"
"POINT (13.462107345000049 52.564715500000034)","Unfall 239248 (2024) Kat:3, Licht: 2","239248","3","2","2","08","21","2","","2","0","1","0","1"
"POINT (13.383930444000043 52.516850773000044)","Unfall 239249 (2024) Kat:3, Licht: 0","239249","3","2","0","08","19","2","","0","1","1","0","0"
"POINT (13.274909073000060 52.460246445000053)","Unfall 239250 (2024) Kat:3, Licht: 0","239250","3","6","2","08","20","2","","0","0","1","0","0"
"POINT (13.477097769000068 52.506924341000058)","Unfall 239251 (2024) Kat:3, Licht: 0","239251","3","5","1","08","19","2","","0","0","1","0","0"