WKT,Name,OBJECTID,UKATEGORIE,UTYP1,UART,UMONAT,USTUNDE,UWOCHENTAG,STRZUSTAND,ULICHTVERH,ISTRAD,ISTPKW,ISTFUSS,ISTKRAD
"POINT (13.345891779000056 52.499366332000079)","Unfall 239252 (2024) Kat:3, Licht: 0","239252","3","5","1","08","18","2","","0","1","1","0","0"
"POINT (13.406517116000032 52.393762888000026)","Unfall 239253 (2024) Kat:3, Licht: 0","239253","3","2","5","08","19","2","","0","0","1","0","1"
"POINT (13.397222043000056 52.523870330000079)","Unfall 239254 (2024) Kat:3, Licht: 0","239254","3","2","5","08","19","2","","0","1","1","0","0"
"POINT (13.288495875000024 52.495560635000061)","Unfall 239255 (2024) Kat:3, Licht: 0","239255","3","6","2","08","17","2","","0","0","1","0","0"
"POINT (13.403818367000042 52.532632814000067)","Unfall 239256 (2024) Kat:3, Licht: 0","239256","3","1","0","08","15","2","","0","1","0","0","0"
"POINT (13.402218539000046 52.529836163000027)","Unfall 239257 (2024) Kat:3, Licht: 0","239257","3","6","2","08","18","2","","0","0","1","0","0"
"POINT (13.271335263000026 52.536519821000070)","Unfall 239258 (2024) Kat:3, Licht: 0","239258","3","6","2","08","14","2","","0","0","1","0","1"
"POINT (13.283296015000076 52.478245264000066)","Unfall 239259 (2024) Kat:3, Licht: 0","239259","3","2","5","08","17","2","","0","1","1","0","0"
"POINT (13.561182803000065 52.436197800000059)","Unfall 239260 (2024) Kat:3, Licht: 0","239260","3","2","5","08","12","2","","0","1","1","0","0"
"POINT (13.351063772000032 52.504449718000046)","Unfall 239261 (2024) Kat:3, Licht: 0","239261","3","3","5","08","10","2","","0","1","1","0","0"
"POINT (13.386163198000077 52.558718842000076)","Unfall 239262 (2024) Kat:3, Licht: 0","239262","3","2","5","08","17","2","","0","1","1","0","0"
"POINT (13.298152838000021 52.524331440000026)","Unfall 239263 (2024) Kat:3, Licht: 0","239263","3","6","2","08","16","2","","0","0","1","0","0"
"POINT (13.399525222000022 52.542501983000079)","Unfall 239264 (2024) Kat:3, Licht: 0","239264","3","7","6","08","15","2","","0","0","1","1","0"
"POINT (13.574564357000042 52.453040997000073)","Unfall 239265 (2024) Kat:2, Licht: 0","239265","2","6","3","08","12","2","","0","1","0","0","0"
"POINT (13.332451875000061 52.506238039000038)","Unfall 239266 (2024) Kat:3, Licht: 0","239266","3","1","0","08","11","2","","0","0","0","0","1"
"POINT (13.392849846000047 52.465628578000064)","Unfall 239267 (2024) Kat:3, Licht: 0","239267","3","6","2","08","10","2","","0","0","1","0","0"
"POINT (13.414786582000033 52.553863345000082)","Unfall 239268 (2024) Kat:3, Licht: 0","239268","3","2","5","08","08","2","","0","1","1","0","0"
"POINT (13.395933728000045 52.538245377000067)","Unfall 239269 (2024) Kat:2, Licht: 0","239269","2","2","0","08","07","2","","0","0","1","0","1"
"POINT (13.468482153000025 52.506992638000042)","Unfall 239270 (2024) Kat:3, Licht: 2","239270","3","5","1","08","21","1","","2","1","1","0","0"
"POINT (13.259891443000072 52.428171610000049)","Unfall 239271 (2024) Kat:3, Licht: 0","239271","3","3","5","08","15","1","","0","0","1","0","1"
"POINT (13.462207561000071 52.524160668000036)","Unfall 239272 (2024) Kat:3, Licht: 0","239272","3","7","1","08","15","1","","0","0","1","1","0"
"POINT (13.423202923000076 52.506810181000048)","Unfall 239273 (2024) Kat:3, Licht: 0","239273","3","3","5","08","14","1","","0","0","1","0","0"
"POINT (13.476926724000066 52.537160509000046)","Unfall 239274 (2024) Kat:3, Licht: 0","239274","3","7","5","08","11","1","","0","0","1","0","1"
"POINT (13.342669002000036 52.504688234000071)","Unfall 239275 (2024) Kat:3, Licht: 2","239275","3","6","2","08","21","1","","2","0","1","0","1"
"POINT (13.454307550000067 52.479610366000031)","Unfall 239276 (2024) Kat:3, Licht: 0","239276","3","1","0","08","19","1","","0","1","0","0","0"
"POINT (13.179157648000057 52.533127768000043)","Unfall 239277 (2024) Kat:3, Licht: 0","239277","3","2","5","08","17","1","","0","0","1","0","1"
"POINT (13.527061949000029 52.556349292000050)","Unfall 239278 (2024) Kat:3, Licht: 0","239278","3","1","0","08","11","1","","0","1","0","0","0"
"POINT (13.246252340000069 52.591891868000062)","Unfall 239279 (2024) Kat:3, Licht: 2","239279","3","7","7","08","22","7","","2","0","0","0","1"
"POINT (13.493162090000055 52.519652185000041)","Unfall 239280 (2024) Kat:3, Licht: 0","239280","3","7","5","08","17","7","","0","1","1","0","0"
"POINT (13.266595335000034 52.512956301000031)","Unfall 239281 (2024) Kat:3, Licht: 0","239281","3","7","5","08","19","7","","0","0","1","0","1"
"POINT (13.454406560000052 52.452925382000046)","Unfall 239282 (2024) Kat:3, Licht: 0","239282","3","7","0","08","15","7","","0","0","1","0","1"
"POINT (13.409679575000041 52.528825085000051)","Unfall 239283 (2024) Kat:3, Licht: 0","239283","3","3","5","08","18","7","","0","1","1","0","0"
"POINT (13.175082627000052 52.523979090000068)","Unfall 239284 (2024) Kat:3, Licht: 0","239284","3","5","0","08","18","7","","0","0","1","0","0"
"POINT (13.415036692000058 52.502370759000030)","Unfall 239285 (2024) Kat:3, Licht: 0","239285","3","7","0","08","16","7","","0","0","0","0","0"
"POINT (13.411308033000068 52.521866935000048)","Unfall 239286 (2024) Kat:3, Licht: 0","239286","3","6","0","08","15","7","","0","0","1","0","0"
"POINT (13.373353242000064 52.562346922000074)","Unfall 239287 (2024) Kat:3, Licht: 0","239287","3","6","2","08","13","7","","0","0","1","0","0"
"POINT (13.430728046000070 52.486588995000034)","Unfall 239288 (2024) Kat:3, Licht: 0","239288","3","5","1","08","13","7","","0","1","1","0","0"
"POINT (13.405625600000064 52.489519935000033)","Unfall 239289 (2024) Kat:3, Licht: 0","239289","3","2","5","08","13","7","","0","0","1","0","0"
"POINT (13.312034167000036 52.567964313000061)","Unfall 239290 (2024) Kat:3, Licht: 0","239290","3","3","5","08","10","7","","0","0","1","0","0"
"POINT (13.425303261000067 52.532117311000036)","Unfall 239291 (2024) Kat:3, Licht: 0","239291","3","6","0","08","09","7","","0","0","1","0","1"
"POINT (13.546611468000037 52.426404376000050)","Unfall 239292 (2024) Kat:2, Licht: 0","239292","2","2","5","08","06","7","","0","1","1","0","0"
"POINT (13.300212289000058 52.498936021000077)","Unfall 239293 (2024) Kat:3, Licht: 2","239293","3","7","0","08","00","7","","2","0","0","0","0"
"POINT (13.321249044000069 52.513245844000039)","Unfall 239294 (2024) Kat:3, Licht: 0","239294","3","3","5","08","18","7","","0","0","1","0","0"
"POINT (13.351077235000048 52.549781713000073)","Unfall 239295 (2024) Kat:3, Licht: 0","239295","3","6","2","08","16","7","","0","0","1","0","0"
"POINT (13.459227477000070 52.420576642000071)","Unfall 239296 (2024) Kat:3, Licht: 2","239296","3","7","1","08","03","7","","2","0","1","0","1"
"POINT (13.542892482000070 52.553646190000052)","Unfall 239297 (2024) Kat:3, Licht: 0","239297","3","6","4","08","14","6","","0","1","0","0","0"
"POINT (13.436430297000072 52.449201406000043)","Unfall 239298 (2024) Kat:3, Licht: 0","239298","3","6","2","08","20","6","","0","0","1","0","0"
"POINT (13.360818634000054 52.523807369000053)","Unfall 239299 (2024) Kat:3, Licht: 1","239299","3","1","0","08","20","6","","1","0","0","0","1"
"POINT (13.230941366000025 52.511340070000074)","Unfall 239300 (2024) Kat:3, Licht: 1","239300","3","5","1","08","19","6","","1","0","1","0","1"
"POINT (13.474028885000052 52.536258804000056)","Unfall 239301 (2024) Kat:3, Licht: 2","239301","3","6","2","08","23","6","","2","0","1","0","0"
"POINT (13.384792114000049 52.514360401000033)","Unfall 239302 (2024) Kat:3, Licht: 1","239302","3","3","5","08","19","6","","1","0","1","0","0"
"POINT (13.401203576000057 52.494314083000063)","Unfall 239303 (2024) Kat:3, Licht: 0","239303","3","6","0","08","17","6","","0","0","1","0","1"
"POINT (13.205334149000066 52.535761494000042)","Unfall 239304 (2024) Kat:3, Licht: 0","239304","3","1","0","08","18","6","","0","1","0","0","0"
"POINT (13.418090285000062 52.515461993000031)","Unfall 239305 (2024) Kat:3, Licht: 0","239305","3","2","2","08","17","6","","0","0","1","0","0"
"POINT (13.452277222000077 52.510642749000056)","Unfall 239306 (2024) Kat:3, Licht: 0","239306","3","6","2","08","15","6","","0","1","0","0","0"
"POINT (13.399784870000076 52.395251189000078)","Unfall 239307 (2024) Kat:3, Licht: 2","239307","3","3","0","08","21","6","","2","0","1","0","0"
"POINT (13.405008477000024 52.533885319000035)","Unfall 239308 (2024) Kat:3, Licht: 0","239308","3","7","0","08","14","6","","0","1","0","0","0"
"POINT (13.331300043000056 52.539728856000067)","Unfall 239309 (2024) Kat:3, Licht: 2","239309","3","1","8","08","21","6","","2","0","1","0","0"
"POINT (13.581188689000044 52.442914845000075)","Unfall 239310 (2024) Kat:3, Licht: 0","239310","3","6","3","08","13","6","","0","1","0","0","0"
"POINT (13.402609257000051 52.523897504000047)","Unfall 239311 (2024) Kat:3, Licht: 0","239311","3","6","3","08","13","6","","0","1","1","0","0"
"POINT (13.499448772000051 52.534195104000048)","Unfall 239312 (2024) Kat:3, Licht: 2","239312","3","6","2","08","21","6","","2","0","1","0","0"
"POINT (13.332527645000027 52.545964337000044)","Unfall 239313 (2024) Kat:3, Licht: 0","239313","3","1","1","08","19","6","","0","0","1","0","0"
"POINT (13.249640183000054 52.420380154000043)","Unfall 239314 (2024) Kat:3, Licht: 0","239314","3","3","5","08","18","6","","0","0","1","0","1"
"POINT (13.299922903000038 52.583185859000082)","Unfall 239315 (2024) Kat:3, Licht: 1","239315","3","3","5","08","05","6","","1","0","1","0","0"
"POINT (13.352538920000029 52.499575096000058)","Unfall 239316 (2024) Kat:2, Licht: 2","239316","2","1","2","08","03","6","","2","0","1","0","0"
"POINT (13.379093061000049 52.510919548000061)","Unfall 239317 (2024) Kat:3, Licht: 0","239317","3","2","5","08","14","6","","0","0","1","0","1"
"POINT (13.526292113000068 52.493387984000037)","Unfall 239318 (2024) Kat:3, Licht: 0","239318","3","6","2","08","13","6","","0","0","1","0","0"
"POINT (13.369117709000022 52.557225039000059)","Unfall 239319 (2024) Kat:3, Licht: 0","239319","3","5","1","08","12","6","","0","1","1","0","0"
"POINT (13.419678714000042 52.489991665000048)","Unfall 239320 (2024) Kat:3, Licht: 0","239320","3","2","5","08","11","6","","0","0","1","0","0"
"POINT (13.384997150000061 52.450758060000055)","Unfall 239321 (2024) Kat:3, Licht: 0","239321","3","2","5","08","17","5","","0","1","1","0","0"
"POINT (13.349847222000051 52.449628134000079)","Unfall 239322 (2024) Kat:3, Licht: 1","239322","3","1","0","08","19","5","","1","0","0","0","1"
"POINT (13.303634117000058 52.539490563000072)","Unfall 239323 (2024) Kat:3, Licht: 0","239323","3","4","6","08","18","5","","0","0","1","1","0"
"POINT (13.136665191000077 52.540897945000040)","Unfall 239324 (2024) Kat:3, Licht: 0","239324","3","7","2","08","16","5","","0","0","0","0","1"
"POINT (13.385168624000073 52.508152557000074)","Unfall 239325 (2024) Kat:3, Licht: 0","239325","3","1","0","08","16","5","","0","0","0","0","1"
"POINT (13.453546399000061 52.533135772000037)","Unfall 239326 (2024) Kat:3, Licht: 0","239326","3","6","2","08","16","5","","0","0","1","0","1"
"POINT (13.200932859000034 52.512114899000039)","Unfall 239327 (2024) Kat:3, Licht: 0","239327","3","2","5","08","14","5","","0","1","1","0","0"
"POINT (13.324495468000066 52.486475337000059)","Unfall 239328 (2024) Kat:3, Licht: 0","239328","3","1","0","08","13","5","","0","1","0","0","0"
"POINT (13.325573804000044 52.564624937000076)","Unfall 239329 (2024) Kat:3, Licht: 0","239329","3","7","6","08","12","5","","0","0","1","1","0"
"POINT (13.143628583000066 52.455420600000082)","Unfall 239330 (2024) Kat:3, Licht: 0","239330","3","7","6","08","10","5","","0","0","1","1","0"
"POINT (13.150369996000052 52.414811953000026)","Unfall 239331 (2024) Kat:3, Licht: 0","239331","3","1","0","08","10","5","","0","1","0","0","0"
"POINT (13.295940358000053 52.495921425000063)","Unfall 239332 (2024) Kat:3, Licht: 0","239332","3","2","5","08","07","5","","0","0","1","0","1"
"POINT (13.354696888000035 52.517061891000026)","Unfall 239333 (2024) Kat:2, Licht: 2","239333","2","2","0","08","22","5","","2","1","1","0","0"
"POINT (13.293168552000054 52.534562412000071)","Unfall 239334 (2024) Kat:3, Licht: 0","239334","3","2","5","08","19","5","","0","0","1","0","0"
"POINT (13.428519561000030 52.552005656000063)","Unfall 239335 (2024) Kat:3, Licht: 0","239335","3","5","1","08","17","5","","0","1","1","0","0"
"POINT (13.477384712000060 52.468552865000049)","Unfall 239336 (2024) Kat:3, Licht: 0","239336","3","3","5","08","16","5","","0","1","1","0","0"
"POINT (13.620073994000052 52.525152451000054)","Unfall 239337 (2024) Kat:3, Licht: 0","239337","3","3","5","08","17","5","","0","1","1","0","0"
"POINT (13.358931323000036 52.554263675000072)","Unfall 239338 (2024) Kat:3, Licht: 0","239338","3","6","2","08","14","5","","0","0","1","0","0"
"POINT (13.297927112000025 52.464966420000053)","Unfall 239339 (2024) Kat:2, Licht: 0","239339","2","5","1","08","13","5","","0","0","0","0","1"
"POINT (13.414730777000045 52.545197108000082)","Unfall 239340 (2024) Kat:3, Licht: 0","239340","3","3","5","08","13","5","","0","0","1","0","0"
"POINT (13.295865015000061 52.597204104000070)","Unfall 239341 (2024) Kat:3, Licht: 0","239341","3","5","1","08","12","5","","0","0","1","0","0"
"POINT (13.383938362000038 52.555751765000082)","Unfall 239342 (2024) Kat:3, Licht: 0","239342","3","2","5","08","08","5","","0","0","0","0","0"
"POINT (13.405100355000059 52.567265804000044)","Unfall 239343 (2024) Kat:2, Licht: 0","239343","2","6","3","08","08","5","","0","1","1","0","0"
"POINT (13.214167800000041 52.526844871000037)","Unfall 239344 (2024) Kat:3, Licht: 0","239344","3","6","3","08","07","5","","0","1","0","0","0"
"POINT (13.460013729000025 52.431874675000074)","Unfall 239345 (2024) Kat:3, Licht: 0","239345","3","2","5","08","15","5","","0","0","1","0","0"
"POINT (13.388926840000067 52.569207014000028)","Unfall 239346 (2024) Kat:3, Licht: 2","239346","3","5","1","08","03","5","","2","0","1","0","0"
"POINT (13.432701192000025 52.557027469000047)","Unfall 239347 (2024) Kat:3, Licht: 0","239347","3","7","6","08","14","4","","0","0","0","1","0"
"POINT (13.488123120000068 52.451423231000035)","Unfall 239348 (2024) Kat:3, Licht: 2","239348","3","1","0","08","22","4","","2","1","0","0","0"
"POINT (13.490128185000060 52.419988258000046)","Unfall 239349 (2024) Kat:3, Licht: 0","239349","3","3","5","08","20","4","","0","0","1","0","0"
"POINT (13.379608013000052 52.522591351000074)","Unfall 239350 (2024) Kat:3, Licht: 0","239350","3","2","5","08","18","4","","0","1","1","0","0"
"POINT (13.377505177000046 52.464924008000082)","Unfall 239351 (2024) Kat:3, Licht: 0","239351","3","2","5","08","17","4","","0","1","1","0","0"
"POINT (13.509405087000061 52.502052461000062)","Unfall 239352 (2024) Kat:3, Licht: 0","239352","3","4","6","08","16","4","","0","0","0","1","0"
"POINT (13.509629364000034 52.404252343000053)","Unfall 239353 (2024) Kat:3, Licht: 0","239353","3","3","5","08","14","4","","0","0","1","0","1"
"POINT (13.363199573000031 52.596889742000030)","Unfall 239354 (2024) Kat:3, Licht: 0","239354","3","3","5","08","14","4","","0","1","1","0","0"
"POINT (13.443575741000075 52.464285068000038)","Unfall 239355 (2024) Kat:3, Licht: 0","239355","3","2","5","08","12","4","","0","1","1","0","0"
"POINT (13.185821908000037 52.424957563000078)","Unfall 239356 (2024) Kat:3, Licht: 0","239356","3","5","1","08","11","4","","0","1","1","0","0"
"POINT (13.406647940000028 52.498426708000068)","Unfall 239357 (2024) Kat:2, Licht: 0","239357","2","2","5","08","11","1","","0","0","1","0","0"
"POINT (13.406507639000040 52.502632721000055)","Unfall 239358 (2024) Kat:3, Licht: 0","239358","3","6","2","08","11","4","","0","1","1","0","0"
"POINT (13.329780243000073 52.532901431000028)","Unfall 239359 (2024) Kat:2, Licht: 2","239359","2","3","5","08","21","4","","2","0","1","0","1"
"POINT (13.376413863000039 52.485034478000046)","Unfall 239360 (2024) Kat:3, Licht: 0","239360","3","2","5","08","14","4","","0","1","1","0","0"
"POINT (13.288024786000051 52.595556216000034)","Unfall 239361 (2024) Kat:3, Licht: 0","239361","3","1","0","08","18","4","","0","1","0","0","0"
"POINT (13.428666254000063 52.519601674000057)","Unfall 239362 (2024) Kat:3, Licht: 0","239362","3","6","3","08","13","4","","0","0","1","0","1"
"POINT (13.389925068000025 52.514801513000066)","Unfall 239363 (2024) Kat:3, Licht: 0","239363","3","5","5","08","12","4","","0","1","1","0","0"
"POINT (13.209551197000053 52.435982736000028)","Unfall 239364 (2024) Kat:3, Licht: 0","239364","3","7","0","08","10","4","","0","1","1","0","0"
"POINT (13.391139884000040 52.536213343000043)","Unfall 239365 (2024) Kat:3, Licht: 0","239365","3","2","0","08","09","4","","0","1","0","0","1"
"POINT (13.333812603000069 52.541121073000056)","Unfall 239366 (2024) Kat:3, Licht: 0","239366","3","1","0","08","06","4","","0","0","0","0","1"
"POINT (13.406068074000075 52.498467236000067)","Unfall 239367 (2024) Kat:3, Licht: 1","239367","3","5","1","08","21","3","","1","1","1","0","0"
"POINT (13.438151966000078 52.417455778000033)","Unfall 239368 (2024) Kat:3, Licht: 0","239368","3","2","5","08","18","3","","0","0","1","0","0"
"POINT (13.458230512000057 52.485751968000045)","Unfall 239369 (2024) Kat:3, Licht: 0","239369","3","3","5","08","15","3","","0","1","1","0","0"
"POINT (13.360180593000052 52.478324971000063)","Unfall 239370 (2024) Kat:3, Licht: 0","239370","3","5","1","08","13","3","","0","1","1","0","0"
"POINT (13.260257994000028 52.545271173000060)","Unfall 239371 (2024) Kat:3, Licht: 0","239371","3","3","5","08","12","3","","0","1","1","0","0"
"POINT (13.290796951000061 52.448300311000082)","Unfall 239372 (2024) Kat:2, Licht: 0","239372","2","2","5","08","11","3","","0","0","1","0","1"
"POINT (13.565723167000044 52.529142760000070)","Unfall 239373 (2024) Kat:3, Licht: 0","239373","3","7","0","08","10","3","","0","0","0","0","1"
"POINT (13.537070397000036 52.485644133000051)","Unfall 239374 (2024) Kat:3, Licht: 0","239374","3","3","5","08","10","3","","0","1","1","0","0"
"POINT (13.325784138000074 52.509282247000044)","Unfall 239375 (2024) Kat:3, Licht: 0","239375","3","7","2","08","17","4","","0","0","1","0","0"
"POINT (13.406576513000061 52.565388628000051)","Unfall 239376 (2024) Kat:3, Licht: 0","239376","3","2","5","08","06","3","","0","1","1","0","0"
"POINT (13.395964588000027 52.498349965000045)","Unfall 239377 (2024) Kat:2, Licht: 2","239377","2","3","5","08","22","3","","2","0","1","0","1"
"POINT (13.383782345000043 52.555046935000064)","Unfall 239378 (2024) Kat:3, Licht: 0","239378","3","3","5","08","11","3","","0","0","1","0","0"
"POINT (13.318549688000076 52.574103612000044)","Unfall 239379 (2024) Kat:3, Licht: 0","239379","3","3","5","08","15","3","","0","0","1","0","0"
"POINT (13.361157199000047 52.436811690000070)","Unfall 239380 (2024) Kat:2, Licht: 0","239380","2","1","0","08","07","3","","0","0","0","0","1"
"POINT (13.379239658000074 52.540059292000080)","Unfall 239381 (2024) Kat:2, Licht: 0","239381","2","1","9","08","20","3","","0","0","1","0","0"
"POINT (13.392032978000032 52.525197139000056)","Unfall 239382 (2024) Kat:3, Licht: 2","239382","3","1","0","08","22","3","","2","1","0","0","0"
"POINT (13.261811447000071 52.537085294000065)","Unfall 239383 (2024) Kat:3, Licht: 0","239383","3","6","2","08","19","3","","0","0","1","0","0"
"POINT (13.379747949000034 52.560503973000039)","Unfall 239384 (2024) Kat:3, Licht: 0","239384","3","5","1","08","18","3","","0","1","1","0","0"
"POINT (13.593476230000022 52.452945253000053)","Unfall 239385 (2024) Kat:3, Licht: 0","239385","3","2","5","08","17","3","","0","1","1","0","0"
"POINT (13.407437528000060 52.539422497000032)","Unfall 239386 (2024) Kat:3, Licht: 0","239386","3","6","3","08","16","3","","0","1","1","0","0"
"POINT (13.439044568000043 52.591890997000064)","Unfall 239387 (2024) Kat:2, Licht: 0","239387","2","3","5","08","14","3","","0","1","1","0","0"
"POINT (13.510063026000068 52.569337215000076)","Unfall 239388 (2024) Kat:3, Licht: 0","239388","3","6","2","08","13","3","","0","0","1","0","0"
"POINT (13.345514555000022 52.545001256000035)","Unfall 239389 (2024) Kat:3, Licht: 0","239389","3","5","1","08","11","3","","0","0","1","0","0"
"POINT (13.462142159000052 52.508473034000076)","Unfall 239390 (2024) Kat:3, Licht: 0","239390","3","1","0","08","11","3","","0","1","1","0","0"
"POINT (13.400660408000022 52.459205862000033)","Unfall 239391 (2024) Kat:3, Licht: 0","239391","3","7","0","08","11","3","","0","0","0","0","0"
"POINT (13.376220906000071 52.410388826000030)","Unfall 239392 (2024) Kat:3, Licht: 0","239392","3","7","5","08","11","3","","0","0","1","0","0"
"POINT (13.323238860000060 52.464569891000053)","Unfall 239393 (2024) Kat:3, Licht: 0","239393","3","2","5","08","08","3","","0","1","0","0","0"
"POINT (13.449891766000064 52.491099485000063)","Unfall 239394 (2024) Kat:3, Licht: 0","239394","3","6","3","08","08","3","","0","1","1","0","0"
"POINT (13.291548166000041 52.510471568000071)","Unfall 239395 (2024) Kat:3, Licht: 0","239395","3","2","0","08","08","3","","0","1","0","0","0"
"POINT (13.663786683000069 52.449327822000043)","Unfall 239396 (2024) Kat:3, Licht: 2","239396","3","6","4","08","22","3","","2","1","0","0","0"
"POINT (13.496114851000073 52.417381695000074)","Unfall 239397 (2024) Kat:3, Licht: 0","239397","3","4","6","08","19","3","","0","0","1","1","0"
"POINT (13.396276324000041 52.517501909000032)","Unfall 239398 (2024) Kat:3, Licht: 0","239398","3","2","5","08","17","3","","0","0","0","0","1"
"POINT (13.174022468000032 52.533799625000029)","Unfall 239399 (2024) Kat:2, Licht: 0","239399","2","3","5","08","15","3","","0","0","1","0","1"
"POINT (13.298277442000028 52.438978055000064)","Unfall 239400 (2024) Kat:3, Licht: 0","239400","3","7","5","08","12","3","","0","0","1","0","1"
"POINT (13.344946097000047 52.480095336000034)","Unfall 239401 (2024) Kat:3, Licht: 0","239401","3","2","0","08","08","3","","0","0","1","0","1"
"POINT (13.400883596000028 52.520730050000054)","Unfall 239402 (2024) Kat:2, Licht: 2","239402","2","1","0","08","02","3","","2","0","0","0","0"
"POINT (13.319384797000055 52.528381218000050)","Unfall 239403 (2024) Kat:3, Licht: 0","239403","3","2","5","08","18","3","","0","1","1","0","0"
"POINT (13.377532948000066 52.556382618000043)","Unfall 239404 (2024) Kat:3, Licht: 0","239404","3","2","5","08","14","2","","0","0","1","0","0"
"POINT (13.282547555000065 52.518465244000026)","Unfall 239405 (2024) Kat:3, Licht: 2","239405","3","6","3","08","22","2","","2","0","1","0","0"
"POINT (13.333120990000054 52.595500114000060)","Unfall 239406 (2024) Kat:3, Licht: 0","239406","3","2","5","08","13","2","","0","1","1","0","0"
"POINT (13.333113806000028 52.595498957000075)","Unfall 239407 (2024) Kat:3, Licht: 2","239407","3","2","5","08","21","2","","2","1","1","0","0"
"POINT (13.380692368000041 52.532469997000078)","Unfall 239408 (2024) Kat:2, Licht: 0","239408","2","7","0","08","20","2","","0","1","1","0","0"
"POINT (13.438850515000070 52.500484343000039)","Unfall 239409 (2024) Kat:3, Licht: 0","239409","3","1","0","08","19","2","","0","1","0","0","0"
"POINT (13.545522282000036 52.425854959000048)","Unfall 239410 (2024) Kat:3, Licht: 0","239410","3","6","3","08","17","2","","0","0","1","0","1"
"POINT (13.362215169000024 52.495758263000027)","Unfall 239411 (2024) Kat:2, Licht: 0","239411","2","4","6","08","15","2","","0","1","0","1","0"
"POINT (13.408801010000047 52.501184930000079)","Unfall 239412 (2024) Kat:3, Licht: 0","239412","3","5","1","08","17","2","","0","0","1","0","0"
"POINT (13.460996968000075 52.454247187000078)","Unfall 239413 (2024) Kat:3, Licht: 0","239413","3","3","5","08","18","2","","0","0","1","0","1"
"POINT (13.405213613000058 52.508281174000047)","Unfall 239414 (2024) Kat:3, Licht: 0","239414","3","3","5","08","15","2","","0","0","1","0","0"
"POINT (13.320233283000050 52.472169371000064)","Unfall 239415 (2024) Kat:3, Licht: 0","239415","3","2","5","08","07","5","","0","1","0","0","0"
"POINT (13.329438785000036 52.481519851000030)","Unfall 239416 (2024) Kat:3, Licht: 0","239416","3","6","2","08","14","2","","0","0","1","0","0"
"POINT (13.247649229000046 52.426854227000035)","Unfall 239417 (2024) Kat:3, Licht: 0","239417","3","2","5","08","13","2","","0","0","1","0","0"
"POINT (13.379056578000075 52.556450035000069)","Unfall 239418 (2024) Kat:2, Licht: 0","239418","2","7","6","08","14","2","","0","1","0","1","0"
"POINT (13.488727195000024 52.495054906000064)","Unfall 239419 (2024) Kat:3, Licht: 0","239419","3","2","5","08","09","2","","0","1","1","0","0"
"POINT (13.470317761000047 52.553779202000044)","Unfall 239420 (2024) Kat:2, Licht: 0","239420","2","4","6","08","14","2","","0","0","1","1","0"
"POINT (13.389750806000052 52.434309590000055)","Unfall 239421 (2024) Kat:3, Licht: 0","239421","3","7","0","08","13","2","","0","0","1","0","0"
"POINT (13.338817299000027 52.488477015000058)","Unfall 239422 (2024) Kat:3, Licht: 0","239422","3","6","2","08","13","2","","0","0","1","0","1"
"POINT (13.330743226000038 52.467299037000032)","Unfall 239423 (2024) Kat:2, Licht: 0","239423","2","3","0","08","12","2","","0","0","1","0","0"
"POINT (13.449576126000068 52.551025663000075)","Unfall 239424 (2024) Kat:3, Licht: 0","239424","3","3","5","08","10","2","","0","1","1","0","0"
"POINT (13.419759263000060 52.392636194000033)","Unfall 239425 (2024) Kat:2, Licht: 0","239425","2","2","2","08","12","2","","0","0","0","0","0"
"POINT (13.228786378000052 52.538086392000082)","Unfall 239426 (2024) Kat:3, Licht: 0","239426","3","3","5","08","08","2","","0","0","1","0","0"
"POINT (13.446005192000030 52.615928634000056)","Unfall 239427 (2024) Kat:2, Licht: 0","239427","2","3","5","08","10","2","","0","0","1","0","1"
"POINT (13.201239185000077 52.554059588000030)","Unfall 239428 (2024) Kat:2, Licht: 0","239428","2","2","5","08","08","2","","0","1","0","0","0"
"POINT (13.587773263000031 52.504259540000078)","Unfall 239429 (2024) Kat:3, Licht: 0","239429","3","7","5","08","08","2","","0","0","1","0","1"
"POINT (13.386294659000043 52.490076971000065)","Unfall 239430 (2024) Kat:3, Licht: 0","239430","3","2","5","08","20","2","","0","1","1","0","0"
"POINT (13.334893257000033 52.533033568000064)","Unfall 239431 (2024) Kat:3, Licht: 0","239431","3","2","0","08","19","2","","0","1","0","0","1"
"POINT (13.580555325000034 52.455497949000062)","Unfall 239432 (2024) Kat:3, Licht: 0","239432","3","2","5","08","09","2","","0","1","0","0","0"
"POINT (13.378283297000053 52.478596726000035)","Unfall 239433 (2024) Kat:3, Licht: 0","239433","3","5","1","08","07","2","","0","1","1","0","0"
"POINT (13.533795734000023 52.525726363000047)","Unfall 239434 (2024) Kat:3, Licht: 0","239434","3","2","5","08","07","2","","0","1","1","0","0"
"POINT (13.388367906000042 52.519652352000037)","Unfall 239435 (2024) Kat:3, Licht: 0","239435","3","6","2","08","15","2","","0","0","1","0","0"
"POINT (13.434936439000069 52.460898466000060)","Unfall 239436 (2024) Kat:3, Licht: 0","239436","3","2","0","08","15","2","","0","0","1","0","0"
"POINT (13.473696418000031 52.474950491000072)","Unfall 239437 (2024) Kat:3, Licht: 0","239437","3","2","5","08","12","2","","0","1","1","0","0"
"POINT (13.372224887000073 52.455682048000028)","Unfall 239438 (2024) Kat:3, Licht: 0","239438","3","3","5","08","05","2","","0","0","1","0","1"