WKT,Name,OBJECTID,UKATEGORIE,UTYP1,UART,UMONAT,USTUNDE,UWOCHENTAG,STRZUSTAND,ULICHTVERH,ISTRAD,ISTPKW,ISTFUSS,ISTKRAD
"POINT (13.613982846000056 52.516419573000064)","Unfall 239439 (2024) Kat:2, Licht: 0","239439","2","3","5","08","09","2","","0","0","1","0","1"
"POINT (13.359353121000026 52.546388128000046)","Unfall 239440 (2024) Kat:3, Licht: 0","239440","3","2","5","08","18","2","","0","1","1","0","0"
"POINT (13.347238121000032 52.578566738000063)","Unfall 239441 (2024) Kat:3, Licht: 0","239441","3","3","0","08","14","4","","0","0","1","0","1"
"POINT (13.362358827000037 52.524293015000069)","Unfall 239442 (2024) Kat:3, Licht: 0","239442","3","7","5","08","18","2","","0","0","1","0","1"
"POINT (13.377934984000035 52.564683696000031)","Unfall 239443 (2024) Kat:3, Licht: 0","239443","3","2","5","08","15","2","","0","1","1","0","0"
"POINT (13.505005874000062 52.515067930000043)","Unfall 239444 (2024) Kat:3, Licht: 0","239444","3","7","1","08","13","2","","0","0","1","0","0"
"POINT (13.254673799000045 52.443088985000031)","Unfall 239445 (2024) Kat:3, Licht: 0","239445","3","6","3","08","18","6","","0","1","1","0","0"
"POINT (13.499601491000021 52.534360495000044)","Unfall 239446 (2024) Kat:3, Licht: 0","239446","3","2","5","08","18","4","","0","1","1","0","0"
"POINT (13.538644244000068 52.524638494000044)","Unfall 239447 (2024) Kat:3, Licht: 0","239447","3","3","5","08","12","2","","0","0","1","0","0"
"POINT (13.538985184000069 52.450951004000046)","Unfall 239448 (2024) Kat:3, Licht: 0","239448","3","2","5","08","08","2","","0","1","1","0","0"
"POINT (13.323401600000068 52.511070515000029)","Unfall 239449 (2024) Kat:3, Licht: 0","239449","3","4","6","08","08","2","","0","0","1","1","0"
"POINT (13.524086183000065 52.477439258000061)","Unfall 239450 (2024) Kat:3, Licht: 0","239450","3","3","5","08","13","1","","0","1","1","0","0"
"POINT (13.395194545000038 52.496111947000031)","Unfall 239451 (2024) Kat:3, Licht: 0","239451","3","2","0","08","14","1","","0","1","0","0","0"
"POINT (13.361929014000054 52.552677475000053)","Unfall 239452 (2024) Kat:3, Licht: 0","239452","3","6","2","08","13","1","","0","0","1","0","0"
"POINT (13.395429239000066 52.397064013000033)","Unfall 239453 (2024) Kat:3, Licht: 0","239453","3","6","4","08","13","1","","0","0","1","0","0"
"POINT (13.414401337000072 52.488098447000027)","Unfall 239454 (2024) Kat:3, Licht: 2","239454","3","5","1","08","22","1","","2","0","1","0","0"
"POINT (13.490338138000027 52.501567029000057)","Unfall 239455 (2024) Kat:3, Licht: 0","239455","3","4","0","08","15","1","","0","0","0","1","0"
"POINT (13.361615497000059 52.412522699000078)","Unfall 239456 (2024) Kat:3, Licht: 0","239456","3","4","6","08","11","1","","0","1","0","1","0"
"POINT (13.396749597000053 52.541902823000044)","Unfall 239457 (2024) Kat:2, Licht: 1","239457","2","1","1","08","06","1","","1","0","1","0","1"
"POINT (13.280611250000049 52.421616446000030)","Unfall 239458 (2024) Kat:3, Licht: 2","239458","3","1","0","08","02","1","","2","0","0","0","0"
"POINT (13.456356744000061 52.528760699000031)","Unfall 239459 (2024) Kat:3, Licht: 1","239459","3","4","6","08","20","7","","1","0","1","1","0"
"POINT (13.353007489000049 52.433274562000065)","Unfall 239460 (2024) Kat:3, Licht: 0","239460","3","2","5","08","13","7","","0","1","1","0","0"
"POINT (13.380306623000024 52.518824085000062)","Unfall 239461 (2024) Kat:3, Licht: 0","239461","3","2","0","08","17","7","","0","1","1","0","0"
"POINT (13.158637366000050 52.543825864000041)","Unfall 239462 (2024) Kat:2, Licht: 0","239462","2","3","0","08","18","7","","0","1","1","0","0"
"POINT (13.475456900000040 52.511912820000077)","Unfall 239463 (2024) Kat:3, Licht: 0","239463","3","2","5","08","10","7","","0","1","0","0","0"
"POINT (13.263479947000064 52.521123285000044)","Unfall 239464 (2024) Kat:3, Licht: 0","239464","3","6","2","08","20","7","","0","0","1","0","1"
"POINT (13.303562535000026 52.497075413000061)","Unfall 239465 (2024) Kat:2, Licht: 0","239465","2","5","0","08","16","7","","0","1","1","0","0"
"POINT (13.519134695000048 52.513466085000061)","Unfall 239466 (2024) Kat:3, Licht: 0","239466","3","2","5","08","11","7","","0","0","1","0","0"
"POINT (13.194146918000058 52.528950743000053)","Unfall 239467 (2024) Kat:3, Licht: 0","239467","3","2","2","08","11","7","","0","0","1","0","1"
"POINT (13.125129619000063 52.535440891000064)","Unfall 239468 (2024) Kat:3, Licht: 0","239468","3","7","7","08","16","7","","0","0","0","0","1"
"POINT (13.383641862000047 52.503455901000052)","Unfall 239469 (2024) Kat:3, Licht: 0","239469","3","2","5","08","10","7","","0","0","1","0","0"
"POINT (13.328456675000041 52.464927350000039)","Unfall 239470 (2024) Kat:3, Licht: 0","239470","3","7","5","08","16","7","","0","0","1","0","1"
"POINT (13.461436814000024 52.430926262000071)","Unfall 239471 (2024) Kat:3, Licht: 2","239471","3","1","0","08","00","7","","2","1","0","0","0"
"POINT (13.344970371000045 52.485667139000043)","Unfall 239472 (2024) Kat:3, Licht: 0","239472","3","2","5","08","14","7","","0","1","1","0","0"
"POINT (13.568954952000070 52.525996704000079)","Unfall 239473 (2024) Kat:3, Licht: 0","239473","3","3","5","08","13","7","","0","0","1","0","0"
"POINT (13.413671021000027 52.566612736000081)","Unfall 239474 (2024) Kat:3, Licht: 0","239474","3","4","6","08","12","7","","0","1","0","1","0"
"POINT (13.269927690000031 52.536549488000048)","Unfall 239475 (2024) Kat:3, Licht: 0","239475","3","2","5","08","12","7","","0","1","1","0","0"
"POINT (13.259017550000067 52.516249920000064)","Unfall 239476 (2024) Kat:3, Licht: 0","239476","3","5","1","08","11","7","","0","0","1","0","0"
"POINT (13.353808558000026 52.494090708000044)","Unfall 239477 (2024) Kat:3, Licht: 0","239477","3","6","2","08","11","7","","0","1","1","0","0"
"POINT (13.395820036000032 52.497893968000028)","Unfall 239478 (2024) Kat:3, Licht: 0","239478","3","2","5","08","11","7","","0","0","1","0","0"
"POINT (13.485929905000035 52.577294890000076)","Unfall 239479 (2024) Kat:3, Licht: 0","239479","3","5","0","08","18","7","","0","0","1","0","1"
"POINT (13.231703320000065 52.505317149000064)","Unfall 239480 (2024) Kat:3, Licht: 0","239480","3","1","8","08","18","7","","0","0","1","0","0"
"POINT (13.450332189000051 52.646601996000072)","Unfall 239481 (2024) Kat:3, Licht: 0","239481","3","6","2","08","15","7","","0","0","1","0","0"
"POINT (13.349949652000078 52.524524140000040)","Unfall 239482 (2024) Kat:3, Licht: 0","239482","3","6","4","08","16","7","","0","1","0","0","0"
"POINT (13.260513678000052 52.516659585000070)","Unfall 239483 (2024) Kat:3, Licht: 0","239483","3","3","5","08","11","7","","0","0","1","0","0"
"POINT (13.174185884000053 52.549594030000037)","Unfall 239484 (2024) Kat:3, Licht: 0","239484","3","6","3","08","06","7","","0","0","1","0","0"
"POINT (13.265753866000068 52.548647559000074)","Unfall 239485 (2024) Kat:3, Licht: 0","239485","3","1","8","08","13","6","","0","0","1","0","0"
"POINT (13.491302224000037 52.469095425000035)","Unfall 239486 (2024) Kat:2, Licht: 2","239486","2","2","5","08","22","6","","2","0","1","0","1"
"POINT (13.411921915000050 52.528190117000065)","Unfall 239487 (2024) Kat:3, Licht: 0","239487","3","3","5","08","18","6","","0","1","1","0","0"
"POINT (13.433443509000028 52.464047864000065)","Unfall 239488 (2024) Kat:3, Licht: 0","239488","3","3","0","08","17","6","","0","0","1","0","1"
"POINT (13.306922240000063 52.554959296000050)","Unfall 239489 (2024) Kat:3, Licht: 0","239489","3","6","2","08","12","6","","0","0","1","0","0"
"POINT (13.388324589000035 52.519925056000034)","Unfall 239490 (2024) Kat:3, Licht: 0","239490","3","5","1","08","10","6","","0","0","1","0","0"
"POINT (13.329431197000076 52.480230050000046)","Unfall 239491 (2024) Kat:3, Licht: 0","239491","3","5","1","08","18","6","","0","1","1","0","0"
"POINT (13.333053482000025 52.507212281000079)","Unfall 239492 (2024) Kat:3, Licht: 2","239492","3","4","6","08","23","6","","2","0","1","1","0"
"POINT (13.512864210000032 52.455623848000073)","Unfall 239493 (2024) Kat:2, Licht: 0","239493","2","1","1","08","19","6","","0","0","1","0","1"
"POINT (13.507560901000033 52.440612468000040)","Unfall 239494 (2024) Kat:3, Licht: 0","239494","3","2","5","08","19","6","","0","1","1","0","0"
"POINT (13.430166517000032 52.487929129000065)","Unfall 239495 (2024) Kat:3, Licht: 0","239495","3","6","2","08","18","6","","0","1","0","0","0"
"POINT (13.434751534000043 52.440365508000070)","Unfall 239496 (2024) Kat:2, Licht: 0","239496","2","3","5","08","17","6","","0","1","1","0","0"
"POINT (13.278896357000065 52.503304680000042)","Unfall 239497 (2024) Kat:3, Licht: 0","239497","3","6","2","08","16","6","","0","0","1","0","0"
"POINT (13.561632438000061 52.503149751000080)","Unfall 239498 (2024) Kat:3, Licht: 0","239498","3","7","0","08","15","6","","0","0","1","0","0"
"POINT (13.654526409000027 52.414660748000074)","Unfall 239499 (2024) Kat:3, Licht: 0","239499","3","5","1","08","14","6","","0","0","1","0","0"
"POINT (13.375989709000066 52.553703462000044)","Unfall 239500 (2024) Kat:3, Licht: 0","239500","3","6","2","08","14","6","","0","0","1","0","1"
"POINT (13.194127348000052 52.533718823000072)","Unfall 239501 (2024) Kat:3, Licht: 0","239501","3","6","3","08","13","6","","0","0","1","0","0"
"POINT (13.416051658000072 52.490974365000056)","Unfall 239502 (2024) Kat:3, Licht: 0","239502","3","3","5","08","12","6","","0","1","1","0","0"
"POINT (13.242677042000025 52.433671042000071)","Unfall 239503 (2024) Kat:3, Licht: 0","239503","3","3","5","08","12","6","","0","1","1","0","0"
"POINT (13.334066889000042 52.523861041000032)","Unfall 239504 (2024) Kat:3, Licht: 0","239504","3","5","5","08","12","6","","0","0","1","0","1"
"POINT (13.484025770000073 52.463234779000061)","Unfall 239505 (2024) Kat:3, Licht: 0","239505","3","3","5","08","17","6","","0","1","1","0","0"
"POINT (13.341912985000022 52.470117120000054)","Unfall 239506 (2024) Kat:3, Licht: 1","239506","3","5","1","08","19","5","","1","1","1","0","0"
"POINT (13.377307308000070 52.522246863000078)","Unfall 239507 (2024) Kat:3, Licht: 0","239507","3","3","5","08","19","5","","0","1","1","0","0"
"POINT (13.427751033000050 52.487060021000048)","Unfall 239508 (2024) Kat:3, Licht: 0","239508","3","2","3","08","16","5","","0","1","1","0","0"
"POINT (13.358730231000038 52.554159344000027)","Unfall 239509 (2024) Kat:3, Licht: 0","239509","3","2","0","08","15","5","","0","0","1","0","0"
"POINT (13.194616778000068 52.533746336000036)","Unfall 239510 (2024) Kat:3, Licht: 0","239510","3","2","5","08","13","5","","0","1","1","0","0"
"POINT (13.432884463000050 52.517831254000043)","Unfall 239511 (2024) Kat:3, Licht: 2","239511","3","2","5","08","22","5","","2","1","1","0","0"
"POINT (13.443505719000029 52.464197334000062)","Unfall 239512 (2024) Kat:3, Licht: 0","239512","3","3","5","08","14","5","","0","0","1","0","1"
"POINT (13.435343049000039 52.514709979000031)","Unfall 239513 (2024) Kat:3, Licht: 2","239513","3","2","5","08","21","5","","2","1","1","0","0"
"POINT (13.330587707000063 52.562647492000053)","Unfall 239514 (2024) Kat:3, Licht: 0","239514","3","2","0","08","14","5","","0","0","1","0","0"
"POINT (13.294263002000037 52.497695218000047)","Unfall 239515 (2024) Kat:3, Licht: 0","239515","3","2","5","08","19","5","","0","0","1","0","0"
"POINT (13.453261056000031 52.567496547000076)","Unfall 239516 (2024) Kat:3, Licht: 0","239516","3","2","0","08","10","5","","0","0","1","0","1"
"POINT (13.401134307000063 52.511339420000070)","Unfall 239517 (2024) Kat:3, Licht: 0","239517","3","1","0","08","16","5","","0","1","0","0","0"
"POINT (13.429150991000029 52.471919018000051)","Unfall 239518 (2024) Kat:3, Licht: 0","239518","3","6","2","08","17","5","","0","0","1","0","0"
"POINT (13.493531914000073 52.636108855000032)","Unfall 239519 (2024) Kat:3, Licht: 2","239519","3","1","0","08","23","5","","2","1","0","0","0"
"POINT (13.400686839000059 52.533027142000037)","Unfall 239520 (2024) Kat:3, Licht: 2","239520","3","1","0","08","22","5","","2","1","0","0","0"
"POINT (13.458750978000069 52.466897887000073)","Unfall 239521 (2024) Kat:3, Licht: 0","239521","3","6","2","08","16","5","","0","0","1","0","0"
"POINT (13.423378563000028 52.500683460000062)","Unfall 239522 (2024) Kat:3, Licht: 0","239522","3","5","1","08","20","5","","0","1","1","0","0"
"POINT (13.437816557000076 52.439288637000061)","Unfall 239523 (2024) Kat:3, Licht: 0","239523","3","2","5","08","09","5","","0","1","1","0","0"
"POINT (13.453266893000034 52.515811433000067)","Unfall 239524 (2024) Kat:3, Licht: 0","239524","3","6","2","08","14","5","","0","0","1","0","0"
"POINT (13.602181587000075 52.483298394000030)","Unfall 239525 (2024) Kat:3, Licht: 0","239525","3","3","5","08","13","5","","0","1","1","0","0"
"POINT (13.393195796000043 52.537522019000050)","Unfall 239526 (2024) Kat:3, Licht: 0","239526","3","4","6","08","10","5","","0","1","0","1","0"
"POINT (13.464224360000060 52.481766244000028)","Unfall 239527 (2024) Kat:3, Licht: 0","239527","3","3","5","08","12","5","","0","0","1","0","0"
"POINT (13.371193755000036 52.511104386000056)","Unfall 239528 (2024) Kat:3, Licht: 0","239528","3","2","5","08","11","5","","0","0","1","0","0"
"POINT (13.442287913000030 52.546599198000081)","Unfall 239529 (2024) Kat:3, Licht: 0","239529","3","3","5","08","09","5","","0","1","1","0","0"
"POINT (13.339706976000059 52.518853762000049)","Unfall 239530 (2024) Kat:3, Licht: 0","239530","3","2","0","08","18","5","","0","1","1","0","0"
"POINT (13.398233413000071 52.507024225000066)","Unfall 239531 (2024) Kat:2, Licht: 0","239531","2","3","5","08","08","5","","0","1","1","0","0"
"POINT (13.505576957000073 52.534782220000068)","Unfall 239532 (2024) Kat:3, Licht: 0","239532","3","4","0","08","17","5","","0","0","1","1","0"
"POINT (13.392797353000049 52.492047293000041)","Unfall 239533 (2024) Kat:3, Licht: 0","239533","3","7","5","08","09","5","","0","1","0","0","0"
"POINT (13.446665210000049 52.564906733000043)","Unfall 239534 (2024) Kat:3, Licht: 0","239534","3","3","5","08","16","2","","0","1","1","0","0"
"POINT (13.416765861000044 52.511596785000052)","Unfall 239535 (2024) Kat:3, Licht: 2","239535","3","5","1","08","04","5","","2","1","1","0","0"
"POINT (13.415166752000061 52.495384297000044)","Unfall 239536 (2024) Kat:3, Licht: 2","239536","3","7","6","08","01","5","","2","0","1","1","0"
"POINT (13.398523466000029 52.569404860000077)","Unfall 239537 (2024) Kat:3, Licht: 0","239537","3","3","5","08","15","5","","0","1","1","0","0"
"POINT (13.507840229000067 52.546272811000051)","Unfall 239538 (2024) Kat:3, Licht: 0","239538","3","3","5","08","04","5","","0","0","1","0","1"
"POINT (13.205318172000034 52.541796371000032)","Unfall 239539 (2024) Kat:3, Licht: 0","239539","3","6","2","08","14","5","","0","1","0","0","0"
"POINT (13.295353165000051 52.497759090000045)","Unfall 239540 (2024) Kat:3, Licht: 0","239540","3","6","2","08","09","5","","0","0","1","0","0"
"POINT (13.375233075000040 52.455445060000045)","Unfall 239541 (2024) Kat:3, Licht: 0","239541","3","2","5","08","09","5","","0","0","1","0","0"
"POINT (13.301219431000050 52.524251293000077)","Unfall 239542 (2024) Kat:3, Licht: 0","239542","3","6","3","08","09","5","","0","1","1","0","0"
"POINT (13.514594757000054 52.446160646000067)","Unfall 239543 (2024) Kat:3, Licht: 0","239543","3","4","6","08","08","5","","0","1","0","1","0"
"POINT (13.541391074000046 52.534432236000043)","Unfall 239544 (2024) Kat:3, Licht: 0","239544","3","2","5","08","08","5","","0","1","1","0","0"
"POINT (13.365914367000073 52.525224239000067)","Unfall 239545 (2024) Kat:3, Licht: 0","239545","3","2","5","07","16","4","","0","1","1","0","0"
"POINT (13.518495065000025 52.570469373000037)","Unfall 239546 (2024) Kat:3, Licht: 0","239546","3","4","6","07","10","4","","0","1","0","1","0"
"POINT (13.433850448000044 52.612143574000072)","Unfall 239547 (2024) Kat:3, Licht: 0","239547","3","3","5","07","18","4","","0","0","1","0","0"
"POINT (13.441491476000067 52.504431802000056)","Unfall 239548 (2024) Kat:3, Licht: 2","239548","3","5","1","07","22","4","","2","1","1","0","0"
"POINT (13.395153950000065 52.517316804000075)","Unfall 239549 (2024) Kat:2, Licht: 0","239549","2","1","0","07","17","4","","0","0","0","0","1"
"POINT (13.330486423000025 52.526954357000079)","Unfall 239550 (2024) Kat:3, Licht: 0","239550","3","5","1","07","16","4","","0","1","1","0","0"
"POINT (13.257311119000065 52.430082016000028)","Unfall 239551 (2024) Kat:3, Licht: 0","239551","3","5","1","07","15","4","","0","1","1","0","0"
"POINT (13.342646636000040 52.434409977000030)","Unfall 239552 (2024) Kat:3, Licht: 0","239552","3","2","5","07","14","4","","0","1","1","0","0"
"POINT (13.533632012000055 52.459144259000027)","Unfall 239553 (2024) Kat:3, Licht: 0","239553","3","7","2","07","13","4","","0","0","1","0","1"
"POINT (13.437517954000043 52.592213016000073)","Unfall 239554 (2024) Kat:3, Licht: 0","239554","3","6","4","07","13","4","","0","0","1","0","0"
"POINT (13.326099061000036 52.538377687000036)","Unfall 239555 (2024) Kat:3, Licht: 0","239555","3","2","5","07","13","4","","0","0","1","0","0"
"POINT (13.327993608000043 52.525941395000075)","Unfall 239556 (2024) Kat:3, Licht: 0","239556","3","1","1","07","12","4","","0","0","1","0","0"
"POINT (13.452001199000051 52.438181409000038)","Unfall 239557 (2024) Kat:3, Licht: 0","239557","3","2","5","07","11","4","","0","0","1","0","0"
"POINT (13.342064008000023 52.517923630000041)","Unfall 239558 (2024) Kat:3, Licht: 0","239558","3","2","5","07","10","4","","0","0","1","0","0"
"POINT (13.424589571000070 52.486530382000069)","Unfall 239559 (2024) Kat:3, Licht: 0","239559","3","4","6","07","10","4","","0","1","0","1","0"
"POINT (13.428394164000053 52.472943182000051)","Unfall 239560 (2024) Kat:3, Licht: 2","239560","3","1","0","07","00","4","","2","0","0","0","0"
"POINT (13.411033747000033 52.587636002000067)","Unfall 239561 (2024) Kat:2, Licht: 0","239561","2","5","1","07","19","4","","0","0","1","0","1"
"POINT (13.423660235000057 52.512980368000058)","Unfall 239562 (2024) Kat:3, Licht: 2","239562","3","5","0","07","23","4","","2","1","1","0","0"
"POINT (13.352221736000047 52.604859109000074)","Unfall 239563 (2024) Kat:2, Licht: 0","239563","2","4","6","07","19","4","","0","0","1","1","0"
"POINT (13.192544284000064 52.534049946000039)","Unfall 239564 (2024) Kat:3, Licht: 0","239564","3","6","4","07","16","4","","0","0","1","0","0"
"POINT (13.309600217000025 52.617080331000068)","Unfall 239565 (2024) Kat:3, Licht: 0","239565","3","1","0","08","08","6","","0","1","0","0","0"
"POINT (13.444118261000028 52.499943217000066)","Unfall 239566 (2024) Kat:3, Licht: 0","239566","3","6","2","07","16","4","","0","1","0","0","0"
"POINT (13.428821491000065 52.579188770000030)","Unfall 239567 (2024) Kat:3, Licht: 0","239567","3","6","2","07","13","4","","0","0","1","0","0"
"POINT (13.420801204000043 52.566195136000033)","Unfall 239568 (2024) Kat:3, Licht: 0","239568","3","5","1","07","08","4","","0","1","1","0","0"
"POINT (13.350870663000023 52.504389194000055)","Unfall 239569 (2024) Kat:2, Licht: 0","239569","2","2","0","07","17","4","","0","1","1","0","0"
"POINT (13.380469037000069 52.528367659000082)","Unfall 239570 (2024) Kat:3, Licht: 0","239570","3","6","2","07","17","4","","0","0","1","0","1"
"POINT (13.469886653000060 52.470744760000059)","Unfall 239571 (2024) Kat:3, Licht: 0","239571","3","7","0","07","15","4","","0","0","1","0","1"
"POINT (13.456960362000075 52.502769818000047)","Unfall 239572 (2024) Kat:3, Licht: 0","239572","3","6","2","07","15","4","","0","0","1","0","0"
"POINT (13.317509977000043 52.547040119000030)","Unfall 239573 (2024) Kat:3, Licht: 0","239573","3","2","5","07","14","4","","0","1","0","0","0"
"POINT (13.426014679000048 52.478185128000064)","Unfall 239574 (2024) Kat:3, Licht: 0","239574","3","2","2","07","12","4","","0","1","1","0","0"
"POINT (13.303738468000063 52.525604027000043)","Unfall 239575 (2024) Kat:3, Licht: 0","239575","3","3","5","07","12","4","","0","0","1","0","0"
"POINT (13.419925540000065 52.452101112000037)","Unfall 239576 (2024) Kat:3, Licht: 0","239576","3","3","5","07","11","4","","0","0","0","0","1"
"POINT (13.624967165000044 52.446824561000028)","Unfall 239577 (2024) Kat:3, Licht: 0","239577","3","5","1","07","18","3","","0","1","1","0","0"
"POINT (13.414728819000061 52.502531014000056)","Unfall 239578 (2024) Kat:3, Licht: 0","239578","3","6","2","07","18","3","","0","1","0","0","0"
"POINT (13.396554203000051 52.554949979000071)","Unfall 239579 (2024) Kat:3, Licht: 0","239579","3","5","0","07","18","3","","0","1","0","0","0"
"POINT (13.345333564000043 52.484578301000056)","Unfall 239580 (2024) Kat:3, Licht: 0","239580","3","2","0","07","16","3","","0","0","0","0","0"
"POINT (13.349960650000071 52.503017465000028)","Unfall 239581 (2024) Kat:3, Licht: 0","239581","3","2","5","07","15","3","","0","0","1","0","0"
"POINT (13.387467835000052 52.503730696000048)","Unfall 239582 (2024) Kat:3, Licht: 0","239582","3","5","1","07","13","3","","0","1","1","0","0"
"POINT (13.372594544000037 52.436772913000027)","Unfall 239583 (2024) Kat:2, Licht: 0","239583","2","5","1","07","11","3","","0","0","0","0","0"
"POINT (13.436543939000046 52.423762855000064)","Unfall 239584 (2024) Kat:2, Licht: 0","239584","2","2","6","07","11","3","","0","0","1","1","0"
"POINT (13.412702089000049 52.553984691000039)","Unfall 239585 (2024) Kat:3, Licht: 0","239585","3","5","1","07","10","3","","0","0","1","0","0"
"POINT (13.418624692000037 52.500351464000062)","Unfall 239586 (2024) Kat:3, Licht: 2","239586","3","5","1","07","23","3","","2","1","1","0","0"
"POINT (13.633264190000034 52.447300876000043)","Unfall 239587 (2024) Kat:3, Licht: 0","239587","3","6","4","07","17","3","","0","0","1","0","0"
"POINT (13.310991177000062 52.547589083000048)","Unfall 239588 (2024) Kat:3, Licht: 0","239588","3","3","5","07","15","3","","0","0","1","0","0"
"POINT (13.398238092000042 52.507030826000062)","Unfall 239589 (2024) Kat:3, Licht: 0","239589","3","2","5","07","15","3","","0","1","0","0","0"
"POINT (13.285924576000070 52.595130532000042)","Unfall 239590 (2024) Kat:2, Licht: 0","239590","2","2","0","07","14","3","","0","0","0","0","0"
"POINT (13.480842675000076 52.533399955000050)","Unfall 239591 (2024) Kat:3, Licht: 0","239591","3","6","2","07","07","3","","0","0","1","0","1"
"POINT (13.348198730000036 52.458928230000026)","Unfall 239592 (2024) Kat:3, Licht: 0","239592","3","1","0","08","16","6","","0","0","0","0","1"
"POINT (13.348629527000071 52.459127317000082)","Unfall 239593 (2024) Kat:3, Licht: 0","239593","3","7","5","07","06","3","","0","0","1","0","0"
"POINT (13.214028017000032 52.538543494000066)","Unfall 239594 (2024) Kat:3, Licht: 0","239594","3","6","2","07","18","3","","0","0","1","0","0"
"POINT (13.500889727000072 52.483515368000042)","Unfall 239595 (2024) Kat:2, Licht: 0","239595","2","5","1","07","15","3","","0","0","1","0","1"
"POINT (13.603519899000048 52.543899650000071)","Unfall 239596 (2024) Kat:3, Licht: 0","239596","3","6","2","07","13","3","","0","0","1","0","0"
"POINT (13.477158180000060 52.566965446000040)","Unfall 239597 (2024) Kat:3, Licht: 0","239597","3","2","5","07","06","3","","0","1","1","0","0"
"POINT (13.481291746000068 52.460825337000074)","Unfall 239598 (2024) Kat:3, Licht: 2","239598","3","2","5","07","22","3","","2","0","1","0","1"
"POINT (13.435077883000076 52.470466096000052)","Unfall 239599 (2024) Kat:2, Licht: 2","239599","2","3","5","07","21","3","","2","1","1","0","0"
"POINT (13.385677531000056 52.517493253000055)","Unfall 239600 (2024) Kat:3, Licht: 0","239600","3","7","2","07","20","3","","0","0","1","0","1"
"POINT (13.231282607000026 52.436887526000078)","Unfall 239601 (2024) Kat:3, Licht: 1","239601","3","7","0","07","20","3","","1","0","1","0","1"
"POINT (13.559579798000073 52.478226091000067)","Unfall 239602 (2024) Kat:3, Licht: 0","239602","3","6","2","07","18","3","","0","0","1","0","0"
"POINT (13.292460031000076 52.581073598000046)","Unfall 239603 (2024) Kat:3, Licht: 0","239603","3","3","5","07","18","3","","0","0","1","0","0"
"POINT (13.477611554000077 52.530846533000044)","Unfall 239604 (2024) Kat:3, Licht: 0","239604","3","3","5","07","11","3","","0","1","1","0","0"
"POINT (13.387733461000039 52.500227000000052)","Unfall 239605 (2024) Kat:3, Licht: 0","239605","3","2","5","07","17","3","","0","1","1","0","0"
"POINT (13.166602221000062 52.592365550000068)","Unfall 239606 (2024) Kat:3, Licht: 0","239606","3","6","4","07","14","3","","0","0","1","0","0"
"POINT (13.309705933000032 52.431442644000072)","Unfall 239607 (2024) Kat:3, Licht: 0","239607","3","2","5","08","17","5","","0","0","1","0","0"
"POINT (13.288069699000062 52.632852102000072)","Unfall 239608 (2024) Kat:3, Licht: 0","239608","3","7","1","07","14","3","","0","0","1","0","0"
"POINT (13.259632223000040 52.433299116000057)","Unfall 239609 (2024) Kat:2, Licht: 0","239609","2","4","6","07","14","3","","0","1","0","1","0"
"POINT (13.489306712000030 52.542431421000060)","Unfall 239610 (2024) Kat:2, Licht: 0","239610","2","2","5","07","12","3","","0","1","1","0","0"
"POINT (13.398052908000068 52.567370506000032)","Unfall 239611 (2024) Kat:3, Licht: 0","239611","3","4","6","07","11","3","","0","0","1","1","0"
"POINT (13.319088679000060 52.454387520000068)","Unfall 239612 (2024) Kat:3, Licht: 0","239612","3","7","5","07","10","3","","0","0","1","0","1"
"POINT (13.452315857000031 52.591340178000053)","Unfall 239613 (2024) Kat:3, Licht: 0","239613","3","6","2","08","16","3","","0","0","1","0","0"
"POINT (13.418785194000066 52.510396609000054)","Unfall 239614 (2024) Kat:3, Licht: 0","239614","3","2","5","07","09","3","","0","1","1","0","0"
"POINT (13.458877096000037 52.440309577000050)","Unfall 239615 (2024) Kat:3, Licht: 0","239615","3","3","5","07","07","3","","0","0","1","0","0"
"POINT (13.266920078000055 52.536612022000043)","Unfall 239616 (2024) Kat:2, Licht: 0","239616","2","1","0","07","12","2","","0","1","0","0","0"
"POINT (13.332645975000048 52.506272104000061)","Unfall 239617 (2024) Kat:3, Licht: 2","239617","3","4","0","07","23","2","","2","0","0","1","0"
"POINT (13.375967911000032 52.512047045000031)","Unfall 239618 (2024) Kat:3, Licht: 0","239618","3","6","4","07","18","2","","0","1","0","0","0"
"POINT (13.357402103000027 52.553064987000027)","Unfall 239619 (2024) Kat:3, Licht: 0","239619","3","6","3","07","18","2","","0","0","1","0","0"
"POINT (13.294705785000076 52.474495992000072)","Unfall 239620 (2024) Kat:3, Licht: 0","239620","3","3","5","07","18","2","","0","0","1","0","1"
"POINT (13.275925196000060 52.501476368000056)","Unfall 239621 (2024) Kat:3, Licht: 0","239621","3","1","0","07","18","2","","0","0","0","0","1"
"POINT (13.363217580000025 52.548844869000050)","Unfall 239622 (2024) Kat:3, Licht: 0","239622","3","7","6","07","17","2","","0","0","1","1","0"
"POINT (13.281685737000032 52.508963494000056)","Unfall 239623 (2024) Kat:3, Licht: 0","239623","3","6","2","07","17","2","","0","0","1","0","0"
"POINT (13.397252326000057 52.382794708000063)","Unfall 239624 (2024) Kat:2, Licht: 0","239624","2","5","1","07","16","2","","0","1","1","0","0"
"POINT (13.409599538000066 52.582038852000039)","Unfall 239625 (2024) Kat:3, Licht: 0","239625","3","2","5","07","16","2","","0","1","1","0","0"