WKT,Name,OBJECTID,UKATEGORIE,UTYP1,UART,UMONAT,USTUNDE,UWOCHENTAG,STRZUSTAND,ULICHTVERH,ISTRAD,ISTPKW,ISTFUSS,ISTKRAD
"POINT (13.301719704000050 52.509798908000050)","Unfall 239626 (2024) Kat:3, Licht: 0","239626","3","2","5","07","15","2","","0","1","1","0","0"
"POINT (13.433766716000036 52.465302431000055)","Unfall 239627 (2024) Kat:3, Licht: 0","239627","3","6","2","07","15","2","","0","0","1","0","0"
"POINT (13.625068368000029 52.453794938000044)","Unfall 239628 (2024) Kat:2, Licht: 0","239628","2","1","0","07","14","2","","0","1","0","0","0"
"POINT (13.297019075000037 52.498037313000054)","Unfall 239629 (2024) Kat:3, Licht: 0","239629","3","7","5","07","13","2","","0","1","1","0","0"
"POINT (13.372395768000047 52.556674083000075)","Unfall 239630 (2024) Kat:3, Licht: 0","239630","3","2","5","07","11","2","","0","0","1","0","0"
"POINT (13.352807866000035 52.516198834000079)","Unfall 239631 (2024) Kat:3, Licht: 0","239631","3","6","3","07","10","2","","0","0","1","0","1"
"POINT (13.488900671000067 52.458957927000029)","Unfall 239632 (2024) Kat:3, Licht: 0","239632","3","5","1","07","18","2","","0","1","1","0","0"
"POINT (13.343198483000037 52.531890826000051)","Unfall 239633 (2024) Kat:2, Licht: 0","239633","2","2","5","07","18","2","","0","0","1","0","1"
"POINT (13.380581191000033 52.528437677000056)","Unfall 239634 (2024) Kat:3, Licht: 0","239634","3","3","5","07","17","2","","0","1","1","0","0"
"POINT (13.602133624000032 52.483387740000069)","Unfall 239635 (2024) Kat:3, Licht: 0","239635","3","6","2","07","15","2","","0","0","1","0","0"
"POINT (13.324180161000072 52.496893995000050)","Unfall 239636 (2024) Kat:3, Licht: 0","239636","3","2","5","07","13","2","","0","1","1","0","0"
"POINT (13.297124161000056 52.526690268000038)","Unfall 239637 (2024) Kat:3, Licht: 0","239637","3","6","2","08","19","1","","0","0","1","0","0"
"POINT (13.469490042000075 52.501543323000078)","Unfall 239638 (2024) Kat:3, Licht: 0","239638","3","2","0","07","10","2","","0","1","0","0","0"
"POINT (13.379190812000047 52.533666069000049)","Unfall 239639 (2024) Kat:3, Licht: 0","239639","3","6","4","07","07","2","","0","0","1","0","0"
"POINT (13.345349184000042 52.530627925000033)","Unfall 239640 (2024) Kat:3, Licht: 2","239640","3","7","1","07","22","2","","2","0","1","0","0"
"POINT (13.333652116000053 52.478547419000051)","Unfall 239641 (2024) Kat:1, Licht: 2","239641","1","1","9","07","23","2","","2","0","1","0","1"
"POINT (13.371038950000070 52.511101857000028)","Unfall 239642 (2024) Kat:3, Licht: 0","239642","3","2","5","07","16","1","","0","1","1","0","0"
"POINT (13.370932781000022 52.492625281000073)","Unfall 239643 (2024) Kat:3, Licht: 1","239643","3","2","5","07","20","1","","1","1","1","0","0"
"POINT (13.504260311000053 52.421554235000031)","Unfall 239644 (2024) Kat:3, Licht: 0","239644","3","3","5","07","19","1","","0","0","1","0","0"
"POINT (13.497398286000077 52.458185977000028)","Unfall 239645 (2024) Kat:3, Licht: 1","239645","3","2","5","07","05","1","","1","0","1","0","1"
"POINT (13.406658806000053 52.498440998000035)","Unfall 239646 (2024) Kat:2, Licht: 2","239646","2","2","5","07","00","1","","2","0","1","0","1"
"POINT (13.299234966000029 52.506843014000026)","Unfall 239647 (2024) Kat:2, Licht: 0","239647","2","2","5","07","17","1","","0","1","1","0","0"
"POINT (13.594610166000052 52.533896730000038)","Unfall 239648 (2024) Kat:2, Licht: 0","239648","2","3","5","07","16","1","","0","0","1","0","0"
"POINT (13.586086172000023 52.402968640000040)","Unfall 239649 (2024) Kat:3, Licht: 0","239649","3","5","1","07","16","1","","0","1","1","0","0"
"POINT (13.402054986000053 52.446713927000076)","Unfall 239650 (2024) Kat:3, Licht: 0","239650","3","2","5","07","14","1","","0","0","1","0","0"
"POINT (13.574225995000063 52.413972673000046)","Unfall 239651 (2024) Kat:2, Licht: 0","239651","2","3","5","07","13","1","","0","0","1","0","1"
"POINT (13.372699324000052 52.593155240000044)","Unfall 239652 (2024) Kat:2, Licht: 0","239652","2","7","1","07","10","1","","0","0","1","0","0"
"POINT (13.409818119000022 52.529020771000035)","Unfall 239653 (2024) Kat:2, Licht: 2","239653","2","1","0","07","03","1","","2","0","0","0","1"
"POINT (13.388094009000042 52.502529706000075)","Unfall 239654 (2024) Kat:3, Licht: 2","239654","3","4","6","07","23","7","","2","0","1","1","0"
"POINT (13.349321422000060 52.542001254000070)","Unfall 239655 (2024) Kat:3, Licht: 2","239655","3","4","6","07","21","7","","2","0","1","1","0"
"POINT (13.390882491000070 52.506736968000041)","Unfall 239656 (2024) Kat:3, Licht: 0","239656","3","5","1","07","19","7","","0","1","1","0","0"
"POINT (13.150912140000059 52.539598618000070)","Unfall 239657 (2024) Kat:2, Licht: 0","239657","2","5","1","07","18","7","","0","0","1","0","0"
"POINT (13.562445422000053 52.456688108000037)","Unfall 239658 (2024) Kat:3, Licht: 0","239658","3","3","5","07","16","7","","0","1","1","0","0"
"POINT (13.379174299000056 52.447404806000065)","Unfall 239659 (2024) Kat:3, Licht: 0","239659","3","3","5","07","16","7","","0","1","1","0","0"
"POINT (13.198712307000051 52.515139710000028)","Unfall 239660 (2024) Kat:2, Licht: 0","239660","2","7","0","08","10","4","","0","0","1","0","0"
"POINT (13.383546508000052 52.493731962000027)","Unfall 239661 (2024) Kat:3, Licht: 0","239661","3","2","3","07","13","7","","0","0","1","0","0"
"POINT (13.363592778000054 52.556669690000035)","Unfall 239662 (2024) Kat:3, Licht: 0","239662","3","7","0","07","13","7","","0","0","0","0","1"
"POINT (13.323750501000063 52.493817917000058)","Unfall 239663 (2024) Kat:3, Licht: 0","239663","3","3","5","07","12","7","","0","0","1","0","0"
"POINT (13.323813388000076 52.474952181000049)","Unfall 239664 (2024) Kat:3, Licht: 0","239664","3","1","0","07","12","7","","0","0","0","0","1"
"POINT (13.433899002000032 52.484681147000060)","Unfall 239665 (2024) Kat:3, Licht: 0","239665","3","5","1","07","12","7","","0","1","1","0","0"
"POINT (13.460127826000075 52.431844371000068)","Unfall 239666 (2024) Kat:3, Licht: 0","239666","3","7","5","07","11","7","","0","0","1","0","1"
"POINT (13.416278430000034 52.521638422000080)","Unfall 239667 (2024) Kat:3, Licht: 0","239667","3","1","0","07","10","7","","0","1","0","0","0"
"POINT (13.391344433000029 52.499649779000038)","Unfall 239668 (2024) Kat:3, Licht: 2","239668","3","7","6","07","23","7","","2","0","0","1","0"
"POINT (13.404907246000050 52.540708000000052)","Unfall 239669 (2024) Kat:3, Licht: 0","239669","3","7","0","07","18","7","","0","0","0","0","1"
"POINT (13.372479159000022 52.556576458000052)","Unfall 239670 (2024) Kat:3, Licht: 0","239670","3","4","6","07","18","7","","0","0","1","1","0"
"POINT (13.443955107000022 52.525356108000040)","Unfall 239671 (2024) Kat:3, Licht: 0","239671","3","6","2","08","07","5","","0","0","1","0","0"
"POINT (13.289201697000067 52.470658505000074)","Unfall 239672 (2024) Kat:2, Licht: 0","239672","2","3","5","07","16","7","","0","1","1","0","0"
"POINT (13.345997804000035 52.503979839000067)","Unfall 239673 (2024) Kat:3, Licht: 0","239673","3","2","5","07","12","7","","0","0","1","0","0"
"POINT (13.381010156000059 52.511050769000065)","Unfall 239674 (2024) Kat:3, Licht: 0","239674","3","2","6","07","11","7","","0","0","1","1","0"
"POINT (13.362988413000039 52.524487328000077)","Unfall 239675 (2024) Kat:3, Licht: 0","239675","3","1","0","07","08","7","","0","0","0","0","1"
"POINT (13.305212111000060 52.502698197000029)","Unfall 239676 (2024) Kat:3, Licht: 1","239676","3","1","0","07","05","7","","1","0","0","0","0"
"POINT (13.296432009000057 52.529277737000029)","Unfall 239677 (2024) Kat:3, Licht: 2","239677","3","2","5","07","00","7","","2","0","1","0","0"
"POINT (13.415701402000025 52.526717629000075)","Unfall 239678 (2024) Kat:1, Licht: 2","239678","1","2","5","07","04","7","","2","1","0","0","0"
"POINT (13.544562951000046 52.399287538000067)","Unfall 239679 (2024) Kat:3, Licht: 2","239679","3","2","6","07","22","6","","2","0","1","1","0"
"POINT (13.349541217000024 52.487309806000042)","Unfall 239680 (2024) Kat:3, Licht: 0","239680","3","3","5","08","12","6","","0","0","1","0","1"
"POINT (13.372060355000031 52.469822389000058)","Unfall 239681 (2024) Kat:3, Licht: 1","239681","3","2","5","07","21","6","","1","0","1","0","0"
"POINT (13.536164215000042 52.460094672000082)","Unfall 239682 (2024) Kat:3, Licht: 0","239682","3","2","5","07","19","6","","0","1","1","0","0"
"POINT (13.428365141000029 52.493589830000076)","Unfall 239683 (2024) Kat:3, Licht: 0","239683","3","5","1","07","18","6","","0","1","1","0","0"
"POINT (13.200749503000054 52.538823819000072)","Unfall 239684 (2024) Kat:3, Licht: 0","239684","3","6","2","07","17","6","","0","0","1","0","1"
"POINT (13.469309860000067 52.542926276000060)","Unfall 239685 (2024) Kat:3, Licht: 0","239685","3","1","0","07","12","6","","0","1","0","0","0"
"POINT (13.391984095000055 52.509499497000036)","Unfall 239686 (2024) Kat:3, Licht: 0","239686","3","3","5","07","12","6","","0","1","1","0","0"
"POINT (13.328049832000033 52.479227661000039)","Unfall 239687 (2024) Kat:3, Licht: 0","239687","3","7","2","07","11","6","","0","0","1","0","1"
"POINT (13.389781407000044 52.574288611000043)","Unfall 239688 (2024) Kat:2, Licht: 0","239688","2","3","5","07","08","6","","0","1","1","0","0"
"POINT (13.392879672000049 52.527533755000036)","Unfall 239689 (2024) Kat:3, Licht: 0","239689","3","3","5","07","08","6","","0","1","1","0","0"
"POINT (13.327304501000071 52.448568979000072)","Unfall 239690 (2024) Kat:2, Licht: 0","239690","2","4","6","07","08","6","","0","0","1","1","0"
"POINT (13.406121249000023 52.552746778000028)","Unfall 239691 (2024) Kat:3, Licht: 0","239691","3","3","5","07","07","6","","0","0","1","0","0"
"POINT (13.404041672000062 52.522618169000054)","Unfall 239692 (2024) Kat:3, Licht: 0","239692","3","6","2","07","18","6","","0","0","1","0","0"
"POINT (13.411145687000044 52.504138779000073)","Unfall 239693 (2024) Kat:3, Licht: 0","239693","3","5","3","07","17","6","","0","1","0","0","0"
"POINT (13.382797996000022 52.512238978000028)","Unfall 239694 (2024) Kat:3, Licht: 0","239694","3","1","0","07","18","6","","0","0","0","0","0"
"POINT (13.574629439000034 52.555409855000050)","Unfall 239695 (2024) Kat:3, Licht: 0","239695","3","6","4","07","17","6","","0","1","0","0","0"
"POINT (13.450352378000048 52.445535197000027)","Unfall 239696 (2024) Kat:3, Licht: 0","239696","3","5","1","07","13","6","","0","0","1","0","1"
"POINT (13.321144298000036 52.501784138000062)","Unfall 239697 (2024) Kat:3, Licht: 0","239697","3","7","5","07","11","6","","0","0","1","0","1"
"POINT (13.384293853000031 52.420043997000050)","Unfall 239698 (2024) Kat:3, Licht: 0","239698","3","5","1","07","07","6","","0","0","1","0","1"
"POINT (13.352498710000077 52.494827144000055)","Unfall 239699 (2024) Kat:3, Licht: 0","239699","3","4","6","07","10","6","","0","0","1","1","0"
"POINT (13.509225367000056 52.546500930000036)","Unfall 239700 (2024) Kat:3, Licht: 0","239700","3","3","5","07","10","6","","0","1","1","0","0"
"POINT (13.385715637000033 52.481638420000081)","Unfall 239701 (2024) Kat:3, Licht: 0","239701","3","2","5","07","18","5","","0","1","1","0","0"
"POINT (13.427849743000024 52.518172764000042)","Unfall 239702 (2024) Kat:3, Licht: 0","239702","3","3","5","07","17","5","","0","1","1","0","0"
"POINT (13.412686169000040 52.492094439000027)","Unfall 239703 (2024) Kat:3, Licht: 0","239703","3","1","0","07","16","5","","0","1","0","0","0"
"POINT (13.409635119000029 52.504050703000075)","Unfall 239704 (2024) Kat:3, Licht: 0","239704","3","6","2","07","16","5","","0","1","0","0","0"
"POINT (13.593830941000022 52.452939683000068)","Unfall 239705 (2024) Kat:3, Licht: 0","239705","3","6","4","07","15","5","","0","1","0","0","0"
"POINT (13.281433493000065 52.512838603000034)","Unfall 239706 (2024) Kat:3, Licht: 0","239706","3","2","2","07","21","5","","0","0","1","0","1"
"POINT (13.416633794000063 52.510961038000062)","Unfall 239707 (2024) Kat:3, Licht: 0","239707","3","2","5","07","18","5","","0","1","1","0","0"
"POINT (13.320679946000041 52.456761372000074)","Unfall 239708 (2024) Kat:3, Licht: 0","239708","3","2","0","07","16","5","","0","1","0","0","0"
"POINT (13.312423511000077 52.489946567000061)","Unfall 239709 (2024) Kat:2, Licht: 0","239709","2","3","5","07","12","5","","0","0","1","0","1"
"POINT (13.373795059000031 52.537707189000059)","Unfall 239710 (2024) Kat:3, Licht: 0","239710","3","7","5","07","10","5","","0","0","1","0","1"
"POINT (13.625861400000076 52.529115064000052)","Unfall 239711 (2024) Kat:2, Licht: 0","239711","2","2","2","07","09","5","","0","0","1","0","0"
"POINT (13.478703891000066 52.477567772000043)","Unfall 239712 (2024) Kat:3, Licht: 2","239712","3","2","5","07","21","5","","2","0","1","0","0"
"POINT (13.290032283000073 52.482209273000080)","Unfall 239713 (2024) Kat:3, Licht: 0","239713","3","2","5","07","17","5","","0","0","1","0","0"
"POINT (13.309588722000058 52.431258238000055)","Unfall 239714 (2024) Kat:3, Licht: 0","239714","3","2","6","07","17","5","","0","0","1","1","0"
"POINT (13.420048129000065 52.531896126000049)","Unfall 239715 (2024) Kat:3, Licht: 0","239715","3","6","1","07","17","5","","0","1","1","0","0"
"POINT (13.590425416000073 52.529782580000074)","Unfall 239716 (2024) Kat:3, Licht: 0","239716","3","6","2","07","16","5","","0","0","1","0","0"
"POINT (13.550713195000071 52.429057395000029)","Unfall 239717 (2024) Kat:3, Licht: 0","239717","3","2","5","07","14","5","","0","0","1","0","0"
"POINT (13.433533105000038 52.444307357000071)","Unfall 239718 (2024) Kat:2, Licht: 0","239718","2","2","5","07","15","5","","0","1","0","0","1"
"POINT (13.401034864000053 52.518274666000082)","Unfall 239719 (2024) Kat:3, Licht: 0","239719","3","3","5","07","14","5","","0","0","1","0","1"
"POINT (13.413193413000045 52.525194626000030)","Unfall 239720 (2024) Kat:3, Licht: 0","239720","3","3","5","07","13","5","","0","1","1","0","0"
"POINT (13.436696804000064 52.523491605000061)","Unfall 239721 (2024) Kat:3, Licht: 0","239721","3","3","0","08","11","6","","0","1","1","0","0"
"POINT (13.379287364000049 52.489707862000046)","Unfall 239722 (2024) Kat:3, Licht: 0","239722","3","3","5","07","12","5","","0","1","1","0","0"
"POINT (13.292259607000062 52.590586587000075)","Unfall 239723 (2024) Kat:3, Licht: 0","239723","3","2","5","07","12","5","","0","0","1","0","0"
"POINT (13.441442904000041 52.543360914000061)","Unfall 239724 (2024) Kat:3, Licht: 0","239724","3","2","5","07","08","5","","0","0","1","0","0"
"POINT (13.309198492000064 52.567981977000045)","Unfall 239725 (2024) Kat:3, Licht: 0","239725","3","7","0","07","17","4","","0","0","0","0","0"
"POINT (13.291547037000043 52.510479792000069)","Unfall 239726 (2024) Kat:2, Licht: 0","239726","2","2","5","07","10","4","","0","1","1","0","0"
"POINT (13.525258434000023 52.481101994000028)","Unfall 239727 (2024) Kat:3, Licht: 0","239727","3","4","6","07","09","4","","0","1","0","1","0"
"POINT (13.406510571000069 52.498326270000064)","Unfall 239728 (2024) Kat:3, Licht: 2","239728","3","2","5","07","23","4","","2","0","1","0","1"
"POINT (13.191085137000073 52.534325526000032)","Unfall 239729 (2024) Kat:2, Licht: 2","239729","2","2","5","07","23","4","","2","0","1","0","0"
"POINT (13.305432131000032 52.510769211000081)","Unfall 239730 (2024) Kat:3, Licht: 0","239730","3","7","5","07","19","4","","0","1","1","0","0"
"POINT (13.479381262000061 52.523050283000032)","Unfall 239731 (2024) Kat:2, Licht: 0","239731","2","7","5","07","19","4","","0","0","1","0","1"
"POINT (13.242009197000073 52.538775560000033)","Unfall 239732 (2024) Kat:3, Licht: 2","239732","3","5","1","07","00","4","","2","0","1","0","0"
"POINT (13.535232655000073 52.432150963000026)","Unfall 239733 (2024) Kat:3, Licht: 0","239733","3","3","5","07","17","4","","0","1","0","0","1"
"POINT (13.416822007000064 52.511710609000033)","Unfall 239734 (2024) Kat:3, Licht: 0","239734","3","7","5","07","16","4","","0","0","1","0","0"
"POINT (13.447635680000076 52.493439261000049)","Unfall 239735 (2024) Kat:3, Licht: 0","239735","3","3","5","07","16","4","","0","0","1","0","0"
"POINT (13.458337035000056 52.485832826000035)","Unfall 239736 (2024) Kat:3, Licht: 0","239736","3","2","5","07","13","4","","0","0","1","0","1"
"POINT (13.415912101000060 52.544366068000045)","Unfall 239737 (2024) Kat:3, Licht: 2","239737","3","5","1","07","22","4","","2","1","1","0","0"
"POINT (13.467486758000064 52.509626865000030)","Unfall 239738 (2024) Kat:3, Licht: 0","239738","3","7","0","07","13","4","","0","1","0","0","0"
"POINT (13.244985386000053 52.614351572000032)","Unfall 239739 (2024) Kat:3, Licht: 0","239739","3","2","5","08","10","5","","0","1","1","0","0"
"POINT (13.232508586000051 52.540596130000040)","Unfall 239740 (2024) Kat:3, Licht: 1","239740","3","6","3","07","20","4","","1","0","1","0","0"
"POINT (13.449883011000054 52.568185513000060)","Unfall 239741 (2024) Kat:3, Licht: 0","239741","3","1","1","07","20","4","","0","0","1","0","0"
"POINT (13.449366439000073 52.537191638000081)","Unfall 239742 (2024) Kat:3, Licht: 0","239742","3","2","5","07","18","4","","0","1","1","0","0"
"POINT (13.371052670000040 52.523475641000061)","Unfall 239743 (2024) Kat:2, Licht: 0","239743","2","7","6","07","10","4","","0","1","0","1","0"
"POINT (13.522410726000032 52.560828374000039)","Unfall 239744 (2024) Kat:3, Licht: 0","239744","3","3","0","07","08","4","","0","0","1","0","1"
"POINT (13.420798575000049 52.554058420000047)","Unfall 239745 (2024) Kat:2, Licht: 0","239745","2","3","5","07","09","4","","0","0","1","0","1"
"POINT (13.451866172000052 52.534847202000037)","Unfall 239746 (2024) Kat:3, Licht: 0","239746","3","4","6","07","08","4","","0","1","0","1","0"
"POINT (13.415807580000035 52.507215899000073)","Unfall 239747 (2024) Kat:3, Licht: 0","239747","3","2","2","07","17","4","","0","0","1","0","1"
"POINT (13.437251715000059 52.480128248000028)","Unfall 239748 (2024) Kat:3, Licht: 0","239748","3","6","2","08","17","2","","0","1","1","0","0"
"POINT (13.228394585000046 52.506851845000028)","Unfall 239749 (2024) Kat:2, Licht: 0","239749","2","2","6","07","08","4","","0","0","1","1","0"
"POINT (13.256155219000050 52.537353494000058)","Unfall 239750 (2024) Kat:3, Licht: 0","239750","3","3","5","07","16","4","","0","0","1","0","0"
"POINT (13.345913528000040 52.498987353000075)","Unfall 239751 (2024) Kat:3, Licht: 0","239751","3","6","3","07","06","4","","0","0","1","0","1"
"POINT (13.450183192000054 52.476753893000080)","Unfall 239752 (2024) Kat:3, Licht: 0","239752","3","2","5","07","15","4","","0","0","1","0","0"
"POINT (13.587468720000061 52.523634713000035)","Unfall 239753 (2024) Kat:3, Licht: 0","239753","3","3","5","07","15","4","","0","0","1","0","0"
"POINT (13.423837941000045 52.493144194000081)","Unfall 239754 (2024) Kat:3, Licht: 0","239754","3","5","1","07","13","4","","0","1","1","0","0"
"POINT (13.403352331000065 52.534004452000033)","Unfall 239755 (2024) Kat:2, Licht: 0","239755","2","1","0","07","12","4","","0","0","0","0","1"
"POINT (13.316245615000071 52.469920746000071)","Unfall 239756 (2024) Kat:3, Licht: 0","239756","3","1","0","07","11","4","","0","0","0","0","1"
"POINT (13.575346671000034 52.444280246000062)","Unfall 239757 (2024) Kat:3, Licht: 0","239757","3","4","6","07","11","4","","0","1","0","1","0"
"POINT (13.431809526000052 52.515164252000034)","Unfall 239758 (2024) Kat:3, Licht: 0","239758","3","1","0","07","09","4","","0","1","0","0","0"
"POINT (13.583899326000051 52.483580617000030)","Unfall 239759 (2024) Kat:2, Licht: 0","239759","2","3","5","07","07","4","","0","0","1","0","1"
"POINT (13.601076101000046 52.451624906000063)","Unfall 239760 (2024) Kat:3, Licht: 1","239760","3","1","9","07","05","4","","1","0","1","0","0"
"POINT (13.340299957000070 52.503955554000072)","Unfall 239761 (2024) Kat:3, Licht: 0","239761","3","5","1","07","17","3","","0","1","1","0","0"
"POINT (13.318732399000055 52.454575030000058)","Unfall 239762 (2024) Kat:3, Licht: 0","239762","3","6","2","07","18","3","","0","0","1","0","0"
"POINT (13.298328182000034 52.584501410000030)","Unfall 239763 (2024) Kat:3, Licht: 2","239763","3","5","1","07","00","3","","2","0","1","0","0"
"POINT (13.381037136000032 52.455944863000070)","Unfall 239764 (2024) Kat:3, Licht: 0","239764","3","2","5","07","19","3","","0","1","1","0","0"
"POINT (13.383982584000023 52.495172669000056)","Unfall 239765 (2024) Kat:3, Licht: 0","239765","3","3","5","07","19","3","","0","0","1","0","1"
"POINT (13.575339863000067 52.447489471000040)","Unfall 239766 (2024) Kat:2, Licht: 0","239766","2","1","0","08","10","4","","0","1","0","0","0"
"POINT (13.416607407000072 52.455250821000050)","Unfall 239767 (2024) Kat:3, Licht: 0","239767","3","6","1","07","18","3","","0","0","1","0","0"
"POINT (13.443295682000041 52.495645088000060)","Unfall 239768 (2024) Kat:2, Licht: 0","239768","2","7","5","07","18","3","","0","0","1","0","1"
"POINT (13.285507062000022 52.594921342000077)","Unfall 239769 (2024) Kat:3, Licht: 0","239769","3","6","2","07","16","3","","0","0","1","0","0"
"POINT (13.341237822000039 52.528129732000082)","Unfall 239770 (2024) Kat:2, Licht: 0","239770","2","7","6","07","16","3","","0","0","0","1","0"
"POINT (13.578643140000054 52.444033791000038)","Unfall 239771 (2024) Kat:3, Licht: 0","239771","3","2","5","07","16","3","","0","1","1","0","0"
"POINT (13.392271351000034 52.507719158000043)","Unfall 239772 (2024) Kat:3, Licht: 0","239772","3","3","5","07","12","3","","0","1","1","0","0"
"POINT (13.557912366000039 52.446907700000054)","Unfall 239773 (2024) Kat:3, Licht: 0","239773","3","6","2","07","11","3","","0","0","1","0","1"
"POINT (13.644518591000065 52.379595723000079)","Unfall 239774 (2024) Kat:2, Licht: 0","239774","2","5","1","07","11","3","","0","0","1","0","0"
"POINT (13.314509161000046 52.490404760000047)","Unfall 239775 (2024) Kat:2, Licht: 0","239775","2","2","6","08","11","5","","0","0","1","1","0"
"POINT (13.613327719000040 52.508798925000065)","Unfall 239776 (2024) Kat:3, Licht: 0","239776","3","3","5","07","10","3","","0","0","1","0","0"
"POINT (13.432046489000072 52.480414871000050)","Unfall 239777 (2024) Kat:3, Licht: 0","239777","3","7","6","07","09","3","","0","0","0","1","0"
"POINT (13.350991230000034 52.433845319000056)","Unfall 239778 (2024) Kat:2, Licht: 0","239778","2","2","5","07","08","3","","0","1","1","0","0"
"POINT (13.388641678000056 52.518727384000044)","Unfall 239779 (2024) Kat:2, Licht: 0","239779","2","4","6","07","06","3","","0","1","0","1","0"
"POINT (13.178105565000067 52.548820966000051)","Unfall 239780 (2024) Kat:3, Licht: 0","239780","3","2","0","07","19","3","","0","0","1","0","1"
"POINT (13.286843637000061 52.586453530000028)","Unfall 239781 (2024) Kat:3, Licht: 0","239781","3","6","3","07","16","3","","0","1","0","0","0"
"POINT (13.165376075000040 52.551156738000032)","Unfall 239782 (2024) Kat:3, Licht: 0","239782","3","2","5","07","16","3","","0","0","1","0","1"
"POINT (13.569530363000069 52.569103120000079)","Unfall 239783 (2024) Kat:3, Licht: 0","239783","3","6","3","07","13","3","","0","0","1","0","1"
"POINT (13.416761178000058 52.566718171000048)","Unfall 239784 (2024) Kat:3, Licht: 0","239784","3","5","1","07","12","3","","0","1","0","0","0"
"POINT (13.471722873000033 52.512231973000041)","Unfall 239785 (2024) Kat:3, Licht: 0","239785","3","5","1","07","11","3","","0","1","0","0","0"
"POINT (13.388808427000072 52.517146617000037)","Unfall 239786 (2024) Kat:3, Licht: 0","239786","3","3","2","07","06","3","","0","0","1","0","0"
"POINT (13.449895898000022 52.512984223000046)","Unfall 239787 (2024) Kat:3, Licht: 0","239787","3","3","5","07","16","3","","0","1","0","0","0"
"POINT (13.454443363000053 52.513899834000028)","Unfall 239788 (2024) Kat:3, Licht: 0","239788","3","1","0","07","09","3","","0","1","0","0","0"
"POINT (13.386958902000060 52.527135912000062)","Unfall 239789 (2024) Kat:3, Licht: 2","239789","3","2","2","07","22","3","","2","0","1","0","0"
"POINT (13.330517443000076 52.527082587000052)","Unfall 239790 (2024) Kat:3, Licht: 1","239790","3","2","6","07","21","3","","1","0","0","1","0"
"POINT (13.376637325000047 52.487228928000036)","Unfall 239791 (2024) Kat:3, Licht: 2","239791","3","5","0","07","23","3","","2","0","1","0","1"
"POINT (13.294179691000068 52.576062634000039)","Unfall 239792 (2024) Kat:3, Licht: 0","239792","3","6","3","08","19","2","","0","0","1","0","0"
"POINT (13.470335664000061 52.506184262000033)","Unfall 239793 (2024) Kat:3, Licht: 0","239793","3","1","0","07","19","3","","0","1","0","0","0"
"POINT (13.422108951000041 52.492990734000045)","Unfall 239794 (2024) Kat:3, Licht: 0","239794","3","3","0","07","18","3","","0","1","1","0","0"
"POINT (13.554349932000036 52.455699488000050)","Unfall 239795 (2024) Kat:3, Licht: 0","239795","3","7","5","07","18","3","","0","1","1","0","0"
"POINT (13.184473043000025 52.547505862000037)","Unfall 239796 (2024) Kat:3, Licht: 0","239796","3","2","6","07","16","3","","0","0","1","1","0"
"POINT (13.291050540000072 52.581251649000080)","Unfall 239797 (2024) Kat:3, Licht: 0","239797","3","2","5","07","15","3","","0","1","1","0","0"
"POINT (13.405589587000065 52.525226313000076)","Unfall 239798 (2024) Kat:3, Licht: 0","239798","3","6","2","07","13","3","","0","1","1","0","0"
"POINT (13.334485602000029 52.495125877000078)","Unfall 239799 (2024) Kat:3, Licht: 0","239799","3","2","5","07","10","3","","0","0","1","0","1"
"POINT (13.477884352000046 52.523000509000042)","Unfall 239800 (2024) Kat:2, Licht: 0","239800","2","2","5","07","13","6","","0","1","1","0","0"
"POINT (13.370579554000074 52.560196255000051)","Unfall 239801 (2024) Kat:3, Licht: 0","239801","3","2","5","07","09","3","","0","0","1","0","1"
"POINT (13.230108350000023 52.624895369000058)","Unfall 239802 (2024) Kat:3, Licht: 0","239802","3","2","2","07","09","3","","0","0","1","0","0"
"POINT (13.247797365000054 52.429523853000035)","Unfall 239803 (2024) Kat:3, Licht: 0","239803","3","5","1","07","09","3","","0","1","1","0","0"
"POINT (13.278695733000063 52.538097585000060)","Unfall 239804 (2024) Kat:3, Licht: 0","239804","3","3","5","07","13","3","","0","1","0","0","0"
"POINT (13.523377473000039 52.495458667000037)","Unfall 239805 (2024) Kat:3, Licht: 0","239805","3","3","0","07","16","2","","0","1","1","0","0"
"POINT (13.476932607000037 52.533170154000061)","Unfall 239806 (2024) Kat:3, Licht: 0","239806","3","6","3","07","08","2","","0","1","0","0","0"
"POINT (13.390152866000051 52.507677875000070)","Unfall 239807 (2024) Kat:2, Licht: 0","239807","2","4","6","07","18","2","","0","1","0","1","0"
"POINT (13.300278515000059 52.526228289000073)","Unfall 239808 (2024) Kat:3, Licht: 0","239808","3","6","2","07","17","2","","0","1","1","0","0"
"POINT (13.304647643000067 52.503599455000028)","Unfall 239809 (2024) Kat:3, Licht: 0","239809","3","6","3","07","13","2","","0","1","1","0","0"
"POINT (13.328040063000060 52.525810069000045)","Unfall 239810 (2024) Kat:3, Licht: 0","239810","3","2","0","07","12","2","","0","0","1","0","1"
"POINT (13.312356754000064 52.429836529000056)","Unfall 239811 (2024) Kat:3, Licht: 0","239811","3","3","5","07","12","2","","0","0","1","0","1"
"POINT (13.441476507000061 52.464904860000047)","Unfall 239812 (2024) Kat:3, Licht: 0","239812","3","5","1","07","12","2","","0","0","1","0","1"