WKT,Name,OBJECTID,UKATEGORIE,UTYP1,UART,UMONAT,USTUNDE,UWOCHENTAG,STRZUSTAND,ULICHTVERH,ISTRAD,ISTPKW,ISTFUSS,ISTKRAD
"POINT (13.326708673000041 52.427847114000031)","Unfall 239813 (2024) Kat:3, Licht: 0","239813","3","6","2","07","12","2","","0","0","1","0","0"
"POINT (13.328414793000036 52.468255812000052)","Unfall 239814 (2024) Kat:3, Licht: 0","239814","3","2","5","07","10","2","","0","0","1","0","0"
"POINT (13.377050253000050 52.508600419000061)","Unfall 239815 (2024) Kat:3, Licht: 0","239815","3","2","5","07","18","2","","0","1","1","0","0"
"POINT (13.391139884000040 52.536213343000043)","Unfall 239816 (2024) Kat:3, Licht: 0","239816","3","2","5","07","13","2","","0","1","1","0","0"
"POINT (13.387907956000049 52.483661082000026)","Unfall 239817 (2024) Kat:3, Licht: 0","239817","3","7","5","07","08","2","","0","0","1","0","0"
"POINT (13.484577335000040 52.539955583000051)","Unfall 239818 (2024) Kat:3, Licht: 0","239818","3","6","2","07","07","2","","0","1","0","0","0"
"POINT (13.280252197000038 52.502431032000061)","Unfall 239819 (2024) Kat:3, Licht: 0","239819","3","6","3","07","07","2","","0","0","1","0","1"
"POINT (13.496646363000025 52.415724568000030)","Unfall 239820 (2024) Kat:3, Licht: 2","239820","3","3","5","07","22","2","","2","0","1","0","0"
"POINT (13.428890136000064 52.571934390000081)","Unfall 239821 (2024) Kat:3, Licht: 1","239821","3","3","5","07","20","2","","1","0","1","0","0"
"POINT (13.364723840000067 52.510047839000038)","Unfall 239822 (2024) Kat:3, Licht: 0","239822","3","6","2","07","19","2","","0","0","1","0","0"
"POINT (13.600100161000057 52.475106746000051)","Unfall 239823 (2024) Kat:3, Licht: 0","239823","3","2","5","07","18","2","","0","1","1","0","0"
"POINT (13.471414289000052 52.433273312000040)","Unfall 239824 (2024) Kat:2, Licht: 0","239824","2","6","3","08","19","5","","0","0","1","0","1"
"POINT (13.429379709000045 52.586166233000029)","Unfall 239825 (2024) Kat:3, Licht: 0","239825","3","2","5","07","18","2","","0","1","1","0","0"
"POINT (13.413267602000076 52.506875901000058)","Unfall 239826 (2024) Kat:3, Licht: 0","239826","3","2","5","07","16","2","","0","0","1","0","0"
"POINT (13.508368050000058 52.510359642000026)","Unfall 239827 (2024) Kat:2, Licht: 0","239827","2","2","5","07","15","2","","0","1","1","0","0"
"POINT (13.312124095000058 52.467202287000077)","Unfall 239828 (2024) Kat:3, Licht: 0","239828","3","2","5","07","15","2","","0","1","0","0","0"
"POINT (13.315739388000054 52.501112064000040)","Unfall 239829 (2024) Kat:3, Licht: 0","239829","3","7","6","07","18","4","","0","1","0","1","0"
"POINT (13.450926622000054 52.508573617000081)","Unfall 239830 (2024) Kat:3, Licht: 0","239830","3","3","5","07","13","2","","0","1","1","0","0"
"POINT (13.375627371000064 52.511906605000036)","Unfall 239831 (2024) Kat:3, Licht: 0","239831","3","4","6","07","12","2","","0","0","1","1","0"
"POINT (13.465486809000026 52.498647643000027)","Unfall 239832 (2024) Kat:3, Licht: 0","239832","3","3","5","07","12","2","","0","0","1","0","0"
"POINT (13.516571320000025 52.528585624000073)","Unfall 239833 (2024) Kat:3, Licht: 0","239833","3","5","5","07","10","2","","0","0","1","0","0"
"POINT (13.421090856000035 52.524870682000028)","Unfall 239834 (2024) Kat:3, Licht: 0","239834","3","6","2","07","07","2","","0","0","1","0","0"
"POINT (13.391418689000034 52.555351245000054)","Unfall 239835 (2024) Kat:3, Licht: 0","239835","3","2","5","07","19","1","","0","0","1","0","0"
"POINT (13.208660419000068 52.510514861000047)","Unfall 239836 (2024) Kat:3, Licht: 0","239836","3","3","5","07","13","1","","0","1","1","0","0"
"POINT (13.289855241000055 52.592276354000035)","Unfall 239837 (2024) Kat:2, Licht: 0","239837","2","5","1","07","16","1","","0","1","1","0","0"
"POINT (13.138981916000034 52.417214771000033)","Unfall 239838 (2024) Kat:3, Licht: 0","239838","3","2","5","07","16","1","","0","1","1","0","0"
"POINT (13.344718924000063 52.545587150000074)","Unfall 239839 (2024) Kat:3, Licht: 0","239839","3","5","1","07","16","1","","0","0","1","0","0"
"POINT (13.334523397000055 52.541214013000058)","Unfall 239840 (2024) Kat:2, Licht: 2","239840","2","3","5","07","00","1","","2","1","1","0","0"
"POINT (13.440160829000035 52.420731002000082)","Unfall 239841 (2024) Kat:3, Licht: 0","239841","3","5","1","07","20","1","","0","1","1","0","0"
"POINT (13.164756862000047 52.521532008000065)","Unfall 239842 (2024) Kat:3, Licht: 2","239842","3","7","1","07","21","1","","2","1","1","0","0"
"POINT (13.164051884000060 52.422485158000029)","Unfall 239843 (2024) Kat:3, Licht: 0","239843","3","5","1","07","15","1","","0","1","1","0","0"
"POINT (13.490095038000049 52.420013368000070)","Unfall 239844 (2024) Kat:3, Licht: 2","239844","3","3","5","07","23","1","","2","0","1","0","0"
"POINT (13.392488535000041 52.582151821000082)","Unfall 239845 (2024) Kat:3, Licht: 2","239845","3","1","8","07","02","1","","2","0","1","0","0"
"POINT (13.490025507000041 52.508790084000054)","Unfall 239846 (2024) Kat:3, Licht: 0","239846","3","5","4","07","18","1","","0","0","1","0","1"
"POINT (13.278371299000071 52.466327245000059)","Unfall 239847 (2024) Kat:2, Licht: 1","239847","2","5","1","07","05","2","","1","0","1","0","0"
"POINT (13.281035168000074 52.514374679000071)","Unfall 239848 (2024) Kat:2, Licht: 2","239848","2","5","1","07","01","1","","2","0","1","0","0"
"POINT (13.303069051000023 52.487716016000036)","Unfall 239849 (2024) Kat:2, Licht: 0","239849","2","3","5","07","16","1","","0","1","1","0","0"
"POINT (13.524400424000078 52.536279588000070)","Unfall 239850 (2024) Kat:3, Licht: 0","239850","3","6","2","07","13","1","","0","0","1","0","0"
"POINT (13.326499948000048 52.537861118000080)","Unfall 239851 (2024) Kat:3, Licht: 0","239851","3","6","2","07","12","1","","0","0","1","0","0"
"POINT (13.451412673000050 52.535308641000029)","Unfall 239852 (2024) Kat:3, Licht: 0","239852","3","1","1","07","07","1","","0","0","1","0","0"
"POINT (13.349946777000071 52.513813740000046)","Unfall 239853 (2024) Kat:3, Licht: 0","239853","3","7","0","07","14","1","","0","0","1","0","1"
"POINT (13.570346551000057 52.440918855000064)","Unfall 239854 (2024) Kat:2, Licht: 0","239854","2","3","5","07","21","7","","0","0","1","0","0"
"POINT (13.329022438000038 52.566509753000048)","Unfall 239855 (2024) Kat:3, Licht: 0","239855","3","3","5","08","19","2","","0","1","1","0","0"
"POINT (13.339003095000066 52.595824639000057)","Unfall 239856 (2024) Kat:3, Licht: 1","239856","3","6","2","07","21","7","","1","0","1","0","1"
"POINT (13.376259924000067 52.528593050000040)","Unfall 239857 (2024) Kat:3, Licht: 0","239857","3","4","6","07","13","7","","0","0","1","1","0"
"POINT (13.430272215000059 52.610666525000056)","Unfall 239858 (2024) Kat:3, Licht: 0","239858","3","1","0","07","13","7","","0","0","0","0","1"
"POINT (13.315373221000073 52.472011325000040)","Unfall 239859 (2024) Kat:3, Licht: 2","239859","3","5","1","07","22","7","","2","0","1","0","1"
"POINT (13.539789229000064 52.458860597000069)","Unfall 239860 (2024) Kat:3, Licht: 0","239860","3","5","1","07","19","7","","0","0","1","0","1"
"POINT (13.225794230000076 52.555137107000064)","Unfall 239861 (2024) Kat:2, Licht: 0","239861","2","2","5","07","19","7","","0","1","1","0","0"
"POINT (13.386661191000030 52.559224470000061)","Unfall 239862 (2024) Kat:3, Licht: 0","239862","3","4","6","07","19","7","","0","0","1","1","0"
"POINT (13.267411781000021 52.408763652000061)","Unfall 239863 (2024) Kat:3, Licht: 0","239863","3","6","2","07","12","7","","0","1","1","0","0"
"POINT (13.335608307000030 52.504354994000039)","Unfall 239864 (2024) Kat:3, Licht: 2","239864","3","6","0","07","23","7","","2","0","0","0","1"
"POINT (13.559660103000056 52.556164727000066)","Unfall 239865 (2024) Kat:2, Licht: 2","239865","2","7","6","07","22","7","","2","1","0","1","0"
"POINT (13.414285832000076 52.488520621000077)","Unfall 239866 (2024) Kat:3, Licht: 0","239866","3","7","5","07","11","7","","0","1","0","0","0"
"POINT (13.407975397000030 52.499964414000033)","Unfall 239867 (2024) Kat:3, Licht: 0","239867","3","3","5","07","16","7","","0","0","1","0","0"
"POINT (13.321050031000027 52.484020794000060)","Unfall 239868 (2024) Kat:3, Licht: 0","239868","3","3","5","07","16","7","","0","1","1","0","0"
"POINT (13.262460251000050 52.438680260000069)","Unfall 239869 (2024) Kat:3, Licht: 0","239869","3","7","0","07","09","7","","0","0","0","0","1"
"POINT (13.493091974000038 52.631906306000076)","Unfall 239870 (2024) Kat:3, Licht: 0","239870","3","3","5","07","09","6","","0","1","1","0","0"
"POINT (13.449336372000062 52.547617458000047)","Unfall 239871 (2024) Kat:3, Licht: 2","239871","3","7","5","07","22","6","","2","0","1","0","0"
"POINT (13.575286311000070 52.447545686000069)","Unfall 239872 (2024) Kat:3, Licht: 0","239872","3","4","6","07","18","6","","0","0","1","1","0"
"POINT (13.286447957000064 52.591240228000061)","Unfall 239873 (2024) Kat:3, Licht: 0","239873","3","2","0","07","16","6","","0","0","1","0","0"
"POINT (13.367542729000036 52.526007487000072)","Unfall 239874 (2024) Kat:3, Licht: 0","239874","3","6","3","07","17","6","","0","0","1","0","1"
"POINT (13.350875977000044 52.511859430000072)","Unfall 239875 (2024) Kat:3, Licht: 0","239875","3","4","0","07","12","6","","0","0","0","1","0"
"POINT (13.489603744000021 52.538812486000040)","Unfall 239876 (2024) Kat:3, Licht: 1","239876","3","7","5","07","18","6","","1","1","1","0","0"
"POINT (13.175958797000021 52.419563644000050)","Unfall 239877 (2024) Kat:3, Licht: 0","239877","3","3","5","07","16","6","","0","1","1","0","0"
"POINT (13.364263837000067 52.509970852000038)","Unfall 239878 (2024) Kat:3, Licht: 0","239878","3","3","5","07","15","6","","0","0","1","0","1"
"POINT (13.387966790000064 52.555821961000049)","Unfall 239879 (2024) Kat:3, Licht: 0","239879","3","1","0","07","13","7","","0","0","0","0","0"
"POINT (13.335677531000044 52.541708343000039)","Unfall 239880 (2024) Kat:3, Licht: 0","239880","3","7","2","07","08","6","","0","0","1","0","0"
"POINT (13.430851335000057 52.468471673000067)","Unfall 239881 (2024) Kat:3, Licht: 0","239881","3","2","5","07","11","6","","0","1","1","0","0"
"POINT (13.473021702000040 52.616933090000032)","Unfall 239882 (2024) Kat:2, Licht: 0","239882","2","2","5","07","14","6","","0","0","1","0","1"
"POINT (13.406406941000057 52.498325592000072)","Unfall 239883 (2024) Kat:3, Licht: 0","239883","3","1","0","07","11","6","","0","0","0","0","0"
"POINT (13.440962622000029 52.541101195000067)","Unfall 239884 (2024) Kat:3, Licht: 0","239884","3","5","1","07","04","6","","0","0","1","0","0"
"POINT (13.477756310000075 52.530796179000049)","Unfall 239885 (2024) Kat:2, Licht: 0","239885","2","2","5","07","15","6","","0","1","0","0","0"
"POINT (13.414684607000027 52.502543086000060)","Unfall 239886 (2024) Kat:3, Licht: 2","239886","3","5","1","07","22","6","","2","1","1","0","0"
"POINT (13.312526481000077 52.499256264000053)","Unfall 239887 (2024) Kat:3, Licht: 0","239887","3","1","0","07","17","6","","0","0","0","0","1"
"POINT (13.346007417000067 52.503992094000068)","Unfall 239888 (2024) Kat:3, Licht: 2","239888","3","2","5","07","23","6","","2","0","1","0","0"
"POINT (13.346007417000067 52.503992094000068)","Unfall 239889 (2024) Kat:3, Licht: 0","239889","3","2","5","07","16","6","","0","0","1","0","0"
"POINT (13.313372057000038 52.576813892000075)","Unfall 239890 (2024) Kat:3, Licht: 0","239890","3","3","5","07","16","6","","0","0","1","0","1"
"POINT (13.393101670000021 52.464267394000046)","Unfall 239891 (2024) Kat:3, Licht: 0","239891","3","5","1","07","19","6","","0","1","1","0","0"
"POINT (13.351752506000025 52.506377431000033)","Unfall 239892 (2024) Kat:2, Licht: 1","239892","2","3","5","07","19","6","","1","1","1","0","0"
"POINT (13.381126398000049 52.532120204000080)","Unfall 239893 (2024) Kat:2, Licht: 0","239893","2","6","3","07","17","6","","0","1","1","0","0"
"POINT (13.210727980000058 52.567592364000063)","Unfall 239894 (2024) Kat:3, Licht: 0","239894","3","6","2","07","13","6","","0","0","1","0","0"
"POINT (13.286765231000061 52.591089283000031)","Unfall 239895 (2024) Kat:2, Licht: 0","239895","2","4","6","07","16","6","","0","0","1","1","0"
"POINT (13.299024159000055 52.498416675000044)","Unfall 239896 (2024) Kat:3, Licht: 2","239896","3","1","0","07","21","1","","2","0","0","0","1"
"POINT (13.328098326000031 52.525945170000057)","Unfall 239897 (2024) Kat:3, Licht: 0","239897","3","5","1","07","09","6","","0","1","1","0","0"
"POINT (13.328857376000030 52.480733633000057)","Unfall 239898 (2024) Kat:3, Licht: 0","239898","3","6","0","07","13","6","","0","1","0","0","0"
"POINT (13.582959209000023 52.549219690000029)","Unfall 239899 (2024) Kat:3, Licht: 0","239899","3","4","6","07","13","6","","0","0","1","1","0"
"POINT (13.225804391000054 52.426887181000041)","Unfall 239900 (2024) Kat:3, Licht: 0","239900","3","5","1","07","11","6","","0","0","1","0","0"
"POINT (13.326106433000064 52.538347817000044)","Unfall 239901 (2024) Kat:3, Licht: 0","239901","3","2","2","07","10","6","","0","0","1","0","0"
"POINT (13.355392063000068 52.519331347000048)","Unfall 239902 (2024) Kat:3, Licht: 0","239902","3","2","5","07","07","6","","0","1","0","0","0"
"POINT (13.589904887000046 52.513417158000038)","Unfall 239903 (2024) Kat:3, Licht: 1","239903","3","1","9","07","21","6","","1","0","0","0","0"
"POINT (13.278067003000046 52.595663662000049)","Unfall 239904 (2024) Kat:2, Licht: 0","239904","2","1","8","07","20","6","","0","0","0","0","1"
"POINT (13.343561806000025 52.528948308000054)","Unfall 239905 (2024) Kat:3, Licht: 0","239905","3","1","0","07","17","6","","0","0","0","0","1"
"POINT (13.429279443000041 52.486516541000071)","Unfall 239906 (2024) Kat:3, Licht: 0","239906","3","6","2","07","15","6","","0","0","1","0","0"
"POINT (13.413553869000054 52.547648599000070)","Unfall 239907 (2024) Kat:3, Licht: 0","239907","3","4","6","07","14","6","","0","0","1","1","0"
"POINT (13.442245156000070 52.465568871000073)","Unfall 239908 (2024) Kat:3, Licht: 0","239908","3","3","5","07","05","6","","0","1","1","0","0"
"POINT (13.545413307000047 52.567716026000028)","Unfall 239909 (2024) Kat:3, Licht: 0","239909","3","6","2","07","09","7","","0","0","1","0","0"
"POINT (13.409254822000037 52.501749118000077)","Unfall 239910 (2024) Kat:3, Licht: 1","239910","3","2","2","07","04","6","","1","0","1","0","0"
"POINT (13.507874539000056 52.449634443000036)","Unfall 239911 (2024) Kat:3, Licht: 2","239911","3","6","3","07","23","6","","2","1","0","0","0"
"POINT (13.165649743000074 52.421364522000033)","Unfall 239912 (2024) Kat:2, Licht: 0","239912","2","7","0","07","16","6","","0","0","1","0","0"
"POINT (13.194182744000045 52.546059815000035)","Unfall 239913 (2024) Kat:3, Licht: 0","239913","3","6","0","07","16","5","","0","0","1","0","0"
"POINT (13.514192342000058 52.556617901000038)","Unfall 239914 (2024) Kat:3, Licht: 0","239914","3","2","5","07","15","5","","0","0","1","0","0"
"POINT (13.520810544000028 52.568538422000074)","Unfall 239915 (2024) Kat:3, Licht: 0","239915","3","2","2","07","15","5","","0","1","1","0","0"
"POINT (13.452015872000061 52.452841796000030)","Unfall 239916 (2024) Kat:3, Licht: 0","239916","3","6","3","07","09","5","","0","0","1","0","0"
"POINT (13.283327515000053 52.506488765000029)","Unfall 239917 (2024) Kat:3, Licht: 0","239917","3","7","6","07","08","5","","0","1","0","1","0"
"POINT (13.316803787000026 52.566837406000047)","Unfall 239918 (2024) Kat:3, Licht: 0","239918","3","1","0","08","08","4","","0","0","0","0","1"
"POINT (13.196218527000042 52.530268335000073)","Unfall 239919 (2024) Kat:3, Licht: 0","239919","3","6","3","08","15","7","","0","1","1","0","0"
"POINT (13.432558576000076 52.581772762000071)","Unfall 239920 (2024) Kat:3, Licht: 0","239920","3","1","0","07","06","5","","0","0","0","0","1"
"POINT (13.188777351000056 52.534338581000043)","Unfall 239921 (2024) Kat:3, Licht: 0","239921","3","2","5","07","21","6","","0","1","1","0","0"
"POINT (13.441079153000032 52.501532301000054)","Unfall 239922 (2024) Kat:3, Licht: 0","239922","3","6","3","07","07","5","","0","1","1","0","0"
"POINT (13.481200773000069 52.460749968000073)","Unfall 239923 (2024) Kat:3, Licht: 0","239923","3","2","5","07","19","5","","0","1","1","0","0"
"POINT (13.424303176000024 52.486307054000065)","Unfall 239924 (2024) Kat:3, Licht: 0","239924","3","2","5","07","17","5","","0","0","1","0","0"
"POINT (13.323677233000069 52.493609709000054)","Unfall 239925 (2024) Kat:3, Licht: 0","239925","3","2","5","07","14","5","","0","1","1","0","0"
"POINT (13.381854394000072 52.552035459000081)","Unfall 239926 (2024) Kat:3, Licht: 1","239926","3","1","0","07","04","5","","1","1","0","0","0"
"POINT (13.452403199000059 52.539203104000080)","Unfall 239927 (2024) Kat:3, Licht: 2","239927","3","1","9","07","01","5","","2","0","0","0","1"
"POINT (13.374214998000070 52.484994446000030)","Unfall 239928 (2024) Kat:3, Licht: 0","239928","3","2","5","07","16","5","","0","1","1","0","0"
"POINT (13.498946252000053 52.526382843000079)","Unfall 239929 (2024) Kat:3, Licht: 0","239929","3","6","2","07","10","5","","0","0","1","0","0"
"POINT (13.309504097000058 52.510258106000038)","Unfall 239930 (2024) Kat:3, Licht: 0","239930","3","3","5","07","07","4","","0","0","1","0","0"
"POINT (13.223806863000050 52.501026034000063)","Unfall 239931 (2024) Kat:3, Licht: 2","239931","3","1","9","07","02","5","","2","0","1","0","0"
"POINT (13.395333220000055 52.496086068000068)","Unfall 239932 (2024) Kat:2, Licht: 0","239932","2","1","0","07","18","5","","0","0","0","0","0"
"POINT (13.506275863000042 52.508816543000080)","Unfall 239933 (2024) Kat:3, Licht: 0","239933","3","2","0","07","20","5","","0","0","1","0","1"
"POINT (13.425302430000045 52.533880098000054)","Unfall 239934 (2024) Kat:3, Licht: 0","239934","3","4","6","08","17","5","","0","1","0","1","0"
"POINT (13.361320852000063 52.498106589000031)","Unfall 239935 (2024) Kat:3, Licht: 0","239935","3","5","1","07","18","5","","0","1","1","0","0"
"POINT (13.427728324000043 52.481193896000036)","Unfall 239936 (2024) Kat:3, Licht: 0","239936","3","3","0","07","17","5","","0","0","1","0","1"
"POINT (13.425159983000071 52.480477048000068)","Unfall 239937 (2024) Kat:3, Licht: 0","239937","3","2","2","07","17","5","","0","0","1","0","1"
"POINT (13.551843674000054 52.428412176000052)","Unfall 239938 (2024) Kat:3, Licht: 0","239938","3","2","5","07","17","5","","0","1","1","0","0"
"POINT (13.355965393000076 52.425929050000036)","Unfall 239939 (2024) Kat:3, Licht: 0","239939","3","7","0","07","15","5","","0","1","0","0","0"
"POINT (13.609174364000069 52.500765542000067)","Unfall 239940 (2024) Kat:3, Licht: 0","239940","3","3","2","07","16","5","","0","0","1","0","1"
"POINT (13.596538458000055 52.521357190000060)","Unfall 239941 (2024) Kat:3, Licht: 0","239941","3","3","0","07","15","5","","0","1","1","0","0"
"POINT (13.558343777000061 52.453020185000071)","Unfall 239942 (2024) Kat:2, Licht: 0","239942","2","6","2","07","10","5","","0","0","1","0","1"
"POINT (13.447207561000027 52.498167794000040)","Unfall 239943 (2024) Kat:3, Licht: 0","239943","3","2","5","07","11","5","","0","1","1","0","0"
"POINT (13.348849123000036 52.515133184000035)","Unfall 239944 (2024) Kat:3, Licht: 0","239944","3","3","5","08","06","3","","0","1","1","0","0"
"POINT (13.364634523000063 52.500678417000074)","Unfall 239945 (2024) Kat:3, Licht: 0","239945","3","2","5","07","10","5","","0","0","1","0","1"
"POINT (13.530886751000025 52.435089619000053)","Unfall 239946 (2024) Kat:3, Licht: 0","239946","3","2","5","07","08","5","","0","1","1","0","0"
"POINT (13.343219496000074 52.546798128000034)","Unfall 239947 (2024) Kat:3, Licht: 0","239947","3","7","5","07","07","5","","0","0","1","0","0"
"POINT (13.561089496000022 52.507175451000080)","Unfall 239948 (2024) Kat:3, Licht: 0","239948","3","6","2","07","07","5","","0","0","1","0","0"
"POINT (13.491421815000024 52.469194907000031)","Unfall 239949 (2024) Kat:3, Licht: 0","239949","3","2","5","07","07","4","","0","1","1","0","0"
"POINT (13.328760492000072 52.566037431000041)","Unfall 239950 (2024) Kat:3, Licht: 0","239950","3","3","5","07","12","3","","0","0","1","0","0"
"POINT (13.306707895000045 52.515203261000067)","Unfall 239951 (2024) Kat:3, Licht: 0","239951","3","7","6","07","18","4","","0","0","0","1","0"
"POINT (13.316877872000077 52.464207017000035)","Unfall 239952 (2024) Kat:3, Licht: 2","239952","3","6","2","07","23","4","","2","0","1","0","1"
"POINT (13.429667535000021 52.509680208000077)","Unfall 239953 (2024) Kat:3, Licht: 0","239953","3","2","0","07","17","4","","0","1","1","0","0"
"POINT (13.313767061000021 52.419437748000064)","Unfall 239954 (2024) Kat:3, Licht: 0","239954","3","7","2","07","14","4","","0","0","1","0","1"
"POINT (13.304438737000055 52.488477991000082)","Unfall 239955 (2024) Kat:3, Licht: 0","239955","3","3","5","07","14","4","","0","0","1","0","0"
"POINT (13.282614326000044 52.590815336000048)","Unfall 239956 (2024) Kat:3, Licht: 0","239956","3","2","0","07","12","4","","0","0","1","0","0"
"POINT (13.451860923000027 52.525630385000056)","Unfall 239957 (2024) Kat:3, Licht: 0","239957","3","7","6","07","18","4","","0","0","0","1","1"
"POINT (13.427170892000049 52.535888006000050)","Unfall 239958 (2024) Kat:3, Licht: 0","239958","3","6","2","07","17","4","","0","1","0","0","1"
"POINT (13.581605048000029 52.442755805000047)","Unfall 239959 (2024) Kat:3, Licht: 0","239959","3","6","2","07","17","4","","0","0","1","0","0"
"POINT (13.291989373000035 52.590632134000032)","Unfall 239960 (2024) Kat:3, Licht: 0","239960","3","3","5","07","15","4","","0","0","1","0","0"
"POINT (13.428972899000030 52.468245367000065)","Unfall 239961 (2024) Kat:3, Licht: 0","239961","3","5","1","07","08","4","","0","1","1","0","0"
"POINT (13.382498331000022 52.553239153000050)","Unfall 239962 (2024) Kat:2, Licht: 1","239962","2","1","0","07","04","4","","1","0","0","0","0"
"POINT (13.446732735000069 52.502631894000046)","Unfall 239963 (2024) Kat:3, Licht: 0","239963","3","2","5","07","15","4","","0","1","0","0","1"
"POINT (13.291993229000070 52.590618901000028)","Unfall 239964 (2024) Kat:3, Licht: 2","239964","3","3","5","07","22","4","","2","0","1","0","0"
"POINT (13.294988960000069 52.575453770000081)","Unfall 239965 (2024) Kat:3, Licht: 0","239965","3","3","5","07","19","4","","0","1","1","0","0"
"POINT (13.523827585000049 52.453142195000055)","Unfall 239966 (2024) Kat:3, Licht: 0","239966","3","6","0","07","16","4","","0","1","0","0","0"
"POINT (13.376883780000071 52.556616218000045)","Unfall 239967 (2024) Kat:3, Licht: 2","239967","3","4","6","07","22","4","","2","0","1","1","0"
"POINT (13.300012009000056 52.509827969000071)","Unfall 239968 (2024) Kat:3, Licht: 0","239968","3","3","5","08","16","3","","0","1","1","0","0"
"POINT (13.333695467000041 52.570323748000078)","Unfall 239969 (2024) Kat:3, Licht: 0","239969","3","3","5","07","12","4","","0","0","1","0","0"
"POINT (13.499536626000065 52.534356974000048)","Unfall 239970 (2024) Kat:3, Licht: 0","239970","3","2","6","07","07","4","","0","0","0","1","1"
"POINT (13.176104188000068 52.419715031000067)","Unfall 239971 (2024) Kat:3, Licht: 0","239971","3","3","5","07","07","2","","0","0","1","0","0"
"POINT (13.347297514000047 52.485197483000036)","Unfall 239972 (2024) Kat:3, Licht: 0","239972","3","3","5","07","09","4","","0","1","0","0","0"
"POINT (13.459069521000060 52.511980996000034)","Unfall 239973 (2024) Kat:3, Licht: 0","239973","3","7","1","07","09","4","","0","1","1","0","0"
"POINT (13.412479706000056 52.392624962000070)","Unfall 239974 (2024) Kat:3, Licht: 0","239974","3","6","4","07","06","4","","0","0","1","0","0"
"POINT (13.401529598000025 52.569165112000064)","Unfall 239975 (2024) Kat:3, Licht: 0","239975","3","7","5","07","10","4","","0","0","1","0","0"
"POINT (13.511221470000066 52.446677917000045)","Unfall 239976 (2024) Kat:3, Licht: 0","239976","3","7","5","07","10","4","","0","1","1","0","0"
"POINT (13.364098859000023 52.562585057000035)","Unfall 239977 (2024) Kat:3, Licht: 0","239977","3","6","2","07","06","4","","0","0","1","0","1"
"POINT (13.528768763000073 52.405740057000060)","Unfall 239978 (2024) Kat:3, Licht: 2","239978","3","5","1","07","02","1","","2","0","1","0","0"
"POINT (13.326724448000050 52.413896273000034)","Unfall 239979 (2024) Kat:2, Licht: 0","239979","2","4","6","07","09","4","","0","0","1","1","0"
"POINT (13.471315905000040 52.601390992000063)","Unfall 239980 (2024) Kat:3, Licht: 0","239980","3","6","2","07","07","4","","0","0","1","0","1"
"POINT (13.499910606000071 52.528460044000042)","Unfall 239981 (2024) Kat:3, Licht: 0","239981","3","6","2","07","18","4","","0","0","1","0","1"
"POINT (13.507243946000074 52.463067742000078)","Unfall 239982 (2024) Kat:3, Licht: 0","239982","3","7","5","07","16","4","","0","1","1","0","0"
"POINT (13.413094016000059 52.500609549000046)","Unfall 239983 (2024) Kat:3, Licht: 0","239983","3","6","2","07","16","4","","0","1","1","0","0"
"POINT (13.290348248000043 52.575538937000033)","Unfall 239984 (2024) Kat:3, Licht: 0","239984","3","5","1","07","15","4","","0","1","1","0","0"
"POINT (13.417627823000032 52.504440402000057)","Unfall 239985 (2024) Kat:3, Licht: 0","239985","3","6","2","07","14","4","","0","0","1","0","0"
"POINT (13.435062277000043 52.460914113000058)","Unfall 239986 (2024) Kat:3, Licht: 0","239986","3","4","6","07","13","4","","0","0","1","1","0"
"POINT (13.312812159000032 52.480401815000050)","Unfall 239987 (2024) Kat:3, Licht: 0","239987","3","2","5","07","08","4","","0","0","1","0","0"
"POINT (13.441356019000068 52.568557218000080)","Unfall 239988 (2024) Kat:3, Licht: 0","239988","3","3","0","07","06","4","","0","1","1","0","0"
"POINT (13.291483348000042 52.475100185000031)","Unfall 239989 (2024) Kat:3, Licht: 0","239989","3","7","5","07","12","3","","0","0","1","0","0"
"POINT (13.335124871000062 52.513562039000078)","Unfall 239990 (2024) Kat:3, Licht: 2","239990","3","1","9","07","22","3","","2","0","1","0","0"
"POINT (13.329726932000028 52.557957575000046)","Unfall 239991 (2024) Kat:3, Licht: 0","239991","3","3","5","08","19","2","","0","0","1","0","1"
"POINT (13.578495713000052 52.566192953000041)","Unfall 239992 (2024) Kat:3, Licht: 2","239992","3","3","5","07","22","3","","2","1","1","0","0"
"POINT (13.341033454000069 52.476296381000054)","Unfall 239993 (2024) Kat:3, Licht: 0","239993","3","3","5","07","18","3","","0","1","1","0","0"
"POINT (13.211484636000023 52.532213786000057)","Unfall 239994 (2024) Kat:3, Licht: 0","239994","3","5","5","07","15","5","","0","1","1","0","0"
"POINT (13.517672676000075 52.467371510000078)","Unfall 239995 (2024) Kat:3, Licht: 2","239995","3","3","0","07","19","3","","2","1","1","0","0"
"POINT (13.384280410000031 52.555788855000060)","Unfall 239996 (2024) Kat:2, Licht: 0","239996","2","4","6","07","19","3","","0","0","1","1","0"
"POINT (13.469259915000066 52.543063193000080)","Unfall 239997 (2024) Kat:3, Licht: 0","239997","3","1","0","07","14","3","","0","1","0","0","0"
"POINT (13.163067853000030 52.525681755000051)","Unfall 239998 (2024) Kat:3, Licht: 0","239998","3","6","2","07","14","3","","0","0","1","0","1"
"POINT (13.338314641000068 52.452840557000059)","Unfall 239999 (2024) Kat:3, Licht: 0","239999","3","7","6","07","18","3","","0","1","0","1","0"