WKT,Name,OBJECTID,UKATEGORIE,UTYP1,UART,UMONAT,USTUNDE,UWOCHENTAG,STRZUSTAND,ULICHTVERH,ISTRAD,ISTPKW,ISTFUSS,ISTKRAD
"POINT (13.414285402000075 52.499784794000050)","Unfall 240000 (2024) Kat:3, Licht: 0","240000","3","4","6","07","10","3","","0","0","1","1","0"
"POINT (13.401576396000053 52.506091184000070)","Unfall 240001 (2024) Kat:3, Licht: 0","240001","3","4","6","07","13","3","","0","1","0","1","0"
"POINT (13.298080794000043 52.579871284000035)","Unfall 240002 (2024) Kat:3, Licht: 0","240002","3","6","2","07","10","3","","0","0","1","0","0"
"POINT (13.396565665000026 52.576466939000056)","Unfall 240003 (2024) Kat:3, Licht: 0","240003","3","6","2","07","07","3","","0","1","1","0","0"
"POINT (13.475758628000051 52.532856369000058)","Unfall 240004 (2024) Kat:3, Licht: 0","240004","3","6","2","07","17","3","","0","0","1","0","0"
"POINT (13.351480319000075 52.440100260000065)","Unfall 240005 (2024) Kat:3, Licht: 0","240005","3","2","3","07","17","3","","0","1","0","0","0"
"POINT (13.547134748000076 52.437648336000052)","Unfall 240006 (2024) Kat:3, Licht: 0","240006","3","3","5","07","07","3","","0","0","1","0","1"
"POINT (13.286555333000024 52.422397917000069)","Unfall 240007 (2024) Kat:3, Licht: 0","240007","3","2","0","07","14","3","","0","0","1","0","0"
"POINT (13.503481720000025 52.411679517000039)","Unfall 240008 (2024) Kat:3, Licht: 0","240008","3","2","5","07","15","3","","0","0","1","0","0"
"POINT (13.392784870000071 52.492087243000071)","Unfall 240009 (2024) Kat:3, Licht: 0","240009","3","2","5","07","13","3","","0","1","1","0","0"
"POINT (13.586257053000054 52.440852252000070)","Unfall 240010 (2024) Kat:3, Licht: 0","240010","3","3","5","07","12","3","","0","1","1","0","0"
"POINT (13.313231554000026 52.503283075000070)","Unfall 240011 (2024) Kat:3, Licht: 0","240011","3","4","6","07","12","3","","0","1","0","1","0"
"POINT (13.268814272000043 52.509038613000030)","Unfall 240012 (2024) Kat:3, Licht: 0","240012","3","7","6","07","13","3","","0","0","0","1","0"
"POINT (13.323574026000074 52.493522198000051)","Unfall 240013 (2024) Kat:3, Licht: 0","240013","3","3","5","07","10","3","","0","0","1","0","0"
"POINT (13.364406148000057 52.562657511000054)","Unfall 240014 (2024) Kat:3, Licht: 2","240014","3","2","5","07","22","3","","2","0","1","0","0"
"POINT (13.567265903000077 52.440323278000051)","Unfall 240015 (2024) Kat:3, Licht: 0","240015","3","7","0","07","18","3","","0","0","0","0","0"
"POINT (13.286955505000037 52.451425828000026)","Unfall 240016 (2024) Kat:3, Licht: 0","240016","3","6","2","07","17","3","","0","0","1","0","0"
"POINT (13.333055996000041 52.483934529000067)","Unfall 240017 (2024) Kat:3, Licht: 0","240017","3","3","5","07","15","2","","0","1","1","0","0"
"POINT (13.290268018000063 52.534051070000032)","Unfall 240018 (2024) Kat:3, Licht: 2","240018","3","5","1","07","23","7","","2","0","1","0","0"
"POINT (13.375918509000030 52.467617349000079)","Unfall 240019 (2024) Kat:2, Licht: 0","240019","2","2","5","07","16","3","","0","1","1","0","0"
"POINT (13.401210442000036 52.510408056000074)","Unfall 240020 (2024) Kat:3, Licht: 0","240020","3","2","5","07","15","3","","0","1","1","0","0"
"POINT (13.200597992000041 52.538050966000071)","Unfall 240021 (2024) Kat:3, Licht: 0","240021","3","2","0","07","12","3","","0","0","1","0","0"
"POINT (13.362312209000038 52.567938974000072)","Unfall 240022 (2024) Kat:3, Licht: 0","240022","3","2","5","07","10","3","","0","1","1","0","0"
"POINT (13.452237223000054 52.481214575000081)","Unfall 240023 (2024) Kat:2, Licht: 2","240023","2","7","4","07","22","3","","2","0","1","0","1"
"POINT (13.337609737000037 52.503693261000080)","Unfall 240024 (2024) Kat:3, Licht: 0","240024","3","2","5","07","18","3","","0","1","1","0","0"
"POINT (13.373443586000064 52.455530440000075)","Unfall 240025 (2024) Kat:3, Licht: 0","240025","3","4","6","07","18","3","","0","0","1","1","0"
"POINT (13.494649407000054 52.503883706000067)","Unfall 240026 (2024) Kat:3, Licht: 0","240026","3","6","0","07","16","3","","0","1","1","0","0"
"POINT (13.577071928000066 52.564550441000051)","Unfall 240027 (2024) Kat:2, Licht: 0","240027","2","1","0","07","16","3","","0","0","0","0","0"
"POINT (13.472133081000038 52.465137695000067)","Unfall 240028 (2024) Kat:3, Licht: 0","240028","3","3","5","07","14","3","","0","0","1","0","1"
"POINT (13.608337212000038 52.517194702000040)","Unfall 240029 (2024) Kat:3, Licht: 0","240029","3","6","3","07","14","3","","0","1","1","0","0"
"POINT (13.302080898000042 52.518764909000026)","Unfall 240030 (2024) Kat:3, Licht: 0","240030","3","6","0","07","14","3","","0","0","1","0","0"
"POINT (13.436853055000029 52.531850279000082)","Unfall 240031 (2024) Kat:3, Licht: 0","240031","3","3","5","07","12","3","","0","1","1","0","0"
"POINT (13.431222731000048 52.499174297000081)","Unfall 240032 (2024) Kat:3, Licht: 0","240032","3","2","0","07","12","3","","0","1","1","0","0"
"POINT (13.269150365000030 52.448496078000062)","Unfall 240033 (2024) Kat:3, Licht: 0","240033","3","5","0","07","11","3","","0","0","1","0","0"
"POINT (13.498636197000053 52.516443845000026)","Unfall 240034 (2024) Kat:3, Licht: 0","240034","3","3","5","07","10","3","","0","0","1","0","0"
"POINT (13.305713302000072 52.620450038000058)","Unfall 240035 (2024) Kat:3, Licht: 0","240035","3","2","5","07","08","3","","0","1","1","0","0"
"POINT (13.427254692000076 52.563374096000075)","Unfall 240036 (2024) Kat:3, Licht: 0","240036","3","2","5","07","07","2","","0","1","1","0","0"
"POINT (13.201145705000044 52.532032674000050)","Unfall 240037 (2024) Kat:3, Licht: 0","240037","3","6","0","07","16","2","","0","0","1","0","0"
"POINT (13.345026281000059 52.538967142000047)","Unfall 240038 (2024) Kat:3, Licht: 2","240038","3","1","0","07","01","2","","2","1","0","0","0"
"POINT (13.271388074000072 52.536681450000060)","Unfall 240039 (2024) Kat:2, Licht: 0","240039","2","7","0","07","14","2","","0","0","1","1","0"
"POINT (13.239931739000042 52.528403612000034)","Unfall 240040 (2024) Kat:3, Licht: 0","240040","3","2","5","07","19","2","","0","1","1","0","0"
"POINT (13.230299535000029 52.546719856000038)","Unfall 240041 (2024) Kat:3, Licht: 0","240041","3","2","5","07","19","2","","0","0","1","0","0"
"POINT (13.472669183000050 52.505062655000074)","Unfall 240042 (2024) Kat:3, Licht: 0","240042","3","6","2","07","17","2","","0","0","1","0","0"
"POINT (13.451746783000033 52.452459532000034)","Unfall 240043 (2024) Kat:3, Licht: 0","240043","3","6","2","07","13","2","","0","0","1","0","0"
"POINT (13.267848135000065 52.445960542000080)","Unfall 240044 (2024) Kat:3, Licht: 0","240044","3","3","5","07","09","2","","0","1","1","0","0"
"POINT (13.519823407000047 52.505837444000065)","Unfall 240045 (2024) Kat:3, Licht: 0","240045","3","7","0","07","07","2","","0","0","1","0","1"
"POINT (13.482895763000045 52.500282883000068)","Unfall 240046 (2024) Kat:3, Licht: 0","240046","3","6","2","07","06","2","","0","0","1","0","0"
"POINT (13.318663475000051 52.454086353000037)","Unfall 240047 (2024) Kat:3, Licht: 0","240047","3","1","0","07","18","2","","0","0","0","0","1"
"POINT (13.346986965000042 52.435513096000079)","Unfall 240048 (2024) Kat:3, Licht: 0","240048","3","2","5","07","18","2","","0","1","0","0","0"
"POINT (13.411773710000034 52.509297649000075)","Unfall 240049 (2024) Kat:3, Licht: 0","240049","3","5","1","07","09","3","","0","1","1","0","0"
"POINT (13.458461875000069 52.473483846000079)","Unfall 240050 (2024) Kat:3, Licht: 0","240050","3","2","5","07","18","2","","0","0","1","0","1"
"POINT (13.392734416000053 52.564187587000049)","Unfall 240051 (2024) Kat:2, Licht: 0","240051","2","3","5","07","17","2","","0","1","1","0","0"
"POINT (13.563046832000055 52.437494795000077)","Unfall 240052 (2024) Kat:3, Licht: 0","240052","3","5","1","07","17","2","","0","1","1","0","0"
"POINT (13.264080994000039 52.594628092000050)","Unfall 240053 (2024) Kat:3, Licht: 0","240053","3","6","3","07","16","2","","0","1","0","0","0"
"POINT (13.617144954000025 52.539129243000048)","Unfall 240054 (2024) Kat:3, Licht: 0","240054","3","3","5","07","15","2","","0","1","1","0","0"
"POINT (13.268378874000064 52.454608361000055)","Unfall 240055 (2024) Kat:3, Licht: 0","240055","3","6","0","07","17","2","","0","1","1","0","0"
"POINT (13.439113131000056 52.547325740000076)","Unfall 240056 (2024) Kat:3, Licht: 0","240056","3","2","5","07","14","2","","0","0","1","0","0"
"POINT (13.314205761000039 52.498094086000037)","Unfall 240057 (2024) Kat:3, Licht: 0","240057","3","4","6","07","16","2","","0","1","0","1","0"
"POINT (13.180116707000025 52.508969223000065)","Unfall 240058 (2024) Kat:3, Licht: 0","240058","3","6","2","07","19","2","","0","0","1","0","0"
"POINT (13.464566303000026 52.500349099000061)","Unfall 240059 (2024) Kat:2, Licht: 0","240059","2","2","5","07","12","2","","0","0","1","0","1"
"POINT (13.440527107000037 52.481575906000046)","Unfall 240060 (2024) Kat:2, Licht: 2","240060","2","1","0","07","23","2","","2","1","0","0","0"
"POINT (13.302153676000046 52.584076403000040)","Unfall 240061 (2024) Kat:3, Licht: 1","240061","3","3","5","07","21","2","","1","1","0","0","0"
"POINT (13.330013627000028 52.569240393000030)","Unfall 240062 (2024) Kat:3, Licht: 2","240062","3","2","0","07","19","2","","2","0","1","0","0"
"POINT (13.595399625000027 52.528748441000062)","Unfall 240063 (2024) Kat:2, Licht: 0","240063","2","2","5","07","19","2","","0","1","1","0","0"
"POINT (13.463082509000060 52.469543040000076)","Unfall 240064 (2024) Kat:3, Licht: 0","240064","3","2","5","07","18","2","","0","1","1","0","0"
"POINT (13.559779743000036 52.537090767000052)","Unfall 240065 (2024) Kat:3, Licht: 0","240065","3","6","2","07","17","2","","0","0","0","0","1"
"POINT (13.336096822000059 52.500065351000046)","Unfall 240066 (2024) Kat:3, Licht: 0","240066","3","5","0","07","11","2","","0","1","1","0","0"
"POINT (13.409654475000025 52.538493833000075)","Unfall 240067 (2024) Kat:3, Licht: 0","240067","3","3","0","07","15","2","","0","1","0","0","0"
"POINT (13.561750363000044 52.505691190000050)","Unfall 240068 (2024) Kat:3, Licht: 0","240068","3","6","2","07","09","2","","0","0","1","0","0"
"POINT (13.374378089000061 52.527989775000037)","Unfall 240069 (2024) Kat:2, Licht: 0","240069","2","6","6","07","08","2","","0","1","0","1","0"
"POINT (13.406247734000033 52.404379236000068)","Unfall 240070 (2024) Kat:3, Licht: 2","240070","3","2","4","07","00","2","","2","0","1","0","0"
"POINT (13.175825281000073 52.524423971000033)","Unfall 240071 (2024) Kat:2, Licht: 0","240071","2","4","6","07","18","1","","0","0","1","1","0"
"POINT (13.608761983000022 52.509262215000035)","Unfall 240072 (2024) Kat:3, Licht: 0","240072","3","3","5","07","16","1","","0","0","1","0","0"
"POINT (13.384054723000077 52.555460402000051)","Unfall 240073 (2024) Kat:3, Licht: 0","240073","3","3","5","07","15","1","","0","1","1","0","0"
"POINT (13.494885591000070 52.545394933000068)","Unfall 240074 (2024) Kat:3, Licht: 0","240074","3","3","5","07","10","1","","0","1","1","0","0"
"POINT (13.476153286000056 52.502778096000043)","Unfall 240075 (2024) Kat:3, Licht: 0","240075","3","7","6","07","10","1","","0","1","0","1","0"
"POINT (13.409085638000022 52.528331827000045)","Unfall 240076 (2024) Kat:3, Licht: 0","240076","3","2","5","08","10","4","","0","1","0","0","0"
"POINT (13.295438106000063 52.610567091000064)","Unfall 240077 (2024) Kat:3, Licht: 2","240077","3","3","0","07","01","1","","2","0","1","0","1"
"POINT (13.516545781000048 52.414396031000081)","Unfall 240078 (2024) Kat:3, Licht: 0","240078","3","6","6","07","17","1","","0","0","1","1","0"
"POINT (13.346628792000047 52.547842363000029)","Unfall 240079 (2024) Kat:3, Licht: 0","240079","3","6","2","08","14","1","","0","0","1","0","0"
"POINT (13.331396032000043 52.562037291000081)","Unfall 240080 (2024) Kat:3, Licht: 0","240080","3","7","0","07","14","1","","0","0","1","0","1"
"POINT (13.346703239000021 52.567058870000039)","Unfall 240081 (2024) Kat:3, Licht: 0","240081","3","2","5","07","12","1","","0","1","1","0","0"
"POINT (13.342014274000064 52.492321915000048)","Unfall 240082 (2024) Kat:3, Licht: 0","240082","3","3","5","07","10","1","","0","1","1","0","0"
"POINT (13.443678098000078 52.525271249000070)","Unfall 240083 (2024) Kat:3, Licht: 0","240083","3","7","0","07","21","1","","0","0","0","0","1"
"POINT (13.234628717000021 52.625376649000032)","Unfall 240084 (2024) Kat:3, Licht: 0","240084","3","4","6","07","17","1","","0","0","1","1","0"
"POINT (13.291988699000058 52.590555991000031)","Unfall 240085 (2024) Kat:3, Licht: 0","240085","3","3","5","07","17","1","","0","0","1","0","0"
"POINT (13.533459937000032 52.523243837000052)","Unfall 240086 (2024) Kat:3, Licht: 0","240086","3","3","5","07","16","1","","0","0","1","0","0"
"POINT (13.563282591000075 52.496082143000081)","Unfall 240087 (2024) Kat:3, Licht: 0","240087","3","3","5","07","13","1","","0","0","1","0","0"
"POINT (13.502750620000029 52.447101807000081)","Unfall 240088 (2024) Kat:3, Licht: 0","240088","3","1","9","07","13","1","","0","0","0","0","1"
"POINT (13.360105555000075 52.490464005000035)","Unfall 240089 (2024) Kat:3, Licht: 0","240089","3","3","5","07","11","1","","0","1","1","0","0"
"POINT (13.358907912000063 52.547473947000071)","Unfall 240090 (2024) Kat:3, Licht: 0","240090","3","3","5","07","19","1","","0","1","1","0","0"
"POINT (13.282147180000038 52.533791027000063)","Unfall 240091 (2024) Kat:3, Licht: 0","240091","3","6","2","07","18","1","","0","0","1","0","0"
"POINT (13.294843912000033 52.596740845000056)","Unfall 240092 (2024) Kat:2, Licht: 0","240092","2","5","1","07","16","1","","0","0","1","0","1"
"POINT (13.199844765000023 52.551713057000029)","Unfall 240093 (2024) Kat:2, Licht: 0","240093","2","4","6","08","14","5","","0","0","1","1","0"
"POINT (13.296563588000026 52.492539215000079)","Unfall 240094 (2024) Kat:3, Licht: 0","240094","3","6","3","07","16","1","","0","0","1","0","1"
"POINT (13.315038174000051 52.446988515000044)","Unfall 240095 (2024) Kat:3, Licht: 0","240095","3","3","5","07","12","1","","0","1","1","0","0"
"POINT (13.519807363000041 52.562202727000056)","Unfall 240096 (2024) Kat:3, Licht: 2","240096","3","7","0","07","02","1","","2","0","0","0","0"
"POINT (13.506867145000058 52.648134325000058)","Unfall 240097 (2024) Kat:3, Licht: 0","240097","3","6","3","07","09","7","","0","1","0","0","0"
"POINT (13.309353458000032 52.479204242000037)","Unfall 240098 (2024) Kat:3, Licht: 0","240098","3","3","5","07","17","7","","0","0","1","0","1"
"POINT (13.422078300000067 52.505222215000060)","Unfall 240099 (2024) Kat:3, Licht: 0","240099","3","6","2","07","14","7","","0","1","1","0","0"
"POINT (13.326712740000062 52.463014724000061)","Unfall 240100 (2024) Kat:3, Licht: 0","240100","3","6","3","07","13","7","","0","0","1","0","1"
"POINT (13.321874178000030 52.607518299000049)","Unfall 240101 (2024) Kat:3, Licht: 0","240101","3","3","5","07","10","7","","0","1","1","0","0"
"POINT (13.634773048000056 52.538521498000080)","Unfall 240102 (2024) Kat:3, Licht: 0","240102","3","3","5","07","10","7","","0","1","0","0","0"
"POINT (13.390664182000023 52.505841474000079)","Unfall 240103 (2024) Kat:3, Licht: 0","240103","3","6","4","07","20","7","","0","1","1","0","0"
"POINT (13.323901611000053 52.499947433000045)","Unfall 240104 (2024) Kat:3, Licht: 0","240104","3","7","0","07","18","7","","0","1","0","0","0"
"POINT (13.324163294000073 52.496804289000067)","Unfall 240105 (2024) Kat:3, Licht: 0","240105","3","2","5","07","17","7","","0","1","1","0","0"
"POINT (13.417532486000027 52.584046695000040)","Unfall 240106 (2024) Kat:3, Licht: 0","240106","3","2","6","08","12","6","","0","1","0","1","0"
"POINT (13.480555534000075 52.509240222000074)","Unfall 240107 (2024) Kat:3, Licht: 0","240107","3","5","1","08","06","4","","0","1","1","0","0"
"POINT (13.332565080000052 52.532826373000034)","Unfall 240108 (2024) Kat:3, Licht: 2","240108","3","1","0","07","04","7","","2","0","0","0","0"
"POINT (13.653853109000067 52.463422291000029)","Unfall 240109 (2024) Kat:3, Licht: 0","240109","3","6","2","07","14","7","","0","0","1","0","1"
"POINT (13.610228555000049 52.407535770000038)","Unfall 240110 (2024) Kat:3, Licht: 2","240110","3","6","6","07","22","7","","2","1","0","1","0"
"POINT (13.427952312000059 52.420368987000074)","Unfall 240111 (2024) Kat:3, Licht: 0","240111","3","5","1","07","08","7","","0","1","1","0","0"
"POINT (13.306623155000068 52.516718381000032)","Unfall 240112 (2024) Kat:3, Licht: 2","240112","3","2","5","07","22","7","","2","1","1","0","0"
"POINT (13.499835765000057 52.534373715000072)","Unfall 240113 (2024) Kat:3, Licht: 0","240113","3","3","5","07","20","7","","0","0","1","0","0"
"POINT (13.485030442000038 52.533263470000065)","Unfall 240114 (2024) Kat:3, Licht: 0","240114","3","6","2","07","15","2","","0","0","1","0","0"
"POINT (13.275895454000022 52.490200987000037)","Unfall 240115 (2024) Kat:3, Licht: 0","240115","3","7","0","07","19","7","","0","1","0","0","0"
"POINT (13.417016448000027 52.418217986000059)","Unfall 240116 (2024) Kat:3, Licht: 0","240116","3","2","5","07","16","7","","0","1","1","0","0"
"POINT (13.380970972000057 52.552078794000067)","Unfall 240117 (2024) Kat:3, Licht: 0","240117","3","5","1","07","14","7","","0","1","1","0","0"
"POINT (13.444069037000077 52.525226451000037)","Unfall 240118 (2024) Kat:3, Licht: 0","240118","3","6","0","07","08","7","","0","0","1","0","1"
"POINT (13.335775593000051 52.542136626000058)","Unfall 240119 (2024) Kat:3, Licht: 1","240119","3","6","2","07","05","7","","1","0","1","0","0"
"POINT (13.402774186000045 52.524091254000041)","Unfall 240120 (2024) Kat:3, Licht: 2","240120","3","4","6","07","00","7","","2","0","1","1","0"
"POINT (13.447236357000065 52.513233326000034)","Unfall 240121 (2024) Kat:3, Licht: 2","240121","3","7","8","07","22","7","","2","0","0","0","0"
"POINT (13.326900141000067 52.592455344000030)","Unfall 240122 (2024) Kat:3, Licht: 0","240122","3","6","3","07","18","6","","0","1","1","0","0"
"POINT (13.378695351000033 52.550239858000054)","Unfall 240123 (2024) Kat:3, Licht: 0","240123","3","5","1","07","13","6","","0","0","1","0","0"
"POINT (13.451108694000027 52.508537800000056)","Unfall 240124 (2024) Kat:3, Licht: 1","240124","3","2","5","07","21","6","","1","1","1","0","0"
"POINT (13.449396323000030 52.537036276000038)","Unfall 240125 (2024) Kat:3, Licht: 0","240125","3","1","0","07","16","6","","0","1","0","0","0"
"POINT (13.388782203000062 52.550107157000070)","Unfall 240126 (2024) Kat:3, Licht: 0","240126","3","3","5","07","17","6","","0","1","1","0","0"
"POINT (13.447572353000055 52.513174528000036)","Unfall 240127 (2024) Kat:3, Licht: 0","240127","3","3","5","07","16","6","","0","1","1","0","0"
"POINT (13.453363771000056 52.481904746000055)","Unfall 240128 (2024) Kat:2, Licht: 0","240128","2","3","5","08","17","7","","0","0","1","0","1"
"POINT (13.394253399000036 52.426678300000049)","Unfall 240129 (2024) Kat:3, Licht: 1","240129","3","2","2","07","14","6","","1","0","1","0","1"
"POINT (13.435205346000032 52.426365027000031)","Unfall 240130 (2024) Kat:3, Licht: 0","240130","3","2","5","08","13","2","","0","0","1","0","1"
"POINT (13.512950481000075 52.525646768000058)","Unfall 240131 (2024) Kat:3, Licht: 0","240131","3","3","5","07","06","6","","0","1","1","0","0"
"POINT (13.394424095000034 52.506771872000058)","Unfall 240132 (2024) Kat:3, Licht: 0","240132","3","7","5","07","11","6","","0","1","1","0","0"
"POINT (13.481544158000077 52.461033493000059)","Unfall 240133 (2024) Kat:3, Licht: 0","240133","3","6","3","07","13","2","","0","0","1","0","0"
"POINT (13.324479843000063 52.416254434000052)","Unfall 240134 (2024) Kat:3, Licht: 0","240134","3","3","0","07","11","6","","0","0","1","0","1"
"POINT (13.239285522000046 52.619303750000029)","Unfall 240135 (2024) Kat:3, Licht: 0","240135","3","6","2","07","10","6","","0","0","1","0","0"
"POINT (13.263498122000044 52.521120756000073)","Unfall 240136 (2024) Kat:3, Licht: 0","240136","3","6","2","07","10","6","","0","0","1","0","0"
"POINT (13.583429469000066 52.443536328000050)","Unfall 240137 (2024) Kat:2, Licht: 0","240137","2","4","6","07","07","6","","0","0","1","1","0"
"POINT (13.353179257000022 52.502437063000059)","Unfall 240138 (2024) Kat:3, Licht: 2","240138","3","2","5","07","01","6","","2","0","1","0","0"
"POINT (13.144324933000064 52.454205300000069)","Unfall 240139 (2024) Kat:3, Licht: 0","240139","3","7","3","08","10","5","","0","1","1","0","0"
"POINT (13.594608646000040 52.518199685000070)","Unfall 240140 (2024) Kat:3, Licht: 0","240140","3","3","0","07","07","6","","0","0","1","0","1"
"POINT (13.351333392000072 52.504823829000031)","Unfall 240141 (2024) Kat:3, Licht: 0","240141","3","4","6","07","15","6","","0","0","1","1","0"
"POINT (13.260136626000076 52.515823038000065)","Unfall 240142 (2024) Kat:3, Licht: 0","240142","3","5","1","07","15","6","","0","0","1","0","0"
"POINT (13.388534199000048 52.588150488000053)","Unfall 240143 (2024) Kat:2, Licht: 0","240143","2","1","1","07","11","6","","0","0","1","0","0"
"POINT (13.328180226000029 52.507736883000064)","Unfall 240144 (2024) Kat:3, Licht: 0","240144","3","5","1","07","09","6","","0","1","1","0","0"
"POINT (13.356150351000053 52.543316689000051)","Unfall 240145 (2024) Kat:3, Licht: 0","240145","3","3","5","07","08","6","","0","1","1","0","0"
"POINT (13.459125838000034 52.511382254000068)","Unfall 240146 (2024) Kat:3, Licht: 2","240146","3","7","2","07","22","3","","2","1","1","0","0"
"POINT (13.388857297000072 52.489811660000044)","Unfall 240147 (2024) Kat:3, Licht: 0","240147","3","4","6","07","14","6","","0","1","0","1","0"
"POINT (13.464450561000035 52.481606037000063)","Unfall 240148 (2024) Kat:3, Licht: 0","240148","3","5","1","07","07","6","","0","0","1","0","1"
"POINT (13.208559462000039 52.538643295000043)","Unfall 240149 (2024) Kat:3, Licht: 0","240149","3","6","2","07","16","6","","0","0","1","0","1"
"POINT (13.308290937000038 52.432582749000062)","Unfall 240150 (2024) Kat:3, Licht: 0","240150","3","1","0","07","16","6","","0","0","1","0","1"
"POINT (13.338454189000061 52.503356119000046)","Unfall 240151 (2024) Kat:3, Licht: 1","240151","3","5","0","07","15","6","","1","0","1","0","1"
"POINT (13.465513232000035 52.567210554000042)","Unfall 240152 (2024) Kat:3, Licht: 1","240152","3","3","5","07","15","6","","1","0","1","0","0"
"POINT (13.411038912000038 52.530633062000049)","Unfall 240153 (2024) Kat:2, Licht: 0","240153","2","2","5","07","13","6","","0","1","1","0","0"
"POINT (13.514946765000047 52.468651224000041)","Unfall 240154 (2024) Kat:3, Licht: 0","240154","3","2","2","07","12","6","","0","1","1","0","0"
"POINT (13.362062048000041 52.552066145000026)","Unfall 240155 (2024) Kat:3, Licht: 0","240155","3","3","2","07","10","6","","0","1","1","0","0"
"POINT (13.340891694000049 52.553197389000047)","Unfall 240156 (2024) Kat:3, Licht: 0","240156","3","3","5","07","09","6","","0","0","1","0","0"
"POINT (13.353141725000057 52.441400826000063)","Unfall 240157 (2024) Kat:3, Licht: 0","240157","3","6","2","08","16","5","","0","0","1","0","0"
"POINT (13.379592313000046 52.523521839000068)","Unfall 240158 (2024) Kat:3, Licht: 0","240158","3","3","5","07","09","6","","0","1","0","0","0"
"POINT (13.493791543000043 52.643170034000036)","Unfall 240159 (2024) Kat:3, Licht: 0","240159","3","7","5","07","09","6","","0","1","1","0","0"
"POINT (13.328535798000075 52.565112016000057)","Unfall 240160 (2024) Kat:2, Licht: 0","240160","2","4","6","07","08","6","","0","0","1","1","0"
"POINT (13.522488713000030 52.428387761000067)","Unfall 240161 (2024) Kat:3, Licht: 0","240161","3","3","5","07","07","6","","0","0","1","0","0"
"POINT (13.406592847000070 52.498354708000079)","Unfall 240162 (2024) Kat:3, Licht: 0","240162","3","2","5","07","06","6","","0","0","1","0","0"
"POINT (13.404005600000062 52.533263637000061)","Unfall 240163 (2024) Kat:3, Licht: 0","240163","3","1","0","07","06","6","","0","0","0","0","0"
"POINT (13.438544700000023 52.494610712000053)","Unfall 240164 (2024) Kat:3, Licht: 1","240164","3","5","1","07","21","4","","1","1","1","0","0"
"POINT (13.468717292000065 52.506868284000063)","Unfall 240165 (2024) Kat:3, Licht: 0","240165","3","5","1","07","06","6","","0","1","0","0","0"
"POINT (13.435960490000070 52.556448858000067)","Unfall 240166 (2024) Kat:3, Licht: 0","240166","3","3","5","07","06","6","","0","0","1","0","0"
"POINT (13.490029263000054 52.557884652000041)","Unfall 240167 (2024) Kat:3, Licht: 0","240167","3","7","5","07","17","5","","0","0","1","0","0"
"POINT (13.453904592000072 52.489007963000063)","Unfall 240168 (2024) Kat:3, Licht: 0","240168","3","4","6","07","12","5","","0","0","1","1","0"
"POINT (13.381132677000039 52.478159216000051)","Unfall 240169 (2024) Kat:3, Licht: 0","240169","3","3","5","07","18","5","","0","1","1","0","0"
"POINT (13.441411766000044 52.467549251000037)","Unfall 240170 (2024) Kat:3, Licht: 0","240170","3","7","0","07","18","5","","0","1","1","0","0"
"POINT (13.351403049000055 52.567484669000066)","Unfall 240171 (2024) Kat:3, Licht: 0","240171","3","2","5","07","15","5","","0","1","1","0","0"
"POINT (13.374983230000055 52.505347230000041)","Unfall 240172 (2024) Kat:3, Licht: 0","240172","3","5","1","07","17","5","","0","0","1","0","0"
"POINT (13.281706016000044 52.431934398000067)","Unfall 240173 (2024) Kat:3, Licht: 0","240173","3","5","1","07","13","5","","0","1","1","0","0"
"POINT (13.395241256000077 52.539139108000029)","Unfall 240174 (2024) Kat:3, Licht: 0","240174","3","6","2","07","10","5","","0","0","1","0","0"
"POINT (13.313083207000034 52.502062965000050)","Unfall 240175 (2024) Kat:3, Licht: 0","240175","3","2","0","08","14","3","","0","1","1","0","0"
"POINT (13.477233615000046 52.522093183000038)","Unfall 240176 (2024) Kat:3, Licht: 0","240176","3","1","0","07","18","5","","0","0","1","0","0"
"POINT (13.425195146000021 52.420333410000069)","Unfall 240177 (2024) Kat:3, Licht: 2","240177","3","1","0","07","00","5","","2","1","0","0","0"
"POINT (13.381249624000077 52.530072632000042)","Unfall 240178 (2024) Kat:3, Licht: 0","240178","3","3","5","07","16","4","","0","1","0","0","0"
"POINT (13.410462069000062 52.503453952000029)","Unfall 240179 (2024) Kat:3, Licht: 0","240179","3","2","0","07","14","5","","0","1","1","0","0"
"POINT (13.216435356000034 52.526471425000068)","Unfall 240180 (2024) Kat:3, Licht: 0","240180","3","2","5","07","12","5","","0","0","1","0","1"
"POINT (13.420651618000022 52.548663544000078)","Unfall 240181 (2024) Kat:3, Licht: 0","240181","3","1","0","07","11","5","","0","0","0","0","1"
"POINT (13.371635831000049 52.440525309000066)","Unfall 240182 (2024) Kat:3, Licht: 2","240182","3","3","5","08","21","3","","2","1","1","0","0"
"POINT (13.469605479000052 52.514107997000053)","Unfall 240183 (2024) Kat:3, Licht: 0","240183","3","2","5","07","09","5","","0","1","1","0","0"
"POINT (13.388913959000035 52.547316132000049)","Unfall 240184 (2024) Kat:3, Licht: 0","240184","3","5","1","07","19","5","","0","0","1","0","0"
"POINT (13.601535835000050 52.535732206000034)","Unfall 240185 (2024) Kat:3, Licht: 0","240185","3","3","0","07","15","5","","0","1","0","0","0"
"POINT (13.376145402000077 52.467487650000066)","Unfall 240186 (2024) Kat:3, Licht: 0","240186","3","5","1","07","15","5","","0","1","1","0","0"