WKT,Name,OBJECTID,UKATEGORIE,UTYP1,UART,UMONAT,USTUNDE,UWOCHENTAG,STRZUSTAND,ULICHTVERH,ISTRAD,ISTPKW,ISTFUSS,ISTKRAD
"POINT (13.309225976000050 52.590454218000048)","Unfall 240187 (2024) Kat:3, Licht: 0","240187","3","6","2","07","13","5","","0","0","1","0","0"
"POINT (13.345330774000047 52.484582208000063)","Unfall 240188 (2024) Kat:3, Licht: 0","240188","3","2","2","07","20","5","","0","0","1","0","0"
"POINT (13.330450015000054 52.445144612000036)","Unfall 240189 (2024) Kat:3, Licht: 0","240189","3","3","5","07","16","5","","0","1","1","0","0"
"POINT (13.458570137000038 52.512632024000027)","Unfall 240190 (2024) Kat:3, Licht: 0","240190","3","1","0","07","10","2","","0","0","0","0","1"
"POINT (13.232664767000074 52.527810633000058)","Unfall 240191 (2024) Kat:3, Licht: 0","240191","3","3","0","07","11","5","","0","1","0","0","0"
"POINT (13.418602354000029 52.542646818000037)","Unfall 240192 (2024) Kat:3, Licht: 0","240192","3","3","5","07","07","5","","0","1","1","0","0"
"POINT (13.395328995000057 52.497504520000064)","Unfall 240193 (2024) Kat:3, Licht: 0","240193","3","3","5","07","15","5","","0","0","1","0","0"
"POINT (13.453911373000039 52.489003500000081)","Unfall 240194 (2024) Kat:3, Licht: 0","240194","3","4","6","07","12","5","","0","0","0","1","0"
"POINT (13.400174427000024 52.531024929000068)","Unfall 240195 (2024) Kat:3, Licht: 0","240195","3","1","0","07","12","5","","0","1","0","0","0"
"POINT (13.306260506000058 52.526891270000078)","Unfall 240196 (2024) Kat:3, Licht: 0","240196","3","6","3","07","11","5","","0","1","1","0","0"
"POINT (13.390271226000038 52.508592239000052)","Unfall 240197 (2024) Kat:3, Licht: 0","240197","3","3","5","07","10","5","","0","1","1","0","0"
"POINT (13.179341183000076 52.553226244000030)","Unfall 240198 (2024) Kat:3, Licht: 0","240198","3","1","1","07","07","5","","0","0","1","0","0"
"POINT (13.453555391000066 52.591468112000030)","Unfall 240199 (2024) Kat:3, Licht: 0","240199","3","2","6","07","14","5","","0","0","1","1","0"
"POINT (13.214717739000037 52.439640986000029)","Unfall 240200 (2024) Kat:3, Licht: 0","240200","3","3","5","07","08","4","","0","1","1","0","0"
"POINT (13.408290504000036 52.517551454000056)","Unfall 240201 (2024) Kat:3, Licht: 0","240201","3","2","5","07","12","5","","0","0","1","0","1"
"POINT (13.328352399000039 52.534279196000057)","Unfall 240202 (2024) Kat:3, Licht: 0","240202","3","4","6","07","09","5","","0","1","0","1","0"
"POINT (13.329078653000067 52.562383193000073)","Unfall 240203 (2024) Kat:3, Licht: 0","240203","3","6","2","07","17","3","","0","0","1","0","0"
"POINT (13.494668541000067 52.627923999000075)","Unfall 240204 (2024) Kat:3, Licht: 0","240204","3","4","6","07","18","5","","0","0","1","1","0"
"POINT (13.198383418000049 52.532860745000050)","Unfall 240205 (2024) Kat:3, Licht: 0","240205","3","3","5","07","18","5","","0","0","1","0","0"
"POINT (13.332184690000076 52.540285813000082)","Unfall 240206 (2024) Kat:3, Licht: 0","240206","3","6","2","07","16","5","","0","0","1","0","0"
"POINT (13.572238567000056 52.546400611000081)","Unfall 240207 (2024) Kat:3, Licht: 0","240207","3","6","2","07","14","5","","0","0","1","0","0"
"POINT (13.336464630000023 52.553224459000035)","Unfall 240208 (2024) Kat:3, Licht: 0","240208","3","2","2","07","14","5","","0","1","1","0","0"
"POINT (13.390909596000029 52.504258423000067)","Unfall 240209 (2024) Kat:3, Licht: 0","240209","3","4","6","07","13","5","","0","1","0","1","0"
"POINT (13.346191993000048 52.547206706000054)","Unfall 240210 (2024) Kat:2, Licht: 0","240210","2","5","1","07","12","5","","0","0","1","0","0"
"POINT (13.226305161000028 52.625183164000077)","Unfall 240211 (2024) Kat:3, Licht: 0","240211","3","2","5","07","09","5","","0","1","1","0","0"
"POINT (13.314905289000023 52.518008025000029)","Unfall 240212 (2024) Kat:3, Licht: 0","240212","3","4","6","07","09","5","","0","0","1","1","0"
"POINT (13.627911171000051 52.457648113000062)","Unfall 240213 (2024) Kat:3, Licht: 0","240213","3","1","0","07","08","5","","0","1","0","0","0"
"POINT (13.450389704000031 52.473804823000080)","Unfall 240214 (2024) Kat:3, Licht: 0","240214","3","5","1","07","21","2","","0","1","1","0","0"
"POINT (13.424698115000069 52.482188018000045)","Unfall 240215 (2024) Kat:3, Licht: 0","240215","3","2","5","07","17","4","","0","1","1","0","0"
"POINT (13.199411821000069 52.435579682000082)","Unfall 240216 (2024) Kat:2, Licht: 0","240216","2","1","0","07","18","4","","0","0","0","0","1"
"POINT (13.415049145000069 52.480761221000080)","Unfall 240217 (2024) Kat:3, Licht: 0","240217","3","5","1","07","17","4","","0","0","1","0","0"
"POINT (13.417756679000036 52.490599977000045)","Unfall 240218 (2024) Kat:3, Licht: 0","240218","3","6","4","07","08","4","","0","1","0","0","0"
"POINT (13.371938377000049 52.469893679000052)","Unfall 240219 (2024) Kat:3, Licht: 2","240219","3","3","5","07","23","4","","2","0","1","0","0"
"POINT (13.468776700000035 52.523445090000052)","Unfall 240220 (2024) Kat:2, Licht: 0","240220","2","5","1","07","09","4","","0","1","1","0","0"
"POINT (13.504678079000030 52.423224679000043)","Unfall 240221 (2024) Kat:3, Licht: 0","240221","3","3","5","07","19","4","","0","0","1","0","0"
"POINT (13.426630768000052 52.487301353000078)","Unfall 240222 (2024) Kat:3, Licht: 0","240222","3","6","3","07","19","4","","0","0","0","0","1"
"POINT (13.453182418000040 52.493216676000031)","Unfall 240223 (2024) Kat:3, Licht: 0","240223","3","3","0","07","17","3","","0","1","0","0","1"
"POINT (13.285363526000026 52.595138404000068)","Unfall 240224 (2024) Kat:3, Licht: 0","240224","3","6","2","07","14","4","","0","0","1","0","0"
"POINT (13.414533498000026 52.500135145000058)","Unfall 240225 (2024) Kat:3, Licht: 0","240225","3","3","5","07","18","4","","0","0","1","0","1"
"POINT (13.259724543000061 52.433475365000049)","Unfall 240226 (2024) Kat:3, Licht: 0","240226","3","5","0","07","12","4","","0","0","1","0","1"
"POINT (13.430450825000037 52.551238123000076)","Unfall 240227 (2024) Kat:3, Licht: 0","240227","3","6","2","07","16","4","","0","0","1","0","1"
"POINT (13.291475290000051 52.596015739000052)","Unfall 240228 (2024) Kat:3, Licht: 0","240228","3","2","5","07","11","4","","0","1","0","0","0"
"POINT (13.375499429000058 52.489321434000033)","Unfall 240229 (2024) Kat:3, Licht: 0","240229","3","6","0","07","11","4","","0","1","1","0","0"
"POINT (13.382269414000064 52.527456799000049)","Unfall 240230 (2024) Kat:3, Licht: 0","240230","3","1","0","07","13","4","","0","1","0","0","0"
"POINT (13.399482703000047 52.532747567000058)","Unfall 240231 (2024) Kat:3, Licht: 0","240231","3","1","0","07","12","4","","0","1","0","0","0"
"POINT (13.465433220000023 52.567203687000074)","Unfall 240232 (2024) Kat:2, Licht: 0","240232","2","3","5","07","07","4","","0","1","1","0","0"
"POINT (13.335251805000041 52.595660611000028)","Unfall 240233 (2024) Kat:3, Licht: 0","240233","3","6","1","07","12","4","","0","1","1","0","0"
"POINT (13.353575409000030 52.502176696000049)","Unfall 240234 (2024) Kat:3, Licht: 2","240234","3","6","2","07","00","4","","2","0","1","0","0"
"POINT (13.339755642000057 52.430633835000037)","Unfall 240235 (2024) Kat:3, Licht: 0","240235","3","6","2","07","07","4","","0","1","1","0","0"
"POINT (13.431927871000028 52.614533943000026)","Unfall 240236 (2024) Kat:3, Licht: 1","240236","3","3","5","07","11","4","","1","1","1","0","0"
"POINT (13.429706085000078 52.588628882000080)","Unfall 240237 (2024) Kat:3, Licht: 0","240237","3","3","5","07","05","4","","0","1","0","0","0"
"POINT (13.465984017000039 52.467819410000061)","Unfall 240238 (2024) Kat:3, Licht: 0","240238","3","4","6","07","09","4","","0","0","1","1","0"
"POINT (13.604938233000041 52.524035923000042)","Unfall 240239 (2024) Kat:3, Licht: 2","240239","3","1","0","07","21","3","","2","1","0","0","0"
"POINT (13.536210192000055 52.539025646000027)","Unfall 240240 (2024) Kat:2, Licht: 0","240240","2","1","0","07","17","4","","0","1","0","0","0"
"POINT (13.490218711000068 52.617070525000031)","Unfall 240241 (2024) Kat:3, Licht: 0","240241","3","4","6","08","19","1","","0","0","1","1","0"
"POINT (13.262409639000055 52.481945034000034)","Unfall 240242 (2024) Kat:3, Licht: 0","240242","3","5","5","07","17","4","","0","1","1","0","0"
"POINT (13.619558934000054 52.522461001000067)","Unfall 240243 (2024) Kat:3, Licht: 0","240243","3","2","5","08","14","6","","0","0","1","0","1"
"POINT (13.326741107000032 52.463043869000046)","Unfall 240244 (2024) Kat:3, Licht: 0","240244","3","2","0","07","12","4","","0","1","1","0","0"
"POINT (13.482522317000075 52.461838865000061)","Unfall 240245 (2024) Kat:3, Licht: 0","240245","3","2","2","07","12","4","","0","0","1","0","0"
"POINT (13.385479886000041 52.550227016000065)","Unfall 240246 (2024) Kat:3, Licht: 0","240246","3","7","2","07","10","4","","0","0","1","0","0"
"POINT (13.558007782000061 52.529517330000033)","Unfall 240247 (2024) Kat:3, Licht: 0","240247","3","6","3","07","10","4","","0","1","1","0","0"
"POINT (13.345706697000026 52.494250443000055)","Unfall 240248 (2024) Kat:3, Licht: 2","240248","3","2","6","07","22","4","","2","0","1","1","0"
"POINT (13.309880117000034 52.515255452000076)","Unfall 240249 (2024) Kat:3, Licht: 1","240249","3","5","1","07","19","4","","1","1","1","0","0"
"POINT (13.376740192000057 52.509823201000074)","Unfall 240250 (2024) Kat:3, Licht: 0","240250","3","6","2","07","17","4","","0","0","1","0","0"
"POINT (13.394082542000035 52.465524596000080)","Unfall 240251 (2024) Kat:3, Licht: 0","240251","3","5","1","07","14","4","","0","0","1","0","1"
"POINT (13.423865257000045 52.543954306000046)","Unfall 240252 (2024) Kat:3, Licht: 0","240252","3","2","6","07","13","4","","0","1","0","1","0"
"POINT (13.503969031000054 52.546567449000065)","Unfall 240253 (2024) Kat:2, Licht: 0","240253","2","3","0","07","13","4","","0","0","1","0","1"
"POINT (13.431380060000038 52.513563916000066)","Unfall 240254 (2024) Kat:3, Licht: 0","240254","3","6","2","07","11","4","","0","1","1","0","0"
"POINT (13.304540645000031 52.509913653000069)","Unfall 240255 (2024) Kat:3, Licht: 0","240255","3","7","0","07","09","4","","0","0","1","0","1"
"POINT (13.515489705000050 52.462113167000041)","Unfall 240256 (2024) Kat:3, Licht: 0","240256","3","7","6","07","17","3","","0","1","0","1","0"
"POINT (13.365821689000029 52.556839602000082)","Unfall 240257 (2024) Kat:3, Licht: 0","240257","3","6","4","07","15","3","","0","1","0","0","0"
"POINT (13.358722987000021 52.554155586000036)","Unfall 240258 (2024) Kat:2, Licht: 0","240258","2","2","5","07","13","3","","0","1","0","0","0"
"POINT (13.278948798000044 52.503459096000029)","Unfall 240259 (2024) Kat:3, Licht: 0","240259","3","2","5","07","08","3","","0","1","0","0","0"
"POINT (13.567456606000064 52.540944176000039)","Unfall 240260 (2024) Kat:3, Licht: 0","240260","3","7","6","07","18","3","","0","0","1","1","0"
"POINT (13.594547159000058 52.429221451000046)","Unfall 240261 (2024) Kat:3, Licht: 0","240261","3","2","0","07","16","3","","0","0","1","0","0"
"POINT (13.369998651000060 52.552932235000071)","Unfall 240262 (2024) Kat:3, Licht: 0","240262","3","3","5","07","16","3","","0","0","1","0","1"
"POINT (13.287883727000064 52.455678218000060)","Unfall 240263 (2024) Kat:3, Licht: 2","240263","3","6","2","07","23","3","","2","1","1","0","0"
"POINT (13.527402786000039 52.488508398000079)","Unfall 240264 (2024) Kat:2, Licht: 0","240264","2","7","6","07","11","3","","0","1","0","1","0"
"POINT (13.260522524000066 52.426683644000036)","Unfall 240265 (2024) Kat:3, Licht: 0","240265","3","7","2","07","13","4","","0","0","1","0","0"
"POINT (13.437832906000040 52.482926682000027)","Unfall 240266 (2024) Kat:3, Licht: 0","240266","3","4","6","07","15","3","","0","0","0","1","0"
"POINT (13.377582192000034 52.465943007000078)","Unfall 240267 (2024) Kat:3, Licht: 0","240267","3","3","5","07","20","3","","0","1","1","0","0"
"POINT (13.273304521000057 52.491986336000082)","Unfall 240268 (2024) Kat:3, Licht: 1","240268","3","3","5","07","20","3","","1","1","1","0","0"
"POINT (13.398841440000069 52.519900760000041)","Unfall 240269 (2024) Kat:3, Licht: 0","240269","3","5","1","07","17","3","","0","1","1","0","0"
"POINT (13.342029732000071 52.517894152000054)","Unfall 240270 (2024) Kat:2, Licht: 0","240270","2","2","5","07","19","3","","0","0","1","0","1"
"POINT (13.231319597000038 52.538234623000051)","Unfall 240271 (2024) Kat:3, Licht: 0","240271","3","2","5","07","14","3","","0","1","0","0","0"
"POINT (13.194534523000073 52.533738247000031)","Unfall 240272 (2024) Kat:2, Licht: 0","240272","2","2","5","07","17","3","","0","0","1","0","1"
"POINT (13.298783021000077 52.571368213000028)","Unfall 240273 (2024) Kat:3, Licht: 0","240273","3","6","2","07","14","3","","0","0","1","0","0"
"POINT (13.320478257000048 52.485902647000046)","Unfall 240274 (2024) Kat:3, Licht: 0","240274","3","3","5","07","17","3","","0","1","0","0","0"
"POINT (13.437978771000076 52.478290211000058)","Unfall 240275 (2024) Kat:3, Licht: 0","240275","3","2","5","07","13","3","","0","0","1","0","1"
"POINT (13.301557842000022 52.413681258000054)","Unfall 240276 (2024) Kat:3, Licht: 0","240276","3","7","2","07","13","5","","0","0","1","0","0"
"POINT (13.555772540000078 52.566329709000058)","Unfall 240277 (2024) Kat:3, Licht: 0","240277","3","3","5","07","15","3","","0","1","1","0","0"
"POINT (13.404328226000075 52.533155636000060)","Unfall 240278 (2024) Kat:3, Licht: 0","240278","3","3","0","07","09","3","","0","1","1","0","0"
"POINT (13.453474574000040 52.591127370000038)","Unfall 240279 (2024) Kat:3, Licht: 0","240279","3","7","0","08","10","7","","0","0","0","0","1"
"POINT (13.344059591000075 52.438502345000074)","Unfall 240280 (2024) Kat:3, Licht: 0","240280","3","4","6","07","19","3","","0","0","0","1","0"
"POINT (13.424046261000058 52.552907607000066)","Unfall 240281 (2024) Kat:2, Licht: 0","240281","2","2","5","07","08","3","","0","1","0","0","0"
"POINT (13.200109989000055 52.543466110000054)","Unfall 240282 (2024) Kat:3, Licht: 0","240282","3","5","1","07","12","4","","0","0","1","0","0"
"POINT (13.333818484000062 52.508205367000073)","Unfall 240283 (2024) Kat:3, Licht: 0","240283","3","7","6","07","19","3","","0","1","0","1","0"
"POINT (13.508882608000022 52.473832317000074)","Unfall 240284 (2024) Kat:3, Licht: 0","240284","3","6","3","07","15","3","","0","0","0","0","1"
"POINT (13.312422127000048 52.567884125000035)","Unfall 240285 (2024) Kat:3, Licht: 0","240285","3","6","2","07","15","3","","0","0","1","0","0"
"POINT (13.332694469000046 52.455779254000049)","Unfall 240286 (2024) Kat:3, Licht: 0","240286","3","1","8","07","19","3","","0","0","1","0","0"
"POINT (13.301790707000066 52.509800386000052)","Unfall 240287 (2024) Kat:3, Licht: 0","240287","3","7","0","07","18","3","","0","0","1","0","1"
"POINT (13.409071202000064 52.528313763000028)","Unfall 240288 (2024) Kat:3, Licht: 0","240288","3","2","5","07","14","3","","0","1","1","0","0"
"POINT (13.407819494000023 52.482318915000064)","Unfall 240289 (2024) Kat:3, Licht: 0","240289","3","7","5","07","17","3","","0","0","1","0","0"
"POINT (13.261946841000054 52.510419918000082)","Unfall 240290 (2024) Kat:3, Licht: 0","240290","3","3","5","07","15","3","","0","0","1","0","0"
"POINT (13.398525537000069 52.569441765000079)","Unfall 240291 (2024) Kat:3, Licht: 0","240291","3","3","5","07","13","3","","0","1","1","0","0"
"POINT (13.341677668000045 52.502060310000047)","Unfall 240292 (2024) Kat:3, Licht: 0","240292","3","6","2","07","17","3","","0","0","1","0","0"
"POINT (13.324894393000022 52.564789344000076)","Unfall 240293 (2024) Kat:3, Licht: 0","240293","3","6","3","07","12","3","","0","0","1","0","0"
"POINT (13.395511647000035 52.503257978000079)","Unfall 240294 (2024) Kat:3, Licht: 0","240294","3","1","0","07","08","3","","0","1","0","0","0"
"POINT (13.454376767000042 52.540154355000027)","Unfall 240295 (2024) Kat:3, Licht: 0","240295","3","3","5","07","07","3","","0","1","1","0","0"
"POINT (13.506011651000051 52.452093484000045)","Unfall 240296 (2024) Kat:3, Licht: 0","240296","3","7","2","07","08","3","","0","1","1","0","0"
"POINT (13.470342937000055 52.477381332000050)","Unfall 240297 (2024) Kat:2, Licht: 0","240297","2","5","1","07","14","6","","0","1","1","0","0"
"POINT (13.346702764000042 52.500735251000037)","Unfall 240298 (2024) Kat:3, Licht: 0","240298","3","6","3","07","16","3","","0","0","1","0","1"
"POINT (13.434733390000076 52.542772795000076)","Unfall 240299 (2024) Kat:3, Licht: 0","240299","3","3","5","07","16","3","","0","0","1","0","0"
"POINT (13.294320378000066 52.514137239000036)","Unfall 240300 (2024) Kat:3, Licht: 0","240300","3","5","1","07","19","3","","0","1","1","0","0"
"POINT (13.500711548000027 52.447485800000038)","Unfall 240301 (2024) Kat:2, Licht: 0","240301","2","3","5","07","17","3","","0","1","1","0","0"
"POINT (13.459962890000043 52.467592063000041)","Unfall 240302 (2024) Kat:3, Licht: 2","240302","3","5","1","07","02","1","","2","0","1","0","0"
"POINT (13.346110324000051 52.501060717000030)","Unfall 240303 (2024) Kat:3, Licht: 0","240303","3","2","5","07","15","3","","0","1","1","0","0"
"POINT (13.346644906000051 52.524912657000073)","Unfall 240304 (2024) Kat:3, Licht: 0","240304","3","1","0","08","17","7","","0","0","0","0","1"
"POINT (13.303567747000045 52.436759579000068)","Unfall 240305 (2024) Kat:3, Licht: 0","240305","3","6","2","07","16","3","","0","0","1","0","0"
"POINT (13.319390152000040 52.492905919000066)","Unfall 240306 (2024) Kat:3, Licht: 2","240306","3","5","1","07","21","3","","2","0","1","0","0"
"POINT (13.389618416000076 52.496061641000040)","Unfall 240307 (2024) Kat:3, Licht: 0","240307","3","2","5","07","19","3","","0","1","1","0","0"
"POINT (13.376895458000035 52.554159306000031)","Unfall 240308 (2024) Kat:3, Licht: 0","240308","3","6","2","07","13","3","","0","0","1","0","1"
"POINT (13.494244816000048 52.512848625000061)","Unfall 240309 (2024) Kat:3, Licht: 0","240309","3","5","1","07","16","3","","0","1","1","0","0"
"POINT (13.269022874000029 52.536742858000082)","Unfall 240310 (2024) Kat:3, Licht: 0","240310","3","6","3","07","14","3","","0","0","1","0","0"
"POINT (13.324617215000046 52.491377083000032)","Unfall 240311 (2024) Kat:3, Licht: 0","240311","3","5","1","07","12","3","","0","1","1","0","0"
"POINT (13.573536861000036 52.552378403000034)","Unfall 240312 (2024) Kat:2, Licht: 0","240312","2","2","5","07","06","3","","0","1","1","0","0"
"POINT (13.470984880000060 52.426044014000070)","Unfall 240313 (2024) Kat:2, Licht: 0","240313","2","3","5","07","06","3","","0","1","1","0","0"
"POINT (13.473545609000041 52.536200518000044)","Unfall 240314 (2024) Kat:2, Licht: 0","240314","2","2","5","08","11","4","","0","1","0","0","0"
"POINT (13.478443788000050 52.528441892000046)","Unfall 240315 (2024) Kat:3, Licht: 0","240315","3","6","2","07","12","5","","0","0","1","0","1"
"POINT (13.599545687000045 52.543703219000065)","Unfall 240316 (2024) Kat:3, Licht: 0","240316","3","2","6","07","09","3","","0","0","1","1","0"
"POINT (13.266231930000060 52.520470650000050)","Unfall 240317 (2024) Kat:3, Licht: 0","240317","3","6","3","07","06","3","","0","0","1","0","1"
"POINT (13.538394339000035 52.493022096000061)","Unfall 240318 (2024) Kat:3, Licht: 0","240318","3","4","6","07","07","2","","0","0","0","1","0"
"POINT (13.524808830000040 52.536262682000029)","Unfall 240319 (2024) Kat:3, Licht: 0","240319","3","2","5","07","18","2","","0","1","1","0","0"
"POINT (13.400407217000065 52.590943145000040)","Unfall 240320 (2024) Kat:3, Licht: 0","240320","3","3","5","07","14","2","","0","0","1","0","0"
"POINT (13.329316726000059 52.562368967000054)","Unfall 240321 (2024) Kat:3, Licht: 0","240321","3","3","5","07","12","2","","0","1","0","0","0"
"POINT (13.439682208000022 52.487114654000038)","Unfall 240322 (2024) Kat:3, Licht: 0","240322","3","5","1","07","20","2","","0","0","0","0","0"
"POINT (13.443746552000050 52.484990929000048)","Unfall 240323 (2024) Kat:3, Licht: 0","240323","3","5","1","07","20","2","","0","0","0","0","0"
"POINT (13.328352984000048 52.464922079000075)","Unfall 240324 (2024) Kat:3, Licht: 0","240324","3","6","3","07","17","2","","0","0","1","0","0"
"POINT (13.307419628000048 52.488338839000050)","Unfall 240325 (2024) Kat:3, Licht: 0","240325","3","3","5","07","14","2","","0","0","1","0","0"
"POINT (13.300450743000056 52.457912656000076)","Unfall 240326 (2024) Kat:3, Licht: 0","240326","3","3","5","07","16","3","","0","1","1","0","0"
"POINT (13.476469255000040 52.532890186000031)","Unfall 240327 (2024) Kat:3, Licht: 0","240327","3","2","5","07","12","2","","0","1","1","0","0"
"POINT (13.687336236000021 52.441568640000071)","Unfall 240328 (2024) Kat:3, Licht: 0","240328","3","3","5","07","12","2","","0","1","1","0","0"
"POINT (13.274141626000073 52.519228787000031)","Unfall 240329 (2024) Kat:3, Licht: 0","240329","3","6","0","07","10","2","","0","0","1","0","0"
"POINT (13.428668594000044 52.572128631000055)","Unfall 240330 (2024) Kat:3, Licht: 0","240330","3","6","3","07","09","2","","0","0","1","0","1"
"POINT (13.199753204000046 52.534741956000062)","Unfall 240331 (2024) Kat:3, Licht: 0","240331","3","2","2","07","09","2","","0","0","1","0","0"
"POINT (13.507601571000066 52.510670779000066)","Unfall 240332 (2024) Kat:3, Licht: 2","240332","3","7","0","09","21","5","","2","0","0","0","0"
"POINT (13.206578622000052 52.529309504000082)","Unfall 240333 (2024) Kat:3, Licht: 0","240333","3","6","0","09","15","5","","0","0","1","0","0"
"POINT (13.577545722000025 52.465783753000039)","Unfall 240334 (2024) Kat:3, Licht: 0","240334","3","5","1","09","15","5","","0","0","1","0","0"
"POINT (13.198409979000076 52.532855447000031)","Unfall 240335 (2024) Kat:2, Licht: 0","240335","2","3","5","09","14","5","","0","0","1","0","0"
"POINT (13.447177240000030 52.498142130000076)","Unfall 240336 (2024) Kat:3, Licht: 0","240336","3","3","0","09","12","5","","0","0","1","0","1"
"POINT (13.266551213000071 52.511029372000053)","Unfall 240337 (2024) Kat:3, Licht: 0","240337","3","5","1","09","10","5","","0","1","1","0","0"
"POINT (13.577946381000061 52.444222764000074)","Unfall 240338 (2024) Kat:3, Licht: 0","240338","3","2","5","09","09","5","","0","1","1","0","0"
"POINT (13.314366217000043 52.574570770000037)","Unfall 240339 (2024) Kat:3, Licht: 2","240339","3","2","5","09","21","5","","2","0","1","0","0"
"POINT (13.306522902000040 52.528856596000026)","Unfall 240340 (2024) Kat:3, Licht: 0","240340","3","2","5","09","18","5","","0","0","1","0","0"
"POINT (13.501744654000049 52.460800715000062)","Unfall 240341 (2024) Kat:3, Licht: 0","240341","3","3","5","09","16","5","","0","0","1","0","0"
"POINT (13.252215073000059 52.523235758000055)","Unfall 240342 (2024) Kat:2, Licht: 2","240342","2","4","6","09","01","5","","2","0","1","1","0"
"POINT (13.314631717000054 52.567184586000053)","Unfall 240343 (2024) Kat:3, Licht: 0","240343","3","3","0","09","15","5","","0","0","1","0","0"
"POINT (13.359250492000058 52.546536877000051)","Unfall 240344 (2024) Kat:3, Licht: 0","240344","3","2","2","09","17","5","","0","0","1","0","0"
"POINT (13.445896975000039 52.544655515000045)","Unfall 240345 (2024) Kat:3, Licht: 1","240345","3","3","5","09","12","5","","1","0","1","0","0"
"POINT (13.422204246000035 52.559963579000055)","Unfall 240346 (2024) Kat:3, Licht: 0","240346","3","1","0","09","08","5","","0","0","0","0","1"
"POINT (13.392264958000055 52.414491796000050)","Unfall 240347 (2024) Kat:2, Licht: 0","240347","2","1","0","09","08","5","","0","1","0","0","0"
"POINT (13.517476272000067 52.535452062000047)","Unfall 240348 (2024) Kat:3, Licht: 0","240348","3","2","5","09","08","5","","0","0","1","0","0"
"POINT (13.335264131000031 52.499448936000078)","Unfall 240349 (2024) Kat:3, Licht: 2","240349","3","2","5","09","19","5","","2","1","0","0","0"
"POINT (13.453072432000056 52.551770609000073)","Unfall 240350 (2024) Kat:3, Licht: 0","240350","3","4","6","09","15","5","","0","0","1","1","0"
"POINT (13.440482392000035 52.540688307000039)","Unfall 240351 (2024) Kat:3, Licht: 0","240351","3","2","5","09","14","5","","0","1","1","0","0"
"POINT (13.201249164000046 52.512090975000035)","Unfall 240352 (2024) Kat:3, Licht: 0","240352","3","6","3","09","10","5","","0","0","1","0","0"
"POINT (13.384218290000035 52.555693492000046)","Unfall 240353 (2024) Kat:3, Licht: 0","240353","3","2","5","09","08","5","","0","1","0","0","0"
"POINT (13.450181735000058 52.527179675000070)","Unfall 240354 (2024) Kat:3, Licht: 2","240354","3","6","3","09","20","5","","2","0","1","0","1"
"POINT (13.334352391000039 52.595546427000045)","Unfall 240355 (2024) Kat:3, Licht: 1","240355","3","2","5","09","18","5","","1","1","1","0","0"
"POINT (13.592922650000048 52.548467970000047)","Unfall 240356 (2024) Kat:3, Licht: 0","240356","3","2","5","09","17","5","","0","0","1","0","0"
"POINT (13.461077121000073 52.561028391000036)","Unfall 240357 (2024) Kat:3, Licht: 0","240357","3","1","0","09","14","5","","0","0","0","0","1"
"POINT (13.482578417000070 52.461885055000039)","Unfall 240358 (2024) Kat:3, Licht: 0","240358","3","2","5","09","09","5","","0","0","1","0","1"
"POINT (13.330008157000066 52.464466358000038)","Unfall 240359 (2024) Kat:3, Licht: 0","240359","3","3","0","09","07","5","","0","0","1","0","1"
"POINT (13.472669183000050 52.505062655000074)","Unfall 240360 (2024) Kat:3, Licht: 0","240360","3","6","2","09","07","5","","0","0","1","0","0"
"POINT (13.251746579000041 52.448788501000081)","Unfall 240361 (2024) Kat:3, Licht: 0","240361","3","3","5","09","07","4","","0","0","1","0","0"
"POINT (13.630828163000047 52.529815406000068)","Unfall 240362 (2024) Kat:3, Licht: 0","240362","3","3","5","09","07","4","","0","0","1","0","0"
"POINT (13.341375860000028 52.525547310000036)","Unfall 240363 (2024) Kat:3, Licht: 0","240363","3","4","6","09","08","4","","0","0","1","1","0"
"POINT (13.345575997000026 52.498867612000026)","Unfall 240364 (2024) Kat:3, Licht: 0","240364","3","7","5","09","12","4","","0","0","1","0","0"
"POINT (13.427585842000042 52.486966255000027)","Unfall 240365 (2024) Kat:3, Licht: 0","240365","3","5","1","09","12","4","","0","0","1","0","0"
"POINT (13.198363220000033 52.542865093000046)","Unfall 240366 (2024) Kat:3, Licht: 0","240366","3","2","5","09","13","4","","0","0","1","0","0"
"POINT (13.319084755000063 52.454355945000032)","Unfall 240367 (2024) Kat:3, Licht: 0","240367","3","6","2","09","14","4","","0","0","1","0","1"
"POINT (13.399439170000051 52.494612026000027)","Unfall 240368 (2024) Kat:3, Licht: 0","240368","3","2","5","09","14","4","","0","1","1","0","0"
"POINT (13.361666382000067 52.524076007000076)","Unfall 240369 (2024) Kat:2, Licht: 0","240369","2","1","0","09","15","4","","0","0","0","0","1"
"POINT (13.340756194000051 52.505163679000077)","Unfall 240370 (2024) Kat:3, Licht: 0","240370","3","6","3","09","15","4","","0","0","1","0","1"
"POINT (13.508178622000059 52.452918042000078)","Unfall 240371 (2024) Kat:2, Licht: 0","240371","2","3","5","09","17","4","","0","0","1","0","1"
"POINT (13.403096312000059 52.498522561000073)","Unfall 240372 (2024) Kat:3, Licht: 0","240372","3","3","5","09","17","4","","0","1","1","0","0"