WKT,Name,OBJECTID,UKATEGORIE,UTYP1,UART,UMONAT,USTUNDE,UWOCHENTAG,STRZUSTAND,ULICHTVERH,ISTRAD,ISTPKW,ISTFUSS,ISTKRAD
"POINT (13.317336045000047 52.512181716000043)","Unfall 240373 (2024) Kat:3, Licht: 0","240373","3","2","5","09","18","4","","0","1","1","0","0"
"POINT (13.250814770000034 52.434829274000037)","Unfall 240374 (2024) Kat:3, Licht: 0","240374","3","1","0","09","19","4","","0","0","0","0","1"
"POINT (13.454636372000039 52.521188059000053)","Unfall 240375 (2024) Kat:3, Licht: 0","240375","3","3","5","09","12","4","","0","1","0","0","0"
"POINT (13.434929681000028 52.504478641000048)","Unfall 240376 (2024) Kat:3, Licht: 2","240376","3","2","5","09","23","4","","2","0","1","0","1"
"POINT (13.365487313000074 52.525407993000044)","Unfall 240377 (2024) Kat:3, Licht: 2","240377","3","2","6","09","20","4","","2","0","1","1","0"
"POINT (13.395854146000033 52.499027301000069)","Unfall 240378 (2024) Kat:3, Licht: 0","240378","3","3","5","09","16","4","","0","1","0","0","0"
"POINT (13.255007709000040 52.434338516000082)","Unfall 240379 (2024) Kat:2, Licht: 0","240379","2","5","1","09","16","4","","0","1","1","0","0"
"POINT (13.149377846000050 52.554059729000073)","Unfall 240380 (2024) Kat:2, Licht: 0","240380","2","3","5","09","15","4","","0","0","1","0","0"
"POINT (13.454259834000027 52.493911178000076)","Unfall 240381 (2024) Kat:3, Licht: 0","240381","3","2","5","09","15","4","","0","1","1","0","0"
"POINT (13.361848111000029 52.524133593000045)","Unfall 240382 (2024) Kat:3, Licht: 0","240382","3","1","4","09","14","4","","0","0","1","0","1"
"POINT (13.261832358000049 52.518787157000077)","Unfall 240383 (2024) Kat:3, Licht: 0","240383","3","7","2","09","12","4","","0","0","1","0","0"
"POINT (13.373277373000064 52.554051851000054)","Unfall 240384 (2024) Kat:2, Licht: 0","240384","2","4","6","09","12","4","","0","0","1","1","0"
"POINT (13.463397207000071 52.484802186000081)","Unfall 240385 (2024) Kat:3, Licht: 0","240385","3","6","0","09","07","4","","0","1","1","0","0"
"POINT (13.179953568000030 52.508749017000071)","Unfall 240386 (2024) Kat:3, Licht: 0","240386","3","6","2","09","07","4","","0","0","1","0","0"
"POINT (13.313989908000053 52.576486456000055)","Unfall 240387 (2024) Kat:3, Licht: 0","240387","3","3","5","09","16","4","","0","0","1","0","1"
"POINT (13.502875020000033 52.443556403000059)","Unfall 240388 (2024) Kat:3, Licht: 0","240388","3","3","5","09","16","4","","0","1","1","0","0"
"POINT (13.209775276000073 52.547888660000069)","Unfall 240389 (2024) Kat:3, Licht: 0","240389","3","4","6","09","15","4","","0","0","1","1","0"
"POINT (13.386211776000039 52.558509109000056)","Unfall 240390 (2024) Kat:3, Licht: 0","240390","3","6","2","09","13","4","","0","0","1","0","0"
"POINT (13.389702391000071 52.495915035000053)","Unfall 240391 (2024) Kat:3, Licht: 0","240391","3","2","5","09","08","4","","0","1","1","0","0"
"POINT (13.448826342000075 52.485033348000059)","Unfall 240392 (2024) Kat:3, Licht: 2","240392","3","3","5","09","23","4","","2","0","1","0","0"
"POINT (13.249863985000047 52.515591823000079)","Unfall 240393 (2024) Kat:3, Licht: 0","240393","3","6","2","09","17","4","","0","1","1","0","0"
"POINT (13.437653638000029 52.569780774000037)","Unfall 240394 (2024) Kat:3, Licht: 0","240394","3","4","6","09","15","4","","0","0","1","1","0"
"POINT (13.440874454000038 52.524278493000054)","Unfall 240395 (2024) Kat:3, Licht: 0","240395","3","7","5","09","16","3","","0","0","1","0","0"
"POINT (13.591413404000036 52.534679951000044)","Unfall 240396 (2024) Kat:3, Licht: 0","240396","3","3","5","09","18","3","","0","1","0","0","0"
"POINT (13.324148924000042 52.464263444000039)","Unfall 240397 (2024) Kat:3, Licht: 0","240397","3","7","0","09","09","3","","0","0","1","0","0"
"POINT (13.345348319000038 52.529675616000077)","Unfall 240398 (2024) Kat:3, Licht: 2","240398","3","3","0","09","20","3","","2","1","1","0","0"
"POINT (13.419731039000055 52.606013113000074)","Unfall 240399 (2024) Kat:3, Licht: 2","240399","3","6","2","09","21","3","","2","0","1","0","0"
"POINT (13.445437166000033 52.501589762000037)","Unfall 240400 (2024) Kat:3, Licht: 0","240400","3","7","0","09","17","3","","0","0","0","0","1"
"POINT (13.326153900000065 52.561925117000044)","Unfall 240401 (2024) Kat:3, Licht: 0","240401","3","6","2","09","16","3","","0","0","1","0","0"
"POINT (13.486419214000023 52.540936539000029)","Unfall 240402 (2024) Kat:3, Licht: 0","240402","3","1","0","09","15","3","","0","0","0","0","1"
"POINT (13.196303926000041 52.533279830000026)","Unfall 240403 (2024) Kat:3, Licht: 0","240403","3","6","2","09","13","3","","0","0","1","0","0"
"POINT (13.404610093000031 52.533457989000055)","Unfall 240404 (2024) Kat:3, Licht: 0","240404","3","1","1","09","12","3","","0","0","1","0","1"
"POINT (13.335242745000073 52.458421039000029)","Unfall 240405 (2024) Kat:3, Licht: 0","240405","3","3","5","09","12","3","","0","1","1","0","0"
"POINT (13.300059144000045 52.583073094000042)","Unfall 240406 (2024) Kat:3, Licht: 0","240406","3","3","5","09","14","3","","0","1","1","0","0"
"POINT (13.449878663000050 52.542594835000045)","Unfall 240407 (2024) Kat:3, Licht: 0","240407","3","4","6","09","09","3","","0","1","0","1","0"
"POINT (13.593540986000050 52.446344210000063)","Unfall 240408 (2024) Kat:3, Licht: 1","240408","3","2","5","09","19","3","","1","1","1","0","0"
"POINT (13.481782597000063 52.461229817000060)","Unfall 240409 (2024) Kat:3, Licht: 0","240409","3","6","2","09","15","3","","0","0","1","0","0"
"POINT (13.570938732000059 52.545837806000065)","Unfall 240410 (2024) Kat:3, Licht: 0","240410","3","6","2","09","14","3","","0","0","1","0","1"
"POINT (13.344896770000048 52.489216367000040)","Unfall 240411 (2024) Kat:3, Licht: 0","240411","3","2","2","09","09","3","","0","0","1","0","1"
"POINT (13.465232580000077 52.498822900000050)","Unfall 240412 (2024) Kat:3, Licht: 0","240412","3","4","6","09","08","3","","0","0","1","1","0"
"POINT (13.317865305000055 52.570688820000044)","Unfall 240413 (2024) Kat:3, Licht: 2","240413","3","3","5","09","19","3","","2","1","1","0","0"
"POINT (13.222842956000022 52.559640129000059)","Unfall 240414 (2024) Kat:3, Licht: 0","240414","3","6","2","09","16","3","","0","0","1","0","0"
"POINT (13.497637801000053 52.518212091000066)","Unfall 240415 (2024) Kat:3, Licht: 0","240415","3","3","5","09","15","3","","0","1","1","0","0"
"POINT (13.624219454000070 52.446851152000079)","Unfall 240416 (2024) Kat:3, Licht: 0","240416","3","2","5","09","15","3","","0","0","1","0","1"
"POINT (13.470387577000054 52.553717262000077)","Unfall 240417 (2024) Kat:3, Licht: 0","240417","3","3","5","09","14","3","","0","0","1","0","0"
"POINT (13.329822825000065 52.445572376000030)","Unfall 240418 (2024) Kat:2, Licht: 0","240418","2","4","6","09","13","3","","0","0","1","1","0"
"POINT (13.413234999000053 52.527822462000074)","Unfall 240419 (2024) Kat:3, Licht: 0","240419","3","6","0","09","11","3","","0","0","1","0","1"
"POINT (13.408356385000047 52.439184186000034)","Unfall 240420 (2024) Kat:3, Licht: 0","240420","3","3","5","09","09","3","","0","1","1","0","0"
"POINT (13.386638582000046 52.490076831000067)","Unfall 240421 (2024) Kat:3, Licht: 0","240421","3","2","5","09","09","3","","0","1","1","0","0"
"POINT (13.369524314000046 52.485069938000038)","Unfall 240422 (2024) Kat:3, Licht: 0","240422","3","6","2","09","08","3","","0","1","1","0","0"
"POINT (13.289280770000062 52.506671305000054)","Unfall 240423 (2024) Kat:3, Licht: 0","240423","3","2","5","09","08","3","","0","0","1","0","1"
"POINT (13.210845015000075 52.547691829000030)","Unfall 240424 (2024) Kat:3, Licht: 0","240424","3","6","4","09","06","3","","0","0","1","0","0"
"POINT (13.165392540000028 52.551188770000067)","Unfall 240425 (2024) Kat:3, Licht: 2","240425","3","2","2","09","20","3","","2","0","1","0","1"
"POINT (13.551733672000069 52.428486797000062)","Unfall 240426 (2024) Kat:3, Licht: 0","240426","3","2","5","09","17","3","","0","1","1","0","0"
"POINT (13.345338804000050 52.436658091000027)","Unfall 240427 (2024) Kat:3, Licht: 0","240427","3","2","5","09","16","3","","0","0","1","0","0"
"POINT (13.401047551000033 52.565651503000026)","Unfall 240428 (2024) Kat:3, Licht: 0","240428","3","4","6","09","14","3","","0","0","0","1","0"
"POINT (13.337627170000076 52.543107449000047)","Unfall 240429 (2024) Kat:3, Licht: 0","240429","3","6","2","09","13","3","","0","0","1","0","0"
"POINT (13.414114073000064 52.500307770000063)","Unfall 240430 (2024) Kat:3, Licht: 0","240430","3","6","4","09","10","3","","0","1","1","0","0"
"POINT (13.408775069000058 52.522966297000039)","Unfall 240431 (2024) Kat:3, Licht: 0","240431","3","2","6","09","09","3","","0","0","1","1","0"
"POINT (13.392586451000057 52.489279067000041)","Unfall 240432 (2024) Kat:3, Licht: 0","240432","3","6","2","09","08","3","","0","1","0","0","0"
"POINT (13.435374111000044 52.521668002000069)","Unfall 240433 (2024) Kat:3, Licht: 0","240433","3","3","5","09","13","2","","0","1","1","0","0"
"POINT (13.206567618000065 52.538467989000026)","Unfall 240434 (2024) Kat:3, Licht: 0","240434","3","7","6","09","10","2","","0","0","1","1","0"
"POINT (13.625159521000057 52.454515865000076)","Unfall 240435 (2024) Kat:3, Licht: 0","240435","3","5","1","09","16","2","","0","1","1","0","0"
"POINT (13.439601417000063 52.475719263000030)","Unfall 240436 (2024) Kat:3, Licht: 0","240436","3","6","2","09","13","2","","0","0","1","0","0"
"POINT (13.325970358000063 52.486537814000030)","Unfall 240437 (2024) Kat:3, Licht: 0","240437","3","6","4","09","15","2","","0","1","0","0","0"
"POINT (13.500362538000047 52.403603826000051)","Unfall 240438 (2024) Kat:2, Licht: 0","240438","2","3","5","09","07","2","","0","1","1","0","0"
"POINT (13.430500070000051 52.551675513000077)","Unfall 240439 (2024) Kat:3, Licht: 0","240439","3","2","0","09","16","2","","0","1","0","0","0"
"POINT (13.426938865000068 52.552221401000054)","Unfall 240440 (2024) Kat:3, Licht: 0","240440","3","6","3","09","16","2","","0","1","1","0","0"
"POINT (13.456839153000033 52.547495692000041)","Unfall 240441 (2024) Kat:3, Licht: 0","240441","3","7","2","09","14","2","","0","0","1","0","1"
"POINT (13.326088586000026 52.561681999000029)","Unfall 240442 (2024) Kat:3, Licht: 0","240442","3","2","2","09","12","2","","0","0","1","0","0"
"POINT (13.405579422000073 52.489237479000053)","Unfall 240443 (2024) Kat:3, Licht: 2","240443","3","1","0","09","21","2","","2","0","0","0","0"
"POINT (13.572777339000027 52.550138002000040)","Unfall 240444 (2024) Kat:3, Licht: 0","240444","3","2","5","09","08","2","","0","1","1","0","0"
"POINT (13.514100205000034 52.446508936000043)","Unfall 240445 (2024) Kat:3, Licht: 0","240445","3","2","5","09","08","2","","0","1","1","0","0"
"POINT (13.209438972000044 52.561490735000064)","Unfall 240446 (2024) Kat:3, Licht: 2","240446","3","6","3","09","22","2","","2","0","1","0","1"
"POINT (13.286738612000022 52.518545920000065)","Unfall 240447 (2024) Kat:3, Licht: 2","240447","3","3","5","09","06","2","","2","0","1","0","1"
"POINT (13.282642204000069 52.533724496000048)","Unfall 240448 (2024) Kat:2, Licht: 0","240448","2","6","3","09","16","2","","0","0","1","0","1"
"POINT (13.267532176000032 52.530700119000073)","Unfall 240449 (2024) Kat:3, Licht: 2","240449","3","1","0","09","05","2","","2","0","0","0","1"
"POINT (13.387654065000049 52.523913247000053)","Unfall 240450 (2024) Kat:2, Licht: 0","240450","2","6","3","09","15","2","","0","0","1","0","0"
"POINT (13.405765698000039 52.514039057000048)","Unfall 240451 (2024) Kat:2, Licht: 2","240451","2","2","5","09","05","2","","2","1","1","0","0"
"POINT (13.259618330000023 52.430105888000071)","Unfall 240452 (2024) Kat:3, Licht: 0","240452","3","2","5","09","15","2","","0","0","1","0","1"
"POINT (13.202510085000029 52.540108729000053)","Unfall 240453 (2024) Kat:3, Licht: 0","240453","3","2","5","09","15","2","","0","1","1","0","0"
"POINT (13.357163498000034 52.445479432000070)","Unfall 240454 (2024) Kat:3, Licht: 0","240454","3","2","5","09","13","2","","0","0","1","0","0"
"POINT (13.623201504000065 52.540872117000049)","Unfall 240455 (2024) Kat:3, Licht: 0","240455","3","3","5","09","13","2","","0","1","0","0","0"
"POINT (13.281240941000021 52.514737713000045)","Unfall 240456 (2024) Kat:3, Licht: 0","240456","3","6","2","09","11","2","","0","0","1","0","0"
"POINT (13.424321914000075 52.552516216000072)","Unfall 240457 (2024) Kat:3, Licht: 0","240457","3","2","5","09","10","2","","0","1","1","0","0"
"POINT (13.249290030000054 52.434594891000074)","Unfall 240458 (2024) Kat:3, Licht: 0","240458","3","2","5","09","08","2","","0","1","1","0","0"
"POINT (13.366334129000052 52.430740774000071)","Unfall 240459 (2024) Kat:3, Licht: 0","240459","3","6","2","09","08","2","","0","0","1","0","0"
"POINT (13.506032973000060 52.453968431000078)","Unfall 240460 (2024) Kat:3, Licht: 0","240460","3","6","2","09","07","2","","0","0","1","0","0"
"POINT (13.452395294000041 52.472801989000061)","Unfall 240461 (2024) Kat:3, Licht: 0","240461","3","3","5","09","16","2","","0","1","1","0","0"
"POINT (13.403090446000022 52.524585279000064)","Unfall 240462 (2024) Kat:2, Licht: 0","240462","2","1","4","09","15","2","","0","1","1","0","0"
"POINT (13.531950120000033 52.484149260000038)","Unfall 240463 (2024) Kat:3, Licht: 0","240463","3","3","5","09","13","2","","0","1","1","0","0"
"POINT (13.144650734000038 52.542591936000065)","Unfall 240464 (2024) Kat:3, Licht: 0","240464","3","3","5","09","07","2","","0","1","0","0","0"
"POINT (13.182499553000071 52.538415099000076)","Unfall 240465 (2024) Kat:3, Licht: 2","240465","3","6","3","09","05","1","","2","1","0","0","0"
"POINT (13.598700638000025 52.436191170000029)","Unfall 240466 (2024) Kat:2, Licht: 0","240466","2","1","8","09","18","1","","0","0","1","0","0"
"POINT (13.262876218000031 52.521045100000038)","Unfall 240467 (2024) Kat:3, Licht: 0","240467","3","2","5","09","16","1","","0","1","1","0","0"
"POINT (13.406222482000032 52.517991816000062)","Unfall 240468 (2024) Kat:3, Licht: 0","240468","3","5","1","09","17","1","","0","1","1","0","0"
"POINT (13.415442353000060 52.490032752000047)","Unfall 240469 (2024) Kat:2, Licht: 2","240469","2","5","5","09","20","1","","2","1","1","0","0"
"POINT (13.389702391000071 52.495915035000053)","Unfall 240470 (2024) Kat:2, Licht: 0","240470","2","2","5","09","19","1","","0","1","1","0","0"
"POINT (13.467628836000074 52.553815844000042)","Unfall 240471 (2024) Kat:3, Licht: 0","240471","3","3","5","09","18","1","","0","0","1","0","0"
"POINT (13.431982914000059 52.510526824000067)","Unfall 240472 (2024) Kat:2, Licht: 0","240472","2","2","5","09","15","1","","0","1","0","0","0"
"POINT (13.299077968000063 52.498426856000037)","Unfall 240473 (2024) Kat:3, Licht: 0","240473","3","6","2","09","15","1","","0","0","1","0","0"
"POINT (13.401343520000069 52.540095539000049)","Unfall 240474 (2024) Kat:3, Licht: 0","240474","3","4","6","09","12","1","","0","0","1","1","0"
"POINT (13.169969845000026 52.518556106000062)","Unfall 240475 (2024) Kat:3, Licht: 0","240475","3","7","5","09","11","1","","0","0","1","0","0"
"POINT (13.396169376000046 52.490417499000046)","Unfall 240476 (2024) Kat:3, Licht: 2","240476","3","1","0","09","04","1","","2","0","0","0","0"
"POINT (13.406650928000033 52.498430639000048)","Unfall 240477 (2024) Kat:3, Licht: 2","240477","3","2","5","09","23","1","","2","0","1","0","0"
"POINT (13.322205099000030 52.418750948000081)","Unfall 240478 (2024) Kat:2, Licht: 0","240478","2","3","0","09","17","1","","0","0","1","0","0"
"POINT (13.436090228000069 52.545210211000040)","Unfall 240479 (2024) Kat:3, Licht: 2","240479","3","5","1","09","21","3","","2","0","1","0","0"
"POINT (13.419044454000073 52.493669184000055)","Unfall 240480 (2024) Kat:3, Licht: 0","240480","3","6","3","09","17","1","","0","0","1","0","0"
"POINT (13.262218705000066 52.507377797000061)","Unfall 240481 (2024) Kat:3, Licht: 0","240481","3","3","5","09","14","1","","0","0","1","0","0"
"POINT (13.450234054000077 52.428248323000048)","Unfall 240482 (2024) Kat:3, Licht: 0","240482","3","6","2","09","11","1","","0","0","1","0","0"
"POINT (13.435542851000037 52.469086180000033)","Unfall 240483 (2024) Kat:3, Licht: 0","240483","3","3","5","09","09","1","","0","0","1","0","0"
"POINT (13.486718086000053 52.502405392000071)","Unfall 240484 (2024) Kat:3, Licht: 0","240484","3","1","0","09","17","1","","0","0","0","0","1"
"POINT (13.347894726000050 52.496183209000037)","Unfall 240485 (2024) Kat:3, Licht: 0","240485","3","5","1","09","15","7","","0","1","1","0","0"
"POINT (13.430430958000045 52.499177278000047)","Unfall 240486 (2024) Kat:3, Licht: 0","240486","3","4","6","09","17","7","","0","0","1","1","0"
"POINT (13.370998345000032 52.492637494000064)","Unfall 240487 (2024) Kat:3, Licht: 1","240487","3","2","5","09","19","7","","1","0","0","0","1"
"POINT (13.304331383000033 52.488410030000068)","Unfall 240488 (2024) Kat:3, Licht: 1","240488","3","2","5","09","19","7","","1","1","1","0","0"
"POINT (13.519131952000066 52.513466160000064)","Unfall 240489 (2024) Kat:3, Licht: 0","240489","3","2","5","09","17","7","","0","0","1","0","0"
"POINT (13.452014786000063 52.527780671000073)","Unfall 240490 (2024) Kat:3, Licht: 0","240490","3","3","5","09","14","7","","0","1","1","0","0"
"POINT (13.305118642000025 52.465771238000059)","Unfall 240491 (2024) Kat:3, Licht: 0","240491","3","7","5","09","14","7","","0","1","0","0","0"
"POINT (13.333043610000061 52.491075574000035)","Unfall 240492 (2024) Kat:3, Licht: 0","240492","3","6","4","09","14","7","","0","1","1","0","0"
"POINT (13.432311285000026 52.581528966000064)","Unfall 240493 (2024) Kat:2, Licht: 0","240493","2","3","5","09","10","7","","0","1","1","0","0"
"POINT (13.387693427000045 52.550905208000074)","Unfall 240494 (2024) Kat:3, Licht: 0","240494","3","4","6","09","10","7","","0","1","0","1","0"
"POINT (13.306437552000034 52.507468614000061)","Unfall 240495 (2024) Kat:2, Licht: 0","240495","2","7","6","09","17","7","","0","0","0","1","0"
"POINT (13.311988590000055 52.571598473000051)","Unfall 240496 (2024) Kat:3, Licht: 2","240496","3","2","6","09","20","7","","2","0","1","1","0"
"POINT (13.348595713000066 52.546095734000062)","Unfall 240497 (2024) Kat:3, Licht: 0","240497","3","3","5","09","18","7","","0","0","1","0","0"
"POINT (13.625534626000047 52.457512465000036)","Unfall 240498 (2024) Kat:3, Licht: 0","240498","3","3","5","09","17","7","","0","1","1","0","0"
"POINT (13.333242962000043 52.560939344000076)","Unfall 240499 (2024) Kat:3, Licht: 0","240499","3","2","5","09","17","7","","0","1","1","0","0"
"POINT (13.268345600000032 52.536580936000064)","Unfall 240500 (2024) Kat:2, Licht: 0","240500","2","2","5","09","17","7","","0","1","1","0","0"
"POINT (13.353938539000069 52.562151592000077)","Unfall 240501 (2024) Kat:3, Licht: 0","240501","3","7","5","09","17","7","","0","0","1","0","0"
"POINT (13.581094715000063 52.503778330000046)","Unfall 240502 (2024) Kat:3, Licht: 0","240502","3","6","2","09","13","7","","0","0","1","0","0"
"POINT (13.447021611000025 52.478371940000045)","Unfall 240503 (2024) Kat:3, Licht: 0","240503","3","6","2","09","12","7","","0","0","1","0","0"
"POINT (13.334562234000032 52.595622952000042)","Unfall 240504 (2024) Kat:2, Licht: 0","240504","2","5","1","09","11","7","","0","0","1","0","1"
"POINT (13.288888685000074 52.583998971000028)","Unfall 240505 (2024) Kat:3, Licht: 0","240505","3","6","2","09","11","7","","0","0","1","0","1"
"POINT (13.291498644000058 52.632090545000040)","Unfall 240506 (2024) Kat:3, Licht: 0","240506","3","3","5","09","11","7","","0","1","0","0","0"
"POINT (13.439648784000042 52.481534860000068)","Unfall 240507 (2024) Kat:3, Licht: 2","240507","3","7","4","09","04","7","","2","0","1","0","0"
"POINT (13.296156421000035 52.483332629000074)","Unfall 240508 (2024) Kat:3, Licht: 2","240508","3","5","1","09","03","7","","2","0","1","0","0"
"POINT (13.303413499000044 52.458566224000037)","Unfall 240509 (2024) Kat:3, Licht: 0","240509","3","2","5","09","16","7","","0","1","1","0","0"
"POINT (13.530145317000063 52.486975956000038)","Unfall 240510 (2024) Kat:3, Licht: 0","240510","3","1","0","09","12","7","","0","1","0","0","0"
"POINT (13.185518672000057 52.551515894000033)","Unfall 240511 (2024) Kat:2, Licht: 0","240511","2","2","5","09","11","7","","0","0","1","0","1"
"POINT (13.628482640000072 52.468346758000052)","Unfall 240512 (2024) Kat:3, Licht: 2","240512","3","7","7","09","20","7","","2","0","0","0","1"
"POINT (13.395771762000038 52.538691200000073)","Unfall 240513 (2024) Kat:2, Licht: 0","240513","2","1","0","09","18","7","","0","0","0","0","1"
"POINT (13.595027058000028 52.437598622000053)","Unfall 240514 (2024) Kat:3, Licht: 0","240514","3","1","0","09","17","7","","0","1","1","0","0"
"POINT (13.335724366000022 52.513441773000068)","Unfall 240515 (2024) Kat:3, Licht: 0","240515","3","3","5","09","16","7","","0","1","1","0","0"
"POINT (13.408651421000059 52.537544091000029)","Unfall 240516 (2024) Kat:3, Licht: 0","240516","3","5","1","09","15","7","","0","1","0","0","0"
"POINT (13.198856889000069 52.475492399000075)","Unfall 240517 (2024) Kat:2, Licht: 0","240517","2","1","0","09","13","7","","0","1","0","0","0"
"POINT (13.446764690000066 52.452346433000059)","Unfall 240518 (2024) Kat:2, Licht: 0","240518","2","6","3","09","13","7","","0","1","0","0","0"
"POINT (13.189237253000044 52.455185982000046)","Unfall 240519 (2024) Kat:3, Licht: 0","240519","3","2","5","09","12","7","","0","1","1","0","0"
"POINT (13.558320968000032 52.455764513000076)","Unfall 240520 (2024) Kat:2, Licht: 0","240520","2","3","5","09","11","7","","0","1","0","0","0"
"POINT (13.558659695000074 52.455816566000067)","Unfall 240521 (2024) Kat:3, Licht: 0","240521","3","6","2","09","11","7","","0","0","1","0","1"
"POINT (13.292711093000037 52.506702878000056)","Unfall 240522 (2024) Kat:2, Licht: 0","240522","2","2","5","09","09","7","","0","1","1","0","0"
"POINT (13.487412505000066 52.425740391000033)","Unfall 240523 (2024) Kat:3, Licht: 0","240523","3","5","1","09","08","7","","0","0","1","0","0"
"POINT (13.566978739000035 52.455184077000069)","Unfall 240524 (2024) Kat:3, Licht: 0","240524","3","7","9","09","12","6","","0","0","1","0","0"
"POINT (13.264745179000045 52.502039350000075)","Unfall 240525 (2024) Kat:3, Licht: 0","240525","3","7","1","09","18","6","","0","0","1","0","0"
"POINT (13.470460997000032 52.506056112000067)","Unfall 240526 (2024) Kat:3, Licht: 1","240526","3","6","2","09","19","6","","1","1","1","0","0"
"POINT (13.432729558000062 52.491975202000049)","Unfall 240527 (2024) Kat:3, Licht: 0","240527","3","1","0","09","18","6","","0","0","0","0","1"
"POINT (13.391418816000055 52.447558826000034)","Unfall 240528 (2024) Kat:3, Licht: 0","240528","3","3","5","09","16","6","","0","0","1","0","0"
"POINT (13.426256220000027 52.523837163000053)","Unfall 240529 (2024) Kat:3, Licht: 0","240529","3","3","5","09","16","6","","0","1","1","0","0"
"POINT (13.426715784000066 52.515743127000064)","Unfall 240530 (2024) Kat:3, Licht: 0","240530","3","2","5","09","15","6","","0","1","0","0","0"
"POINT (13.355689998000059 52.457318764000036)","Unfall 240531 (2024) Kat:2, Licht: 0","240531","2","3","5","09","14","6","","0","1","1","0","0"
"POINT (13.563954379000052 52.518570690000047)","Unfall 240532 (2024) Kat:3, Licht: 0","240532","3","6","2","09","13","6","","0","0","1","0","0"
"POINT (13.400031302000059 52.568888358000038)","Unfall 240533 (2024) Kat:3, Licht: 0","240533","3","4","6","09","12","6","","0","1","0","1","0"
"POINT (13.434055323000052 52.508676695000077)","Unfall 240534 (2024) Kat:3, Licht: 0","240534","3","4","6","09","12","6","","0","0","1","1","0"
"POINT (13.356118129000038 52.543338435000067)","Unfall 240535 (2024) Kat:3, Licht: 0","240535","3","3","5","09","09","6","","0","0","1","0","0"
"POINT (13.405454458000065 52.508426642000074)","Unfall 240536 (2024) Kat:3, Licht: 2","240536","3","6","2","09","23","6","","2","1","1","0","0"
"POINT (13.346493146000057 52.566872026000055)","Unfall 240537 (2024) Kat:3, Licht: 0","240537","3","3","5","09","18","6","","0","1","0","0","0"
"POINT (13.496614498000042 52.632516626000040)","Unfall 240538 (2024) Kat:3, Licht: 0","240538","3","3","5","09","17","6","","0","0","1","0","0"
"POINT (13.209717563000027 52.547785035000061)","Unfall 240539 (2024) Kat:3, Licht: 0","240539","3","6","2","09","15","6","","0","0","1","0","0"
"POINT (13.437438850000035 52.455922159000067)","Unfall 240540 (2024) Kat:3, Licht: 0","240540","3","3","5","09","15","6","","0","1","1","0","0"
"POINT (13.322697955000024 52.499879750000048)","Unfall 240541 (2024) Kat:3, Licht: 0","240541","3","7","0","09","14","6","","0","0","1","0","1"
"POINT (13.506704762000027 52.446503758000063)","Unfall 240542 (2024) Kat:2, Licht: 0","240542","2","4","0","09","13","6","","0","0","0","1","0"
"POINT (13.280945271000064 52.516915452000035)","Unfall 240543 (2024) Kat:3, Licht: 0","240543","3","2","5","09","12","6","","0","1","1","0","0"
"POINT (13.291506053000035 52.511188136000044)","Unfall 240544 (2024) Kat:3, Licht: 0","240544","3","5","4","09","11","6","","0","1","1","0","0"
"POINT (13.457279590000041 52.528680741000073)","Unfall 240545 (2024) Kat:2, Licht: 2","240545","2","6","3","09","20","6","","2","0","1","0","0"
"POINT (13.353207653000027 52.490411691000077)","Unfall 240546 (2024) Kat:3, Licht: 2","240546","3","5","1","09","20","6","","2","1","1","0","0"
"POINT (13.360375263000037 52.412769779000030)","Unfall 240547 (2024) Kat:2, Licht: 2","240547","2","5","1","09","20","6","","2","0","1","0","0"
"POINT (13.365707585000052 52.557131651000077)","Unfall 240548 (2024) Kat:3, Licht: 0","240548","3","2","5","09","19","6","","0","1","1","0","0"
"POINT (13.200746716000026 52.536667649000037)","Unfall 240549 (2024) Kat:2, Licht: 0","240549","2","4","6","09","16","6","","0","0","1","1","0"
"POINT (13.343337649000034 52.528691189000028)","Unfall 240550 (2024) Kat:3, Licht: 0","240550","3","4","6","09","16","6","","0","1","0","1","0"
"POINT (13.335968443000070 52.514252791000047)","Unfall 240551 (2024) Kat:3, Licht: 0","240551","3","2","5","09","16","6","","0","1","1","0","0"
"POINT (13.706658648000030 52.441501273000029)","Unfall 240552 (2024) Kat:3, Licht: 0","240552","3","6","3","09","15","6","","0","1","1","0","0"
"POINT (13.381246139000041 52.552444773000047)","Unfall 240553 (2024) Kat:3, Licht: 0","240553","3","3","2","09","15","6","","0","0","1","0","0"
"POINT (13.380924663000030 52.516370372000040)","Unfall 240554 (2024) Kat:3, Licht: 0","240554","3","2","2","09","10","6","","0","0","1","0","1"
"POINT (13.487171224000065 52.465512880000063)","Unfall 240555 (2024) Kat:3, Licht: 0","240555","3","2","6","09","09","6","","0","0","1","1","0"
"POINT (13.367461828000046 52.586335273000032)","Unfall 240556 (2024) Kat:3, Licht: 2","240556","3","7","5","09","22","6","","2","0","1","0","1"
"POINT (13.378093107000041 52.529114408000055)","Unfall 240557 (2024) Kat:3, Licht: 0","240557","3","6","2","09","17","6","","0","0","1","0","1"
"POINT (13.322178944000029 52.456566697000028)","Unfall 240558 (2024) Kat:3, Licht: 2","240558","3","4","6","09","19","6","","2","0","1","1","0"
"POINT (13.331749193000064 52.561990644000048)","Unfall 240559 (2024) Kat:3, Licht: 0","240559","3","6","3","09","18","6","","0","0","1","0","0"