WKT,Name,OBJECTID,UKATEGORIE,UTYP1,UART,UMONAT,USTUNDE,UWOCHENTAG,STRZUSTAND,ULICHTVERH,ISTRAD,ISTPKW,ISTFUSS,ISTKRAD
"POINT (13.370704320000073 52.517778018000058)","Unfall 240560 (2024) Kat:3, Licht: 1","240560","3","2","5","09","18","6","","1","1","1","0","0"
"POINT (13.379064088000064 52.480673131000060)","Unfall 240561 (2024) Kat:3, Licht: 0","240561","3","3","0","09","17","6","","0","1","1","0","0"
"POINT (13.451000042000032 52.491813190000073)","Unfall 240562 (2024) Kat:3, Licht: 0","240562","3","3","5","09","16","6","","0","1","1","0","0"
"POINT (13.376218697000070 52.410385383000062)","Unfall 240563 (2024) Kat:3, Licht: 0","240563","3","6","2","09","14","6","","0","0","1","0","0"
"POINT (13.623690752000073 52.446832288000053)","Unfall 240564 (2024) Kat:3, Licht: 0","240564","3","6","2","09","14","6","","0","0","1","0","0"
"POINT (13.250490135000064 52.452376434000030)","Unfall 240565 (2024) Kat:3, Licht: 0","240565","3","5","1","09","09","6","","0","0","1","0","0"
"POINT (13.356014870000024 52.499214011000049)","Unfall 240566 (2024) Kat:3, Licht: 0","240566","3","2","5","09","09","6","","0","1","1","0","0"
"POINT (13.559497386000032 52.556190847000039)","Unfall 240567 (2024) Kat:1, Licht: 0","240567","1","4","6","09","11","6","","0","0","1","1","0"
"POINT (13.294574719000025 52.500873814000045)","Unfall 240568 (2024) Kat:3, Licht: 0","240568","3","4","6","09","14","5","","0","0","1","1","0"
"POINT (13.378318212000067 52.529181142000027)","Unfall 240569 (2024) Kat:2, Licht: 0","240569","2","2","5","09","16","5","","0","0","0","0","0"
"POINT (13.329066416000046 52.502007906000074)","Unfall 240570 (2024) Kat:3, Licht: 0","240570","3","7","1","09","12","5","","0","0","1","0","1"
"POINT (13.346251736000056 52.506681957000069)","Unfall 240571 (2024) Kat:2, Licht: 0","240571","2","6","3","09","18","5","","0","1","0","0","0"
"POINT (13.337652591000051 52.449743465000040)","Unfall 240572 (2024) Kat:3, Licht: 2","240572","3","7","5","09","22","5","","2","0","1","0","1"
"POINT (13.432816059000061 52.595816922000040)","Unfall 240573 (2024) Kat:3, Licht: 2","240573","3","2","5","09","21","5","","2","0","1","0","0"
"POINT (13.339259534000064 52.458351597000046)","Unfall 240574 (2024) Kat:3, Licht: 0","240574","3","2","5","09","17","5","","0","1","1","0","0"
"POINT (13.343347582000035 52.527379212000028)","Unfall 240575 (2024) Kat:3, Licht: 0","240575","3","6","3","09","16","5","","0","1","1","0","0"
"POINT (13.663316426000051 52.411691585000028)","Unfall 240576 (2024) Kat:3, Licht: 0","240576","3","6","3","09","16","5","","0","1","1","0","0"
"POINT (13.477210860000071 52.522905640000033)","Unfall 240577 (2024) Kat:3, Licht: 0","240577","3","3","5","09","15","5","","0","1","1","0","0"
"POINT (13.244382132000055 52.614351936000048)","Unfall 240578 (2024) Kat:2, Licht: 0","240578","2","7","6","09","14","5","","0","0","1","1","0"
"POINT (13.432203692000030 52.499271120000060)","Unfall 240579 (2024) Kat:3, Licht: 0","240579","3","3","5","09","13","5","","0","1","1","0","0"
"POINT (13.197884134000049 52.435091756000077)","Unfall 240580 (2024) Kat:3, Licht: 0","240580","3","1","0","09","14","1","","0","1","0","0","0"
"POINT (13.312431151000055 52.622345899000038)","Unfall 240581 (2024) Kat:3, Licht: 0","240581","3","3","5","09","13","5","","0","0","1","0","1"
"POINT (13.575399173000051 52.447147534000067)","Unfall 240582 (2024) Kat:3, Licht: 0","240582","3","1","0","09","13","5","","0","1","0","0","0"
"POINT (13.310624801000074 52.421195491000049)","Unfall 240583 (2024) Kat:2, Licht: 0","240583","2","2","5","09","13","5","","0","0","1","0","0"
"POINT (13.524946593000038 52.480303272000072)","Unfall 240584 (2024) Kat:3, Licht: 0","240584","3","1","0","09","12","5","","0","0","0","0","0"
"POINT (13.582085655000071 52.442573370000048)","Unfall 240585 (2024) Kat:3, Licht: 0","240585","3","2","5","09","09","5","","0","0","1","0","0"
"POINT (13.500947929000063 52.435275662000038)","Unfall 240586 (2024) Kat:3, Licht: 0","240586","3","3","5","09","06","5","","0","0","0","0","0"
"POINT (13.423037583000053 52.500247313000045)","Unfall 240587 (2024) Kat:3, Licht: 2","240587","3","2","5","09","20","5","","2","1","1","0","0"
"POINT (13.282401433000075 52.533839048000061)","Unfall 240588 (2024) Kat:3, Licht: 1","240588","3","6","3","09","18","5","","1","0","1","0","1"
"POINT (13.429943640000033 52.550949022000054)","Unfall 240589 (2024) Kat:3, Licht: 0","240589","3","4","0","09","18","5","","0","0","0","1","0"
"POINT (13.418989729000032 52.572642249000069)","Unfall 240590 (2024) Kat:3, Licht: 1","240590","3","6","2","09","17","5","","1","0","1","0","0"
"POINT (13.350300427000036 52.500179067000033)","Unfall 240591 (2024) Kat:3, Licht: 0","240591","3","4","6","09","15","5","","0","1","0","1","0"
"POINT (13.259840974000042 52.516179718000046)","Unfall 240592 (2024) Kat:3, Licht: 0","240592","3","3","5","09","15","5","","0","0","1","0","1"
"POINT (13.405634742000075 52.501591792000056)","Unfall 240593 (2024) Kat:3, Licht: 0","240593","3","3","5","09","15","5","","0","0","1","0","0"
"POINT (13.388322099000050 52.519942794000031)","Unfall 240594 (2024) Kat:3, Licht: 0","240594","3","7","0","09","12","5","","0","1","0","0","0"
"POINT (13.543355164000047 52.534301983000034)","Unfall 240595 (2024) Kat:3, Licht: 0","240595","3","3","5","09","06","5","","0","0","1","0","0"
"POINT (13.366304167000067 52.481180056000028)","Unfall 240596 (2024) Kat:2, Licht: 2","240596","2","3","5","09","00","5","","2","1","1","0","0"
"POINT (13.379584472000033 52.493722650000052)","Unfall 240597 (2024) Kat:3, Licht: 2","240597","3","6","3","09","19","5","","2","0","1","0","1"
"POINT (13.564042314000062 52.544551057000035)","Unfall 240598 (2024) Kat:3, Licht: 0","240598","3","6","3","09","13","5","","0","0","1","0","0"
"POINT (13.441163131000053 52.524366760000078)","Unfall 240599 (2024) Kat:2, Licht: 0","240599","2","1","0","09","17","4","","0","1","0","0","0"
"POINT (13.450278199000024 52.522288301000060)","Unfall 240600 (2024) Kat:3, Licht: 2","240600","3","4","6","09","00","7","","2","0","1","1","0"
"POINT (13.346191598000075 52.501007089000041)","Unfall 240601 (2024) Kat:3, Licht: 0","240601","3","2","5","09","11","4","","0","0","1","0","0"
"POINT (13.491029105000052 52.543340088000036)","Unfall 240602 (2024) Kat:3, Licht: 0","240602","3","2","5","09","07","4","","0","0","1","0","0"
"POINT (13.344821940000031 52.448643623000066)","Unfall 240603 (2024) Kat:3, Licht: 0","240603","3","4","6","09","18","4","","0","0","1","1","0"
"POINT (13.404026040000076 52.561280765000049)","Unfall 240604 (2024) Kat:3, Licht: 0","240604","3","6","2","09","15","4","","0","1","1","0","0"
"POINT (13.387273889000028 52.500215015000038)","Unfall 240605 (2024) Kat:3, Licht: 0","240605","3","3","5","09","18","4","","0","1","0","0","0"
"POINT (13.326539273000037 52.562586743000054)","Unfall 240606 (2024) Kat:3, Licht: 0","240606","3","3","5","09","17","4","","0","0","1","0","0"
"POINT (13.476078484000027 52.455872894000038)","Unfall 240607 (2024) Kat:3, Licht: 0","240607","3","7","0","09","15","4","","0","0","0","0","1"
"POINT (13.393599254000037 52.498114666000049)","Unfall 240608 (2024) Kat:2, Licht: 0","240608","2","6","0","09","15","4","","0","0","0","0","1"
"POINT (13.312250571000050 52.430363283000077)","Unfall 240609 (2024) Kat:3, Licht: 0","240609","3","2","5","09","11","4","","0","1","1","0","0"
"POINT (13.447357601000022 52.464341535000074)","Unfall 240610 (2024) Kat:3, Licht: 0","240610","3","2","2","09","08","4","","0","0","1","0","1"
"POINT (13.346115033000046 52.500945166000065)","Unfall 240611 (2024) Kat:3, Licht: 0","240611","3","2","5","09","08","4","","0","1","0","0","0"
"POINT (13.133478060000073 52.549013561000038)","Unfall 240612 (2024) Kat:3, Licht: 0","240612","3","3","5","09","08","4","","0","1","1","0","0"
"POINT (13.377419989000032 52.522166324000068)","Unfall 240613 (2024) Kat:3, Licht: 1","240613","3","3","0","09","18","4","","1","1","1","0","0"
"POINT (13.398932597000055 52.508226521000040)","Unfall 240614 (2024) Kat:3, Licht: 0","240614","3","3","5","09","16","4","","0","1","1","0","0"
"POINT (13.372007337000070 52.484526810000034)","Unfall 240615 (2024) Kat:3, Licht: 0","240615","3","1","0","09","14","4","","0","0","0","0","1"
"POINT (13.491276807000077 52.611981728000046)","Unfall 240616 (2024) Kat:2, Licht: 0","240616","2","3","5","09","13","4","","0","1","1","0","0"
"POINT (13.398123474000045 52.527154196000026)","Unfall 240617 (2024) Kat:3, Licht: 0","240617","3","5","1","09","09","4","","0","1","1","0","0"
"POINT (13.287670391000063 52.496067879000066)","Unfall 240618 (2024) Kat:3, Licht: 0","240618","3","2","0","09","08","4","","0","0","1","0","0"
"POINT (13.287445716000036 52.632279203000053)","Unfall 240619 (2024) Kat:2, Licht: 0","240619","2","6","3","09","08","4","","0","0","1","0","1"
"POINT (13.433246908000058 52.444053168000039)","Unfall 240620 (2024) Kat:3, Licht: 2","240620","3","6","4","09","21","4","","2","0","1","0","0"
"POINT (13.517493250000030 52.471625681000035)","Unfall 240621 (2024) Kat:3, Licht: 0","240621","3","4","6","09","16","4","","0","1","0","1","0"
"POINT (13.403015663000076 52.524468451000075)","Unfall 240622 (2024) Kat:3, Licht: 0","240622","3","7","6","09","15","4","","0","0","0","1","0"
"POINT (13.432885481000028 52.595806478000043)","Unfall 240623 (2024) Kat:3, Licht: 0","240623","3","2","5","09","10","4","","0","1","1","0","0"
"POINT (13.419685168000058 52.514940917000047)","Unfall 240624 (2024) Kat:3, Licht: 2","240624","3","6","2","09","20","4","","2","0","0","0","1"
"POINT (13.351605238000047 52.440079103000073)","Unfall 240625 (2024) Kat:3, Licht: 2","240625","3","2","6","09","05","5","","2","0","1","1","0"
"POINT (13.195010536000041 52.544945607000045)","Unfall 240626 (2024) Kat:3, Licht: 2","240626","3","3","5","09","20","4","","2","0","1","0","0"
"POINT (13.441608526000039 52.547048606000033)","Unfall 240627 (2024) Kat:3, Licht: 0","240627","3","5","1","09","17","4","","0","1","1","0","0"
"POINT (13.280823598000040 52.476958627000045)","Unfall 240628 (2024) Kat:3, Licht: 0","240628","3","2","6","09","17","4","","0","0","1","1","0"
"POINT (13.312105020000047 52.581764725000028)","Unfall 240629 (2024) Kat:3, Licht: 0","240629","3","7","1","09","14","4","","0","0","1","0","0"
"POINT (13.314922671000033 52.490535997000052)","Unfall 240630 (2024) Kat:3, Licht: 0","240630","3","7","1","09","16","4","","0","0","1","0","0"
"POINT (13.247949772000027 52.536495200000047)","Unfall 240631 (2024) Kat:3, Licht: 0","240631","3","3","5","09","15","4","","0","1","1","0","0"
"POINT (13.291152566000051 52.581124929000055)","Unfall 240632 (2024) Kat:3, Licht: 0","240632","3","2","6","09","12","4","","0","0","1","1","0"
"POINT (13.278252153000039 52.502180720000069)","Unfall 240633 (2024) Kat:2, Licht: 2","240633","2","1","0","09","20","6","","2","0","0","0","1"
"POINT (13.358938984000076 52.553854692000073)","Unfall 240634 (2024) Kat:2, Licht: 0","240634","2","2","5","09","11","4","","0","0","1","0","0"
"POINT (13.386906616000033 52.493189389000065)","Unfall 240635 (2024) Kat:3, Licht: 0","240635","3","6","4","09","09","4","","0","1","0","0","0"
"POINT (13.197817397000051 52.521235093000030)","Unfall 240636 (2024) Kat:2, Licht: 0","240636","2","1","4","09","08","4","","0","0","1","0","0"
"POINT (13.417653221000023 52.513497362000066)","Unfall 240637 (2024) Kat:3, Licht: 0","240637","3","6","3","09","08","4","","0","0","0","0","0"
"POINT (13.458213863000026 52.499627329000077)","Unfall 240638 (2024) Kat:3, Licht: 0","240638","3","3","5","09","06","4","","0","1","0","0","0"
"POINT (13.450902628000051 52.527040315000079)","Unfall 240639 (2024) Kat:3, Licht: 0","240639","3","3","5","09","15","3","","0","1","0","0","0"
"POINT (13.307005997000033 52.467854061000082)","Unfall 240640 (2024) Kat:3, Licht: 0","240640","3","3","5","09","19","3","","0","1","0","0","0"
"POINT (13.349982608000062 52.506125113000053)","Unfall 240641 (2024) Kat:2, Licht: 0","240641","2","1","0","09","18","3","","0","1","0","0","0"
"POINT (13.301841012000068 52.498971336000068)","Unfall 240642 (2024) Kat:2, Licht: 0","240642","2","3","5","09","10","3","","0","1","1","0","0"
"POINT (13.478154815000039 52.477278708000028)","Unfall 240643 (2024) Kat:3, Licht: 0","240643","3","7","0","09","06","3","","0","1","1","0","0"
"POINT (13.209819983000045 52.527955569000028)","Unfall 240644 (2024) Kat:2, Licht: 1","240644","2","5","1","09","06","1","","1","0","1","0","0"
"POINT (13.249366871000063 52.419836388000078)","Unfall 240645 (2024) Kat:3, Licht: 0","240645","3","5","1","09","17","3","","0","0","0","0","0"
"POINT (13.351350905000061 52.566934397000068)","Unfall 240646 (2024) Kat:3, Licht: 0","240646","3","5","1","09","17","3","","0","1","1","0","0"
"POINT (13.467727923000041 52.507535266000048)","Unfall 240647 (2024) Kat:3, Licht: 0","240647","3","5","1","09","13","3","","0","1","1","0","0"
"POINT (13.485450740000033 52.501544406000050)","Unfall 240648 (2024) Kat:2, Licht: 0","240648","2","3","5","09","08","3","","0","1","1","0","0"
"POINT (13.192437666000046 52.534070290000045)","Unfall 240649 (2024) Kat:3, Licht: 2","240649","3","6","3","09","19","3","","2","0","1","0","1"
"POINT (13.517312884000035 52.502949535000027)","Unfall 240650 (2024) Kat:3, Licht: 0","240650","3","7","5","09","16","3","","0","0","1","0","0"
"POINT (13.437417101000051 52.514942022000071)","Unfall 240651 (2024) Kat:3, Licht: 0","240651","3","4","6","09","16","3","","0","0","0","1","1"
"POINT (13.383343160000038 52.531741774000068)","Unfall 240652 (2024) Kat:3, Licht: 0","240652","3","5","1","09","15","3","","0","0","1","0","0"
"POINT (13.322178178000058 52.495316208000077)","Unfall 240653 (2024) Kat:3, Licht: 0","240653","3","5","1","09","13","3","","0","1","1","0","0"
"POINT (13.535088981000058 52.431890931000055)","Unfall 240654 (2024) Kat:3, Licht: 0","240654","3","4","6","09","12","3","","0","0","0","1","0"
"POINT (13.532174786000041 52.461568515000067)","Unfall 240655 (2024) Kat:2, Licht: 0","240655","2","1","0","09","15","3","","0","0","0","0","1"
"POINT (13.454277465000075 52.493899802000044)","Unfall 240656 (2024) Kat:3, Licht: 0","240656","3","2","5","09","14","3","","0","1","1","0","0"
"POINT (13.402167179000060 52.602868385000079)","Unfall 240657 (2024) Kat:3, Licht: 0","240657","3","2","5","09","11","3","","0","1","1","0","0"
"POINT (13.278128658000071 52.468484497000077)","Unfall 240658 (2024) Kat:3, Licht: 0","240658","3","3","5","09","10","3","","0","1","1","0","0"
"POINT (13.568956409000066 52.453201365000041)","Unfall 240659 (2024) Kat:3, Licht: 0","240659","3","6","2","09","08","3","","0","0","1","0","0"
"POINT (13.266415322000057 52.438308511000059)","Unfall 240660 (2024) Kat:2, Licht: 0","240660","2","6","2","09","08","3","","0","0","1","0","0"
"POINT (13.585030151000069 52.466605219000030)","Unfall 240661 (2024) Kat:2, Licht: 0","240661","2","7","0","09","13","3","","0","1","0","0","0"
"POINT (13.365776624000034 52.562968272000035)","Unfall 240662 (2024) Kat:3, Licht: 0","240662","3","2","5","09","10","3","","0","1","0","0","1"
"POINT (13.395827897000061 52.454308494000031)","Unfall 240663 (2024) Kat:3, Licht: 0","240663","3","3","5","09","09","3","","0","0","1","0","0"
"POINT (13.387718676000077 52.555748419000054)","Unfall 240664 (2024) Kat:3, Licht: 0","240664","3","3","5","09","07","3","","0","1","1","0","0"
"POINT (13.133552932000043 52.528634989000068)","Unfall 240665 (2024) Kat:2, Licht: 0","240665","2","4","6","09","17","3","","0","0","1","1","0"
"POINT (13.508025032000035 52.450392987000043)","Unfall 240666 (2024) Kat:3, Licht: 1","240666","3","3","5","09","16","3","","1","1","1","0","0"
"POINT (13.593652876000021 52.445664954000051)","Unfall 240667 (2024) Kat:2, Licht: 0","240667","2","6","3","09","14","3","","0","1","1","0","0"
"POINT (13.496498711000072 52.534021313000039)","Unfall 240668 (2024) Kat:2, Licht: 0","240668","2","3","5","09","14","3","","0","1","1","0","0"
"POINT (13.328778298000032 52.503177528000037)","Unfall 240669 (2024) Kat:3, Licht: 0","240669","3","5","1","09","12","3","","0","1","1","0","0"
"POINT (13.433034619000068 52.483627185000046)","Unfall 240670 (2024) Kat:3, Licht: 0","240670","3","5","1","09","11","3","","0","1","1","0","0"
"POINT (13.348229370000070 52.463486819000082)","Unfall 240671 (2024) Kat:3, Licht: 0","240671","3","6","2","09","10","3","","0","0","1","0","0"
"POINT (13.344608539000035 52.435622746000035)","Unfall 240672 (2024) Kat:3, Licht: 0","240672","3","6","3","09","09","3","","0","0","1","0","0"
"POINT (13.563250473000039 52.503376988000070)","Unfall 240673 (2024) Kat:3, Licht: 0","240673","3","2","5","09","07","3","","0","1","1","0","0"
"POINT (13.332727381000041 52.520551233000049)","Unfall 240674 (2024) Kat:3, Licht: 1","240674","3","3","0","09","12","2","","1","0","1","0","0"
"POINT (13.404513441000063 52.504301997000027)","Unfall 240675 (2024) Kat:3, Licht: 0","240675","3","7","0","09","16","2","","0","1","1","0","0"
"POINT (13.317842501000030 52.611299603000077)","Unfall 240676 (2024) Kat:3, Licht: 2","240676","3","7","0","09","19","2","","2","1","0","0","0"
"POINT (13.587193304000039 52.549380438000071)","Unfall 240677 (2024) Kat:3, Licht: 0","240677","3","2","5","09","09","2","","0","0","1","0","0"
"POINT (13.356303161000028 52.550890343000049)","Unfall 240678 (2024) Kat:3, Licht: 2","240678","3","2","6","09","23","2","","2","0","1","1","0"
"POINT (13.406715168000062 52.498472065000044)","Unfall 240679 (2024) Kat:3, Licht: 0","240679","3","2","5","09","17","2","","0","0","1","0","0"
"POINT (13.599879944000065 52.452219734000039)","Unfall 240680 (2024) Kat:3, Licht: 1","240680","3","3","5","09","06","2","","1","1","1","0","0"
"POINT (13.195315881000056 52.545963766000057)","Unfall 240681 (2024) Kat:3, Licht: 0","240681","3","1","4","09","17","5","","0","0","1","0","0"
"POINT (13.437209737000046 52.456014014000061)","Unfall 240682 (2024) Kat:3, Licht: 0","240682","3","4","6","09","15","2","","0","0","1","1","0"
"POINT (13.407048630000077 52.518464658000028)","Unfall 240683 (2024) Kat:2, Licht: 0","240683","2","2","6","09","15","2","","0","0","1","1","0"
"POINT (13.298006883000028 52.486628446000054)","Unfall 240684 (2024) Kat:3, Licht: 0","240684","3","4","6","09","11","2","","0","1","0","1","0"
"POINT (13.571887733000040 52.546091606000061)","Unfall 240685 (2024) Kat:2, Licht: 0","240685","2","4","6","09","07","2","","0","0","0","1","0"
"POINT (13.198694178000039 52.532920825000076)","Unfall 240686 (2024) Kat:3, Licht: 0","240686","3","3","5","09","09","2","","0","0","1","0","0"
"POINT (13.558318243000031 52.455548799000042)","Unfall 240687 (2024) Kat:2, Licht: 0","240687","2","1","0","09","09","2","","0","1","0","0","0"
"POINT (13.299636807000070 52.494186157000058)","Unfall 240688 (2024) Kat:3, Licht: 0","240688","3","3","5","09","07","2","","0","0","1","0","0"
"POINT (13.325929651000024 52.465276615000050)","Unfall 240689 (2024) Kat:3, Licht: 1","240689","3","3","5","09","18","2","","1","0","1","0","0"
"POINT (13.349052070000027 52.489416187000074)","Unfall 240690 (2024) Kat:3, Licht: 0","240690","3","7","5","09","18","2","","0","0","1","0","0"
"POINT (13.478075541000067 52.442139589000078)","Unfall 240691 (2024) Kat:3, Licht: 0","240691","3","3","5","09","13","2","","0","1","1","0","0"
"POINT (13.551507435000076 52.415157065000074)","Unfall 240692 (2024) Kat:3, Licht: 0","240692","3","3","5","09","08","2","","0","0","1","0","0"
"POINT (13.568262228000037 52.568144581000070)","Unfall 240693 (2024) Kat:3, Licht: 1","240693","3","3","5","09","18","2","","1","0","1","0","0"
"POINT (13.283857260000048 52.512788466000075)","Unfall 240694 (2024) Kat:2, Licht: 0","240694","2","2","5","09","13","2","","0","0","1","0","1"
"POINT (13.404878688000053 52.500686710000082)","Unfall 240695 (2024) Kat:2, Licht: 0","240695","2","1","0","09","13","2","","0","0","0","0","1"
"POINT (13.392912810000041 52.545336351000060)","Unfall 240696 (2024) Kat:3, Licht: 0","240696","3","3","5","09","13","2","","0","0","1","0","0"
"POINT (13.396916620000070 52.514459246000058)","Unfall 240697 (2024) Kat:3, Licht: 0","240697","3","3","5","09","10","2","","0","1","1","0","0"
"POINT (13.295356461000040 52.531196925000074)","Unfall 240698 (2024) Kat:3, Licht: 0","240698","3","6","2","09","09","2","","0","0","1","0","0"
"POINT (13.356683764000024 52.525039319000030)","Unfall 240699 (2024) Kat:3, Licht: 1","240699","3","1","0","09","06","2","","1","0","0","0","1"
"POINT (13.375574621000055 52.455512044000045)","Unfall 240700 (2024) Kat:2, Licht: 2","240700","2","1","0","09","06","2","","2","0","0","0","1"
"POINT (13.314462319000029 52.576660346000040)","Unfall 240701 (2024) Kat:3, Licht: 2","240701","3","6","2","09","05","2","","2","0","1","0","0"
"POINT (13.425194850000025 52.469901624000045)","Unfall 240702 (2024) Kat:3, Licht: 0","240702","3","6","2","09","16","1","","0","0","1","0","0"
"POINT (13.471226067000032 52.535436896000078)","Unfall 240703 (2024) Kat:2, Licht: 0","240703","2","7","0","09","16","1","","0","0","1","0","0"
"POINT (13.388191409000058 52.560960931000068)","Unfall 240704 (2024) Kat:3, Licht: 2","240704","3","6","2","09","21","1","","2","0","1","0","0"
"POINT (13.414972235000050 52.515888327000027)","Unfall 240705 (2024) Kat:3, Licht: 2","240705","3","3","5","09","21","1","","2","0","1","0","0"
"POINT (13.387066273000073 52.527269158000081)","Unfall 240706 (2024) Kat:3, Licht: 2","240706","3","2","6","09","21","1","","2","0","1","1","0"
"POINT (13.378640342000040 52.451021474000072)","Unfall 240707 (2024) Kat:3, Licht: 2","240707","3","2","6","09","21","1","","2","0","1","1","0"
"POINT (13.410459563000074 52.503805576000047)","Unfall 240708 (2024) Kat:3, Licht: 0","240708","3","2","5","09","15","1","","0","1","1","0","0"
"POINT (13.491240107000067 52.466884787000026)","Unfall 240709 (2024) Kat:3, Licht: 0","240709","3","2","5","09","13","1","","0","0","1","0","1"
"POINT (13.377192080000043 52.553811611000071)","Unfall 240710 (2024) Kat:2, Licht: 0","240710","2","2","5","09","12","1","","0","0","1","0","1"
"POINT (13.428975567000066 52.471897469000055)","Unfall 240711 (2024) Kat:3, Licht: 2","240711","3","2","5","09","03","1","","2","1","1","0","0"
"POINT (13.433958462000021 52.529218810000032)","Unfall 240712 (2024) Kat:3, Licht: 0","240712","3","5","1","09","09","1","","0","0","1","0","0"
"POINT (13.464104893000069 52.510309433000032)","Unfall 240713 (2024) Kat:2, Licht: 2","240713","2","1","0","09","23","1","","2","0","0","0","1"
"POINT (13.187249951000069 52.551029673000073)","Unfall 240714 (2024) Kat:3, Licht: 2","240714","3","2","5","09","22","1","","2","0","1","0","1"
"POINT (13.465073982000035 52.470396414000049)","Unfall 240715 (2024) Kat:3, Licht: 0","240715","3","1","0","09","15","1","","0","0","0","0","1"
"POINT (13.420995843000071 52.461995309000031)","Unfall 240716 (2024) Kat:3, Licht: 0","240716","3","6","3","09","07","7","","0","0","1","0","0"
"POINT (13.576140315000032 52.454581558000029)","Unfall 240717 (2024) Kat:3, Licht: 1","240717","3","6","3","09","19","7","","1","1","0","0","0"
"POINT (13.440278012000022 52.505026535000070)","Unfall 240718 (2024) Kat:3, Licht: 2","240718","3","5","1","09","21","7","","2","1","1","0","0"
"POINT (13.158588608000059 52.562541394000050)","Unfall 240719 (2024) Kat:3, Licht: 0","240719","3","1","0","09","17","7","","0","0","0","0","1"
"POINT (13.264162650000060 52.501943459000074)","Unfall 240720 (2024) Kat:3, Licht: 0","240720","3","1","0","09","10","7","","0","0","0","0","1"
"POINT (13.425958571000024 52.560404099000039)","Unfall 240721 (2024) Kat:3, Licht: 2","240721","3","2","5","09","00","7","","2","1","0","0","0"
"POINT (13.350441808000028 52.486054717000059)","Unfall 240722 (2024) Kat:3, Licht: 2","240722","3","7","2","09","23","7","","2","1","1","0","0"
"POINT (13.392686253000022 52.527834838000047)","Unfall 240723 (2024) Kat:3, Licht: 0","240723","3","2","5","09","18","7","","0","1","1","0","0"
"POINT (13.391984931000025 52.419062990000043)","Unfall 240724 (2024) Kat:3, Licht: 0","240724","3","6","2","09","17","7","","0","0","1","0","0"
"POINT (13.390337243000033 52.419838506000076)","Unfall 240725 (2024) Kat:3, Licht: 0","240725","3","6","3","09","16","7","","0","0","1","0","1"
"POINT (13.553487735000033 52.546045886000059)","Unfall 240726 (2024) Kat:3, Licht: 0","240726","3","7","1","09","14","7","","0","0","1","0","0"
"POINT (13.369900816000040 52.559770858000036)","Unfall 240727 (2024) Kat:3, Licht: 0","240727","3","2","5","09","13","7","","0","0","1","0","0"
"POINT (13.586258969000028 52.425586680000038)","Unfall 240728 (2024) Kat:3, Licht: 0","240728","3","2","5","09","10","7","","0","0","1","0","0"
"POINT (13.451000132000047 52.421247214000061)","Unfall 240729 (2024) Kat:3, Licht: 2","240729","3","7","6","09","22","7","","2","0","1","1","0"
"POINT (13.478840158000025 52.552908972000068)","Unfall 240730 (2024) Kat:3, Licht: 0","240730","3","6","2","09","10","7","","0","0","1","0","0"
"POINT (13.292212908000067 52.496721076000028)","Unfall 240731 (2024) Kat:3, Licht: 0","240731","3","5","1","09","09","7","","0","1","1","0","0"
"POINT (13.221616567000069 52.511107184000082)","Unfall 240732 (2024) Kat:3, Licht: 2","240732","3","2","5","09","21","7","","2","1","1","0","0"
"POINT (13.302859489000070 52.457781180000040)","Unfall 240733 (2024) Kat:3, Licht: 0","240733","3","5","1","09","18","7","","0","1","1","0","0"
"POINT (13.442170855000029 52.456448528000067)","Unfall 240734 (2024) Kat:3, Licht: 0","240734","3","3","5","09","18","7","","0","0","1","0","0"
"POINT (13.212987448000035 52.561032140000066)","Unfall 240735 (2024) Kat:2, Licht: 0","240735","2","4","6","09","18","7","","0","0","1","1","0"
"POINT (13.565619379000054 52.570439603000068)","Unfall 240736 (2024) Kat:3, Licht: 0","240736","3","2","5","09","17","7","","0","0","1","0","0"
"POINT (13.294997051000053 52.432639197000071)","Unfall 240737 (2024) Kat:3, Licht: 0","240737","3","3","5","09","15","7","","0","0","1","0","0"
"POINT (13.514404374000037 52.423809347000031)","Unfall 240738 (2024) Kat:3, Licht: 0","240738","3","4","6","09","14","7","","0","0","1","1","0"
"POINT (13.571589524000046 52.436830947000033)","Unfall 240739 (2024) Kat:3, Licht: 0","240739","3","2","5","09","15","7","","0","1","1","0","0"
"POINT (13.207876436000049 52.557129805000045)","Unfall 240740 (2024) Kat:3, Licht: 0","240740","3","6","2","09","11","7","","0","0","1","0","1"
"POINT (13.426168853000036 52.499259105000078)","Unfall 240741 (2024) Kat:2, Licht: 2","240741","2","4","6","09","19","6","","2","1","0","1","0"
"POINT (13.299584303000074 52.495122432000073)","Unfall 240742 (2024) Kat:3, Licht: 0","240742","3","2","0","09","13","6","","0","1","1","0","0"
"POINT (13.449119125000038 52.524345558000050)","Unfall 240743 (2024) Kat:3, Licht: 2","240743","3","2","5","09","19","6","","2","0","1","0","0"
"POINT (13.472368381000024 52.454234202000066)","Unfall 240744 (2024) Kat:3, Licht: 2","240744","3","6","4","09","21","6","","2","0","1","0","0"
"POINT (13.533000622000031 52.433698543000048)","Unfall 240745 (2024) Kat:2, Licht: 0","240745","2","2","5","09","08","2","","0","1","1","0","0"
"POINT (13.346083742000076 52.494338072000062)","Unfall 240746 (2024) Kat:3, Licht: 0","240746","3","1","0","09","15","6","","0","1","0","0","0"