WKT,Name,OBJECTID,UKATEGORIE,UTYP1,UART,UMONAT,USTUNDE,UWOCHENTAG,STRZUSTAND,ULICHTVERH,ISTRAD,ISTPKW,ISTFUSS,ISTKRAD
"POINT (13.316754822000064 52.491105677000064)","Unfall 240747 (2024) Kat:3, Licht: 2","240747","3","4","6","09","22","6","","2","0","0","1","0"
"POINT (13.503781636000042 52.497751133000065)","Unfall 240748 (2024) Kat:3, Licht: 0","240748","3","2","5","09","11","6","","0","1","1","0","0"
"POINT (13.330158547000053 52.443221372000039)","Unfall 240749 (2024) Kat:3, Licht: 0","240749","3","5","1","09","10","6","","0","0","1","0","0"
"POINT (13.459928763000050 52.440223910000043)","Unfall 240750 (2024) Kat:3, Licht: 2","240750","3","1","0","09","02","6","","2","0","0","0","0"
"POINT (13.428982733000055 52.502293407000082)","Unfall 240751 (2024) Kat:3, Licht: 2","240751","3","3","5","09","21","6","","2","1","1","0","0"
"POINT (13.381036381000058 52.552535372000079)","Unfall 240752 (2024) Kat:3, Licht: 0","240752","3","6","2","09","18","6","","0","1","1","0","0"
"POINT (13.235366511000052 52.586347531000058)","Unfall 240753 (2024) Kat:2, Licht: 0","240753","2","3","5","09","17","6","","0","0","1","0","0"
"POINT (13.377671478000025 52.465668250000078)","Unfall 240754 (2024) Kat:2, Licht: 0","240754","2","5","1","09","15","6","","0","1","1","0","0"
"POINT (13.350773791000051 52.449522571000045)","Unfall 240755 (2024) Kat:3, Licht: 0","240755","3","5","1","09","08","6","","0","0","1","0","0"
"POINT (13.323548508000044 52.493378250000035)","Unfall 240756 (2024) Kat:3, Licht: 2","240756","3","6","2","09","01","6","","2","0","1","0","0"
"POINT (13.500317261000077 52.627357565000068)","Unfall 240757 (2024) Kat:3, Licht: 0","240757","3","2","5","09","07","6","","0","1","1","0","0"
"POINT (13.340322471000036 52.489436853000029)","Unfall 240758 (2024) Kat:3, Licht: 0","240758","3","1","0","09","17","6","","0","0","0","0","1"
"POINT (13.378580866000050 52.451329351000027)","Unfall 240759 (2024) Kat:3, Licht: 0","240759","3","6","2","09","17","6","","0","0","1","0","0"
"POINT (13.451519902000030 52.526139480000040)","Unfall 240760 (2024) Kat:2, Licht: 2","240760","2","4","6","09","23","6","","2","0","1","1","0"
"POINT (13.509546399000044 52.472817406000047)","Unfall 240761 (2024) Kat:3, Licht: 2","240761","3","2","5","09","22","6","","2","1","1","0","0"
"POINT (13.558487391000028 52.453603802000032)","Unfall 240762 (2024) Kat:3, Licht: 1","240762","3","6","2","09","18","6","","1","0","1","0","1"
"POINT (13.299739974000033 52.473400041000048)","Unfall 240763 (2024) Kat:3, Licht: 0","240763","3","2","5","09","13","4","","0","0","1","0","0"
"POINT (13.346137161000058 52.494589626000050)","Unfall 240764 (2024) Kat:2, Licht: 0","240764","2","2","5","09","18","6","","0","1","1","0","0"
"POINT (13.480079681000063 52.619076353000082)","Unfall 240765 (2024) Kat:3, Licht: 0","240765","3","6","4","09","18","6","","0","1","0","0","0"
"POINT (13.370806611000035 52.526900505000071)","Unfall 240766 (2024) Kat:3, Licht: 2","240766","3","6","2","09","20","4","","2","1","1","0","0"
"POINT (13.540290402000039 52.434960741000054)","Unfall 240767 (2024) Kat:2, Licht: 0","240767","2","3","5","09","16","6","","0","1","1","0","0"
"POINT (13.378340692000052 52.541988876000062)","Unfall 240768 (2024) Kat:3, Licht: 0","240768","3","1","0","09","16","6","","0","0","0","0","1"
"POINT (13.408813245000033 52.531203119000054)","Unfall 240769 (2024) Kat:3, Licht: 0","240769","3","3","0","09","15","6","","0","0","1","0","1"
"POINT (13.247803874000056 52.539783571000044)","Unfall 240770 (2024) Kat:3, Licht: 2","240770","3","1","0","09","20","5","","2","0","0","0","1"
"POINT (13.571123507000038 52.528523569000072)","Unfall 240771 (2024) Kat:2, Licht: 0","240771","2","4","6","09","15","6","","0","0","1","1","0"
"POINT (13.344796972000040 52.500351712000054)","Unfall 240772 (2024) Kat:3, Licht: 2","240772","3","7","5","09","01","1","","2","0","1","0","0"
"POINT (13.353723368000033 52.427541869000038)","Unfall 240773 (2024) Kat:3, Licht: 0","240773","3","1","0","09","16","6","","0","0","0","0","1"
"POINT (13.487630576000072 52.466038949000051)","Unfall 240774 (2024) Kat:2, Licht: 0","240774","2","7","5","09","13","6","","0","0","1","0","1"
"POINT (13.406187756000065 52.415789322000080)","Unfall 240775 (2024) Kat:3, Licht: 0","240775","3","7","5","09","12","6","","0","0","1","0","0"
"POINT (13.404763591000062 52.527558731000056)","Unfall 240776 (2024) Kat:3, Licht: 0","240776","3","3","5","09","12","6","","0","1","1","0","0"
"POINT (13.392594272000053 52.491790023000078)","Unfall 240777 (2024) Kat:3, Licht: 0","240777","3","3","5","09","11","6","","0","0","1","0","1"
"POINT (13.558316797000032 52.455554348000078)","Unfall 240778 (2024) Kat:3, Licht: 0","240778","3","6","2","09","16","5","","0","0","1","0","0"
"POINT (13.324187225000060 52.496931566000058)","Unfall 240779 (2024) Kat:3, Licht: 0","240779","3","2","5","09","11","5","","0","1","0","0","0"
"POINT (13.428597716000070 52.583034534000035)","Unfall 240780 (2024) Kat:3, Licht: 0","240780","3","2","3","09","11","5","","0","0","1","0","0"
"POINT (13.343494094000050 52.535596741000063)","Unfall 240781 (2024) Kat:3, Licht: 2","240781","3","1","0","09","00","5","","2","0","0","0","0"
"POINT (13.373490878000041 52.556584886000053)","Unfall 240782 (2024) Kat:3, Licht: 1","240782","3","6","2","09","20","5","","1","0","1","0","0"
"POINT (13.536063381000076 52.436121066000055)","Unfall 240783 (2024) Kat:3, Licht: 0","240783","3","3","5","09","16","5","","0","0","1","0","1"
"POINT (13.324362720000067 52.564918083000066)","Unfall 240784 (2024) Kat:3, Licht: 0","240784","3","6","1","09","14","5","","0","1","1","0","0"
"POINT (13.307970869000030 52.572114191000026)","Unfall 240785 (2024) Kat:3, Licht: 0","240785","3","2","6","09","14","5","","0","0","0","1","0"
"POINT (13.345189268000070 52.490287035000051)","Unfall 240786 (2024) Kat:3, Licht: 0","240786","3","2","5","09","12","5","","0","0","1","0","0"
"POINT (13.196286858000065 52.542392148000033)","Unfall 240787 (2024) Kat:3, Licht: 0","240787","3","2","2","09","16","2","","0","0","1","0","1"
"POINT (13.529718172000059 52.569855866000069)","Unfall 240788 (2024) Kat:3, Licht: 0","240788","3","3","5","09","06","5","","0","0","1","0","0"
"POINT (13.262764775000051 52.439155377000077)","Unfall 240789 (2024) Kat:3, Licht: 2","240789","3","3","5","09","22","5","","2","0","1","0","0"
"POINT (13.354387649000046 52.549183370000037)","Unfall 240790 (2024) Kat:3, Licht: 0","240790","3","3","5","09","16","5","","0","1","1","0","0"
"POINT (13.464645301000076 52.532837094000058)","Unfall 240791 (2024) Kat:2, Licht: 0","240791","2","3","5","09","15","5","","0","0","1","0","1"
"POINT (13.383948910000072 52.555750915000033)","Unfall 240792 (2024) Kat:3, Licht: 0","240792","3","3","5","09","14","5","","0","0","1","0","0"
"POINT (13.448224448000076 52.470494505000033)","Unfall 240793 (2024) Kat:3, Licht: 0","240793","3","3","5","09","14","5","","0","0","1","0","0"
"POINT (13.363582987000029 52.517609298000082)","Unfall 240794 (2024) Kat:2, Licht: 0","240794","2","3","5","09","18","5","","0","0","1","0","1"
"POINT (13.550188986000023 52.542404914000031)","Unfall 240795 (2024) Kat:3, Licht: 0","240795","3","3","5","09","15","5","","0","1","1","0","0"
"POINT (13.348359170000037 52.449311331000047)","Unfall 240796 (2024) Kat:3, Licht: 0","240796","3","1","0","09","17","5","","0","0","1","0","1"
"POINT (13.323365616000046 52.510879039000031)","Unfall 240797 (2024) Kat:3, Licht: 0","240797","3","2","5","09","15","5","","0","0","0","0","1"
"POINT (13.354655619000027 52.596612546000074)","Unfall 240798 (2024) Kat:3, Licht: 0","240798","3","7","6","09","13","5","","0","0","1","1","0"
"POINT (13.322209510000050 52.450660338000034)","Unfall 240799 (2024) Kat:3, Licht: 0","240799","3","6","2","09","12","5","","0","0","1","0","0"
"POINT (13.322079358000053 52.560598499000037)","Unfall 240800 (2024) Kat:3, Licht: 0","240800","3","6","2","09","09","5","","0","0","1","0","0"
"POINT (13.420947135000063 52.533612075000065)","Unfall 240801 (2024) Kat:3, Licht: 2","240801","3","3","0","09","19","4","","2","1","0","0","0"
"POINT (13.324763686000040 52.602150290000054)","Unfall 240802 (2024) Kat:2, Licht: 0","240802","2","2","6","09","12","4","","0","0","1","1","0"
"POINT (13.283741798000051 52.518539388000079)","Unfall 240803 (2024) Kat:3, Licht: 2","240803","3","1","9","09","22","4","","2","0","0","0","1"
"POINT (13.338333020000050 52.534786278000070)","Unfall 240804 (2024) Kat:3, Licht: 2","240804","3","7","5","09","20","4","","2","0","1","0","0"
"POINT (13.295857543000068 52.508164344000079)","Unfall 240805 (2024) Kat:3, Licht: 1","240805","3","2","5","09","19","4","","1","1","0","0","0"
"POINT (13.256618798000034 52.433304992000046)","Unfall 240806 (2024) Kat:2, Licht: 0","240806","2","7","6","09","16","4","","0","1","0","1","0"
"POINT (13.510323995000022 52.472510872000043)","Unfall 240807 (2024) Kat:3, Licht: 0","240807","3","6","3","09","16","4","","0","0","1","0","0"
"POINT (13.393817908000074 52.491844938000042)","Unfall 240808 (2024) Kat:3, Licht: 0","240808","3","7","6","09","09","4","","0","0","0","1","0"
"POINT (13.433817833000035 52.481830686000080)","Unfall 240809 (2024) Kat:3, Licht: 0","240809","3","6","3","09","09","4","","0","1","1","0","0"
"POINT (13.569491517000074 52.441786112000045)","Unfall 240810 (2024) Kat:3, Licht: 0","240810","3","6","2","09","09","4","","0","0","1","0","0"
"POINT (13.519110075000071 52.532353562000026)","Unfall 240811 (2024) Kat:3, Licht: 0","240811","3","6","2","09","08","4","","0","0","1","0","0"
"POINT (13.335721319000072 52.513532890000079)","Unfall 240812 (2024) Kat:3, Licht: 0","240812","3","2","5","09","07","4","","0","0","1","0","0"
"POINT (13.346007417000067 52.503992094000068)","Unfall 240813 (2024) Kat:3, Licht: 2","240813","3","2","5","09","01","4","","2","0","1","0","0"
"POINT (13.348605749000058 52.541770544000030)","Unfall 240814 (2024) Kat:3, Licht: 0","240814","3","2","5","09","16","4","","0","1","1","0","0"
"POINT (13.407040035000023 52.518343694000066)","Unfall 240815 (2024) Kat:3, Licht: 0","240815","3","2","5","09","16","4","","0","1","1","0","0"
"POINT (13.328943394000078 52.609334808000028)","Unfall 240816 (2024) Kat:3, Licht: 0","240816","3","7","6","09","16","4","","0","0","0","1","0"
"POINT (13.538658156000054 52.524756109000066)","Unfall 240817 (2024) Kat:3, Licht: 0","240817","3","2","2","09","16","4","","0","0","1","0","0"
"POINT (13.443587274000038 52.464273257000059)","Unfall 240818 (2024) Kat:3, Licht: 0","240818","3","3","5","09","11","4","","0","0","1","0","1"
"POINT (13.285358236000036 52.595146056000033)","Unfall 240819 (2024) Kat:3, Licht: 0","240819","3","6","2","09","11","4","","0","0","1","0","0"
"POINT (13.197673679000047 52.520348797000054)","Unfall 240820 (2024) Kat:3, Licht: 0","240820","3","3","5","09","09","4","","0","0","1","0","0"
"POINT (13.285037004000060 52.495186742000044)","Unfall 240821 (2024) Kat:3, Licht: 0","240821","3","1","0","09","08","4","","0","0","1","0","1"
"POINT (13.521770348000075 52.460545178000075)","Unfall 240822 (2024) Kat:3, Licht: 0","240822","3","1","0","09","08","5","","0","1","0","0","0"
"POINT (13.320943468000053 52.513358961000051)","Unfall 240823 (2024) Kat:3, Licht: 0","240823","3","6","0","09","07","4","","0","0","0","0","1"
"POINT (13.450069626000072 52.507494201000043)","Unfall 240824 (2024) Kat:2, Licht: 2","240824","2","2","5","09","05","4","","2","0","1","0","1"
"POINT (13.494735377000040 52.564762379000058)","Unfall 240825 (2024) Kat:3, Licht: 0","240825","3","6","2","09","08","2","","0","0","1","0","0"
"POINT (13.389682183000048 52.511694714000043)","Unfall 240826 (2024) Kat:3, Licht: 0","240826","3","5","1","09","18","4","","0","1","1","0","0"
"POINT (13.519322075000048 52.535491077000074)","Unfall 240827 (2024) Kat:3, Licht: 0","240827","3","2","5","09","14","4","","0","1","1","0","0"
"POINT (13.431377886000064 52.485779134000040)","Unfall 240828 (2024) Kat:3, Licht: 0","240828","3","5","1","09","14","4","","0","0","1","0","1"
"POINT (13.229159415000026 52.537933747000068)","Unfall 240829 (2024) Kat:3, Licht: 0","240829","3","6","2","09","11","4","","0","0","1","0","0"
"POINT (13.360068574000024 52.548235419000036)","Unfall 240830 (2024) Kat:3, Licht: 0","240830","3","5","1","09","10","4","","0","0","1","0","1"
"POINT (13.424097254000060 52.486343128000044)","Unfall 240831 (2024) Kat:3, Licht: 0","240831","3","2","0","09","09","4","","0","1","1","0","0"
"POINT (13.437828584000044 52.520088736000048)","Unfall 240832 (2024) Kat:3, Licht: 0","240832","3","3","5","09","06","4","","0","1","1","0","0"
"POINT (13.357391707000033 52.553059613000073)","Unfall 240833 (2024) Kat:3, Licht: 1","240833","3","4","6","09","06","4","","1","0","1","1","0"
"POINT (13.373049108000032 52.478917060000072)","Unfall 240834 (2024) Kat:3, Licht: 2","240834","3","7","6","09","22","4","","2","0","1","1","0"
"POINT (13.346301280000034 52.432559349000030)","Unfall 240835 (2024) Kat:3, Licht: 0","240835","3","2","5","09","18","4","","0","1","1","0","0"
"POINT (13.349605443000030 52.508548221000069)","Unfall 240836 (2024) Kat:3, Licht: 0","240836","3","6","3","09","09","4","","0","1","0","0","0"
"POINT (13.285308850000035 52.495068019000030)","Unfall 240837 (2024) Kat:3, Licht: 0","240837","3","1","0","09","08","4","","0","0","0","0","1"
"POINT (13.521915098000022 52.554082578000077)","Unfall 240838 (2024) Kat:2, Licht: 0","240838","2","5","4","09","08","3","","0","0","0","0","1"
"POINT (13.436976185000049 52.523414241000069)","Unfall 240839 (2024) Kat:3, Licht: 0","240839","3","2","5","09","18","3","","0","1","0","0","0"
"POINT (13.588608528000066 52.517243836000034)","Unfall 240840 (2024) Kat:3, Licht: 0","240840","3","6","2","09","18","3","","0","0","1","0","0"
"POINT (13.347968686000058 52.507056797000075)","Unfall 240841 (2024) Kat:3, Licht: 1","240841","3","3","5","09","20","3","","1","1","1","0","0"
"POINT (13.351043380000021 52.504424506000078)","Unfall 240842 (2024) Kat:3, Licht: 0","240842","3","3","5","09","16","3","","0","1","1","0","0"
"POINT (13.527411830000062 52.557536697000046)","Unfall 240843 (2024) Kat:3, Licht: 0","240843","3","2","5","09","11","3","","0","0","1","0","1"
"POINT (13.184175181000057 52.544861625000067)","Unfall 240844 (2024) Kat:3, Licht: 0","240844","3","3","5","09","11","3","","0","0","1","0","0"
"POINT (13.315935731000025 52.569144035000079)","Unfall 240845 (2024) Kat:3, Licht: 0","240845","3","2","6","09","08","3","","0","1","0","1","0"
"POINT (13.530113690000064 52.556143371000076)","Unfall 240846 (2024) Kat:3, Licht: 0","240846","3","2","5","09","07","3","","0","1","1","0","0"
"POINT (13.460490946000050 52.512302438000063)","Unfall 240847 (2024) Kat:3, Licht: 0","240847","3","5","1","09","18","3","","0","1","1","0","0"
"POINT (13.493080007000060 52.501138032000028)","Unfall 240848 (2024) Kat:2, Licht: 0","240848","2","3","5","09","18","3","","0","1","0","0","0"
"POINT (13.578679248000071 52.457817648000059)","Unfall 240849 (2024) Kat:3, Licht: 0","240849","3","4","6","09","17","3","","0","0","0","1","0"
"POINT (13.450126559000068 52.536615575000042)","Unfall 240850 (2024) Kat:3, Licht: 0","240850","3","7","6","09","14","3","","0","0","0","1","0"
"POINT (13.514334690000055 52.535277012000051)","Unfall 240851 (2024) Kat:3, Licht: 0","240851","3","6","3","09","15","3","","0","1","0","0","0"
"POINT (13.403298569000071 52.491756129000066)","Unfall 240852 (2024) Kat:3, Licht: 0","240852","3","1","0","09","10","3","","0","1","0","0","0"
"POINT (13.453355036000062 52.542164110000044)","Unfall 240853 (2024) Kat:2, Licht: 0","240853","2","2","5","09","10","3","","0","1","1","0","0"
"POINT (13.383959304000030 52.551142410000068)","Unfall 240854 (2024) Kat:3, Licht: 0","240854","3","4","6","09","16","3","","0","0","0","1","1"
"POINT (13.561941520000062 52.510051282000063)","Unfall 240855 (2024) Kat:3, Licht: 0","240855","3","2","5","09","16","3","","0","1","1","0","0"
"POINT (13.378532669000037 52.544725284000037)","Unfall 240856 (2024) Kat:3, Licht: 0","240856","3","2","6","09","14","3","","0","0","1","1","0"
"POINT (13.372381260000054 52.485048373000041)","Unfall 240857 (2024) Kat:3, Licht: 0","240857","3","3","5","09","12","3","","0","0","1","0","1"
"POINT (13.419514576000040 52.459899345000053)","Unfall 240858 (2024) Kat:3, Licht: 0","240858","3","6","2","09","12","3","","0","0","1","0","0"
"POINT (13.183151585000076 52.526602910000065)","Unfall 240859 (2024) Kat:3, Licht: 0","240859","3","6","3","09","13","7","","0","1","1","0","0"
"POINT (13.344365400000072 52.537978730000077)","Unfall 240860 (2024) Kat:3, Licht: 0","240860","3","7","0","09","08","3","","0","0","1","0","1"
"POINT (13.399430369000072 52.546437971000046)","Unfall 240861 (2024) Kat:3, Licht: 0","240861","3","4","6","09","17","3","","0","0","0","1","0"
"POINT (13.385192792000055 52.516635591000068)","Unfall 240862 (2024) Kat:3, Licht: 2","240862","3","6","2","09","21","3","","2","0","1","0","0"
"POINT (13.500435569000047 52.434986632000061)","Unfall 240863 (2024) Kat:3, Licht: 0","240863","3","6","2","09","16","3","","0","0","1","0","1"
"POINT (13.344794340000021 52.525143619000062)","Unfall 240864 (2024) Kat:3, Licht: 0","240864","3","7","5","09","17","3","","0","0","1","0","1"
"POINT (13.415716016000033 52.507250812000052)","Unfall 240865 (2024) Kat:3, Licht: 0","240865","3","1","0","09","15","3","","0","0","0","0","0"
"POINT (13.208735024000077 52.510627960000079)","Unfall 240866 (2024) Kat:3, Licht: 0","240866","3","2","5","09","15","3","","0","0","1","0","0"
"POINT (13.349670707000030 52.449809874000039)","Unfall 240867 (2024) Kat:3, Licht: 0","240867","3","6","2","09","15","3","","0","1","1","0","0"
"POINT (13.330887536000034 52.429361690000064)","Unfall 240868 (2024) Kat:3, Licht: 0","240868","3","7","6","09","13","3","","0","0","1","1","0"
"POINT (13.376324429000022 52.409156157000041)","Unfall 240869 (2024) Kat:3, Licht: 0","240869","3","2","0","09","12","3","","0","0","1","0","0"
"POINT (13.506434939000030 52.532046291000029)","Unfall 240870 (2024) Kat:3, Licht: 0","240870","3","7","0","09","11","3","","0","0","0","0","1"
"POINT (13.351728536000053 52.440320409000037)","Unfall 240871 (2024) Kat:3, Licht: 0","240871","3","2","5","09","11","3","","0","1","1","0","0"
"POINT (13.249754716000041 52.523876482000048)","Unfall 240872 (2024) Kat:3, Licht: 0","240872","3","6","2","09","09","3","","0","0","1","0","0"
"POINT (13.335245577000023 52.499092548000078)","Unfall 240873 (2024) Kat:3, Licht: 0","240873","3","6","2","09","08","3","","0","0","1","0","0"
"POINT (13.294721675000062 52.506766033000076)","Unfall 240874 (2024) Kat:3, Licht: 0","240874","3","4","6","09","08","3","","0","1","0","1","0"
"POINT (13.416557097000066 52.510981011000069)","Unfall 240875 (2024) Kat:3, Licht: 1","240875","3","2","5","09","06","3","","1","1","1","0","0"
"POINT (13.437360512000055 52.482923941000081)","Unfall 240876 (2024) Kat:3, Licht: 0","240876","3","3","5","09","10","2","","0","0","1","0","1"
"POINT (13.643309461000058 52.377881077000040)","Unfall 240877 (2024) Kat:3, Licht: 0","240877","3","7","2","09","15","2","","0","1","0","0","0"
"POINT (13.364815185000054 52.597138701000063)","Unfall 240878 (2024) Kat:2, Licht: 0","240878","2","4","6","09","16","2","","0","1","0","1","0"
"POINT (13.330395732000056 52.606257609000068)","Unfall 240879 (2024) Kat:2, Licht: 2","240879","2","1","0","09","23","2","","2","1","0","0","0"
"POINT (13.539233072000059 52.416959257000030)","Unfall 240880 (2024) Kat:3, Licht: 0","240880","3","3","5","09","15","2","","0","0","1","0","0"
"POINT (13.376007986000047 52.554920881000044)","Unfall 240881 (2024) Kat:3, Licht: 0","240881","3","6","2","09","15","2","","0","0","1","0","0"
"POINT (13.282766785000035 52.533865491000029)","Unfall 240882 (2024) Kat:3, Licht: 0","240882","3","6","2","09","14","2","","0","0","1","0","0"
"POINT (13.503298858000051 52.411768566000035)","Unfall 240883 (2024) Kat:3, Licht: 0","240883","3","6","2","09","14","2","","0","0","1","0","0"
"POINT (13.281748429000061 52.518415830000038)","Unfall 240884 (2024) Kat:3, Licht: 0","240884","3","6","3","09","13","2","","0","0","1","0","0"
"POINT (13.384255119000045 52.484074761000045)","Unfall 240885 (2024) Kat:2, Licht: 2","240885","2","6","3","09","20","2","","2","1","1","0","0"
"POINT (13.597990580000044 52.439988847000052)","Unfall 240886 (2024) Kat:3, Licht: 0","240886","3","3","5","09","12","2","","0","1","1","0","0"
"POINT (13.402391074000036 52.516408345000059)","Unfall 240887 (2024) Kat:3, Licht: 0","240887","3","1","0","09","10","2","","0","0","0","0","0"
"POINT (13.417916727000033 52.546226298000079)","Unfall 240888 (2024) Kat:3, Licht: 0","240888","3","1","0","09","08","2","","0","1","0","0","0"
"POINT (13.418620481000062 52.515438220000078)","Unfall 240889 (2024) Kat:3, Licht: 2","240889","3","6","3","09","04","2","","2","1","0","0","0"
"POINT (13.427743593000059 52.500884782000071)","Unfall 240890 (2024) Kat:3, Licht: 0","240890","3","1","0","09","15","2","","0","0","0","0","0"
"POINT (13.477764165000053 52.457905482000058)","Unfall 240891 (2024) Kat:3, Licht: 0","240891","3","6","2","09","14","2","","0","0","1","0","0"
"POINT (13.515913248000061 52.558224097000050)","Unfall 240892 (2024) Kat:2, Licht: 0","240892","2","3","5","09","16","7","","0","1","1","0","0"
"POINT (13.479760235000072 52.524860247000049)","Unfall 240893 (2024) Kat:3, Licht: 0","240893","3","2","5","09","14","2","","0","1","1","0","0"
"POINT (13.395773152000061 52.499032698000065)","Unfall 240894 (2024) Kat:3, Licht: 0","240894","3","3","5","09","13","2","","0","0","0","0","1"
"POINT (13.291843534000066 52.591132774000073)","Unfall 240895 (2024) Kat:3, Licht: 0","240895","3","6","3","09","15","2","","0","0","1","0","0"
"POINT (13.371892031000073 52.509043599000051)","Unfall 240896 (2024) Kat:3, Licht: 0","240896","3","2","6","09","12","2","","0","0","1","1","0"
"POINT (13.265123336000045 52.548622676000036)","Unfall 240897 (2024) Kat:3, Licht: 0","240897","3","6","2","09","11","2","","0","0","1","0","0"
"POINT (13.455109001000039 52.435323577000077)","Unfall 240898 (2024) Kat:3, Licht: 2","240898","3","7","2","09","19","2","","2","0","0","0","0"
"POINT (13.242350355000042 52.468388242000060)","Unfall 240899 (2024) Kat:3, Licht: 0","240899","3","6","2","09","09","2","","0","0","1","0","0"
"POINT (13.428047999000057 52.492865881000057)","Unfall 240900 (2024) Kat:3, Licht: 0","240900","3","7","5","09","09","2","","0","1","1","0","0"
"POINT (13.459197925000069 52.525919757000054)","Unfall 240901 (2024) Kat:3, Licht: 0","240901","3","3","5","09","18","2","","0","1","1","0","0"
"POINT (13.460614020000037 52.454158099000040)","Unfall 240902 (2024) Kat:3, Licht: 0","240902","3","6","2","09","15","2","","0","0","1","0","0"
"POINT (13.296457060000023 52.519535611000038)","Unfall 240903 (2024) Kat:3, Licht: 0","240903","3","6","2","09","15","2","","0","0","1","0","0"
"POINT (13.461955704000047 52.564882369000031)","Unfall 240904 (2024) Kat:2, Licht: 0","240904","2","4","6","09","15","2","","0","0","1","1","0"
"POINT (13.381617494000068 52.581741562000047)","Unfall 240905 (2024) Kat:3, Licht: 0","240905","3","3","5","09","14","2","","0","1","1","0","0"
"POINT (13.433424225000067 52.444118097000057)","Unfall 240906 (2024) Kat:3, Licht: 0","240906","3","2","0","09","08","2","","0","1","1","0","0"
"POINT (13.431928079000045 52.554643661000057)","Unfall 240907 (2024) Kat:3, Licht: 0","240907","3","3","5","09","07","2","","0","0","1","0","0"
"POINT (13.247821481000074 52.524458051000067)","Unfall 240908 (2024) Kat:3, Licht: 0","240908","3","6","2","09","14","3","","0","0","1","0","0"
"POINT (13.713647012000024 52.430409715000053)","Unfall 240909 (2024) Kat:2, Licht: 0","240909","2","6","2","09","07","2","","0","1","0","0","0"
"POINT (13.407464281000046 52.613646361000065)","Unfall 240910 (2024) Kat:3, Licht: 0","240910","3","3","5","09","12","2","","0","0","1","0","0"
"POINT (13.422417081000049 52.544668629000057)","Unfall 240911 (2024) Kat:3, Licht: 0","240911","3","7","2","09","12","2","","0","1","1","0","0"
"POINT (13.424936777000028 52.502062140000078)","Unfall 240912 (2024) Kat:3, Licht: 0","240912","3","3","5","09","11","2","","0","1","1","0","0"
"POINT (13.352026431000070 52.508094228000061)","Unfall 240913 (2024) Kat:3, Licht: 0","240913","3","5","1","09","11","2","","0","1","1","0","0"
"POINT (13.397066402000064 52.508915480000041)","Unfall 240914 (2024) Kat:3, Licht: 0","240914","3","3","5","09","10","2","","0","0","1","0","0"
"POINT (13.279205371000046 52.503725994000035)","Unfall 240915 (2024) Kat:3, Licht: 0","240915","3","3","5","09","09","2","","0","0","1","0","0"
"POINT (13.346777396000050 52.566903579000041)","Unfall 240916 (2024) Kat:2, Licht: 0","240916","2","4","6","09","07","2","","0","0","1","1","0"
"POINT (13.195278192000046 52.535509599000079)","Unfall 240917 (2024) Kat:2, Licht: 1","240917","2","2","5","09","06","2","","1","0","1","0","1"
"POINT (13.131841300000076 52.549858267000047)","Unfall 240918 (2024) Kat:3, Licht: 0","240918","3","5","1","09","15","2","","0","0","1","0","0"
"POINT (13.378068948000077 52.468045392000079)","Unfall 240919 (2024) Kat:3, Licht: 0","240919","3","2","5","09","13","7","","0","1","1","0","0"
"POINT (13.437835203000077 52.506136048000030)","Unfall 240920 (2024) Kat:3, Licht: 0","240920","3","6","2","09","18","1","","0","0","1","0","0"
"POINT (13.406517701000041 52.498326316000032)","Unfall 240921 (2024) Kat:3, Licht: 2","240921","3","2","5","09","19","3","","2","1","1","0","0"
"POINT (13.348423295000032 52.507376666000027)","Unfall 240922 (2024) Kat:2, Licht: 0","240922","2","2","5","09","18","1","","0","1","0","0","1"
"POINT (13.281105917000048 52.632850815000040)","Unfall 240923 (2024) Kat:2, Licht: 0","240923","2","3","5","09","17","1","","0","0","1","0","0"
"POINT (13.199789198000076 52.534826470000041)","Unfall 240924 (2024) Kat:3, Licht: 0","240924","3","4","6","09","17","1","","0","1","0","1","0"
"POINT (13.326093755000045 52.447737074000031)","Unfall 240925 (2024) Kat:3, Licht: 0","240925","3","6","2","09","16","1","","0","0","1","0","0"
"POINT (13.322052497000072 52.429322766000041)","Unfall 240926 (2024) Kat:2, Licht: 0","240926","2","4","6","09","14","1","","0","0","1","1","0"
"POINT (13.422873191000065 52.495188477000056)","Unfall 240927 (2024) Kat:3, Licht: 0","240927","3","6","4","09","12","1","","0","1","0","0","0"
"POINT (13.539818621000052 52.436523039000065)","Unfall 240928 (2024) Kat:3, Licht: 2","240928","3","7","0","09","02","1","","2","1","0","0","0"
"POINT (13.342848522000054 52.525682168000060)","Unfall 240929 (2024) Kat:3, Licht: 2","240929","3","6","4","09","22","1","","2","1","0","0","0"
"POINT (13.400238554000055 52.523652910000067)","Unfall 240930 (2024) Kat:3, Licht: 0","240930","3","5","1","09","15","1","","0","1","0","0","0"
"POINT (13.390288606000070 52.535374928000067)","Unfall 240931 (2024) Kat:3, Licht: 0","240931","3","3","5","09","17","1","","0","1","1","0","0"
"POINT (13.587470257000064 52.511663258000056)","Unfall 240932 (2024) Kat:3, Licht: 0","240932","3","1","0","09","10","1","","0","0","0","0","1"
"POINT (13.283861738000041 52.589478251000060)","Unfall 240933 (2024) Kat:3, Licht: 0","240933","3","1","0","09","08","1","","0","1","0","0","0"