WKT,Name,OBJECTID,UKATEGORIE,UTYP1,UART,UMONAT,USTUNDE,UWOCHENTAG,STRZUSTAND,ULICHTVERH,ISTRAD,ISTPKW,ISTFUSS,ISTKRAD
"POINT (13.144977798000070 52.524364787000081)","Unfall 240934 (2024) Kat:3, Licht: 0","240934","3","6","3","09","13","2","","0","1","1","0","0"
"POINT (13.279960446000075 52.512762368000040)","Unfall 240935 (2024) Kat:3, Licht: 2","240935","3","5","1","09","03","1","","2","0","1","0","0"
"POINT (13.416929645000039 52.501940363000074)","Unfall 240936 (2024) Kat:3, Licht: 0","240936","3","5","1","09","17","1","","0","1","1","0","0"
"POINT (13.256466980000027 52.486228139000048)","Unfall 240937 (2024) Kat:3, Licht: 0","240937","3","3","5","09","10","1","","0","1","1","0","0"
"POINT (13.357932916000038 52.543628671000079)","Unfall 240938 (2024) Kat:3, Licht: 2","240938","3","5","1","09","20","1","","2","0","1","0","0"
"POINT (13.562398927000061 52.437261636000073)","Unfall 240939 (2024) Kat:3, Licht: 0","240939","3","2","5","09","18","1","","0","1","1","0","0"
"POINT (13.348551588000078 52.458915564000051)","Unfall 240940 (2024) Kat:2, Licht: 0","240940","2","2","5","09","18","1","","0","0","1","0","1"
"POINT (13.413304340000025 52.512599321000039)","Unfall 240941 (2024) Kat:3, Licht: 0","240941","3","5","1","09","17","1","","0","0","1","0","0"
"POINT (13.314336180000055 52.472275918000037)","Unfall 240942 (2024) Kat:3, Licht: 0","240942","3","6","2","09","17","1","","0","0","1","0","0"
"POINT (13.395187646000068 52.496165096000027)","Unfall 240943 (2024) Kat:3, Licht: 0","240943","3","1","9","09","08","1","","0","0","1","0","0"
"POINT (13.642402022000056 52.478360203000079)","Unfall 240944 (2024) Kat:1, Licht: 0","240944","1","6","0","09","14","7","","0","0","0","0","1"
"POINT (13.603226109000047 52.544082140000057)","Unfall 240945 (2024) Kat:3, Licht: 0","240945","3","7","5","09","16","7","","0","0","1","0","0"
"POINT (13.328479464000054 52.564952772000026)","Unfall 240946 (2024) Kat:3, Licht: 0","240946","3","6","3","09","15","7","","0","0","1","0","0"
"POINT (13.397785871000053 52.546270818000039)","Unfall 240947 (2024) Kat:3, Licht: 2","240947","3","2","6","09","21","5","","2","0","1","1","0"
"POINT (13.407251579000047 52.523533102000044)","Unfall 240948 (2024) Kat:3, Licht: 0","240948","3","3","5","09","19","7","","0","1","1","0","0"
"POINT (13.211122187000058 52.568229340000073)","Unfall 240949 (2024) Kat:3, Licht: 0","240949","3","2","0","09","15","6","","0","0","1","0","1"
"POINT (13.330854119000037 52.528984249000075)","Unfall 240950 (2024) Kat:3, Licht: 0","240950","3","2","5","09","18","7","","0","1","1","0","0"
"POINT (13.471134351000046 52.505363841000076)","Unfall 240951 (2024) Kat:3, Licht: 0","240951","3","1","0","09","18","7","","0","1","0","0","0"
"POINT (13.375598846000059 52.553754070000082)","Unfall 240952 (2024) Kat:3, Licht: 0","240952","3","7","5","09","13","7","","0","0","1","0","0"
"POINT (13.496793566000065 52.428221732000054)","Unfall 240953 (2024) Kat:3, Licht: 0","240953","3","3","5","09","11","7","","0","0","1","0","0"
"POINT (13.323700984000027 52.493618368000057)","Unfall 240954 (2024) Kat:3, Licht: 0","240954","3","2","5","09","15","7","","0","1","1","0","0"
"POINT (13.487052139000070 52.425467253000079)","Unfall 240955 (2024) Kat:3, Licht: 0","240955","3","2","5","09","09","7","","0","1","0","0","0"
"POINT (13.417312583000069 52.394653889000040)","Unfall 240956 (2024) Kat:3, Licht: 1","240956","3","3","5","09","21","7","","1","0","1","0","0"
"POINT (13.182150437000075 52.552477217000046)","Unfall 240957 (2024) Kat:3, Licht: 2","240957","3","7","1","09","21","7","","2","0","1","0","0"
"POINT (13.458064669000066 52.431108712000082)","Unfall 240958 (2024) Kat:3, Licht: 0","240958","3","6","3","09","17","7","","0","0","1","0","0"
"POINT (13.489438105000033 52.542425933000061)","Unfall 240959 (2024) Kat:2, Licht: 0","240959","2","2","6","09","12","4","","0","0","1","1","0"
"POINT (13.274982818000069 52.501022566000074)","Unfall 240960 (2024) Kat:3, Licht: 0","240960","3","7","5","09","15","7","","0","0","1","0","0"
"POINT (13.454420144000039 52.429796977000080)","Unfall 240961 (2024) Kat:2, Licht: 0","240961","2","4","6","09","14","7","","0","0","1","1","0"
"POINT (13.526900290000071 52.462286276000043)","Unfall 240962 (2024) Kat:3, Licht: 0","240962","3","7","0","09","13","7","","0","1","1","0","0"
"POINT (13.485374342000057 52.530931804000033)","Unfall 240963 (2024) Kat:3, Licht: 0","240963","3","3","5","09","12","7","","0","0","1","0","0"
"POINT (13.388817599000049 52.500733522000075)","Unfall 240964 (2024) Kat:3, Licht: 0","240964","3","3","5","09","11","7","","0","1","1","0","0"
"POINT (13.335133390000067 52.595654144000036)","Unfall 240965 (2024) Kat:2, Licht: 0","240965","2","7","5","09","10","7","","0","0","1","0","1"
"POINT (13.419728509000038 52.490148370000043)","Unfall 240966 (2024) Kat:3, Licht: 0","240966","3","3","5","09","10","7","","0","1","1","0","0"
"POINT (13.435561012000051 52.629346938000026)","Unfall 240967 (2024) Kat:3, Licht: 2","240967","3","1","8","09","02","7","","2","0","0","0","1"
"POINT (13.424678366000023 52.546872167000060)","Unfall 240968 (2024) Kat:3, Licht: 0","240968","3","3","5","09","13","6","","0","1","1","0","0"
"POINT (13.501994613000022 52.482264989000043)","Unfall 240969 (2024) Kat:3, Licht: 2","240969","3","1","0","09","22","6","","2","1","0","0","0"
"POINT (13.382471204000069 52.401069201000041)","Unfall 240970 (2024) Kat:3, Licht: 2","240970","3","7","0","09","22","6","","2","1","0","0","0"
"POINT (13.299585150000041 52.494106943000077)","Unfall 240971 (2024) Kat:3, Licht: 0","240971","3","2","2","09","19","6","","0","0","1","0","0"
"POINT (13.459950828000046 52.557066075000080)","Unfall 240972 (2024) Kat:3, Licht: 0","240972","3","3","5","09","16","2","","0","0","1","0","0"
"POINT (13.427947445000029 52.545504499000060)","Unfall 240973 (2024) Kat:3, Licht: 0","240973","3","7","0","09","19","6","","0","1","0","0","0"
"POINT (13.399591400000077 52.509141499000066)","Unfall 240974 (2024) Kat:2, Licht: 0","240974","2","3","5","09","18","6","","0","1","1","0","0"
"POINT (13.518513418000055 52.461428865000073)","Unfall 240975 (2024) Kat:2, Licht: 0","240975","2","1","0","09","17","6","","0","1","1","0","0"
"POINT (13.418052252000052 52.546353405000048)","Unfall 240976 (2024) Kat:3, Licht: 2","240976","3","6","2","09","00","7","","2","0","1","0","1"
"POINT (13.552018124000028 52.428293332000067)","Unfall 240977 (2024) Kat:2, Licht: 0","240977","2","2","5","09","17","6","","0","1","0","0","0"
"POINT (13.541131485000051 52.435440932000063)","Unfall 240978 (2024) Kat:2, Licht: 0","240978","2","3","5","09","15","3","","0","1","0","0","0"
"POINT (13.546326078000050 52.457062998000026)","Unfall 240979 (2024) Kat:2, Licht: 0","240979","2","6","3","09","17","6","","0","1","0","0","0"
"POINT (13.328430946000026 52.565380430000062)","Unfall 240980 (2024) Kat:2, Licht: 0","240980","2","4","6","09","16","6","","0","0","1","1","0"
"POINT (13.280153998000060 52.433450880000066)","Unfall 240981 (2024) Kat:3, Licht: 0","240981","3","6","2","09","15","6","","0","0","1","0","0"
"POINT (13.454105708000043 52.474079731000074)","Unfall 240982 (2024) Kat:3, Licht: 0","240982","3","7","6","09","14","6","","0","0","0","1","0"
"POINT (13.243517586000053 52.527918382000053)","Unfall 240983 (2024) Kat:3, Licht: 0","240983","3","7","0","09","14","6","","0","0","0","0","1"
"POINT (13.397273784000049 52.579795993000062)","Unfall 240984 (2024) Kat:3, Licht: 0","240984","3","5","1","09","13","6","","0","1","1","0","0"
"POINT (13.380266645000063 52.516329618000043)","Unfall 240985 (2024) Kat:3, Licht: 0","240985","3","1","0","09","13","6","","0","0","0","0","0"
"POINT (13.515326472000027 52.569144721000043)","Unfall 240986 (2024) Kat:3, Licht: 0","240986","3","5","3","09","12","6","","0","0","1","0","0"
"POINT (13.428595390000055 52.486613921000071)","Unfall 240987 (2024) Kat:3, Licht: 0","240987","3","6","2","09","12","6","","0","0","1","0","0"
"POINT (13.439414425000052 52.555424686000038)","Unfall 240988 (2024) Kat:3, Licht: 0","240988","3","3","5","09","11","6","","0","1","1","0","0"
"POINT (13.414148228000045 52.498580139000069)","Unfall 240989 (2024) Kat:3, Licht: 0","240989","3","3","5","09","08","7","","0","0","1","0","0"
"POINT (13.427207922000036 52.587304134000078)","Unfall 240990 (2024) Kat:3, Licht: 0","240990","3","3","5","09","09","6","","0","1","1","0","0"
"POINT (13.389708478000045 52.574349417000064)","Unfall 240991 (2024) Kat:3, Licht: 0","240991","3","3","5","09","07","6","","0","1","0","0","0"
"POINT (13.281202738000047 52.585554309000031)","Unfall 240992 (2024) Kat:3, Licht: 1","240992","3","3","5","09","19","6","","1","0","1","0","0"
"POINT (13.326902489000076 52.532676560000027)","Unfall 240993 (2024) Kat:2, Licht: 1","240993","2","7","6","09","18","6","","1","0","1","1","0"
"POINT (13.390430282000068 52.492230168000049)","Unfall 240994 (2024) Kat:3, Licht: 0","240994","3","5","1","09","18","6","","0","1","1","0","0"
"POINT (13.330220245000021 52.495060705000071)","Unfall 240995 (2024) Kat:3, Licht: 0","240995","3","6","2","09","14","5","","0","0","1","0","0"
"POINT (13.358186349000050 52.506372875000068)","Unfall 240996 (2024) Kat:3, Licht: 0","240996","3","5","1","09","17","6","","0","0","1","0","0"
"POINT (13.327555191000044 52.608910874000060)","Unfall 240997 (2024) Kat:3, Licht: 0","240997","3","2","5","09","17","6","","0","0","1","0","0"
"POINT (13.373326282000050 52.565087767000080)","Unfall 240998 (2024) Kat:2, Licht: 0","240998","2","5","1","09","15","6","","0","1","1","0","0"
"POINT (13.365704441000048 52.557131437000066)","Unfall 240999 (2024) Kat:3, Licht: 0","240999","3","2","5","09","13","6","","0","1","0","0","1"
"POINT (13.544957613000065 52.424225872000079)","Unfall 241000 (2024) Kat:3, Licht: 0","241000","3","6","3","09","11","6","","0","0","1","0","0"
"POINT (13.406510797000067 52.498326271000053)","Unfall 241001 (2024) Kat:2, Licht: 0","241001","2","2","5","09","10","6","","0","1","1","0","0"
"POINT (13.376657326000043 52.530089135000026)","Unfall 241002 (2024) Kat:3, Licht: 0","241002","3","5","1","09","10","6","","0","1","1","0","0"
"POINT (13.272779154000034 52.519482063000055)","Unfall 241003 (2024) Kat:3, Licht: 0","241003","3","2","5","09","15","6","","0","1","0","0","0"
"POINT (13.237185329000056 52.538982709000038)","Unfall 241004 (2024) Kat:2, Licht: 2","241004","2","1","0","09","22","6","","2","1","0","0","0"
"POINT (13.331424526000035 52.533715687000040)","Unfall 241005 (2024) Kat:3, Licht: 2","241005","3","4","6","09","20","6","","2","0","1","1","0"
"POINT (13.499765562000050 52.526186199000051)","Unfall 241006 (2024) Kat:2, Licht: 1","241006","2","1","0","09","19","6","","1","1","0","0","0"
"POINT (13.420801291000032 52.552913721000039)","Unfall 241007 (2024) Kat:3, Licht: 0","241007","3","6","3","09","18","6","","0","1","0","0","0"
"POINT (13.309414492000030 52.507790947000046)","Unfall 241008 (2024) Kat:3, Licht: 0","241008","3","2","5","09","18","6","","0","1","1","0","0"
"POINT (13.198540066000021 52.533260040000073)","Unfall 241009 (2024) Kat:3, Licht: 0","241009","3","6","2","09","17","6","","0","0","1","0","0"
"POINT (13.396315968000067 52.517319047000058)","Unfall 241010 (2024) Kat:3, Licht: 0","241010","3","3","5","09","16","6","","0","1","1","0","0"
"POINT (13.586178760000053 52.440902215000051)","Unfall 241011 (2024) Kat:3, Licht: 0","241011","3","6","3","09","16","6","","0","0","1","0","1"
"POINT (13.346219046000044 52.497072907000074)","Unfall 241012 (2024) Kat:3, Licht: 0","241012","3","2","5","09","15","6","","0","1","1","0","0"
"POINT (13.511513888000025 52.504356122000047)","Unfall 241013 (2024) Kat:3, Licht: 0","241013","3","2","5","09","14","6","","0","1","1","0","0"
"POINT (13.334707359000049 52.587361258000044)","Unfall 241014 (2024) Kat:3, Licht: 0","241014","3","2","2","09","13","6","","0","0","1","0","0"
"POINT (13.344296623000048 52.503690395000035)","Unfall 241015 (2024) Kat:3, Licht: 0","241015","3","3","5","09","13","6","","0","0","1","0","0"
"POINT (13.374755167000046 52.468282328000043)","Unfall 241016 (2024) Kat:3, Licht: 0","241016","3","7","0","09","13","6","","0","1","0","0","0"
"POINT (13.162009869000030 52.551875056000029)","Unfall 241017 (2024) Kat:3, Licht: 0","241017","3","6","0","09","11","6","","0","0","1","0","1"
"POINT (13.446682127000031 52.417661479000060)","Unfall 241018 (2024) Kat:2, Licht: 0","241018","2","1","0","09","10","6","","0","1","0","0","0"
"POINT (13.205672738000032 52.544867653000040)","Unfall 241019 (2024) Kat:3, Licht: 0","241019","3","6","4","09","07","6","","0","1","1","0","0"
"POINT (13.424640122000028 52.516355787000066)","Unfall 241020 (2024) Kat:3, Licht: 0","241020","3","2","5","09","07","6","","0","1","0","0","0"
"POINT (13.502739859000030 52.502110901000037)","Unfall 241021 (2024) Kat:3, Licht: 0","241021","3","4","0","09","17","5","","0","0","1","1","0"
"POINT (13.306872619000046 52.616909188000079)","Unfall 241022 (2024) Kat:3, Licht: 0","241022","3","7","6","09","08","5","","0","1","0","1","0"
"POINT (13.406949877000045 52.393780030000073)","Unfall 241023 (2024) Kat:3, Licht: 0","241023","3","4","0","09","15","5","","0","0","1","1","0"
"POINT (13.325398983000071 52.509441628000047)","Unfall 241024 (2024) Kat:3, Licht: 0","241024","3","6","2","09","15","5","","0","0","1","0","0"
"POINT (13.479569791000074 52.523076011000057)","Unfall 241025 (2024) Kat:3, Licht: 0","241025","3","2","5","09","07","5","","0","0","1","0","1"
"POINT (13.452721225000062 52.562873836000051)","Unfall 241026 (2024) Kat:3, Licht: 0","241026","3","5","1","09","13","5","","0","0","1","0","1"
"POINT (13.320887094000057 52.451867490000041)","Unfall 241027 (2024) Kat:3, Licht: 0","241027","3","2","6","09","14","5","","0","0","0","1","0"
"POINT (13.451273971000035 52.471984346000056)","Unfall 241028 (2024) Kat:3, Licht: 2","241028","3","2","6","09","21","5","","2","0","1","1","0"
"POINT (13.395744611000055 52.499002612000027)","Unfall 241029 (2024) Kat:2, Licht: 0","241029","2","7","0","09","18","5","","0","0","0","0","1"
"POINT (13.349140610000063 52.500424875000078)","Unfall 241030 (2024) Kat:2, Licht: 0","241030","2","7","7","09","17","5","","0","0","0","0","0"
"POINT (13.377541678000057 52.528952839000056)","Unfall 241031 (2024) Kat:3, Licht: 0","241031","3","6","2","09","14","5","","0","0","1","0","0"
"POINT (13.404492490000052 52.508838164000053)","Unfall 241032 (2024) Kat:3, Licht: 2","241032","3","5","1","09","22","5","","2","1","1","0","0"
"POINT (13.383567151000022 52.555073728000082)","Unfall 241033 (2024) Kat:3, Licht: 0","241033","3","2","6","09","18","3","","0","0","1","1","0"
"POINT (13.390054632000044 52.525749920000067)","Unfall 241034 (2024) Kat:3, Licht: 1","241034","3","7","0","09","20","5","","1","0","0","0","0"
"POINT (13.302562880000039 52.584373714000037)","Unfall 241035 (2024) Kat:3, Licht: 0","241035","3","3","5","09","19","5","","0","0","1","0","0"
"POINT (13.349238252000077 52.562098563000063)","Unfall 241036 (2024) Kat:3, Licht: 0","241036","3","1","0","09","18","5","","0","0","0","0","1"
"POINT (13.409728247000032 52.528815292000047)","Unfall 241037 (2024) Kat:3, Licht: 0","241037","3","6","0","09","16","5","","0","1","0","0","0"
"POINT (13.540842633000068 52.425705979000043)","Unfall 241038 (2024) Kat:3, Licht: 0","241038","3","6","0","09","14","5","","0","0","1","0","1"
"POINT (13.446000845000071 52.498930145000031)","Unfall 241039 (2024) Kat:2, Licht: 0","241039","2","3","5","09","17","5","","0","1","0","0","1"
"POINT (13.384990166000023 52.591139163000037)","Unfall 241040 (2024) Kat:3, Licht: 0","241040","3","1","0","09","16","5","","0","0","0","0","1"
"POINT (13.308456826000054 52.487647051000067)","Unfall 241041 (2024) Kat:3, Licht: 0","241041","3","2","5","09","10","5","","0","0","1","0","0"
"POINT (13.294850531000066 52.508388033000074)","Unfall 241042 (2024) Kat:3, Licht: 0","241042","3","1","0","09","16","5","","0","0","0","0","1"
"POINT (13.375910285000032 52.528467525000053)","Unfall 241043 (2024) Kat:2, Licht: 0","241043","2","1","0","09","08","2","","0","0","0","0","1"
"POINT (13.406487089000052 52.502607617000081)","Unfall 241044 (2024) Kat:3, Licht: 0","241044","3","3","5","09","16","5","","0","0","1","0","0"
"POINT (13.360620407000056 52.446721836000052)","Unfall 241045 (2024) Kat:3, Licht: 0","241045","3","7","2","09","14","5","","0","0","0","0","1"
"POINT (13.449438816000054 52.537269121000065)","Unfall 241046 (2024) Kat:3, Licht: 0","241046","3","3","5","09","13","5","","0","0","1","0","0"
"POINT (13.377048896000076 52.508601544000044)","Unfall 241047 (2024) Kat:3, Licht: 0","241047","3","2","6","09","13","5","","0","0","1","1","0"
"POINT (13.366398688000061 52.585014913000066)","Unfall 241048 (2024) Kat:3, Licht: 0","241048","3","5","1","09","13","5","","0","1","1","0","0"
"POINT (13.260642232000066 52.426467813000045)","Unfall 241049 (2024) Kat:2, Licht: 0","241049","2","1","8","09","13","5","","0","0","1","0","0"
"POINT (13.320341434000056 52.457005903000038)","Unfall 241050 (2024) Kat:3, Licht: 0","241050","3","6","2","09","09","5","","0","0","1","0","0"
"POINT (13.435220697000034 52.426254907000043)","Unfall 241051 (2024) Kat:3, Licht: 0","241051","3","7","6","09","09","5","","0","0","1","1","0"
"POINT (13.488577944000042 52.614879491000067)","Unfall 241052 (2024) Kat:3, Licht: 0","241052","3","7","5","09","07","5","","0","0","1","0","0"
"POINT (13.189271480000059 52.455118501000072)","Unfall 241053 (2024) Kat:3, Licht: 0","241053","3","6","4","09","18","5","","0","1","0","0","0"
"POINT (13.307970826000030 52.496692081000049)","Unfall 241054 (2024) Kat:3, Licht: 0","241054","3","5","1","09","19","5","","0","1","1","0","0"
"POINT (13.326102661000050 52.538363099000037)","Unfall 241055 (2024) Kat:2, Licht: 0","241055","2","2","5","09","12","1","","0","0","1","0","0"
"POINT (13.271536166000033 52.509776639000052)","Unfall 241056 (2024) Kat:3, Licht: 0","241056","3","1","0","09","17","5","","0","0","0","0","1"
"POINT (13.348154964000059 52.541296472000056)","Unfall 241057 (2024) Kat:3, Licht: 0","241057","3","6","3","09","16","5","","0","0","1","0","0"
"POINT (13.402898051000022 52.447689182000033)","Unfall 241058 (2024) Kat:3, Licht: 0","241058","3","6","2","09","15","5","","0","0","1","0","0"
"POINT (13.370572103000029 52.468901393000067)","Unfall 241059 (2024) Kat:3, Licht: 0","241059","3","3","5","09","09","5","","0","0","1","0","0"
"POINT (13.378672155000061 52.407117192000044)","Unfall 241060 (2024) Kat:3, Licht: 0","241060","3","2","5","09","09","5","","0","1","1","0","0"
"POINT (13.318990599000074 52.453627059000041)","Unfall 241061 (2024) Kat:3, Licht: 0","241061","3","6","2","09","15","5","","0","0","1","0","0"
"POINT (13.449191660000054 52.452384387000052)","Unfall 241062 (2024) Kat:3, Licht: 2","241062","3","2","5","09","22","5","","2","0","1","0","0"
"POINT (13.122392284000057 52.528663712000082)","Unfall 241063 (2024) Kat:3, Licht: 2","241063","3","2","0","09","21","5","","2","0","1","0","0"
"POINT (13.211624965000055 52.575395971000034)","Unfall 241064 (2024) Kat:3, Licht: 0","241064","3","2","5","09","19","5","","0","1","1","0","0"
"POINT (13.398619756000073 52.588295503000040)","Unfall 241065 (2024) Kat:3, Licht: 0","241065","3","3","5","09","07","4","","0","0","1","0","0"
"POINT (13.192828856000062 52.546074795000038)","Unfall 241066 (2024) Kat:3, Licht: 0","241066","3","6","2","09","10","2","","0","0","1","0","0"
"POINT (13.434641378000038 52.462132518000033)","Unfall 241067 (2024) Kat:3, Licht: 0","241067","3","6","2","09","18","5","","0","0","1","0","0"
"POINT (13.387590251000063 52.524326356000074)","Unfall 241068 (2024) Kat:3, Licht: 0","241068","3","2","2","09","18","5","","0","0","1","0","0"
"POINT (13.329628587000059 52.495311188000073)","Unfall 241069 (2024) Kat:3, Licht: 0","241069","3","6","3","09","17","5","","0","1","1","0","0"
"POINT (13.341099055000029 52.476157745000080)","Unfall 241070 (2024) Kat:3, Licht: 0","241070","3","7","6","09","11","5","","0","0","1","1","0"
"POINT (13.366958869000030 52.422029657000053)","Unfall 241071 (2024) Kat:3, Licht: 0","241071","3","3","5","09","15","5","","0","0","1","0","0"
"POINT (13.439519654000037 52.471071675000076)","Unfall 241072 (2024) Kat:3, Licht: 0","241072","3","3","5","09","13","5","","0","0","1","0","0"
"POINT (13.429640860000063 52.521010100000069)","Unfall 241073 (2024) Kat:3, Licht: 0","241073","3","2","5","09","13","5","","0","1","0","0","0"
"POINT (13.271775107000053 52.452535368000042)","Unfall 241074 (2024) Kat:3, Licht: 0","241074","3","6","2","09","12","5","","0","0","1","0","0"
"POINT (13.304876999000044 52.411063936000062)","Unfall 241075 (2024) Kat:3, Licht: 0","241075","3","1","9","09","11","5","","0","0","1","0","0"
"POINT (13.452927440000053 52.533767262000026)","Unfall 241076 (2024) Kat:3, Licht: 0","241076","3","3","5","09","11","5","","0","0","1","0","1"
"POINT (13.417978060000053 52.516490756000053)","Unfall 241077 (2024) Kat:3, Licht: 0","241077","3","3","5","09","11","5","","0","1","0","0","0"
"POINT (13.300068372000055 52.504903915000057)","Unfall 241078 (2024) Kat:3, Licht: 2","241078","3","2","6","09","00","2","","2","0","1","1","0"
"POINT (13.239509238000039 52.605284286000028)","Unfall 241079 (2024) Kat:3, Licht: 0","241079","3","2","5","09","09","5","","0","0","1","0","1"
"POINT (13.437034026000049 52.510378939000077)","Unfall 241080 (2024) Kat:3, Licht: 0","241080","3","2","5","09","09","5","","0","1","1","0","0"
"POINT (13.461735373000067 52.430807233000053)","Unfall 241081 (2024) Kat:3, Licht: 0","241081","3","3","5","09","08","5","","0","0","1","0","0"
"POINT (13.486270740000066 52.496567086000027)","Unfall 241082 (2024) Kat:3, Licht: 0","241082","3","2","5","09","08","5","","0","1","1","0","0"
"POINT (13.284892089000039 52.417475260000060)","Unfall 241083 (2024) Kat:3, Licht: 2","241083","3","3","5","09","19","6","","2","1","1","0","0"
"POINT (13.453629157000023 52.514119998000069)","Unfall 241084 (2024) Kat:3, Licht: 0","241084","3","3","5","09","08","5","","0","1","1","0","0"
"POINT (13.406963018000056 52.498953962000030)","Unfall 241085 (2024) Kat:3, Licht: 0","241085","3","2","5","09","07","5","","0","1","1","0","0"
"POINT (13.291306833000021 52.581023974000061)","Unfall 241086 (2024) Kat:3, Licht: 0","241086","3","3","5","09","07","5","","0","0","1","0","0"
"POINT (13.432469278000042 52.557523783000079)","Unfall 241087 (2024) Kat:3, Licht: 1","241087","3","7","0","09","17","4","","1","0","1","0","0"
"POINT (13.447137679000036 52.549705237000069)","Unfall 241088 (2024) Kat:2, Licht: 0","241088","2","4","6","09","13","4","","0","0","0","1","0"
"POINT (13.340007202000038 52.519108007000057)","Unfall 241089 (2024) Kat:3, Licht: 2","241089","3","6","2","09","22","4","","2","0","1","0","0"
"POINT (13.513973939000039 52.566725413000029)","Unfall 241090 (2024) Kat:2, Licht: 2","241090","2","4","6","09","21","4","","2","0","1","1","0"
"POINT (13.320130878000043 52.483729136000079)","Unfall 241091 (2024) Kat:3, Licht: 0","241091","3","2","5","09","18","4","","0","1","1","0","0"
"POINT (13.484742474000029 52.533481414000050)","Unfall 241092 (2024) Kat:3, Licht: 0","241092","3","3","5","09","18","4","","0","1","1","0","0"
"POINT (13.259282569000050 52.430848017000073)","Unfall 241093 (2024) Kat:3, Licht: 0","241093","3","3","5","09","16","4","","0","1","0","0","0"
"POINT (13.508204756000055 52.463626172000033)","Unfall 241094 (2024) Kat:3, Licht: 0","241094","3","6","2","09","16","4","","0","0","1","0","0"
"POINT (13.496373210000058 52.432610455000031)","Unfall 241095 (2024) Kat:3, Licht: 0","241095","3","6","2","09","14","4","","0","0","1","0","1"
"POINT (13.521884970000031 52.475680156000067)","Unfall 241096 (2024) Kat:3, Licht: 0","241096","3","6","2","09","14","4","","0","0","1","0","0"
"POINT (13.194918652000069 52.529092032000051)","Unfall 241097 (2024) Kat:3, Licht: 0","241097","3","7","5","09","13","4","","0","0","1","0","0"
"POINT (13.293728133000059 52.487010473000055)","Unfall 241098 (2024) Kat:3, Licht: 0","241098","3","5","0","09","12","4","","0","1","1","0","0"
"POINT (13.578326451000066 52.455678937000073)","Unfall 241099 (2024) Kat:3, Licht: 0","241099","3","1","0","09","10","4","","0","1","0","0","0"
"POINT (13.461317264000058 52.549425526000050)","Unfall 241100 (2024) Kat:3, Licht: 0","241100","3","3","5","09","10","4","","0","1","0","0","0"
"POINT (13.177172463000034 52.533914513000070)","Unfall 241101 (2024) Kat:2, Licht: 0","241101","2","4","6","09","09","4","","0","1","0","1","0"
"POINT (13.156088954000040 52.461202179000054)","Unfall 241102 (2024) Kat:3, Licht: 0","241102","3","6","2","09","09","4","","0","0","1","0","0"
"POINT (13.352074811000023 52.536386902000061)","Unfall 241103 (2024) Kat:3, Licht: 2","241103","3","1","0","09","00","4","","2","0","0","0","1"
"POINT (13.626656906000051 52.456928901000026)","Unfall 241104 (2024) Kat:3, Licht: 0","241104","3","4","6","09","15","4","","0","0","0","1","0"
"POINT (13.590392609000048 52.513722153000060)","Unfall 241105 (2024) Kat:3, Licht: 0","241105","3","1","0","09","13","4","","0","0","1","0","0"
"POINT (13.317591570000047 52.491427180000073)","Unfall 241106 (2024) Kat:3, Licht: 0","241106","3","2","5","09","15","4","","0","1","1","0","0"
"POINT (13.208585211000070 52.559220899000081)","Unfall 241107 (2024) Kat:3, Licht: 0","241107","3","5","1","09","10","4","","0","0","0","0","0"
"POINT (13.704578455000046 52.430711950000045)","Unfall 241108 (2024) Kat:2, Licht: 2","241108","2","1","0","09","20","4","","2","1","0","0","0"
"POINT (13.352128006000044 52.548187992000067)","Unfall 241109 (2024) Kat:3, Licht: 0","241109","3","3","5","09","17","2","","0","0","1","0","0"
"POINT (13.339026977000060 52.492198210000026)","Unfall 241110 (2024) Kat:3, Licht: 1","241110","3","6","2","09","19","4","","1","1","1","0","0"
"POINT (13.247751312000048 52.538094514000079)","Unfall 241111 (2024) Kat:2, Licht: 0","241111","2","2","5","09","19","4","","0","0","1","0","0"
"POINT (13.461783332000039 52.468853172000081)","Unfall 241112 (2024) Kat:3, Licht: 1","241112","3","7","0","09","05","4","","1","0","0","0","1"
"POINT (13.434720643000048 52.542758306000053)","Unfall 241113 (2024) Kat:3, Licht: 0","241113","3","2","5","09","18","4","","0","1","1","0","0"
"POINT (13.328577875000065 52.530291147000071)","Unfall 241114 (2024) Kat:3, Licht: 0","241114","3","7","5","09","17","4","","0","0","1","0","1"
"POINT (13.406516211000053 52.393762869000057)","Unfall 241115 (2024) Kat:3, Licht: 0","241115","3","2","5","09","14","4","","0","0","1","0","0"
"POINT (13.354697029000022 52.536781141000063)","Unfall 241116 (2024) Kat:3, Licht: 0","241116","3","3","5","09","14","4","","0","0","1","0","1"
"POINT (13.346294612000065 52.428851562000034)","Unfall 241117 (2024) Kat:3, Licht: 0","241117","3","3","5","09","14","4","","0","0","1","0","1"
"POINT (13.515353773000072 52.551670911000031)","Unfall 241118 (2024) Kat:2, Licht: 0","241118","2","6","2","09","13","4","","0","0","1","0","0"
"POINT (13.332046906000073 52.533894583000063)","Unfall 241119 (2024) Kat:3, Licht: 0","241119","3","3","5","09","13","4","","0","0","1","0","1"
"POINT (13.289627869000071 52.486430908000045)","Unfall 241120 (2024) Kat:3, Licht: 0","241120","3","1","9","09","11","4","","0","0","1","0","0"