WKT,Name,OBJECTID,UKATEGORIE,UTYP1,UART,UMONAT,USTUNDE,UWOCHENTAG,STRZUSTAND,ULICHTVERH,ISTRAD,ISTPKW,ISTFUSS,ISTKRAD
"POINT (13.345093559000077 52.539216060000058)","Unfall 241121 (2024) Kat:3, Licht: 0","241121","3","3","5","09","08","3","","0","1","1","0","0"
"POINT (13.332454646000031 52.468929188000061)","Unfall 241122 (2024) Kat:3, Licht: 0","241122","3","4","6","09","11","4","","0","0","0","1","0"
"POINT (13.469952380000052 52.556882253000026)","Unfall 241123 (2024) Kat:3, Licht: 0","241123","3","7","0","09","10","4","","0","0","1","0","0"
"POINT (13.304581505000044 52.439191039000036)","Unfall 241124 (2024) Kat:3, Licht: 0","241124","3","2","5","09","10","4","","0","1","1","0","0"
"POINT (13.437441098000022 52.552769891000082)","Unfall 241125 (2024) Kat:3, Licht: 2","241125","3","3","5","09","21","2","","2","0","1","0","0"
"POINT (13.416704532000040 52.519441491000066)","Unfall 241126 (2024) Kat:3, Licht: 0","241126","3","2","5","09","09","4","","0","1","0","0","0"
"POINT (13.375414872000022 52.506086517000028)","Unfall 241127 (2024) Kat:3, Licht: 0","241127","3","6","3","09","09","4","","0","1","1","0","0"
"POINT (13.425476285000059 52.414505326000040)","Unfall 241128 (2024) Kat:3, Licht: 0","241128","3","3","5","09","08","4","","0","0","1","0","0"
"POINT (13.249936963000039 52.457657375000053)","Unfall 241129 (2024) Kat:3, Licht: 2","241129","3","6","2","09","05","4","","2","0","1","0","0"
"POINT (13.469826749000049 52.452061387000072)","Unfall 241130 (2024) Kat:3, Licht: 2","241130","3","7","4","09","04","4","","2","0","1","0","1"
"POINT (13.327042100000028 52.527565421000077)","Unfall 241131 (2024) Kat:3, Licht: 0","241131","3","5","1","09","16","6","","0","0","1","0","0"
"POINT (13.496404781000024 52.500254932000075)","Unfall 241132 (2024) Kat:3, Licht: 2","241132","3","3","5","09","04","4","","2","1","1","0","0"
"POINT (13.377108766000049 52.485029975000032)","Unfall 241133 (2024) Kat:3, Licht: 0","241133","3","4","0","09","19","3","","0","1","0","1","0"
"POINT (13.498282022000069 52.467570034000062)","Unfall 241134 (2024) Kat:3, Licht: 1","241134","3","6","4","09","18","3","","1","1","0","0","0"
"POINT (13.486182457000041 52.544358359000057)","Unfall 241135 (2024) Kat:3, Licht: 0","241135","3","5","1","09","17","3","","0","1","1","0","0"
"POINT (13.439931575000060 52.422977007000043)","Unfall 241136 (2024) Kat:3, Licht: 0","241136","3","7","1","09","19","3","","0","0","1","0","0"
"POINT (13.328584182000043 52.464842284000042)","Unfall 241137 (2024) Kat:3, Licht: 0","241137","3","3","0","09","18","3","","0","1","0","0","0"
"POINT (13.489930316000027 52.419950440000036)","Unfall 241138 (2024) Kat:3, Licht: 0","241138","3","6","2","09","17","3","","0","0","1","0","1"
"POINT (13.163992844000063 52.422514034000073)","Unfall 241139 (2024) Kat:3, Licht: 0","241139","3","5","1","09","17","3","","0","1","1","0","0"
"POINT (13.461803155000041 52.471191421000071)","Unfall 241140 (2024) Kat:3, Licht: 0","241140","3","6","2","09","17","3","","0","0","1","0","1"
"POINT (13.162416624000059 52.548317559000054)","Unfall 241141 (2024) Kat:3, Licht: 0","241141","3","1","0","09","17","3","","0","0","0","0","1"
"POINT (13.282280092000065 52.533771339000054)","Unfall 241142 (2024) Kat:3, Licht: 0","241142","3","2","5","09","16","3","","0","1","0","0","0"
"POINT (13.189143623000064 52.521687516000043)","Unfall 241143 (2024) Kat:2, Licht: 0","241143","2","7","0","09","15","3","","0","0","1","0","0"
"POINT (13.326080445000059 52.538544082000044)","Unfall 241144 (2024) Kat:3, Licht: 0","241144","3","6","2","09","13","3","","0","0","0","0","1"
"POINT (13.322972910000033 52.565254621000065)","Unfall 241145 (2024) Kat:3, Licht: 0","241145","3","4","6","09","13","3","","0","1","0","1","0"
"POINT (13.420796419000055 52.569792996000047)","Unfall 241146 (2024) Kat:3, Licht: 0","241146","3","5","1","09","13","3","","0","0","1","0","0"
"POINT (13.377341666000063 52.513826736000055)","Unfall 241147 (2024) Kat:3, Licht: 0","241147","3","7","6","09","12","3","","0","0","0","1","0"
"POINT (13.431956030000038 52.515174286000047)","Unfall 241148 (2024) Kat:3, Licht: 2","241148","3","2","5","09","21","3","","2","1","1","0","0"
"POINT (13.398223922000057 52.512810556000034)","Unfall 241149 (2024) Kat:3, Licht: 0","241149","3","3","5","09","19","3","","0","1","0","0","0"
"POINT (13.296577268000021 52.517056272000048)","Unfall 241150 (2024) Kat:2, Licht: 2","241150","2","5","1","09","18","3","","2","1","1","0","0"
"POINT (13.430016100000046 52.495281628000043)","Unfall 241151 (2024) Kat:3, Licht: 0","241151","3","5","1","09","18","3","","0","1","1","0","0"
"POINT (13.346007272000065 52.494304433000082)","Unfall 241152 (2024) Kat:2, Licht: 0","241152","2","2","5","09","17","3","","0","0","1","0","0"
"POINT (13.354941816000064 52.548000678000051)","Unfall 241153 (2024) Kat:3, Licht: 0","241153","3","2","5","09","17","3","","0","0","1","0","0"
"POINT (13.267271856000036 52.408962033000080)","Unfall 241154 (2024) Kat:3, Licht: 0","241154","3","1","0","09","16","3","","0","0","0","0","1"
"POINT (13.377498609000043 52.453088993000051)","Unfall 241155 (2024) Kat:3, Licht: 0","241155","3","6","2","09","13","3","","0","1","1","0","0"
"POINT (13.520090821000053 52.426891770000054)","Unfall 241156 (2024) Kat:3, Licht: 0","241156","3","2","5","09","09","3","","0","1","1","0","0"
"POINT (13.261297345000060 52.479088808000029)","Unfall 241157 (2024) Kat:3, Licht: 0","241157","3","6","2","09","09","3","","0","0","1","0","0"
"POINT (13.561203878000072 52.541769098000032)","Unfall 241158 (2024) Kat:3, Licht: 0","241158","3","5","1","09","09","3","","0","1","1","0","0"
"POINT (13.622732572000075 52.490610185000037)","Unfall 241159 (2024) Kat:3, Licht: 0","241159","3","3","5","09","07","3","","0","0","1","0","0"
"POINT (13.133523933000049 52.526267447000066)","Unfall 241160 (2024) Kat:3, Licht: 0","241160","3","6","2","09","13","3","","0","0","1","0","0"
"POINT (13.558219544000053 52.434695994000037)","Unfall 241161 (2024) Kat:3, Licht: 0","241161","3","3","2","09","12","3","","0","0","1","0","0"
"POINT (13.322127081000076 52.503944544000035)","Unfall 241162 (2024) Kat:3, Licht: 0","241162","3","4","6","09","11","3","","0","0","0","1","0"
"POINT (13.326120714000069 52.561560210000039)","Unfall 241163 (2024) Kat:3, Licht: 0","241163","3","2","6","09","11","3","","0","0","1","1","0"
"POINT (13.404708520000042 52.527634128000045)","Unfall 241164 (2024) Kat:3, Licht: 0","241164","3","3","5","09","10","7","","0","1","1","0","0"
"POINT (13.448658249000061 52.564622376000045)","Unfall 241165 (2024) Kat:3, Licht: 0","241165","3","6","0","09","10","3","","0","0","1","0","0"
"POINT (13.324284977000048 52.497380352000050)","Unfall 241166 (2024) Kat:3, Licht: 0","241166","3","5","1","09","08","3","","0","1","1","0","0"
"POINT (13.394180728000038 52.547405566000066)","Unfall 241167 (2024) Kat:3, Licht: 0","241167","3","3","5","09","07","3","","0","1","1","0","0"
"POINT (13.303535068000031 52.506821330000037)","Unfall 241168 (2024) Kat:3, Licht: 0","241168","3","5","0","09","17","2","","0","1","0","0","0"
"POINT (13.506532738000033 52.563871504000076)","Unfall 241169 (2024) Kat:3, Licht: 0","241169","3","2","5","09","16","2","","0","1","1","0","0"
"POINT (13.278288870000040 52.575725044000080)","Unfall 241170 (2024) Kat:2, Licht: 0","241170","2","4","6","09","19","2","","0","0","1","1","0"
"POINT (13.399789382000051 52.529557124000064)","Unfall 241171 (2024) Kat:3, Licht: 2","241171","3","5","1","09","20","2","","2","1","1","0","0"
"POINT (13.510528320000049 52.429810423000049)","Unfall 241172 (2024) Kat:3, Licht: 0","241172","3","6","3","09","09","2","","0","1","0","0","0"
"POINT (13.169326374000036 52.536091159000080)","Unfall 241173 (2024) Kat:3, Licht: 1","241173","3","2","5","09","05","2","","1","1","1","0","0"
"POINT (13.499723535000044 52.434781266000073)","Unfall 241174 (2024) Kat:3, Licht: 0","241174","3","6","3","09","19","2","","0","0","1","0","1"
"POINT (13.518149643000072 52.463925275000065)","Unfall 241175 (2024) Kat:2, Licht: 0","241175","2","3","5","09","17","2","","0","0","1","0","0"
"POINT (13.293816541000069 52.536575490000075)","Unfall 241176 (2024) Kat:3, Licht: 0","241176","3","6","2","09","16","2","","0","0","1","0","0"
"POINT (13.228902146000053 52.575627650000058)","Unfall 241177 (2024) Kat:3, Licht: 0","241177","3","3","5","09","15","2","","0","1","0","0","1"
"POINT (13.343191164000075 52.528789956000026)","Unfall 241178 (2024) Kat:3, Licht: 0","241178","3","7","0","09","07","5","","0","1","0","0","0"
"POINT (13.478567978000058 52.507032393000031)","Unfall 241179 (2024) Kat:3, Licht: 0","241179","3","2","5","09","15","2","","0","0","1","0","1"
"POINT (13.527461916000050 52.422820180000031)","Unfall 241180 (2024) Kat:3, Licht: 0","241180","3","6","4","09","14","2","","0","0","1","0","0"
"POINT (13.600033183000050 52.451862235000078)","Unfall 241181 (2024) Kat:3, Licht: 0","241181","3","4","6","09","12","2","","0","1","0","1","0"
"POINT (13.412226986000064 52.532720844000039)","Unfall 241182 (2024) Kat:3, Licht: 0","241182","3","6","2","09","11","2","","0","1","1","0","0"
"POINT (13.414531169000043 52.500131857000042)","Unfall 241183 (2024) Kat:3, Licht: 0","241183","3","3","5","09","10","2","","0","1","1","0","0"
"POINT (13.201269676000038 52.547811467000031)","Unfall 241184 (2024) Kat:3, Licht: 0","241184","3","5","1","09","10","2","","0","0","1","0","0"
"POINT (13.617208659000028 52.501041181000062)","Unfall 241185 (2024) Kat:3, Licht: 0","241185","3","3","5","09","08","2","","0","1","1","0","0"
"POINT (13.240295050000043 52.511895479000032)","Unfall 241186 (2024) Kat:3, Licht: 0","241186","3","2","5","09","08","2","","0","0","1","0","0"
"POINT (13.550542923000023 52.429067579000048)","Unfall 241187 (2024) Kat:3, Licht: 0","241187","3","2","2","09","07","2","","0","1","1","0","0"
"POINT (13.348145530000068 52.489291625000078)","Unfall 241188 (2024) Kat:3, Licht: 0","241188","3","6","2","09","16","2","","0","0","1","0","1"
"POINT (13.370473281000045 52.534217639000076)","Unfall 241189 (2024) Kat:3, Licht: 0","241189","3","5","1","09","18","2","","0","1","1","0","0"
"POINT (13.442624729000045 52.551123133000033)","Unfall 241190 (2024) Kat:3, Licht: 0","241190","3","1","9","09","18","2","","0","0","1","1","0"
"POINT (13.479211450000037 52.552988406000054)","Unfall 241191 (2024) Kat:3, Licht: 0","241191","3","6","2","09","17","2","","0","0","1","0","0"
"POINT (13.295848267000054 52.497835751000082)","Unfall 241192 (2024) Kat:3, Licht: 0","241192","3","6","3","09","17","2","","0","1","1","0","0"
"POINT (13.608275017000039 52.539428643000065)","Unfall 241193 (2024) Kat:3, Licht: 0","241193","3","2","2","09","17","2","","0","0","1","0","0"
"POINT (13.360828424000033 52.594735069000080)","Unfall 241194 (2024) Kat:3, Licht: 0","241194","3","6","2","09","16","2","","0","0","1","0","0"
"POINT (13.233600475000060 52.527393267000036)","Unfall 241195 (2024) Kat:3, Licht: 0","241195","3","2","5","09","15","2","","0","1","1","0","0"
"POINT (13.542681350000066 52.542497350000076)","Unfall 241196 (2024) Kat:3, Licht: 0","241196","3","4","0","09","15","2","","0","0","0","1","0"
"POINT (13.446378322000044 52.502325609000081)","Unfall 241197 (2024) Kat:3, Licht: 0","241197","3","6","3","09","15","2","","0","0","1","0","1"
"POINT (13.453583408000043 52.523103736000053)","Unfall 241198 (2024) Kat:3, Licht: 0","241198","3","2","5","09","15","2","","0","0","1","0","1"
"POINT (13.426503845000070 52.477663010000072)","Unfall 241199 (2024) Kat:3, Licht: 0","241199","3","6","2","09","08","2","","0","0","1","0","1"
"POINT (13.429961505000051 52.510232228000064)","Unfall 241200 (2024) Kat:3, Licht: 0","241200","3","3","5","09","13","2","","0","0","1","0","1"
"POINT (13.320987766000030 52.584086356000057)","Unfall 241201 (2024) Kat:3, Licht: 0","241201","3","7","2","09","13","2","","0","0","1","0","0"
"POINT (13.397376350000059 52.423931936000031)","Unfall 241202 (2024) Kat:3, Licht: 0","241202","3","2","5","09","13","2","","0","0","1","0","0"
"POINT (13.601120042000048 52.479238817000066)","Unfall 241203 (2024) Kat:3, Licht: 0","241203","3","3","5","09","12","2","","0","1","1","0","0"
"POINT (13.575368634000029 52.547230948000049)","Unfall 241204 (2024) Kat:3, Licht: 0","241204","3","6","2","09","10","2","","0","0","1","0","0"
"POINT (13.258700491000070 52.416162270000029)","Unfall 241205 (2024) Kat:3, Licht: 0","241205","3","6","2","09","10","2","","0","0","1","0","0"
"POINT (13.409685710000076 52.524069414000053)","Unfall 241206 (2024) Kat:2, Licht: 0","241206","2","2","5","09","08","2","","0","1","1","0","0"
"POINT (13.604141245000051 52.541512685000043)","Unfall 241207 (2024) Kat:3, Licht: 0","241207","3","3","5","09","08","2","","0","1","1","0","0"
"POINT (13.607236466000074 52.533614896000074)","Unfall 241208 (2024) Kat:3, Licht: 0","241208","3","4","6","09","08","2","","0","0","0","1","0"
"POINT (13.297262916000022 52.506769035000048)","Unfall 241209 (2024) Kat:3, Licht: 0","241209","3","2","5","09","07","2","","0","1","1","0","0"
"POINT (13.384068525000032 52.483997546000069)","Unfall 241210 (2024) Kat:2, Licht: 2","241210","2","4","6","09","05","2","","2","0","0","1","1"
"POINT (13.436680507000062 52.592548850000071)","Unfall 241211 (2024) Kat:3, Licht: 0","241211","3","2","5","09","13","2","","0","0","1","0","0"
"POINT (13.323378128000058 52.510870195000052)","Unfall 241212 (2024) Kat:3, Licht: 0","241212","3","7","0","09","10","2","","0","0","1","0","1"
"POINT (13.504845186000068 52.563406402000055)","Unfall 241213 (2024) Kat:3, Licht: 2","241213","3","2","6","09","21","1","","2","0","1","1","0"
"POINT (13.457836157000031 52.529044356000043)","Unfall 241214 (2024) Kat:3, Licht: 0","241214","3","2","5","09","13","1","","0","0","1","0","0"
"POINT (13.468164631000036 52.534262175000038)","Unfall 241215 (2024) Kat:3, Licht: 2","241215","3","6","2","09","01","1","","2","0","1","0","0"
"POINT (13.394416724000052 52.497582691000048)","Unfall 241216 (2024) Kat:3, Licht: 0","241216","3","6","0","09","19","1","","0","1","1","0","0"
"POINT (13.400435116000040 52.585260404000053)","Unfall 241217 (2024) Kat:3, Licht: 0","241217","3","5","1","09","19","1","","0","1","1","0","0"
"POINT (13.352208869000037 52.505272074000061)","Unfall 241218 (2024) Kat:3, Licht: 0","241218","3","1","8","09","18","1","","0","0","0","0","0"
"POINT (13.486127082000053 52.433379257000070)","Unfall 241219 (2024) Kat:3, Licht: 0","241219","3","3","5","09","15","1","","0","0","1","0","0"
"POINT (13.340015300000061 52.475298364000082)","Unfall 241220 (2024) Kat:3, Licht: 0","241220","3","6","3","09","12","5","","0","1","1","0","0"
"POINT (13.419666991000042 52.506085842000061)","Unfall 241221 (2024) Kat:2, Licht: 0","241221","2","3","5","09","14","1","","0","1","1","0","0"
"POINT (13.330220245000021 52.495060705000071)","Unfall 241222 (2024) Kat:2, Licht: 0","241222","2","6","2","09","10","1","","0","0","1","0","0"
"POINT (13.408297471000026 52.530415882000057)","Unfall 241223 (2024) Kat:3, Licht: 2","241223","3","3","5","09","00","1","","2","0","1","0","0"
"POINT (13.400251737000076 52.498419538000064)","Unfall 241224 (2024) Kat:3, Licht: 0","241224","3","6","3","09","16","1","","0","0","1","0","0"
"POINT (13.362750794000021 52.451932710000051)","Unfall 241225 (2024) Kat:3, Licht: 0","241225","3","7","0","09","14","6","","0","0","1","0","0"
"POINT (13.459790262000070 52.499044858000047)","Unfall 241226 (2024) Kat:3, Licht: 0","241226","3","2","5","09","15","1","","0","1","1","0","0"
"POINT (13.540143040000032 52.565288101000078)","Unfall 241227 (2024) Kat:3, Licht: 0","241227","3","2","5","09","15","2","","0","1","1","0","0"
"POINT (13.193925873000069 52.519427839000059)","Unfall 241228 (2024) Kat:3, Licht: 0","241228","3","3","5","09","13","1","","0","0","1","0","0"
"POINT (13.297232664000035 52.478595186000064)","Unfall 241229 (2024) Kat:2, Licht: 0","241229","2","3","5","09","13","1","","0","0","1","0","0"
"POINT (13.446002426000064 52.471949775000041)","Unfall 241230 (2024) Kat:3, Licht: 0","241230","3","3","5","09","10","1","","0","0","1","0","0"
"POINT (13.607724545000053 52.518014161000053)","Unfall 241231 (2024) Kat:3, Licht: 0","241231","3","2","5","09","09","1","","0","1","1","0","0"
"POINT (13.243324440000038 52.615676403000066)","Unfall 241232 (2024) Kat:3, Licht: 0","241232","3","7","5","09","12","1","","0","1","0","0","0"
"POINT (13.343677978000073 52.553350250000051)","Unfall 241233 (2024) Kat:3, Licht: 0","241233","3","2","5","08","15","7","","0","1","1","0","0"
"POINT (13.360371869000062 52.500420357000053)","Unfall 241234 (2024) Kat:3, Licht: 2","241234","3","6","2","08","22","7","","2","1","1","0","0"
"POINT (13.319754790000047 52.519658424000056)","Unfall 241235 (2024) Kat:3, Licht: 2","241235","3","1","0","08","21","7","","2","1","0","0","0"
"POINT (13.314835532000075 52.417173559000048)","Unfall 241236 (2024) Kat:3, Licht: 1","241236","3","6","3","08","20","7","","1","0","1","0","1"
"POINT (13.200211747000026 52.536797985000078)","Unfall 241237 (2024) Kat:3, Licht: 2","241237","3","6","3","08","20","7","","2","0","1","0","0"
"POINT (13.384599307000030 52.502630307000061)","Unfall 241238 (2024) Kat:3, Licht: 0","241238","3","6","2","09","15","7","","0","0","1","0","0"
"POINT (13.505922191000025 52.403472772000043)","Unfall 241239 (2024) Kat:3, Licht: 0","241239","3","3","5","08","15","7","","0","0","1","0","0"
"POINT (13.206484309000075 52.430573463000030)","Unfall 241240 (2024) Kat:3, Licht: 0","241240","3","3","5","08","15","7","","0","0","1","0","0"
"POINT (13.280435896000029 52.417464911000081)","Unfall 241241 (2024) Kat:3, Licht: 0","241241","3","4","6","08","13","7","","0","0","1","1","0"
"POINT (13.442907360000049 52.570472885000072)","Unfall 241242 (2024) Kat:3, Licht: 0","241242","3","3","5","08","13","7","","0","1","1","0","0"
"POINT (13.414630407000061 52.500156207000032)","Unfall 241243 (2024) Kat:3, Licht: 0","241243","3","3","5","08","13","7","","0","1","1","0","0"
"POINT (13.423808093000048 52.486477528000080)","Unfall 241244 (2024) Kat:3, Licht: 0","241244","3","6","2","08","11","7","","0","0","1","0","1"
"POINT (13.476622897000027 52.408534656000029)","Unfall 241245 (2024) Kat:2, Licht: 0","241245","2","7","6","08","11","7","","0","1","0","1","0"
"POINT (13.552730868000026 52.430564343000071)","Unfall 241246 (2024) Kat:3, Licht: 0","241246","3","2","5","09","12","7","","0","0","1","0","0"
"POINT (13.594937408000021 52.487317559000076)","Unfall 241247 (2024) Kat:3, Licht: 0","241247","3","3","5","08","09","7","","0","1","1","0","0"
"POINT (13.306285126000034 52.520099248000065)","Unfall 241248 (2024) Kat:3, Licht: 0","241248","3","4","6","08","19","7","","0","0","1","1","0"
"POINT (13.409756309000045 52.529142970000066)","Unfall 241249 (2024) Kat:3, Licht: 0","241249","3","3","5","08","18","7","","0","0","1","0","0"
"POINT (13.432887504000064 52.517841547000046)","Unfall 241250 (2024) Kat:3, Licht: 0","241250","3","2","0","08","16","7","","0","1","0","0","1"
"POINT (13.404110314000036 52.538951820000079)","Unfall 241251 (2024) Kat:3, Licht: 0","241251","3","5","5","08","15","7","","0","1","1","0","0"
"POINT (13.431673197000066 52.615359970000043)","Unfall 241252 (2024) Kat:3, Licht: 0","241252","3","2","5","08","14","7","","0","0","1","0","1"
"POINT (13.216002112000069 52.538153573000045)","Unfall 241253 (2024) Kat:3, Licht: 0","241253","3","6","3","08","14","7","","0","0","1","0","1"
"POINT (13.325085897000065 52.502559373000054)","Unfall 241254 (2024) Kat:3, Licht: 0","241254","3","2","6","09","10","7","","0","0","0","1","0"
"POINT (13.369561959000066 52.597454890000051)","Unfall 241255 (2024) Kat:2, Licht: 0","241255","2","3","5","08","14","7","","0","0","1","0","0"
"POINT (13.354393542000025 52.497710708000056)","Unfall 241256 (2024) Kat:3, Licht: 0","241256","3","6","4","08","12","7","","0","1","1","0","0"
"POINT (13.186253753000074 52.537797634000071)","Unfall 241257 (2024) Kat:3, Licht: 0","241257","3","3","5","08","11","7","","0","0","1","0","0"
"POINT (13.590462636000041 52.437335785000073)","Unfall 241258 (2024) Kat:3, Licht: 2","241258","3","5","1","08","05","7","","2","1","1","0","0"
"POINT (13.346088220000070 52.504030703000069)","Unfall 241259 (2024) Kat:3, Licht: 2","241259","3","2","5","08","01","7","","2","0","1","0","0"
"POINT (13.514404930000069 52.464798100000053)","Unfall 241260 (2024) Kat:1, Licht: 0","241260","1","7","6","08","11","7","","0","0","0","1","0"
"POINT (13.382708502000071 52.551841373000059)","Unfall 241261 (2024) Kat:3, Licht: 0","241261","3","7","6","08","11","6","","0","1","0","1","0"
"POINT (13.370495525000024 52.526671015000034)","Unfall 241262 (2024) Kat:3, Licht: 0","241262","3","6","3","08","14","6","","0","0","1","0","0"
"POINT (13.225622567000073 52.554845039000043)","Unfall 241263 (2024) Kat:3, Licht: 2","241263","3","4","6","08","23","6","","2","0","0","1","0"
"POINT (13.284252999000046 52.518712901000072)","Unfall 241264 (2024) Kat:3, Licht: 2","241264","3","5","1","08","23","6","","2","1","1","0","0"
"POINT (13.347067568000057 52.553332384000043)","Unfall 241265 (2024) Kat:3, Licht: 0","241265","3","3","5","08","18","6","","0","1","1","0","0"
"POINT (13.431892532000063 52.505660686000056)","Unfall 241266 (2024) Kat:2, Licht: 0","241266","2","3","5","08","17","6","","0","0","1","0","1"
"POINT (13.393329860000051 52.526778048000040)","Unfall 241267 (2024) Kat:2, Licht: 0","241267","2","6","3","08","17","6","","0","1","1","0","0"
"POINT (13.402508800000021 52.446510704000048)","Unfall 241268 (2024) Kat:3, Licht: 0","241268","3","2","2","08","17","6","","0","0","1","0","1"
"POINT (13.510678496000025 52.553614365000044)","Unfall 241269 (2024) Kat:3, Licht: 0","241269","3","1","0","09","09","3","","0","0","0","0","1"
"POINT (13.437342028000046 52.450444745000027)","Unfall 241270 (2024) Kat:3, Licht: 0","241270","3","2","5","08","13","6","","0","0","0","0","1"
"POINT (13.425228512000047 52.418260221000082)","Unfall 241271 (2024) Kat:3, Licht: 0","241271","3","5","0","08","15","6","","0","1","1","0","0"
"POINT (13.432412973000055 52.470056842000076)","Unfall 241272 (2024) Kat:3, Licht: 0","241272","3","3","5","08","15","6","","0","0","1","0","0"
"POINT (13.398456167000063 52.496448254000029)","Unfall 241273 (2024) Kat:2, Licht: 0","241273","2","7","0","08","14","6","","0","1","0","0","0"
"POINT (13.377028904000042 52.556527210000070)","Unfall 241274 (2024) Kat:3, Licht: 2","241274","3","2","5","08","22","6","","2","0","1","0","0"
"POINT (13.361090499000056 52.412516918000051)","Unfall 241275 (2024) Kat:3, Licht: 0","241275","3","3","5","08","18","6","","0","0","1","0","0"
"POINT (13.444532824000078 52.565206501000034)","Unfall 241276 (2024) Kat:2, Licht: 0","241276","2","3","5","08","17","6","","0","0","1","0","1"
"POINT (13.623332818000051 52.540794249000044)","Unfall 241277 (2024) Kat:2, Licht: 0","241277","2","5","0","08","12","6","","0","1","1","0","0"
"POINT (13.351164192000056 52.509484222000026)","Unfall 241278 (2024) Kat:3, Licht: 0","241278","3","2","5","08","17","6","","0","1","1","0","0"
"POINT (13.377328638000051 52.482092582000064)","Unfall 241279 (2024) Kat:2, Licht: 0","241279","2","7","2","08","16","6","","0","0","1","0","0"
"POINT (13.330192244000045 52.569990678000067)","Unfall 241280 (2024) Kat:3, Licht: 0","241280","3","2","5","08","16","6","","0","0","1","0","0"
"POINT (13.432597048000048 52.605206967000072)","Unfall 241281 (2024) Kat:2, Licht: 0","241281","2","2","5","08","12","6","","0","1","1","0","0"
"POINT (13.377218744000061 52.462923428000067)","Unfall 241282 (2024) Kat:3, Licht: 0","241282","3","2","5","08","12","6","","0","1","1","0","0"
"POINT (13.601143958000023 52.536844625000072)","Unfall 241283 (2024) Kat:3, Licht: 0","241283","3","3","5","08","12","6","","0","1","0","0","0"
"POINT (13.483447554000065 52.497554280000031)","Unfall 241284 (2024) Kat:3, Licht: 0","241284","3","3","5","08","16","6","","0","1","0","0","0"
"POINT (13.611722985000029 52.514157164000039)","Unfall 241285 (2024) Kat:3, Licht: 0","241285","3","2","5","09","10","4","","0","1","1","0","0"
"POINT (13.429122460000031 52.498476738000079)","Unfall 241286 (2024) Kat:3, Licht: 0","241286","3","6","3","08","11","6","","0","0","1","0","1"
"POINT (13.338607774000025 52.589987682000071)","Unfall 241287 (2024) Kat:3, Licht: 0","241287","3","3","5","08","11","6","","0","1","1","0","0"
"POINT (13.259909811000057 52.516696021000030)","Unfall 241288 (2024) Kat:3, Licht: 0","241288","3","6","3","08","10","6","","0","0","1","0","1"
"POINT (13.433777217000056 52.549573211000052)","Unfall 241289 (2024) Kat:3, Licht: 0","241289","3","2","0","09","11","1","","0","1","1","0","0"
"POINT (13.448987508000073 52.524312045000045)","Unfall 241290 (2024) Kat:3, Licht: 0","241290","3","3","5","08","09","6","","0","1","1","0","0"
"POINT (13.201237553000055 52.555559659000039)","Unfall 241291 (2024) Kat:3, Licht: 0","241291","3","3","5","08","08","6","","0","1","1","0","0"
"POINT (13.254497748000063 52.561786555000026)","Unfall 241292 (2024) Kat:3, Licht: 0","241292","3","6","2","08","07","6","","0","0","1","0","0"
"POINT (13.385618888000067 52.471926430000053)","Unfall 241293 (2024) Kat:3, Licht: 0","241293","3","3","5","08","13","6","","0","0","1","0","0"
"POINT (13.431762752000054 52.443506661000072)","Unfall 241294 (2024) Kat:3, Licht: 0","241294","3","6","2","09","13","7","","0","0","1","0","0"
"POINT (13.196808037000039 52.531414143000063)","Unfall 241295 (2024) Kat:3, Licht: 0","241295","3","2","5","08","14","6","","0","1","0","0","0"
"POINT (13.289046453000026 52.582752214000038)","Unfall 241296 (2024) Kat:3, Licht: 2","241296","3","1","0","08","00","6","","2","0","0","0","0"
"POINT (13.360372661000042 52.523622939000063)","Unfall 241297 (2024) Kat:3, Licht: 0","241297","3","6","2","09","16","2","","0","1","0","0","0"
"POINT (13.296193882000068 52.483600159000048)","Unfall 241298 (2024) Kat:2, Licht: 0","241298","2","2","5","08","11","6","","0","1","1","0","0"
"POINT (13.328134997000063 52.442450653000037)","Unfall 241299 (2024) Kat:3, Licht: 0","241299","3","6","2","08","11","6","","0","0","1","0","0"
"POINT (13.423724608000043 52.616587513000070)","Unfall 241300 (2024) Kat:3, Licht: 2","241300","3","3","1","08","00","6","","2","1","1","0","0"
"POINT (13.330400520000069 52.445289806000062)","Unfall 241301 (2024) Kat:3, Licht: 0","241301","3","3","5","08","17","5","","0","1","0","0","0"
"POINT (13.441643577000036 52.423186199000043)","Unfall 241302 (2024) Kat:3, Licht: 0","241302","3","3","5","09","08","4","","0","1","1","0","0"
"POINT (13.206990810000036 52.429874037000047)","Unfall 241303 (2024) Kat:3, Licht: 0","241303","3","5","1","08","13","5","","0","1","1","0","0"
"POINT (13.410360539000067 52.503592422000054)","Unfall 241304 (2024) Kat:3, Licht: 0","241304","3","6","3","08","08","5","","0","1","0","0","0"
"POINT (13.313870097000063 52.476241078000044)","Unfall 241305 (2024) Kat:3, Licht: 0","241305","3","3","5","08","15","5","","0","1","1","0","0"
"POINT (13.229991350000034 52.431270368000071)","Unfall 241306 (2024) Kat:3, Licht: 0","241306","3","2","5","08","15","5","","0","1","1","0","0"
"POINT (13.181876948000024 52.511489621000067)","Unfall 241307 (2024) Kat:3, Licht: 1","241307","3","3","5","08","19","5","","1","1","1","0","0"