WKT,Name,OBJECTID,UKATEGORIE,UTYP1,UART,UMONAT,USTUNDE,UWOCHENTAG,STRZUSTAND,ULICHTVERH,ISTRAD,ISTPKW,ISTFUSS,ISTKRAD
"POINT (13.424350117000074 52.523463904000039)","Unfall 241308 (2024) Kat:3, Licht: 0","241308","3","5","1","09","10","3","","0","1","1","0","0"
"POINT (13.405100355000059 52.567265804000044)","Unfall 241309 (2024) Kat:3, Licht: 0","241309","3","7","5","08","18","5","","0","0","1","0","0"
"POINT (13.356553579000035 52.472829117000060)","Unfall 241310 (2024) Kat:3, Licht: 0","241310","3","3","5","09","09","1","","0","1","0","0","0"
"POINT (13.428110552000021 52.480107338000039)","Unfall 241311 (2024) Kat:3, Licht: 0","241311","3","3","5","08","18","5","","0","0","0","0","1"
"POINT (13.295936728000072 52.495893336000051)","Unfall 241312 (2024) Kat:2, Licht: 0","241312","2","3","5","08","18","5","","0","0","1","0","0"
"POINT (13.377402069000027 52.535096599000042)","Unfall 241313 (2024) Kat:2, Licht: 0","241313","2","6","3","08","16","5","","0","1","0","0","0"
"POINT (13.143317791000072 52.524252128000057)","Unfall 241314 (2024) Kat:3, Licht: 0","241314","3","3","5","08","15","5","","0","0","1","0","0"
"POINT (13.390909965000048 52.522080474000063)","Unfall 241315 (2024) Kat:3, Licht: 0","241315","3","5","1","08","15","5","","0","1","1","0","0"
"POINT (13.474613680000061 52.438881672000036)","Unfall 241316 (2024) Kat:2, Licht: 0","241316","2","2","0","08","15","5","","0","1","1","0","0"
"POINT (13.344227967000052 52.498992532000045)","Unfall 241317 (2024) Kat:2, Licht: 0","241317","2","3","5","08","15","5","","0","1","0","0","0"
"POINT (13.133554806000063 52.526260845000081)","Unfall 241318 (2024) Kat:3, Licht: 0","241318","3","6","3","08","15","5","","0","0","1","0","0"
"POINT (13.362097692000077 52.497683988000063)","Unfall 241319 (2024) Kat:3, Licht: 0","241319","3","2","5","08","14","5","","0","1","1","0","0"
"POINT (13.367926124000064 52.525720893000027)","Unfall 241320 (2024) Kat:3, Licht: 0","241320","3","3","5","08","14","5","","0","0","0","0","0"
"POINT (13.231693330000041 52.612652342000047)","Unfall 241321 (2024) Kat:3, Licht: 0","241321","3","2","5","08","13","5","","0","1","1","0","0"
"POINT (13.206222564000029 52.542386361000069)","Unfall 241322 (2024) Kat:3, Licht: 0","241322","3","6","2","09","14","6","","0","0","1","0","1"
"POINT (13.592307821000077 52.447241372000065)","Unfall 241323 (2024) Kat:3, Licht: 0","241323","3","2","5","08","13","5","","0","1","1","0","0"
"POINT (13.400994907000040 52.484600024000031)","Unfall 241324 (2024) Kat:3, Licht: 0","241324","3","4","6","08","13","5","","0","0","1","1","0"
"POINT (13.453832728000066 52.482429010000033)","Unfall 241325 (2024) Kat:2, Licht: 0","241325","2","3","5","08","11","5","","0","1","1","0","0"
"POINT (13.349443306000069 52.542325576000053)","Unfall 241326 (2024) Kat:3, Licht: 0","241326","3","2","2","09","14","7","","0","1","1","0","0"
"POINT (13.204236277000064 52.540648170000054)","Unfall 241327 (2024) Kat:3, Licht: 0","241327","3","2","3","08","10","5","","0","0","1","0","0"
"POINT (13.300508953000076 52.420900415000062)","Unfall 241328 (2024) Kat:3, Licht: 0","241328","3","6","2","08","09","5","","0","0","1","0","1"
"POINT (13.339716533000058 52.447816549000038)","Unfall 241329 (2024) Kat:3, Licht: 0","241329","3","7","0","08","08","5","","0","0","1","0","0"
"POINT (13.323716123000054 52.493804808000050)","Unfall 241330 (2024) Kat:3, Licht: 0","241330","3","2","5","08","14","5","","0","0","1","0","0"
"POINT (13.334341786000039 52.541143830000067)","Unfall 241331 (2024) Kat:2, Licht: 0","241331","2","3","5","08","08","5","","0","1","1","0","0"
"POINT (13.432029179000040 52.510507095000037)","Unfall 241332 (2024) Kat:3, Licht: 0","241332","3","2","5","08","07","5","","0","1","1","0","0"
"POINT (13.436945419000040 52.452652213000079)","Unfall 241333 (2024) Kat:3, Licht: 0","241333","3","2","5","08","07","5","","0","1","1","0","0"
"POINT (13.367099234000023 52.603503148000073)","Unfall 241334 (2024) Kat:3, Licht: 0","241334","3","3","5","08","18","5","","0","0","1","0","0"
"POINT (13.332133968000051 52.506207226000072)","Unfall 241335 (2024) Kat:3, Licht: 0","241335","3","2","0","08","16","5","","0","0","0","0","0"
"POINT (13.265023901000063 52.536658496000030)","Unfall 241336 (2024) Kat:3, Licht: 0","241336","3","7","5","08","14","5","","0","1","1","0","0"
"POINT (13.612806847000058 52.506404250000060)","Unfall 241337 (2024) Kat:3, Licht: 0","241337","3","2","5","08","11","5","","0","1","1","0","0"
"POINT (13.429976570000065 52.523287431000028)","Unfall 241338 (2024) Kat:3, Licht: 0","241338","3","2","5","08","10","5","","0","1","1","0","0"
"POINT (13.582930567000062 52.549211992000039)","Unfall 241339 (2024) Kat:3, Licht: 0","241339","3","6","2","08","10","5","","0","0","1","0","1"
"POINT (13.536858141000039 52.494758512000033)","Unfall 241340 (2024) Kat:3, Licht: 0","241340","3","7","5","08","09","5","","0","1","1","0","0"
"POINT (13.349828195000043 52.464255057000059)","Unfall 241341 (2024) Kat:2, Licht: 0","241341","2","7","1","08","18","5","","0","1","1","0","0"
"POINT (13.484115847000055 52.463133238000069)","Unfall 241342 (2024) Kat:3, Licht: 0","241342","3","3","5","08","12","5","","0","0","1","0","0"
"POINT (13.134843303000025 52.452340378000031)","Unfall 241343 (2024) Kat:3, Licht: 0","241343","3","6","3","08","08","5","","0","1","1","0","0"
"POINT (13.577449544000046 52.547660338000071)","Unfall 241344 (2024) Kat:3, Licht: 0","241344","3","2","5","08","17","4","","0","0","1","0","0"
"POINT (13.380553725000027 52.546290021000061)","Unfall 241345 (2024) Kat:2, Licht: 2","241345","2","1","8","08","00","4","","2","0","1","0","0"
"POINT (13.517614073000061 52.535270079000043)","Unfall 241346 (2024) Kat:3, Licht: 0","241346","3","3","5","08","15","4","","0","1","1","0","0"
"POINT (13.276684529000022 52.511893918000055)","Unfall 241347 (2024) Kat:3, Licht: 0","241347","3","5","1","08","15","4","","0","0","1","0","0"
"POINT (13.434685469000044 52.478707985000028)","Unfall 241348 (2024) Kat:3, Licht: 2","241348","3","3","5","08","21","4","","2","1","1","0","0"
"POINT (13.492416567000078 52.544063595000068)","Unfall 241349 (2024) Kat:3, Licht: 2","241349","3","1","0","08","21","4","","2","1","0","0","0"
"POINT (13.296067942000036 52.443550311000081)","Unfall 241350 (2024) Kat:2, Licht: 1","241350","2","2","5","08","20","4","","1","1","1","0","0"
"POINT (13.405197509000061 52.534087834000047)","Unfall 241351 (2024) Kat:3, Licht: 0","241351","3","1","0","08","17","4","","0","1","0","0","0"
"POINT (13.420028646000048 52.606323317000033)","Unfall 241352 (2024) Kat:3, Licht: 0","241352","3","2","6","08","16","4","","0","0","1","1","0"
"POINT (13.436366777000046 52.457888278000041)","Unfall 241353 (2024) Kat:3, Licht: 0","241353","3","7","6","08","15","4","","0","0","0","1","0"
"POINT (13.538610956000070 52.431600950000075)","Unfall 241354 (2024) Kat:3, Licht: 0","241354","3","2","5","08","13","4","","0","1","1","0","0"
"POINT (13.445573613000022 52.565060666000079)","Unfall 241355 (2024) Kat:2, Licht: 0","241355","2","3","5","08","12","4","","0","1","1","0","0"
"POINT (13.453942926000025 52.508029238000063)","Unfall 241356 (2024) Kat:3, Licht: 0","241356","3","5","1","08","10","4","","0","0","1","0","0"
"POINT (13.470400511000037 52.553716393000059)","Unfall 241357 (2024) Kat:3, Licht: 0","241357","3","3","5","08","07","4","","0","0","1","0","1"
"POINT (13.319021305000035 52.531194647000063)","Unfall 241358 (2024) Kat:3, Licht: 0","241358","3","2","5","08","06","4","","0","1","0","0","0"
"POINT (13.613933090000046 52.529209407000053)","Unfall 241359 (2024) Kat:3, Licht: 0","241359","3","7","6","08","12","4","","0","1","0","1","0"
"POINT (13.415521630000057 52.520675930000039)","Unfall 241360 (2024) Kat:2, Licht: 0","241360","2","6","2","08","06","4","","0","1","0","0","0"
"POINT (13.345205950000036 52.554347460000031)","Unfall 241361 (2024) Kat:3, Licht: 2","241361","3","2","5","08","23","4","","2","0","1","0","0"
"POINT (13.400640822000071 52.530461755000033)","Unfall 241362 (2024) Kat:3, Licht: 0","241362","3","4","6","08","18","4","","0","0","0","1","1"
"POINT (13.398754155000063 52.532584023000027)","Unfall 241363 (2024) Kat:3, Licht: 0","241363","3","1","0","08","18","4","","0","1","0","0","0"
"POINT (13.537936214000069 52.431885149000038)","Unfall 241364 (2024) Kat:3, Licht: 0","241364","3","3","5","08","17","4","","0","1","1","0","0"
"POINT (13.412253731000021 52.588044339000078)","Unfall 241365 (2024) Kat:3, Licht: 0","241365","3","3","5","08","16","4","","0","0","1","0","1"
"POINT (13.430066668000052 52.455916984000055)","Unfall 241366 (2024) Kat:3, Licht: 0","241366","3","6","2","08","15","4","","0","0","1","0","0"
"POINT (13.294152147000034 52.534291565000046)","Unfall 241367 (2024) Kat:3, Licht: 0","241367","3","6","2","08","14","4","","0","0","1","0","1"
"POINT (13.496755530000030 52.634601264000082)","Unfall 241368 (2024) Kat:3, Licht: 0","241368","3","4","6","08","14","4","","0","0","1","1","0"
"POINT (13.412976498000035 52.382851045000052)","Unfall 241369 (2024) Kat:3, Licht: 0","241369","3","1","0","08","14","4","","0","0","0","0","0"
"POINT (13.330963586000053 52.469468293000034)","Unfall 241370 (2024) Kat:3, Licht: 0","241370","3","4","0","08","11","4","","0","0","0","1","1"
"POINT (13.294012559000066 52.534068902000058)","Unfall 241371 (2024) Kat:3, Licht: 0","241371","3","6","3","08","11","4","","0","0","1","0","1"
"POINT (13.287000969000076 52.417849586000045)","Unfall 241372 (2024) Kat:3, Licht: 0","241372","3","2","5","08","11","4","","0","0","1","0","0"
"POINT (13.348933766000073 52.515105466000080)","Unfall 241373 (2024) Kat:3, Licht: 0","241373","3","6","2","08","10","4","","0","0","1","0","1"
"POINT (13.561679014000049 52.493510472000082)","Unfall 241374 (2024) Kat:2, Licht: 0","241374","2","7","2","08","09","4","","0","0","1","0","1"
"POINT (13.314849038000034 52.499807727000075)","Unfall 241375 (2024) Kat:3, Licht: 0","241375","3","4","0","08","09","4","","0","1","0","1","0"
"POINT (13.407461300000023 52.503797784000028)","Unfall 241376 (2024) Kat:3, Licht: 0","241376","3","6","2","08","08","4","","0","1","1","0","0"
"POINT (13.414719801000047 52.508767880000050)","Unfall 241377 (2024) Kat:3, Licht: 0","241377","3","7","5","08","08","4","","0","0","0","0","1"
"POINT (13.625564762000067 52.457735041000035)","Unfall 241378 (2024) Kat:3, Licht: 0","241378","3","6","3","08","08","4","","0","0","1","0","1"
"POINT (13.318642164000039 52.498188570000082)","Unfall 241379 (2024) Kat:3, Licht: 0","241379","3","2","5","08","08","4","","0","1","1","0","0"
"POINT (13.554032126000038 52.437879511000062)","Unfall 241380 (2024) Kat:3, Licht: 0","241380","3","3","5","08","06","4","","0","0","1","0","1"
"POINT (13.313183875000050 52.571308290000047)","Unfall 241381 (2024) Kat:3, Licht: 1","241381","3","3","5","08","05","4","","1","0","1","0","0"
"POINT (13.391553339000041 52.512287183000069)","Unfall 241382 (2024) Kat:3, Licht: 2","241382","3","3","5","08","04","4","","2","1","0","0","0"
"POINT (13.181701723000060 52.437363135000055)","Unfall 241383 (2024) Kat:2, Licht: 2","241383","2","1","9","08","04","4","","2","0","1","0","0"
"POINT (13.395480641000063 52.499038330000076)","Unfall 241384 (2024) Kat:3, Licht: 0","241384","3","6","3","08","13","4","","0","0","1","0","0"
"POINT (13.429983118000052 52.551040769000053)","Unfall 241385 (2024) Kat:3, Licht: 1","241385","3","2","5","09","05","3","","1","1","0","0","0"
"POINT (13.508371754000052 52.548662238000077)","Unfall 241386 (2024) Kat:3, Licht: 0","241386","3","2","4","08","16","3","","0","0","1","0","0"
"POINT (13.380228124000041 52.532844175000037)","Unfall 241387 (2024) Kat:3, Licht: 0","241387","3","2","5","09","07","2","","0","1","0","0","0"
"POINT (13.547476534000054 52.431177030000072)","Unfall 241388 (2024) Kat:3, Licht: 0","241388","3","3","5","08","19","3","","0","0","1","0","0"
"POINT (13.385426191000022 52.468588232000059)","Unfall 241389 (2024) Kat:2, Licht: 0","241389","2","4","6","08","19","3","","0","0","1","1","0"
"POINT (13.320757238000056 52.457062683000061)","Unfall 241390 (2024) Kat:3, Licht: 0","241390","3","3","5","08","17","3","","0","1","1","0","0"
"POINT (13.330253191000054 52.513207448000060)","Unfall 241391 (2024) Kat:3, Licht: 0","241391","3","3","5","08","17","3","","0","0","1","0","1"
"POINT (13.322673505000068 52.488284764000070)","Unfall 241392 (2024) Kat:3, Licht: 0","241392","3","7","0","08","16","3","","0","0","1","0","1"
"POINT (13.388784003000069 52.517293307000045)","Unfall 241393 (2024) Kat:3, Licht: 0","241393","3","6","2","09","19","4","","0","1","1","0","0"
"POINT (13.289811499000052 52.482297148000043)","Unfall 241394 (2024) Kat:3, Licht: 0","241394","3","3","5","08","15","3","","0","1","1","0","0"
"POINT (13.281467847000044 52.511506446000055)","Unfall 241395 (2024) Kat:3, Licht: 0","241395","3","3","5","08","14","3","","0","0","1","0","1"
"POINT (13.558051350000028 52.455951901000049)","Unfall 241396 (2024) Kat:2, Licht: 0","241396","2","3","5","08","14","3","","0","1","0","0","0"
"POINT (13.306117711000070 52.592021946000045)","Unfall 241397 (2024) Kat:3, Licht: 0","241397","3","2","2","08","12","3","","0","0","1","0","1"
"POINT (13.453841921000048 52.482549476000031)","Unfall 241398 (2024) Kat:3, Licht: 0","241398","3","3","5","08","12","3","","0","1","1","0","0"
"POINT (13.320411446000037 52.481828445000076)","Unfall 241399 (2024) Kat:2, Licht: 0","241399","2","2","5","08","10","3","","0","1","1","0","0"
"POINT (13.484020654000062 52.616748659000052)","Unfall 241400 (2024) Kat:3, Licht: 0","241400","3","6","2","08","09","3","","0","0","1","0","0"
"POINT (13.626462195000045 52.524251152000033)","Unfall 241401 (2024) Kat:3, Licht: 0","241401","3","3","5","08","09","3","","0","0","1","0","0"
"POINT (13.570956517000070 52.545842381000057)","Unfall 241402 (2024) Kat:3, Licht: 0","241402","3","6","2","08","08","3","","0","0","1","0","0"
"POINT (13.421463968000069 52.465261224000074)","Unfall 241403 (2024) Kat:3, Licht: 0","241403","3","2","6","08","07","3","","0","0","1","1","0"
"POINT (13.240203138000027 52.542998039000054)","Unfall 241404 (2024) Kat:3, Licht: 0","241404","3","5","0","08","15","3","","0","0","1","0","0"
"POINT (13.378095266000059 52.541819271000065)","Unfall 241405 (2024) Kat:3, Licht: 0","241405","3","2","5","08","09","3","","0","1","1","0","0"
"POINT (13.358799241000042 52.509285332000047)","Unfall 241406 (2024) Kat:3, Licht: 0","241406","3","7","5","08","08","3","","0","1","1","0","0"
"POINT (13.208312319000072 52.561640467000075)","Unfall 241407 (2024) Kat:3, Licht: 2","241407","3","1","8","08","01","3","","2","0","1","0","0"
"POINT (13.377029700000037 52.462826584000027)","Unfall 241408 (2024) Kat:3, Licht: 0","241408","3","6","2","08","22","3","","0","1","0","0","0"
"POINT (13.426140274000034 52.558280501000070)","Unfall 241409 (2024) Kat:3, Licht: 2","241409","3","1","0","08","20","3","","2","1","0","0","0"
"POINT (13.410446084000057 52.503796598000065)","Unfall 241410 (2024) Kat:3, Licht: 0","241410","3","2","5","08","20","3","","0","1","1","0","0"
"POINT (13.407172750000029 52.536142721000033)","Unfall 241411 (2024) Kat:3, Licht: 0","241411","3","5","1","08","19","3","","0","1","1","0","0"
"POINT (13.436766093000074 52.423673717000042)","Unfall 241412 (2024) Kat:3, Licht: 0","241412","3","2","2","08","17","3","","0","0","1","0","0"
"POINT (13.501502120000055 52.498461637000048)","Unfall 241413 (2024) Kat:3, Licht: 0","241413","3","1","0","08","18","3","","0","0","0","0","1"
"POINT (13.468347612000059 52.495224124000060)","Unfall 241414 (2024) Kat:2, Licht: 0","241414","2","4","6","08","18","3","","0","1","0","1","0"
"POINT (13.452289453000049 52.452412345000027)","Unfall 241415 (2024) Kat:3, Licht: 0","241415","3","6","2","08","17","3","","0","0","1","0","0"
"POINT (13.376959708000072 52.508675488000051)","Unfall 241416 (2024) Kat:3, Licht: 0","241416","3","6","3","08","16","3","","0","1","0","0","0"
"POINT (13.320421092000061 52.476757684000063)","Unfall 241417 (2024) Kat:2, Licht: 0","241417","2","3","5","08","16","3","","0","1","1","0","0"
"POINT (13.233998004000057 52.538612577000038)","Unfall 241418 (2024) Kat:3, Licht: 0","241418","3","2","5","08","16","3","","0","1","1","0","0"
"POINT (13.281510402000038 52.476311195000051)","Unfall 241419 (2024) Kat:3, Licht: 0","241419","3","6","0","08","15","3","","0","0","1","0","0"
"POINT (13.388905825000052 52.516563105000046)","Unfall 241420 (2024) Kat:3, Licht: 0","241420","3","5","1","08","15","3","","0","1","1","0","0"
"POINT (13.412911909000059 52.546767442000032)","Unfall 241421 (2024) Kat:3, Licht: 0","241421","3","2","0","08","14","3","","0","1","0","0","0"
"POINT (13.355247475000056 52.411570172000040)","Unfall 241422 (2024) Kat:3, Licht: 0","241422","3","5","1","08","14","3","","0","1","1","0","0"
"POINT (13.580276697000045 52.501828051000075)","Unfall 241423 (2024) Kat:3, Licht: 0","241423","3","3","5","08","12","3","","0","1","0","0","0"
"POINT (13.222993279000036 52.430248095000081)","Unfall 241424 (2024) Kat:3, Licht: 0","241424","3","3","5","08","11","3","","0","1","1","0","0"
"POINT (13.405059875000063 52.439469463000080)","Unfall 241425 (2024) Kat:3, Licht: 0","241425","3","7","9","08","11","3","","0","0","1","0","0"
"POINT (13.279423722000047 52.523567232000062)","Unfall 241426 (2024) Kat:3, Licht: 0","241426","3","6","2","08","10","3","","0","0","1","0","1"
"POINT (13.382157073000030 52.436023919000036)","Unfall 241427 (2024) Kat:3, Licht: 0","241427","3","3","5","08","10","3","","0","1","1","0","0"
"POINT (13.426415978000023 52.499357894000070)","Unfall 241428 (2024) Kat:3, Licht: 0","241428","3","2","0","08","10","3","","0","1","0","0","0"
"POINT (13.407037811000066 52.525766581000028)","Unfall 241429 (2024) Kat:2, Licht: 0","241429","2","6","2","08","09","3","","0","1","1","0","0"
"POINT (13.612389058000076 52.486037043000067)","Unfall 241430 (2024) Kat:3, Licht: 0","241430","3","2","2","08","08","3","","0","1","1","0","0"
"POINT (13.342992348000053 52.525463838000064)","Unfall 241431 (2024) Kat:3, Licht: 0","241431","3","2","5","08","08","3","","0","1","1","0","0"
"POINT (13.218671804000053 52.548714537000080)","Unfall 241432 (2024) Kat:3, Licht: 0","241432","3","6","4","08","07","3","","0","1","0","0","0"
"POINT (13.204230087000042 52.540640122000070)","Unfall 241433 (2024) Kat:3, Licht: 0","241433","3","6","0","08","16","3","","0","0","1","0","1"
"POINT (13.383378100000073 52.530307967000056)","Unfall 241434 (2024) Kat:3, Licht: 0","241434","3","6","2","08","17","2","","0","0","1","0","1"
"POINT (13.497353572000065 52.535095751000028)","Unfall 241435 (2024) Kat:3, Licht: 0","241435","3","2","5","08","08","2","","0","0","1","0","1"
"POINT (13.331177911000054 52.420077685000081)","Unfall 241436 (2024) Kat:3, Licht: 2","241436","3","3","5","08","21","2","","2","1","1","0","0"
"POINT (13.161899361000053 52.551743667000039)","Unfall 241437 (2024) Kat:2, Licht: 2","241437","2","5","1","08","20","2","","2","0","1","0","1"
"POINT (13.430159571000047 52.510512555000048)","Unfall 241438 (2024) Kat:2, Licht: 0","241438","2","2","5","08","17","2","","0","1","1","0","0"
"POINT (13.435160895000024 52.418237664000060)","Unfall 241439 (2024) Kat:3, Licht: 0","241439","3","3","5","08","18","2","","0","0","1","0","0"
"POINT (13.393828085000052 52.556466207000028)","Unfall 241440 (2024) Kat:3, Licht: 0","241440","3","3","5","08","17","2","","0","0","1","0","1"
"POINT (13.531522873000029 52.442127028000073)","Unfall 241441 (2024) Kat:3, Licht: 0","241441","3","2","5","08","15","2","","0","0","1","0","0"
"POINT (13.464780746000031 52.470239911000078)","Unfall 241442 (2024) Kat:2, Licht: 0","241442","2","2","5","09","16","7","","0","0","1","0","0"
"POINT (13.416038368000045 52.520240005000062)","Unfall 241443 (2024) Kat:3, Licht: 0","241443","3","1","0","08","14","2","","0","0","0","0","1"
"POINT (13.624388849000070 52.447885502000076)","Unfall 241444 (2024) Kat:2, Licht: 0","241444","2","7","5","08","14","2","","0","0","0","0","0"
"POINT (13.246383245000061 52.538126349000038)","Unfall 241445 (2024) Kat:3, Licht: 1","241445","3","6","0","08","22","2","","1","0","1","0","0"
"POINT (13.291335029000038 52.580901591000043)","Unfall 241446 (2024) Kat:3, Licht: 0","241446","3","6","2","08","09","2","","0","0","1","0","0"
"POINT (13.414196316000073 52.508082972000068)","Unfall 241447 (2024) Kat:3, Licht: 0","241447","3","2","6","08","08","2","","0","0","0","1","0"
"POINT (13.386963050000077 52.530234901000028)","Unfall 241448 (2024) Kat:2, Licht: 2","241448","2","5","1","08","22","2","","2","0","1","0","0"
"POINT (13.401819215000046 52.528963103000081)","Unfall 241449 (2024) Kat:3, Licht: 0","241449","3","2","5","09","14","3","","0","1","1","0","0"
"POINT (13.418221514000038 52.517381111000077)","Unfall 241450 (2024) Kat:3, Licht: 2","241450","3","2","5","08","19","2","","2","1","0","0","0"
"POINT (13.442157556000041 52.483233415000029)","Unfall 241451 (2024) Kat:3, Licht: 1","241451","3","6","3","08","19","2","","1","1","1","0","0"
"POINT (13.400108072000023 52.509587900000042)","Unfall 241452 (2024) Kat:3, Licht: 0","241452","3","2","5","08","07","2","","0","1","0","0","1"
"POINT (13.165680625000050 52.551193543000068)","Unfall 241453 (2024) Kat:3, Licht: 0","241453","3","6","2","08","18","2","","0","0","1","0","1"
"POINT (13.476665619000073 52.457029335000072)","Unfall 241454 (2024) Kat:3, Licht: 0","241454","3","6","2","08","18","2","","0","0","1","0","1"
"POINT (13.603912070000035 52.485447552000039)","Unfall 241455 (2024) Kat:3, Licht: 0","241455","3","3","5","09","07","3","","0","1","1","0","0"
"POINT (13.549439139000071 52.568756613000062)","Unfall 241456 (2024) Kat:3, Licht: 0","241456","3","2","5","08","17","2","","0","1","1","0","0"
"POINT (13.231695562000027 52.539127463000057)","Unfall 241457 (2024) Kat:2, Licht: 0","241457","2","6","0","08","17","2","","0","0","1","0","0"
"POINT (13.306965942000033 52.513353129000052)","Unfall 241458 (2024) Kat:3, Licht: 0","241458","3","2","2","08","17","2","","0","0","1","0","0"
"POINT (13.238907017000031 52.443377235000071)","Unfall 241459 (2024) Kat:3, Licht: 0","241459","3","5","1","08","17","2","","0","0","1","0","0"
"POINT (13.622101324000027 52.446531345000039)","Unfall 241460 (2024) Kat:3, Licht: 0","241460","3","2","5","08","16","2","","0","1","1","0","0"
"POINT (13.332225858000072 52.425355706000062)","Unfall 241461 (2024) Kat:3, Licht: 0","241461","3","2","2","08","16","2","","0","0","1","0","0"
"POINT (13.345204740000042 52.486781943000040)","Unfall 241462 (2024) Kat:3, Licht: 0","241462","3","6","2","08","15","2","","0","0","1","0","0"
"POINT (13.423357924000072 52.463186451000070)","Unfall 241463 (2024) Kat:3, Licht: 0","241463","3","6","2","08","15","2","","0","0","1","0","1"
"POINT (13.188748692000047 52.546680160000051)","Unfall 241464 (2024) Kat:3, Licht: 0","241464","3","2","5","08","14","2","","0","1","1","0","0"
"POINT (13.387136130000044 52.504354696000064)","Unfall 241465 (2024) Kat:2, Licht: 0","241465","2","3","5","09","16","3","","0","1","0","0","1"
"POINT (13.358275539000033 52.592577849000065)","Unfall 241466 (2024) Kat:3, Licht: 0","241466","3","6","3","08","14","2","","0","0","1","0","0"
"POINT (13.352360767000050 52.564361202000043)","Unfall 241467 (2024) Kat:3, Licht: 0","241467","3","3","5","08","14","2","","0","0","1","0","0"
"POINT (13.213268085000038 52.530657569000027)","Unfall 241468 (2024) Kat:3, Licht: 0","241468","3","6","2","08","12","2","","0","0","1","0","0"
"POINT (13.459409214000061 52.562806272000046)","Unfall 241469 (2024) Kat:3, Licht: 0","241469","3","2","5","09","09","5","","0","1","0","0","0"
"POINT (13.544103184000051 52.540865552000071)","Unfall 241470 (2024) Kat:2, Licht: 0","241470","2","6","3","09","06","3","","0","0","1","0","0"
"POINT (13.264772598000036 52.419379561000028)","Unfall 241471 (2024) Kat:2, Licht: 0","241471","2","3","5","08","11","2","","0","1","1","0","0"
"POINT (13.382286726000075 52.446538336000060)","Unfall 241472 (2024) Kat:3, Licht: 0","241472","3","3","5","08","08","2","","0","1","1","0","0"
"POINT (13.499968131000060 52.459752323000032)","Unfall 241473 (2024) Kat:3, Licht: 0","241473","3","5","1","08","07","2","","0","0","1","0","1"
"POINT (13.381146245000025 52.497203550000052)","Unfall 241474 (2024) Kat:3, Licht: 0","241474","3","5","1","08","18","1","","0","0","1","0","0"
"POINT (13.627621539000074 52.450439177000078)","Unfall 241475 (2024) Kat:3, Licht: 0","241475","3","3","5","09","12","1","","0","1","1","0","0"
"POINT (13.446246979000023 52.505488087000060)","Unfall 241476 (2024) Kat:3, Licht: 0","241476","3","1","0","08","16","1","","0","0","0","0","1"
"POINT (13.459642940000037 52.525664167000059)","Unfall 241477 (2024) Kat:3, Licht: 0","241477","3","1","0","08","19","1","","0","0","0","0","0"
"POINT (13.429066127000056 52.491023466000058)","Unfall 241478 (2024) Kat:3, Licht: 0","241478","3","6","4","08","17","1","","0","1","1","0","0"
"POINT (13.182810017000065 52.512813177000055)","Unfall 241479 (2024) Kat:2, Licht: 0","241479","2","2","5","08","16","1","","0","0","1","0","1"
"POINT (13.304416814000035 52.525283529000035)","Unfall 241480 (2024) Kat:3, Licht: 0","241480","3","7","6","09","12","6","","0","0","0","1","0"
"POINT (13.381681027000070 52.552354187000049)","Unfall 241481 (2024) Kat:3, Licht: 2","241481","3","2","5","08","20","1","","2","0","1","0","0"
"POINT (13.464667284000029 52.481452541000067)","Unfall 241482 (2024) Kat:3, Licht: 0","241482","3","4","0","08","16","1","","0","0","0","1","1"
"POINT (13.311991036000052 52.506462672000055)","Unfall 241483 (2024) Kat:3, Licht: 0","241483","3","1","0","08","15","1","","0","1","0","0","0"
"POINT (13.294527246000030 52.474169676000031)","Unfall 241484 (2024) Kat:3, Licht: 0","241484","3","2","5","09","14","2","","0","0","1","0","0"
"POINT (13.467400942000040 52.497907644000065)","Unfall 241485 (2024) Kat:3, Licht: 0","241485","3","1","0","09","17","2","","0","1","0","0","1"
"POINT (13.249337276000063 52.515362610000068)","Unfall 241486 (2024) Kat:2, Licht: 0","241486","2","1","0","08","15","1","","0","1","0","0","0"
"POINT (13.297042203000046 52.526960094000060)","Unfall 241487 (2024) Kat:3, Licht: 0","241487","3","6","3","08","14","1","","0","0","1","0","1"
"POINT (13.202649789000077 52.422723637000047)","Unfall 241488 (2024) Kat:3, Licht: 0","241488","3","1","8","08","12","1","","0","0","1","0","0"
"POINT (13.446901439000044 52.426926721000029)","Unfall 241489 (2024) Kat:3, Licht: 0","241489","3","3","5","08","12","1","","0","0","1","0","0"
"POINT (13.465559106000057 52.567092335000041)","Unfall 241490 (2024) Kat:2, Licht: 0","241490","2","1","0","08","06","1","","0","0","0","0","1"
"POINT (13.404201269000055 52.485070005000068)","Unfall 241491 (2024) Kat:3, Licht: 2","241491","3","5","1","08","02","1","","2","0","1","0","0"
"POINT (13.509591066000041 52.506062021000048)","Unfall 241492 (2024) Kat:2, Licht: 2","241492","2","5","1","08","01","1","","2","0","1","0","1"
"POINT (13.358354343000030 52.536399779000078)","Unfall 241493 (2024) Kat:3, Licht: 2","241493","3","6","2","08","00","1","","2","0","1","0","0"
"POINT (13.348899804000041 52.524624101000029)","Unfall 241494 (2024) Kat:3, Licht: 2","241494","3","7","6","08","00","1","","2","0","0","1","0"