WKT,Name,OBJECTID,UKATEGORIE,UTYP1,UART,UMONAT,USTUNDE,UWOCHENTAG,STRZUSTAND,ULICHTVERH,ISTRAD,ISTPKW,ISTFUSS,ISTKRAD
"POINT (13.326511270000026 52.502852483000026)","Unfall 241495 (2024) Kat:3, Licht: 2","241495","3","6","2","08","22","7","","2","0","1","0","0"
"POINT (13.320068641000034 52.471344474000034)","Unfall 241496 (2024) Kat:3, Licht: 2","241496","3","5","1","08","22","7","","2","0","1","0","0"
"POINT (13.449257640000042 52.452348231000030)","Unfall 241497 (2024) Kat:2, Licht: 0","241497","2","3","5","09","15","4","","0","0","1","0","1"
"POINT (13.316504567000038 52.501236116000030)","Unfall 241498 (2024) Kat:3, Licht: 2","241498","3","5","1","08","22","7","","2","1","1","0","0"
"POINT (13.408484321000060 52.534641988000033)","Unfall 241499 (2024) Kat:3, Licht: 1","241499","3","2","5","08","21","7","","1","1","1","0","0"
"POINT (13.388178557000060 52.507568540000079)","Unfall 241500 (2024) Kat:3, Licht: 0","241500","3","5","1","09","12","2","","0","1","1","0","0"
"POINT (13.575331725000069 52.447498015000065)","Unfall 241501 (2024) Kat:3, Licht: 0","241501","3","1","0","08","17","7","","0","1","0","0","0"
"POINT (13.309820983000066 52.525739736000048)","Unfall 241502 (2024) Kat:2, Licht: 0","241502","2","2","5","08","15","7","","0","0","1","0","1"
"POINT (13.575840319000065 52.552074616000027)","Unfall 241503 (2024) Kat:3, Licht: 0","241503","3","7","5","08","13","2","","0","0","1","0","0"
"POINT (13.425872377000076 52.542391934000079)","Unfall 241504 (2024) Kat:3, Licht: 0","241504","3","3","5","08","15","7","","0","1","1","0","0"
"POINT (13.495812821000072 52.534120416000064)","Unfall 241505 (2024) Kat:3, Licht: 0","241505","3","6","2","08","15","7","","0","0","1","0","0"
"POINT (13.739587616000051 52.428624691000039)","Unfall 241506 (2024) Kat:2, Licht: 2","241506","2","7","6","09","20","6","","2","1","0","1","0"
"POINT (13.390390166000032 52.527823059000070)","Unfall 241507 (2024) Kat:3, Licht: 0","241507","3","5","1","08","14","7","","0","0","1","0","0"
"POINT (13.244695752000041 52.614567833000081)","Unfall 241508 (2024) Kat:3, Licht: 0","241508","3","6","2","09","07","2","","0","0","1","0","0"
"POINT (13.306145939000032 52.523177561000068)","Unfall 241509 (2024) Kat:2, Licht: 0","241509","2","1","9","08","14","7","","0","0","1","0","0"
"POINT (13.567350433000058 52.535905227000057)","Unfall 241510 (2024) Kat:3, Licht: 0","241510","3","6","2","08","13","7","","0","0","1","0","1"
"POINT (13.426456814000062 52.487520980000056)","Unfall 241511 (2024) Kat:3, Licht: 0","241511","3","4","6","08","13","7","","0","0","0","1","0"
"POINT (13.298481251000055 52.498313961000065)","Unfall 241512 (2024) Kat:3, Licht: 0","241512","3","5","1","08","12","7","","0","1","1","0","0"
"POINT (13.435067505000063 52.461329630000080)","Unfall 241513 (2024) Kat:3, Licht: 2","241513","3","3","5","09","17","1","","2","0","1","0","1"
"POINT (13.499371065000048 52.459388417000071)","Unfall 241514 (2024) Kat:2, Licht: 0","241514","2","6","2","09","13","4","","0","0","1","0","1"
"POINT (13.428684666000038 52.547564562000048)","Unfall 241515 (2024) Kat:3, Licht: 0","241515","3","6","2","08","12","7","","0","0","1","0","0"
"POINT (13.242171226000039 52.452547630000026)","Unfall 241516 (2024) Kat:3, Licht: 0","241516","3","2","0","08","11","7","","0","0","1","0","1"
"POINT (13.425752086000045 52.523283254000035)","Unfall 241517 (2024) Kat:3, Licht: 0","241517","3","6","2","08","09","7","","0","0","1","0","0"
"POINT (13.378108472000065 52.541828239000040)","Unfall 241518 (2024) Kat:3, Licht: 0","241518","3","2","5","08","09","7","","0","0","1","0","0"
"POINT (13.135649510000064 52.525817049000068)","Unfall 241519 (2024) Kat:3, Licht: 0","241519","3","3","5","08","09","7","","0","0","1","0","0"
"POINT (13.395328970000037 52.551836823000031)","Unfall 241520 (2024) Kat:3, Licht: 1","241520","3","1","1","08","04","7","","1","0","1","0","0"
"POINT (13.440585629000054 52.504781845000082)","Unfall 241521 (2024) Kat:2, Licht: 0","241521","2","2","5","09","16","5","","0","0","1","0","0"
"POINT (13.484782572000029 52.540066855000077)","Unfall 241522 (2024) Kat:3, Licht: 0","241522","3","5","1","08","13","7","","0","0","1","0","1"
"POINT (13.275429494000036 52.478433720000055)","Unfall 241523 (2024) Kat:3, Licht: 0","241523","3","3","5","08","11","7","","0","0","1","0","0"
"POINT (13.284551094000051 52.488431854000055)","Unfall 241524 (2024) Kat:2, Licht: 2","241524","2","5","1","08","00","7","","2","0","1","0","0"
"POINT (13.395324900000048 52.496087620000026)","Unfall 241525 (2024) Kat:3, Licht: 0","241525","3","3","5","08","16","7","","0","1","1","0","0"
"POINT (13.390722546000063 52.517328902000031)","Unfall 241526 (2024) Kat:3, Licht: 0","241526","3","3","5","08","17","7","","0","0","1","0","0"
"POINT (13.266506262000064 52.430622912000047)","Unfall 241527 (2024) Kat:3, Licht: 0","241527","3","2","5","08","15","7","","0","0","1","0","0"
"POINT (13.373670458000049 52.556923569000048)","Unfall 241528 (2024) Kat:3, Licht: 0","241528","3","2","5","08","14","7","","0","1","1","0","0"
"POINT (13.360907090000069 52.577006924000045)","Unfall 241529 (2024) Kat:3, Licht: 0","241529","3","2","5","08","12","7","","0","1","1","0","0"
"POINT (13.312182944000028 52.479107711000040)","Unfall 241530 (2024) Kat:3, Licht: 0","241530","3","5","1","08","12","7","","0","1","1","0","0"
"POINT (13.532090872000026 52.484113386000047)","Unfall 241531 (2024) Kat:3, Licht: 1","241531","3","3","5","08","05","7","","1","0","1","0","0"
"POINT (13.380216689000065 52.468617487000074)","Unfall 241532 (2024) Kat:3, Licht: 0","241532","3","5","1","09","16","6","","0","1","1","0","0"
"POINT (13.475548244000038 52.431330470000034)","Unfall 241533 (2024) Kat:3, Licht: 0","241533","3","7","0","08","14","6","","0","1","0","0","0"
"POINT (13.391463729000066 52.447641124000029)","Unfall 241534 (2024) Kat:3, Licht: 0","241534","3","2","5","08","18","6","","0","0","1","0","0"
"POINT (13.465727760000050 52.470746421000058)","Unfall 241535 (2024) Kat:3, Licht: 0","241535","3","6","2","08","14","6","","0","0","1","0","0"
"POINT (13.272056233000058 52.508939431000044)","Unfall 241536 (2024) Kat:3, Licht: 0","241536","3","6","3","08","11","6","","0","0","1","0","0"
"POINT (13.376994253000078 52.521106520000046)","Unfall 241537 (2024) Kat:3, Licht: 0","241537","3","7","4","08","08","6","","0","1","0","0","0"
"POINT (13.238406492000024 52.542527751000080)","Unfall 241538 (2024) Kat:3, Licht: 2","241538","3","6","2","08","22","6","","2","0","1","0","0"
"POINT (13.439786409000021 52.475904623000076)","Unfall 241539 (2024) Kat:3, Licht: 2","241539","3","4","6","08","21","6","","2","0","1","1","0"
"POINT (13.434746423000036 52.439731941000048)","Unfall 241540 (2024) Kat:3, Licht: 0","241540","3","7","3","08","20","6","","0","0","1","0","1"
"POINT (13.503472582000029 52.548887199000035)","Unfall 241541 (2024) Kat:2, Licht: 0","241541","2","4","6","08","08","2","","0","0","1","1","0"
"POINT (13.485523544000046 52.477801401000079)","Unfall 241542 (2024) Kat:3, Licht: 0","241542","3","2","2","08","16","6","","0","0","1","0","0"
"POINT (13.407760072000031 52.500020874000029)","Unfall 241543 (2024) Kat:3, Licht: 0","241543","3","2","5","08","16","6","","0","1","1","0","0"
"POINT (13.593343549000053 52.441495016000033)","Unfall 241544 (2024) Kat:2, Licht: 0","241544","2","6","2","08","15","6","","0","0","1","0","0"
"POINT (13.685619851000070 52.442957854000042)","Unfall 241545 (2024) Kat:2, Licht: 0","241545","2","3","5","08","14","6","","0","1","1","0","0"
"POINT (13.281282304000058 52.501883058000033)","Unfall 241546 (2024) Kat:3, Licht: 0","241546","3","6","2","08","10","6","","0","0","1","0","0"
"POINT (13.474880654000060 52.549713545000031)","Unfall 241547 (2024) Kat:3, Licht: 0","241547","3","3","0","08","10","6","","0","0","1","0","1"
"POINT (13.387932788000057 52.522208313000078)","Unfall 241548 (2024) Kat:3, Licht: 0","241548","3","5","1","08","19","6","","0","1","1","0","0"
"POINT (13.310989132000032 52.421395648000043)","Unfall 241549 (2024) Kat:3, Licht: 0","241549","3","6","2","09","14","5","","0","0","1","0","0"
"POINT (13.408685270000035 52.512049858000069)","Unfall 241550 (2024) Kat:2, Licht: 0","241550","2","3","5","08","14","6","","0","0","1","0","1"
"POINT (13.429097081000066 52.556365066000069)","Unfall 241551 (2024) Kat:3, Licht: 0","241551","3","2","5","08","13","6","","0","0","1","0","0"
"POINT (13.266148499000053 52.502338250000037)","Unfall 241552 (2024) Kat:3, Licht: 0","241552","3","1","0","09","09","3","","0","0","1","0","0"
"POINT (13.328306757000064 52.508005493000041)","Unfall 241553 (2024) Kat:3, Licht: 0","241553","3","2","5","08","19","6","","0","1","1","0","0"
"POINT (13.446526441000060 52.502732507000076)","Unfall 241554 (2024) Kat:3, Licht: 0","241554","3","2","5","08","09","6","","0","0","0","0","0"
"POINT (13.435360235000076 52.460180163000075)","Unfall 241555 (2024) Kat:3, Licht: 2","241555","3","2","5","08","00","6","","2","0","1","0","0"
"POINT (13.382739610000044 52.555848438000055)","Unfall 241556 (2024) Kat:3, Licht: 0","241556","3","6","3","08","15","6","","0","0","1","0","0"
"POINT (13.564925728000048 52.552421970000069)","Unfall 241557 (2024) Kat:3, Licht: 0","241557","3","5","1","08","10","2","","0","0","1","0","0"
"POINT (13.538228136000043 52.431826236000063)","Unfall 241558 (2024) Kat:3, Licht: 0","241558","3","6","2","08","15","6","","0","0","1","0","1"
"POINT (13.287124578000032 52.595368654000026)","Unfall 241559 (2024) Kat:3, Licht: 0","241559","3","6","3","08","14","6","","0","0","1","0","0"
"POINT (13.395534476000023 52.498339329000032)","Unfall 241560 (2024) Kat:3, Licht: 0","241560","3","2","5","08","13","6","","0","1","1","0","0"
"POINT (13.600497454000049 52.489910097000063)","Unfall 241561 (2024) Kat:3, Licht: 0","241561","3","7","0","08","12","6","","0","0","1","0","0"
"POINT (13.343187806000060 52.529122222000069)","Unfall 241562 (2024) Kat:3, Licht: 0","241562","3","6","2","09","13","3","","0","0","1","0","1"
"POINT (13.398719347000053 52.483849120000059)","Unfall 241563 (2024) Kat:3, Licht: 2","241563","3","6","0","08","23","6","","2","0","1","0","0"
"POINT (13.284784232000050 52.510643374000040)","Unfall 241564 (2024) Kat:3, Licht: 0","241564","3","3","5","08","09","6","","0","1","0","0","1"
"POINT (13.394473307000055 52.491660639000031)","Unfall 241565 (2024) Kat:3, Licht: 1","241565","3","2","2","08","18","6","","1","0","1","0","0"
"POINT (13.360357931000067 52.433145074000038)","Unfall 241566 (2024) Kat:3, Licht: 0","241566","3","2","6","08","14","6","","0","0","1","1","0"
"POINT (13.229248147000021 52.426423628000066)","Unfall 241567 (2024) Kat:3, Licht: 2","241567","3","2","5","08","22","6","","2","1","0","0","0"
"POINT (13.379549564000058 52.523051105000036)","Unfall 241568 (2024) Kat:3, Licht: 0","241568","3","5","1","08","16","6","","0","1","1","0","0"
"POINT (13.305473698000071 52.435040960000038)","Unfall 241569 (2024) Kat:3, Licht: 0","241569","3","2","5","08","15","6","","0","1","1","0","0"
"POINT (13.330227039000022 52.495061378000059)","Unfall 241570 (2024) Kat:3, Licht: 0","241570","3","6","2","08","11","6","","0","0","1","0","0"
"POINT (13.445580055000050 52.436934089000033)","Unfall 241571 (2024) Kat:3, Licht: 0","241571","3","3","5","08","15","6","","0","0","1","0","0"
"POINT (13.349122244000057 52.445574636000060)","Unfall 241572 (2024) Kat:3, Licht: 0","241572","3","1","0","09","08","5","","0","1","0","0","0"
"POINT (13.335371083000041 52.499347891000070)","Unfall 241573 (2024) Kat:3, Licht: 0","241573","3","3","5","08","11","6","","0","0","1","0","0"
"POINT (13.324890112000048 52.458288739000068)","Unfall 241574 (2024) Kat:3, Licht: 0","241574","3","2","5","08","09","6","","0","1","1","0","0"
"POINT (13.441547811000078 52.488828329000057)","Unfall 241575 (2024) Kat:3, Licht: 0","241575","3","6","3","08","13","6","","0","1","1","0","0"
"POINT (13.428593854000042 52.547827873000074)","Unfall 241576 (2024) Kat:3, Licht: 0","241576","3","2","5","08","12","6","","0","0","1","0","0"
"POINT (13.433879698000055 52.612083724000058)","Unfall 241577 (2024) Kat:3, Licht: 0","241577","3","3","0","08","10","7","","0","0","1","0","1"
"POINT (13.310319174000028 52.493277762000048)","Unfall 241578 (2024) Kat:2, Licht: 0","241578","2","4","6","08","11","6","","0","0","1","1","0"
"POINT (13.364809592000029 52.488139575000048)","Unfall 241579 (2024) Kat:3, Licht: 0","241579","3","3","5","08","08","6","","0","0","1","0","0"
"POINT (13.332746502000077 52.469207740000058)","Unfall 241580 (2024) Kat:3, Licht: 0","241580","3","6","3","08","11","6","","0","0","0","0","1"
"POINT (13.471037967000029 52.506977283000026)","Unfall 241581 (2024) Kat:3, Licht: 0","241581","3","2","5","08","13","7","","0","1","1","0","0"
"POINT (13.394518342000026 52.581200204000027)","Unfall 241582 (2024) Kat:3, Licht: 0","241582","3","6","3","08","08","6","","0","1","1","0","0"
"POINT (13.224691187000076 52.622666952000031)","Unfall 241583 (2024) Kat:3, Licht: 0","241583","3","3","0","08","17","5","","0","1","0","0","0"
"POINT (13.466139123000062 52.508726687000035)","Unfall 241584 (2024) Kat:3, Licht: 0","241584","3","6","2","09","12","2","","0","1","1","0","0"
"POINT (13.383931002000054 52.397383712000078)","Unfall 241585 (2024) Kat:3, Licht: 0","241585","3","5","1","09","13","6","","0","0","1","0","1"
"POINT (13.408281473000045 52.559428782000055)","Unfall 241586 (2024) Kat:3, Licht: 0","241586","3","5","1","08","15","5","","0","1","1","0","0"
"POINT (13.580574713000033 52.459885249000081)","Unfall 241587 (2024) Kat:2, Licht: 0","241587","2","4","6","08","17","5","","0","0","0","1","0"
"POINT (13.385653046000073 52.512016812000070)","Unfall 241588 (2024) Kat:2, Licht: 0","241588","2","6","2","08","19","5","","0","0","1","0","1"
"POINT (13.350064099000065 52.503407988000049)","Unfall 241589 (2024) Kat:3, Licht: 0","241589","3","6","2","08","15","5","","0","0","1","0","1"
"POINT (13.490354071000070 52.427944998000044)","Unfall 241590 (2024) Kat:3, Licht: 0","241590","3","2","5","08","13","5","","0","0","1","0","0"
"POINT (13.276281052000058 52.433541999000056)","Unfall 241591 (2024) Kat:3, Licht: 0","241591","3","2","2","08","19","5","","0","1","1","0","0"
"POINT (13.428079210000021 52.498708667000074)","Unfall 241592 (2024) Kat:3, Licht: 0","241592","3","6","3","08","17","5","","0","1","1","0","0"
"POINT (13.571446868000066 52.434791584000038)","Unfall 241593 (2024) Kat:2, Licht: 0","241593","2","7","0","08","16","5","","0","0","0","0","1"
"POINT (13.421999985000070 52.465247686000055)","Unfall 241594 (2024) Kat:3, Licht: 0","241594","3","3","5","08","15","5","","0","1","1","0","0"
"POINT (13.351047107000056 52.504158721000067)","Unfall 241595 (2024) Kat:3, Licht: 0","241595","3","6","2","08","13","5","","0","0","1","0","0"
"POINT (13.313379712000028 52.515171042000077)","Unfall 241596 (2024) Kat:3, Licht: 0","241596","3","2","5","08","12","5","","0","0","1","0","0"
"POINT (13.357189603000052 52.485043122000036)","Unfall 241597 (2024) Kat:3, Licht: 0","241597","3","5","1","09","18","3","","0","0","1","0","1"
"POINT (13.353948905000038 52.561481144000027)","Unfall 241598 (2024) Kat:3, Licht: 0","241598","3","6","2","08","11","5","","0","0","1","0","0"
"POINT (13.397276623000039 52.567121029000077)","Unfall 241599 (2024) Kat:3, Licht: 0","241599","3","6","2","08","05","5","","0","0","0","0","1"
"POINT (13.340965768000046 52.519907946000046)","Unfall 241600 (2024) Kat:3, Licht: 0","241600","3","7","2","08","17","5","","0","0","1","0","0"
"POINT (13.262320852000073 52.480646066000077)","Unfall 241601 (2024) Kat:3, Licht: 0","241601","3","5","1","08","15","5","","0","0","1","0","0"
"POINT (13.490103643000054 52.420006849000060)","Unfall 241602 (2024) Kat:3, Licht: 0","241602","3","3","5","08","14","5","","0","0","1","0","0"
"POINT (13.295373583000071 52.442753481000068)","Unfall 241603 (2024) Kat:3, Licht: 0","241603","3","1","8","08","13","5","","0","0","1","0","0"
"POINT (13.513101966000022 52.462657219000050)","Unfall 241604 (2024) Kat:3, Licht: 0","241604","3","1","0","08","12","5","","0","1","0","0","0"
"POINT (13.333777245000022 52.540858200000059)","Unfall 241605 (2024) Kat:3, Licht: 2","241605","3","7","0","09","05","1","","2","0","1","0","0"
"POINT (13.357531436000045 52.476620605000051)","Unfall 241606 (2024) Kat:2, Licht: 0","241606","2","1","0","08","10","5","","0","1","0","0","0"
"POINT (13.332459188000030 52.506056065000053)","Unfall 241607 (2024) Kat:3, Licht: 1","241607","3","2","5","08","21","5","","1","1","1","0","0"
"POINT (13.398240848000057 52.534384755000076)","Unfall 241608 (2024) Kat:3, Licht: 1","241608","3","6","2","08","19","5","","1","0","1","0","0"
"POINT (13.378229042000044 52.507628231000069)","Unfall 241609 (2024) Kat:3, Licht: 0","241609","3","1","0","08","09","5","","0","1","0","0","0"
"POINT (13.392796921000070 52.492127487000062)","Unfall 241610 (2024) Kat:2, Licht: 0","241610","2","3","0","08","17","5","","0","1","1","0","0"
"POINT (13.351864812000031 52.506947805000038)","Unfall 241611 (2024) Kat:3, Licht: 0","241611","3","6","0","08","16","5","","0","0","1","0","1"
"POINT (13.452615866000031 52.527812833000041)","Unfall 241612 (2024) Kat:3, Licht: 0","241612","3","6","4","08","15","5","","0","1","0","0","0"
"POINT (13.384858934000022 52.484978609000052)","Unfall 241613 (2024) Kat:3, Licht: 0","241613","3","6","2","08","14","5","","0","0","1","0","0"
"POINT (13.432276615000035 52.554376165000065)","Unfall 241614 (2024) Kat:2, Licht: 0","241614","2","1","0","08","13","5","","0","1","0","0","0"
"POINT (13.390285824000046 52.508593101000031)","Unfall 241615 (2024) Kat:3, Licht: 0","241615","3","3","5","09","13","6","","0","0","1","0","0"
"POINT (13.244531918000064 52.515430398000035)","Unfall 241616 (2024) Kat:3, Licht: 0","241616","3","5","0","08","12","5","","0","0","1","0","1"
"POINT (13.378805419000059 52.527355125000042)","Unfall 241617 (2024) Kat:3, Licht: 0","241617","3","7","6","08","11","5","","0","0","1","1","0"
"POINT (13.290773459000036 52.489633079000043)","Unfall 241618 (2024) Kat:3, Licht: 2","241618","3","1","1","08","04","5","","2","0","1","0","0"
"POINT (13.495307227000069 52.431653820000065)","Unfall 241619 (2024) Kat:1, Licht: 0","241619","1","2","5","08","20","5","","0","0","1","0","0"
"POINT (13.171897698000066 52.518126602000052)","Unfall 241620 (2024) Kat:3, Licht: 0","241620","3","6","2","08","16","4","","0","0","1","0","0"
"POINT (13.365194421000069 52.556794431000071)","Unfall 241621 (2024) Kat:3, Licht: 0","241621","3","6","2","08","14","4","","0","0","1","0","1"
"POINT (13.376241849000053 52.538273868000033)","Unfall 241622 (2024) Kat:3, Licht: 0","241622","3","5","1","08","12","4","","0","1","1","0","0"
"POINT (13.198285975000033 52.435344306000047)","Unfall 241623 (2024) Kat:3, Licht: 0","241623","3","5","1","08","19","4","","0","1","1","0","0"
"POINT (13.358962182000027 52.494370595000078)","Unfall 241624 (2024) Kat:3, Licht: 0","241624","3","2","5","08","18","4","","0","1","1","0","0"
"POINT (13.423860822000051 52.452210004000051)","Unfall 241625 (2024) Kat:3, Licht: 0","241625","3","1","0","09","14","6","","0","0","0","0","1"
"POINT (13.424013158000037 52.509002312000064)","Unfall 241626 (2024) Kat:3, Licht: 0","241626","3","5","1","08","18","4","","0","1","1","0","0"
"POINT (13.379495979000069 52.492466264000029)","Unfall 241627 (2024) Kat:3, Licht: 0","241627","3","2","2","09","12","3","","0","0","1","0","0"
"POINT (13.334507162000023 52.455644173000053)","Unfall 241628 (2024) Kat:3, Licht: 0","241628","3","7","2","08","18","4","","0","0","1","0","1"
"POINT (13.397934356000064 52.490876848000028)","Unfall 241629 (2024) Kat:3, Licht: 0","241629","3","2","5","08","10","4","","0","1","1","0","0"
"POINT (13.385695416000033 52.507427379000035)","Unfall 241630 (2024) Kat:3, Licht: 0","241630","3","3","5","08","07","4","","0","1","1","0","0"
"POINT (13.428793953000024 52.455555443000037)","Unfall 241631 (2024) Kat:3, Licht: 0","241631","3","3","5","08","14","4","","0","0","1","0","0"
"POINT (13.477136170000051 52.522985986000037)","Unfall 241632 (2024) Kat:3, Licht: 0","241632","3","7","2","08","06","4","","0","0","0","0","1"
"POINT (13.484638797000059 52.513901853000050)","Unfall 241633 (2024) Kat:3, Licht: 0","241633","3","3","5","08","14","4","","0","0","1","0","1"
"POINT (13.414933339000072 52.553547328000036)","Unfall 241634 (2024) Kat:3, Licht: 0","241634","3","6","3","08","14","4","","0","1","0","0","0"
"POINT (13.266067164000049 52.428583501000048)","Unfall 241635 (2024) Kat:3, Licht: 0","241635","3","3","5","08","13","4","","0","1","1","0","0"
"POINT (13.401980932000072 52.528967934000036)","Unfall 241636 (2024) Kat:3, Licht: 0","241636","3","6","2","08","09","4","","0","1","1","0","0"
"POINT (13.379289165000046 52.540561460000049)","Unfall 241637 (2024) Kat:3, Licht: 0","241637","3","3","5","08","09","4","","0","1","1","0","0"
"POINT (13.328348088000041 52.534355438000034)","Unfall 241638 (2024) Kat:3, Licht: 0","241638","3","3","5","08","09","4","","0","1","1","0","0"
"POINT (13.404272628000058 52.581486045000077)","Unfall 241639 (2024) Kat:3, Licht: 0","241639","3","2","5","08","16","4","","0","1","1","0","0"
"POINT (13.330277933000048 52.495377201000053)","Unfall 241640 (2024) Kat:2, Licht: 2","241640","2","1","0","08","01","4","","2","1","0","0","0"
"POINT (13.162304530000029 52.551819409000075)","Unfall 241641 (2024) Kat:3, Licht: 0","241641","3","4","6","08","08","4","","0","0","0","1","0"
"POINT (13.450518574000057 52.476466248000065)","Unfall 241642 (2024) Kat:3, Licht: 2","241642","3","1","1","08","21","4","","2","0","1","0","0"
"POINT (13.312271817000067 52.604636461000041)","Unfall 241643 (2024) Kat:3, Licht: 0","241643","3","2","5","09","13","1","","0","0","1","0","0"
"POINT (13.434925595000038 52.481213023000066)","Unfall 241644 (2024) Kat:3, Licht: 1","241644","3","4","0","08","20","4","","1","0","0","1","0"
"POINT (13.345972576000065 52.498832260000029)","Unfall 241645 (2024) Kat:3, Licht: 0","241645","3","2","5","08","16","4","","0","0","1","0","1"
"POINT (13.376942052000061 52.559087177000038)","Unfall 241646 (2024) Kat:3, Licht: 0","241646","3","7","5","08","14","4","","0","0","1","0","0"
"POINT (13.323349934000078 52.510890124000071)","Unfall 241647 (2024) Kat:3, Licht: 2","241647","3","2","5","08","22","6","","2","0","1","0","1"
"POINT (13.454218610000055 52.562144082000032)","Unfall 241648 (2024) Kat:3, Licht: 0","241648","3","2","5","08","14","4","","0","1","1","0","0"
"POINT (13.574174500000026 52.466758977000040)","Unfall 241649 (2024) Kat:3, Licht: 0","241649","3","3","5","08","10","4","","0","1","1","0","0"
"POINT (13.259179909000068 52.430805996000061)","Unfall 241650 (2024) Kat:3, Licht: 0","241650","3","2","5","08","10","4","","0","1","1","0","0"
"POINT (13.528561055000068 52.412207106000039)","Unfall 241651 (2024) Kat:3, Licht: 0","241651","3","5","1","08","07","4","","0","0","1","0","0"
"POINT (13.445421156000066 52.532231169000056)","Unfall 241652 (2024) Kat:3, Licht: 0","241652","3","3","5","08","07","4","","0","1","1","0","0"
"POINT (13.283855076000066 52.494001732000072)","Unfall 241653 (2024) Kat:3, Licht: 0","241653","3","2","0","08","12","4","","0","0","1","0","0"
"POINT (13.493767597000044 52.615470891000029)","Unfall 241654 (2024) Kat:3, Licht: 0","241654","3","4","6","08","17","3","","0","0","0","1","0"
"POINT (13.451727853000023 52.542804146000037)","Unfall 241655 (2024) Kat:3, Licht: 0","241655","3","4","6","08","13","3","","0","0","1","1","0"
"POINT (13.499462574000063 52.537414043000069)","Unfall 241656 (2024) Kat:3, Licht: 1","241656","3","6","2","08","21","3","","1","0","1","0","0"
"POINT (13.380685210000024 52.511028367000051)","Unfall 241657 (2024) Kat:3, Licht: 0","241657","3","5","1","09","05","2","","0","1","1","0","0"
"POINT (13.318802098000049 52.496166754000058)","Unfall 241658 (2024) Kat:3, Licht: 0","241658","3","5","1","08","17","3","","0","1","1","0","0"
"POINT (13.328572229000031 52.522078746000034)","Unfall 241659 (2024) Kat:3, Licht: 0","241659","3","6","4","08","17","3","","0","0","1","0","1"
"POINT (13.526912850000031 52.428933592000078)","Unfall 241660 (2024) Kat:3, Licht: 0","241660","3","3","5","08","17","3","","0","1","0","0","0"
"POINT (13.333129580000048 52.589890114000070)","Unfall 241661 (2024) Kat:3, Licht: 0","241661","3","5","1","09","14","5","","0","0","1","0","0"
"POINT (13.481274982000059 52.518977624000058)","Unfall 241662 (2024) Kat:3, Licht: 0","241662","3","6","2","08","17","3","","0","0","1","0","1"
"POINT (13.517773457000033 52.525908419000075)","Unfall 241663 (2024) Kat:2, Licht: 0","241663","2","3","5","08","15","3","","0","1","1","0","0"
"POINT (13.351296658000024 52.504410911000036)","Unfall 241664 (2024) Kat:3, Licht: 0","241664","3","2","5","09","13","4","","0","0","1","0","0"
"POINT (13.598915489000035 52.528338132000044)","Unfall 241665 (2024) Kat:3, Licht: 0","241665","3","3","5","08","14","3","","0","0","1","0","0"
"POINT (13.332281736000027 52.599396090000027)","Unfall 241666 (2024) Kat:3, Licht: 0","241666","3","2","2","08","11","3","","0","1","1","0","0"
"POINT (13.343863636000037 52.428026984000041)","Unfall 241667 (2024) Kat:2, Licht: 0","241667","2","1","0","08","10","3","","0","1","0","0","0"
"POINT (13.526780125000073 52.556207367000070)","Unfall 241668 (2024) Kat:2, Licht: 0","241668","2","2","5","09","13","4","","0","1","1","0","0"
"POINT (13.341095161000055 52.435229380000067)","Unfall 241669 (2024) Kat:2, Licht: 0","241669","2","3","5","08","10","5","","0","0","1","0","0"
"POINT (13.274310009000033 52.508069275000082)","Unfall 241670 (2024) Kat:3, Licht: 0","241670","3","7","6","08","09","3","","0","0","0","1","0"
"POINT (13.250707383000076 52.418508121000059)","Unfall 241671 (2024) Kat:3, Licht: 0","241671","3","3","0","08","08","3","","0","1","1","0","0"
"POINT (13.213015169000073 52.538443554000082)","Unfall 241672 (2024) Kat:3, Licht: 0","241672","3","6","2","08","08","3","","0","0","1","0","0"
"POINT (13.446884552000029 52.421679486000073)","Unfall 241673 (2024) Kat:2, Licht: 0","241673","2","2","5","08","06","3","","0","0","1","0","1"
"POINT (13.408142379000026 52.534310634000065)","Unfall 241674 (2024) Kat:3, Licht: 1","241674","3","2","5","08","20","3","","1","1","1","0","0"
"POINT (13.558660905000067 52.553868228000056)","Unfall 241675 (2024) Kat:3, Licht: 0","241675","3","3","5","08","19","3","","0","0","1","0","0"
"POINT (13.440853995000055 52.482247033000078)","Unfall 241676 (2024) Kat:3, Licht: 0","241676","3","5","0","08","19","3","","0","0","1","0","1"
"POINT (13.314832778000039 52.499716064000040)","Unfall 241677 (2024) Kat:3, Licht: 0","241677","3","3","5","08","18","3","","0","1","1","0","0"
"POINT (13.361649006000050 52.544906404000074)","Unfall 241678 (2024) Kat:3, Licht: 0","241678","3","2","5","08","17","3","","0","1","1","0","0"
"POINT (13.301625196000032 52.569245460000047)","Unfall 241679 (2024) Kat:2, Licht: 0","241679","2","2","0","08","17","3","","0","1","1","0","0"
"POINT (13.562392290000048 52.456834804000039)","Unfall 241680 (2024) Kat:3, Licht: 0","241680","3","6","2","09","11","7","","0","0","1","0","1"
"POINT (13.381494809000060 52.552184575000069)","Unfall 241681 (2024) Kat:3, Licht: 0","241681","3","2","5","09","15","7","","0","1","1","0","0"