WKT,Name,OBJECTID,UKATEGORIE,UTYP1,UART,UMONAT,USTUNDE,UWOCHENTAG,STRZUSTAND,ULICHTVERH,ISTRAD,ISTPKW,ISTFUSS,ISTKRAD
"POINT (13.247105288000057 52.467570397000031)","Unfall 241682 (2024) Kat:3, Licht: 0","241682","3","6","2","08","16","3","","0","0","1","0","0"
"POINT (13.398174643000061 52.523728009000081)","Unfall 241683 (2024) Kat:3, Licht: 0","241683","3","1","0","09","12","7","","0","1","0","0","0"
"POINT (13.391883494000069 52.552546906000032)","Unfall 241684 (2024) Kat:3, Licht: 0","241684","3","3","5","08","16","3","","0","0","1","0","0"
"POINT (13.228359237000063 52.508220027000050)","Unfall 241685 (2024) Kat:3, Licht: 0","241685","3","6","2","08","16","3","","0","1","1","0","0"
"POINT (13.441558627000063 52.532240794000074)","Unfall 241686 (2024) Kat:3, Licht: 0","241686","3","2","5","08","16","3","","0","0","1","0","0"
"POINT (13.153514019000056 52.553412241000046)","Unfall 241687 (2024) Kat:2, Licht: 0","241687","2","2","5","08","15","3","","0","0","1","0","1"
"POINT (13.498724318000029 52.544590220000032)","Unfall 241688 (2024) Kat:3, Licht: 0","241688","3","7","3","08","14","3","","0","0","1","0","0"
"POINT (13.573890017000053 52.546634327000049)","Unfall 241689 (2024) Kat:3, Licht: 0","241689","3","6","3","08","14","3","","0","0","1","0","1"
"POINT (13.366300522000074 52.525612579000040)","Unfall 241690 (2024) Kat:3, Licht: 0","241690","3","6","3","08","13","3","","0","0","1","0","0"
"POINT (13.148300195000047 52.532827384000029)","Unfall 241691 (2024) Kat:2, Licht: 0","241691","2","5","0","08","11","3","","0","0","1","0","0"
"POINT (13.429089658000066 52.556395006000059)","Unfall 241692 (2024) Kat:3, Licht: 0","241692","3","2","5","08","11","3","","0","0","1","0","0"
"POINT (13.515674915000034 52.557920488000036)","Unfall 241693 (2024) Kat:3, Licht: 0","241693","3","3","5","08","10","3","","0","1","1","0","0"
"POINT (13.441360991000067 52.467543148000061)","Unfall 241694 (2024) Kat:3, Licht: 1","241694","3","6","3","09","19","7","","1","1","1","0","0"
"POINT (13.504883379000034 52.563373271000046)","Unfall 241695 (2024) Kat:3, Licht: 0","241695","3","2","5","08","10","3","","0","1","1","0","0"
"POINT (13.407861191000052 52.583416641000042)","Unfall 241696 (2024) Kat:3, Licht: 0","241696","3","5","1","08","10","3","","0","0","1","0","0"
"POINT (13.433449618000054 52.452584379000029)","Unfall 241697 (2024) Kat:3, Licht: 0","241697","3","6","2","08","10","3","","0","0","1","0","1"
"POINT (13.438684391000038 52.499928695000051)","Unfall 241698 (2024) Kat:3, Licht: 0","241698","3","7","5","09","08","3","","0","0","1","0","1"
"POINT (13.320105656000067 52.471759833000078)","Unfall 241699 (2024) Kat:3, Licht: 0","241699","3","6","3","08","10","3","","0","1","1","0","0"
"POINT (13.440888666000035 52.504787894000060)","Unfall 241700 (2024) Kat:3, Licht: 0","241700","3","2","5","08","09","3","","0","1","1","0","0"
"POINT (13.339979827000036 52.503837165000050)","Unfall 241701 (2024) Kat:3, Licht: 0","241701","3","5","1","08","07","3","","0","1","0","0","0"
"POINT (13.499696473000029 52.534502945000042)","Unfall 241702 (2024) Kat:2, Licht: 0","241702","2","3","5","08","18","2","","0","1","0","0","0"
"POINT (13.517772408000042 52.535376793000069)","Unfall 241703 (2024) Kat:3, Licht: 0","241703","3","2","5","08","17","2","","0","1","1","0","0"
"POINT (13.561639091000075 52.503274527000031)","Unfall 241704 (2024) Kat:3, Licht: 0","241704","3","6","3","08","07","2","","0","0","1","0","1"
"POINT (13.408793461000073 52.528828378000071)","Unfall 241705 (2024) Kat:3, Licht: 1","241705","3","6","2","08","19","2","","1","1","1","0","0"
"POINT (13.443468096000061 52.464193148000049)","Unfall 241706 (2024) Kat:3, Licht: 0","241706","3","3","5","08","18","2","","0","1","1","0","0"
"POINT (13.285821839000050 52.573826677000056)","Unfall 241707 (2024) Kat:3, Licht: 2","241707","3","1","0","09","20","5","","2","1","0","0","0"
"POINT (13.472050023000065 52.532045136000079)","Unfall 241708 (2024) Kat:2, Licht: 0","241708","2","1","0","08","17","4","","0","0","0","0","1"
"POINT (13.328242324000030 52.477271648000055)","Unfall 241709 (2024) Kat:3, Licht: 0","241709","3","2","6","08","18","2","","0","1","1","1","0"
"POINT (13.567121935000046 52.569935266000073)","Unfall 241710 (2024) Kat:3, Licht: 0","241710","3","6","2","08","16","1","","0","0","1","0","0"
"POINT (13.536229559000049 52.525810604000071)","Unfall 241711 (2024) Kat:3, Licht: 2","241711","3","1","0","08","21","2","","2","0","0","0","0"
"POINT (13.358825990000071 52.546113029000026)","Unfall 241712 (2024) Kat:3, Licht: 0","241712","3","6","3","09","18","6","","0","0","1","0","0"
"POINT (13.299273959000061 52.523998722000044)","Unfall 241713 (2024) Kat:3, Licht: 2","241713","3","7","6","08","21","2","","2","0","1","1","0"
"POINT (13.197541116000025 52.531711098000073)","Unfall 241714 (2024) Kat:3, Licht: 0","241714","3","3","5","08","17","2","","0","1","1","0","0"
"POINT (13.331491807000077 52.527169158000049)","Unfall 241715 (2024) Kat:3, Licht: 0","241715","3","6","3","08","17","2","","0","0","1","0","1"
"POINT (13.325104457000066 52.428106473000071)","Unfall 241716 (2024) Kat:3, Licht: 0","241716","3","2","0","08","15","2","","0","1","0","0","0"
"POINT (13.553522715000042 52.427286442000081)","Unfall 241717 (2024) Kat:3, Licht: 2","241717","3","7","5","09","21","6","","2","0","1","0","0"
"POINT (13.256484142000033 52.486218028000053)","Unfall 241718 (2024) Kat:3, Licht: 0","241718","3","2","2","08","17","2","","0","1","1","0","0"
"POINT (13.418021653000039 52.525727373000052)","Unfall 241719 (2024) Kat:3, Licht: 0","241719","3","1","0","08","18","2","","0","1","0","0","0"
"POINT (13.362067842000044 52.497955143000070)","Unfall 241720 (2024) Kat:3, Licht: 0","241720","3","3","5","08","17","2","","0","0","1","0","1"
"POINT (13.436882708000041 52.510215668000058)","Unfall 241721 (2024) Kat:3, Licht: 0","241721","3","6","2","08","17","2","","0","0","1","0","0"
"POINT (13.295973756000024 52.481170421000058)","Unfall 241722 (2024) Kat:3, Licht: 0","241722","3","3","5","08","16","2","","0","1","1","0","0"
"POINT (13.576290499000038 52.454639784000051)","Unfall 241723 (2024) Kat:3, Licht: 0","241723","3","2","5","08","16","2","","0","1","1","0","0"
"POINT (13.344529240000043 52.613815052000064)","Unfall 241724 (2024) Kat:3, Licht: 0","241724","3","6","2","08","16","2","","0","1","1","0","0"
"POINT (13.198193174000039 52.533027525000080)","Unfall 241725 (2024) Kat:2, Licht: 0","241725","2","2","6","08","16","2","","0","0","1","1","0"
"POINT (13.435141190000024 52.426825299000029)","Unfall 241726 (2024) Kat:2, Licht: 0","241726","2","6","3","08","16","2","","0","1","0","0","0"
"POINT (13.417334314000072 52.490608531000078)","Unfall 241727 (2024) Kat:3, Licht: 0","241727","3","4","6","08","14","2","","0","0","0","1","0"
"POINT (13.217609255000070 52.611194234000038)","Unfall 241728 (2024) Kat:3, Licht: 0","241728","3","3","5","08","15","2","","0","0","1","0","1"
"POINT (13.143095288000040 52.453181181000048)","Unfall 241729 (2024) Kat:3, Licht: 0","241729","3","7","1","08","15","2","","0","0","1","0","0"
"POINT (13.531096606000062 52.462233069000035)","Unfall 241730 (2024) Kat:3, Licht: 0","241730","3","7","2","08","15","2","","0","0","1","0","0"
"POINT (13.526725598000041 52.492710046000070)","Unfall 241731 (2024) Kat:3, Licht: 0","241731","3","4","6","09","09","2","","0","0","0","1","0"
"POINT (13.585515175000069 52.426895052000077)","Unfall 241732 (2024) Kat:3, Licht: 0","241732","3","6","2","08","14","2","","0","0","1","0","1"
"POINT (13.329722467000067 52.523665314000027)","Unfall 241733 (2024) Kat:3, Licht: 0","241733","3","3","5","08","14","2","","0","1","0","0","1"
"POINT (13.496491133000063 52.537489780000044)","Unfall 241734 (2024) Kat:3, Licht: 0","241734","3","5","1","08","13","2","","0","0","1","0","1"
"POINT (13.442014145000030 52.550282150000044)","Unfall 241735 (2024) Kat:3, Licht: 0","241735","3","3","5","09","15","4","","0","1","1","0","0"
"POINT (13.327275474000032 52.486629058000062)","Unfall 241736 (2024) Kat:3, Licht: 0","241736","3","7","5","08","13","2","","0","1","1","0","0"
"POINT (13.427834029000053 52.518136381000033)","Unfall 241737 (2024) Kat:3, Licht: 0","241737","3","6","3","08","13","2","","0","1","0","0","0"
"POINT (13.506725486000050 52.563942535000081)","Unfall 241738 (2024) Kat:3, Licht: 0","241738","3","3","5","09","17","3","","0","0","1","0","0"
"POINT (13.429182948000062 52.571977621000030)","Unfall 241739 (2024) Kat:3, Licht: 0","241739","3","6","2","08","11","2","","0","0","1","0","0"
"POINT (13.326489697000056 52.502848004000043)","Unfall 241740 (2024) Kat:3, Licht: 0","241740","3","6","2","08","10","2","","0","0","1","0","0"
"POINT (13.335237309000036 52.464534297000057)","Unfall 241741 (2024) Kat:3, Licht: 0","241741","3","5","1","08","11","2","","0","0","1","0","0"
"POINT (13.331044296000073 52.516188422000027)","Unfall 241742 (2024) Kat:3, Licht: 0","241742","3","2","5","08","08","2","","0","0","1","0","1"
"POINT (13.456807538000021 52.550756410000076)","Unfall 241743 (2024) Kat:3, Licht: 0","241743","3","2","2","08","08","2","","0","0","1","0","1"
"POINT (13.229082099000038 52.538076682000053)","Unfall 241744 (2024) Kat:2, Licht: 0","241744","2","6","2","08","08","2","","0","0","0","0","0"
"POINT (13.430016676000037 52.472025354000039)","Unfall 241745 (2024) Kat:2, Licht: 0","241745","2","5","1","08","07","2","","0","0","1","0","1"
"POINT (13.343408275000058 52.526224179000053)","Unfall 241746 (2024) Kat:3, Licht: 0","241746","3","3","5","08","11","2","","0","1","0","0","0"
"POINT (13.450015937000046 52.445728176000046)","Unfall 241747 (2024) Kat:3, Licht: 0","241747","3","3","5","08","10","2","","0","0","1","0","0"
"POINT (13.427185570000063 52.475218671000050)","Unfall 241748 (2024) Kat:3, Licht: 0","241748","3","3","5","08","17","2","","0","1","0","0","0"
"POINT (13.359136193000040 52.536763966000080)","Unfall 241749 (2024) Kat:1, Licht: 0","241749","1","7","4","08","16","2","","0","1","0","0","0"
"POINT (13.593823513000075 52.446283123000057)","Unfall 241750 (2024) Kat:3, Licht: 0","241750","3","7","0","08","14","1","","0","1","0","0","0"
"POINT (13.417740748000028 52.538319130000048)","Unfall 241751 (2024) Kat:3, Licht: 2","241751","3","3","5","09","03","7","","2","0","1","0","0"
"POINT (13.519645612000033 52.505889374000049)","Unfall 241752 (2024) Kat:3, Licht: 0","241752","3","6","3","08","17","1","","0","0","1","0","0"
"POINT (13.508929638000041 52.402701025000056)","Unfall 241753 (2024) Kat:3, Licht: 0","241753","3","3","5","08","15","1","","0","0","1","0","0"
"POINT (13.357588083000053 52.592540293000070)","Unfall 241754 (2024) Kat:3, Licht: 0","241754","3","6","2","08","12","3","","0","0","1","0","0"
"POINT (13.378253970000060 52.467154876000052)","Unfall 241755 (2024) Kat:3, Licht: 0","241755","3","3","5","08","16","1","","0","0","1","0","0"
"POINT (13.500879696000027 52.561072901000045)","Unfall 241756 (2024) Kat:3, Licht: 0","241756","3","4","6","08","10","2","","0","0","1","1","0"
"POINT (13.401301273000058 52.515961868000034)","Unfall 241757 (2024) Kat:3, Licht: 0","241757","3","1","0","08","15","1","","0","0","0","0","1"
"POINT (13.499660783000024 52.534711233000053)","Unfall 241758 (2024) Kat:3, Licht: 0","241758","3","6","2","08","14","1","","0","0","1","0","0"
"POINT (13.375440225000034 52.455438999000080)","Unfall 241759 (2024) Kat:3, Licht: 0","241759","3","3","5","08","10","1","","0","0","1","0","0"
"POINT (13.337612080000042 52.499307969000029)","Unfall 241760 (2024) Kat:3, Licht: 1","241760","3","3","5","09","20","1","","1","1","1","0","0"
"POINT (13.430477670000073 52.469130484000061)","Unfall 241761 (2024) Kat:3, Licht: 0","241761","3","1","8","08","06","1","","0","0","1","0","0"
"POINT (13.405368756000030 52.505144387000030)","Unfall 241762 (2024) Kat:3, Licht: 2","241762","3","2","2","08","03","1","","2","0","1","0","1"
"POINT (13.395284361000051 52.524380725000071)","Unfall 241763 (2024) Kat:3, Licht: 2","241763","3","7","0","08","21","1","","2","1","0","0","0"
"POINT (13.401357663000056 52.533181862000049)","Unfall 241764 (2024) Kat:2, Licht: 0","241764","2","1","0","08","18","1","","0","1","0","0","0"
"POINT (13.265477258000033 52.410311203000049)","Unfall 241765 (2024) Kat:3, Licht: 0","241765","3","7","6","08","12","1","","0","0","0","1","0"
"POINT (13.327166911000063 52.494689492000077)","Unfall 241766 (2024) Kat:3, Licht: 0","241766","3","3","5","08","10","1","","0","0","1","0","0"
"POINT (13.427749435000067 52.420831994000082)","Unfall 241767 (2024) Kat:2, Licht: 0","241767","2","3","0","08","16","1","","0","0","1","0","1"
"POINT (13.588424118000034 52.428306801000076)","Unfall 241768 (2024) Kat:3, Licht: 2","241768","3","5","1","08","00","1","","2","1","1","0","0"
"POINT (13.382396095000047 52.531096917000070)","Unfall 241769 (2024) Kat:3, Licht: 0","241769","3","6","2","08","18","7","","0","0","1","0","0"
"POINT (13.376884413000028 52.511642660000064)","Unfall 241770 (2024) Kat:3, Licht: 1","241770","3","7","6","08","19","7","","1","0","0","1","0"
"POINT (13.447844184000076 52.519618718000061)","Unfall 241771 (2024) Kat:3, Licht: 0","241771","3","7","6","09","15","1","","0","0","1","1","0"
"POINT (13.429336179000074 52.476512561000050)","Unfall 241772 (2024) Kat:3, Licht: 0","241772","3","7","0","08","15","7","","0","1","0","0","0"
"POINT (13.477002541000047 52.460167281000054)","Unfall 241773 (2024) Kat:3, Licht: 0","241773","3","6","0","08","16","7","","0","1","1","0","0"
"POINT (13.413177394000058 52.547681066000052)","Unfall 241774 (2024) Kat:3, Licht: 0","241774","3","2","5","08","08","7","","0","1","1","0","0"
"POINT (13.477409639000030 52.533200595000039)","Unfall 241775 (2024) Kat:3, Licht: 2","241775","3","7","6","08","22","7","","2","0","0","1","0"
"POINT (13.175781368000060 52.524397691000047)","Unfall 241776 (2024) Kat:3, Licht: 2","241776","3","6","2","08","21","7","","2","0","1","0","1"
"POINT (13.422806499000046 52.607045445000040)","Unfall 241777 (2024) Kat:3, Licht: 0","241777","3","7","6","08","19","7","","0","1","0","1","0"
"POINT (13.348374305000050 52.459124434000046)","Unfall 241778 (2024) Kat:3, Licht: 0","241778","3","2","5","08","17","7","","0","1","1","0","0"
"POINT (13.370436544000029 52.436480159000041)","Unfall 241779 (2024) Kat:3, Licht: 0","241779","3","6","2","09","11","2","","0","0","1","0","0"
"POINT (13.458462108000049 52.473484998000060)","Unfall 241780 (2024) Kat:3, Licht: 0","241780","3","7","0","08","16","7","","0","0","1","0","0"
"POINT (13.331114941000067 52.506720079000047)","Unfall 241781 (2024) Kat:3, Licht: 0","241781","3","6","3","08","16","7","","0","0","1","0","1"
"POINT (13.334519584000077 52.498505802000068)","Unfall 241782 (2024) Kat:3, Licht: 0","241782","3","3","5","08","15","7","","0","1","1","0","0"
"POINT (13.353998663000027 52.526538301000073)","Unfall 241783 (2024) Kat:2, Licht: 0","241783","2","6","3","08","15","7","","0","0","1","0","0"
"POINT (13.348987499000032 52.504823842000064)","Unfall 241784 (2024) Kat:3, Licht: 0","241784","3","3","5","08","15","7","","0","0","1","0","0"
"POINT (13.371515043000045 52.492538404000072)","Unfall 241785 (2024) Kat:3, Licht: 0","241785","3","6","2","08","12","7","","0","0","1","0","1"
"POINT (13.518840763000071 52.509077009000066)","Unfall 241786 (2024) Kat:3, Licht: 0","241786","3","6","2","08","12","7","","0","0","1","0","0"
"POINT (13.375926912000068 52.560737015000029)","Unfall 241787 (2024) Kat:3, Licht: 1","241787","3","5","1","08","04","7","","1","0","1","0","0"
"POINT (13.270888340000056 52.499089328000082)","Unfall 241788 (2024) Kat:3, Licht: 0","241788","3","4","6","09","12","4","","0","0","0","1","0"
"POINT (13.297462780000046 52.498121265000066)","Unfall 241789 (2024) Kat:3, Licht: 0","241789","3","6","2","08","08","7","","0","0","1","0","0"
"POINT (13.386025826000036 52.558247300000062)","Unfall 241790 (2024) Kat:3, Licht: 2","241790","3","1","0","08","21","3","","2","1","0","0","0"
"POINT (13.413169535000065 52.502955928000063)","Unfall 241791 (2024) Kat:3, Licht: 2","241791","3","3","5","08","23","7","","2","0","1","0","0"
"POINT (13.350087961000042 52.549737191000077)","Unfall 241792 (2024) Kat:3, Licht: 2","241792","3","2","5","08","22","7","","2","1","1","0","0"
"POINT (13.326102661000050 52.538363099000037)","Unfall 241793 (2024) Kat:3, Licht: 0","241793","3","2","5","09","13","2","","0","0","1","0","0"
"POINT (13.231453490000035 52.509246387000076)","Unfall 241794 (2024) Kat:2, Licht: 0","241794","2","2","5","08","16","7","","0","0","1","0","1"
"POINT (13.205388845000073 52.539528966000034)","Unfall 241795 (2024) Kat:2, Licht: 0","241795","2","3","5","08","16","7","","0","1","1","0","0"
"POINT (13.411739921000049 52.523965002000068)","Unfall 241796 (2024) Kat:3, Licht: 2","241796","3","2","5","08","03","7","","2","0","1","0","1"
"POINT (13.335545835000062 52.499523105000037)","Unfall 241797 (2024) Kat:3, Licht: 0","241797","3","6","0","08","14","7","","0","0","1","0","1"
"POINT (13.315749698000047 52.443553060000056)","Unfall 241798 (2024) Kat:3, Licht: 0","241798","3","6","2","08","16","6","","0","0","1","0","0"
"POINT (13.188030884000057 52.507092879000027)","Unfall 241799 (2024) Kat:2, Licht: 2","241799","2","5","1","08","21","6","","2","1","1","0","0"
"POINT (13.185122857000067 52.534203520000062)","Unfall 241800 (2024) Kat:3, Licht: 0","241800","3","2","3","08","19","6","","0","0","1","0","0"
"POINT (13.426582197000073 52.476579450000031)","Unfall 241801 (2024) Kat:3, Licht: 0","241801","3","6","3","08","18","6","","0","1","1","0","0"
"POINT (13.403255174000037 52.448032292000050)","Unfall 241802 (2024) Kat:3, Licht: 0","241802","3","5","1","08","15","6","","0","0","1","0","1"
"POINT (13.358811894000041 52.554021477000049)","Unfall 241803 (2024) Kat:3, Licht: 0","241803","3","2","5","08","13","6","","0","0","1","0","0"
"POINT (13.420530819000021 52.491210143000046)","Unfall 241804 (2024) Kat:3, Licht: 0","241804","3","2","6","08","13","6","","0","0","1","1","0"
"POINT (13.157997634000026 52.543051721000040)","Unfall 241805 (2024) Kat:3, Licht: 0","241805","3","2","5","08","13","6","","0","1","1","0","0"
"POINT (13.417214520000073 52.524172508000049)","Unfall 241806 (2024) Kat:3, Licht: 0","241806","3","1","0","08","12","6","","0","1","0","0","0"
"POINT (13.344230558000049 52.450300165000044)","Unfall 241807 (2024) Kat:3, Licht: 0","241807","3","6","2","08","09","6","","0","0","1","0","0"
"POINT (13.383930831000043 52.516848323000033)","Unfall 241808 (2024) Kat:3, Licht: 0","241808","3","2","5","08","08","6","","0","1","1","0","0"
"POINT (13.357187841000041 52.523942644000044)","Unfall 241809 (2024) Kat:3, Licht: 2","241809","3","6","0","08","00","6","","2","0","1","0","1"
"POINT (13.302614939000023 52.505458799000053)","Unfall 241810 (2024) Kat:3, Licht: 0","241810","3","6","2","08","16","6","","0","0","1","0","0"
"POINT (13.390607646000035 52.495978432000072)","Unfall 241811 (2024) Kat:3, Licht: 0","241811","3","3","5","08","15","6","","0","1","1","0","0"
"POINT (13.440682388000027 52.517262653000046)","Unfall 241812 (2024) Kat:3, Licht: 2","241812","3","3","5","08","01","6","","2","0","1","0","0"
"POINT (13.377970519000030 52.452336940000066)","Unfall 241813 (2024) Kat:3, Licht: 0","241813","3","6","0","08","14","6","","0","1","0","0","0"
"POINT (13.373434588000066 52.504205325000044)","Unfall 241814 (2024) Kat:3, Licht: 2","241814","3","2","5","08","23","6","","2","0","1","0","0"
"POINT (13.419046071000025 52.501346089000037)","Unfall 241815 (2024) Kat:2, Licht: 2","241815","2","2","5","08","21","6","","2","0","1","0","1"
"POINT (13.439965157000074 52.481694546000028)","Unfall 241816 (2024) Kat:3, Licht: 0","241816","3","3","5","11","11","6","","0","1","1","0","0"
"POINT (13.437461916000075 52.479067880000059)","Unfall 241817 (2024) Kat:3, Licht: 1","241817","3","3","5","11","16","5","","1","1","0","0","0"
"POINT (13.339449102000060 52.432669137000062)","Unfall 241818 (2024) Kat:2, Licht: 2","241818","2","4","6","11","21","5","","2","0","1","1","0"
"POINT (13.386159958000064 52.558649358000082)","Unfall 241819 (2024) Kat:3, Licht: 2","241819","3","2","6","11","20","5","","2","0","1","1","0"
"POINT (13.438953564000030 52.480403392000028)","Unfall 241820 (2024) Kat:3, Licht: 2","241820","3","2","5","11","20","5","","2","1","1","0","0"
"POINT (13.410967204000031 52.503830061000031)","Unfall 241821 (2024) Kat:3, Licht: 2","241821","3","2","5","11","19","5","","2","0","1","0","0"
"POINT (13.464179212000033 52.430019586000071)","Unfall 241822 (2024) Kat:3, Licht: 2","241822","3","4","6","11","18","5","","2","0","1","1","0"
"POINT (13.294257974000061 52.497705883000037)","Unfall 241823 (2024) Kat:3, Licht: 2","241823","3","2","2","11","19","5","","2","0","1","0","0"
"POINT (13.333972441000071 52.529786142000034)","Unfall 241824 (2024) Kat:3, Licht: 2","241824","3","4","6","11","16","5","","2","0","1","1","0"
"POINT (13.416980204000026 52.512031316000048)","Unfall 241825 (2024) Kat:3, Licht: 2","241825","3","4","6","11","17","5","","2","0","1","1","0"
"POINT (13.401164628000060 52.511284096000054)","Unfall 241826 (2024) Kat:3, Licht: 2","241826","3","2","2","11","16","5","","2","0","1","0","0"
"POINT (13.423888163000072 52.488311137000039)","Unfall 241827 (2024) Kat:3, Licht: 0","241827","3","6","2","11","14","5","","0","0","1","0","0"
"POINT (13.457655028000033 52.422770417000038)","Unfall 241828 (2024) Kat:3, Licht: 0","241828","3","6","2","11","13","5","","0","0","1","0","0"
"POINT (13.437427640000067 52.514937681000049)","Unfall 241829 (2024) Kat:3, Licht: 0","241829","3","4","6","11","13","5","","0","0","1","1","0"
"POINT (13.421532520000028 52.562389968000048)","Unfall 241830 (2024) Kat:2, Licht: 0","241830","2","4","6","11","13","5","","0","0","1","1","0"
"POINT (13.312155942000061 52.419879416000072)","Unfall 241831 (2024) Kat:3, Licht: 0","241831","3","6","2","11","08","5","","0","0","1","0","0"
"POINT (13.389376973000026 52.495963406000044)","Unfall 241832 (2024) Kat:3, Licht: 0","241832","3","4","0","11","08","5","","0","0","1","1","0"
"POINT (13.368023350000044 52.587252254000077)","Unfall 241833 (2024) Kat:3, Licht: 1","241833","3","3","5","11","07","5","","1","1","1","0","0"
"POINT (13.490435906000073 52.493464755000048)","Unfall 241834 (2024) Kat:3, Licht: 1","241834","3","6","2","11","07","5","","1","0","1","0","0"
"POINT (13.302013576000036 52.631389607000074)","Unfall 241835 (2024) Kat:3, Licht: 2","241835","3","5","1","11","07","5","","2","1","1","0","0"
"POINT (13.352345969000055 52.567796660000056)","Unfall 241836 (2024) Kat:2, Licht: 2","241836","2","4","6","11","01","5","","2","0","1","1","0"
"POINT (13.435459352000066 52.593662962000053)","Unfall 241837 (2024) Kat:3, Licht: 2","241837","3","7","0","11","21","5","","2","0","1","0","0"
"POINT (13.339800844000024 52.518926888000067)","Unfall 241838 (2024) Kat:3, Licht: 2","241838","3","2","5","11","21","5","","2","0","1","0","0"
"POINT (13.153448510000032 52.553439887000081)","Unfall 241839 (2024) Kat:3, Licht: 2","241839","3","2","6","11","17","5","","2","0","1","1","0"
"POINT (13.508484531000022 52.463764635000075)","Unfall 241840 (2024) Kat:3, Licht: 2","241840","3","2","5","11","17","5","","2","0","1","0","0"
"POINT (13.275100474000055 52.460735722000038)","Unfall 241841 (2024) Kat:3, Licht: 1","241841","3","5","1","11","16","5","","1","0","1","0","0"
"POINT (13.201853530000051 52.547100496000041)","Unfall 241842 (2024) Kat:2, Licht: 2","241842","2","4","6","11","16","5","","2","0","1","1","0"
"POINT (13.340012880000074 52.519113627000081)","Unfall 241843 (2024) Kat:3, Licht: 2","241843","3","6","2","11","16","5","","2","0","1","0","0"
"POINT (13.394287497000050 52.506954717000042)","Unfall 241844 (2024) Kat:3, Licht: 0","241844","3","3","5","11","12","5","","0","0","1","0","0"
"POINT (13.496073738000064 52.560163178000039)","Unfall 241845 (2024) Kat:3, Licht: 0","241845","3","5","1","11","10","5","","0","0","1","0","0"
"POINT (13.387862246000054 52.453071987000044)","Unfall 241846 (2024) Kat:3, Licht: 0","241846","3","2","5","11","10","5","","0","0","1","0","0"
"POINT (13.339312437000046 52.595971276000057)","Unfall 241847 (2024) Kat:2, Licht: 0","241847","2","2","6","11","09","5","","0","0","1","1","0"
"POINT (13.511371796000049 52.504363337000029)","Unfall 241848 (2024) Kat:3, Licht: 2","241848","3","2","6","11","07","5","","2","0","1","1","0"
"POINT (13.198650982000061 52.555140193000057)","Unfall 241849 (2024) Kat:2, Licht: 2","241849","2","1","0","11","07","5","","2","0","0","0","1"
"POINT (13.588089577000062 52.507655520000071)","Unfall 241850 (2024) Kat:3, Licht: 2","241850","3","2","6","11","19","4","","2","1","0","1","0"
"POINT (13.298763977000021 52.473236215000043)","Unfall 241851 (2024) Kat:3, Licht: 0","241851","3","2","6","11","12","4","","0","1","0","1","0"
"POINT (13.395569552000040 52.524513569000078)","Unfall 241852 (2024) Kat:3, Licht: 0","241852","3","4","6","11","12","4","","0","0","1","1","0"
"POINT (13.360642327000050 52.554747684000063)","Unfall 241853 (2024) Kat:3, Licht: 2","241853","3","6","2","11","21","4","","2","0","1","0","0"
"POINT (13.373674756000071 52.487868541000068)","Unfall 241854 (2024) Kat:3, Licht: 2","241854","3","2","6","11","21","4","","2","0","1","1","0"
"POINT (13.414355272000023 52.530518392000033)","Unfall 241855 (2024) Kat:2, Licht: 2","241855","2","4","6","11","20","4","","2","0","1","1","0"
"POINT (13.430213904000027 52.550920002000055)","Unfall 241856 (2024) Kat:3, Licht: 2","241856","3","2","2","11","19","4","","2","1","1","0","0"
"POINT (13.429762696000068 52.481372243000067)","Unfall 241857 (2024) Kat:3, Licht: 2","241857","3","5","1","11","18","4","","2","1","1","0","0"
"POINT (13.328998349000074 52.471434067000075)","Unfall 241858 (2024) Kat:3, Licht: 2","241858","3","2","5","11","18","4","","2","0","1","0","0"
"POINT (13.406063782000047 52.554369873000041)","Unfall 241859 (2024) Kat:3, Licht: 2","241859","3","4","6","11","18","4","","2","0","1","1","0"
"POINT (13.346466612000029 52.431181778000052)","Unfall 241860 (2024) Kat:3, Licht: 2","241860","3","6","2","11","16","4","","2","0","1","0","0"
"POINT (13.197905615000025 52.535023182000032)","Unfall 241861 (2024) Kat:3, Licht: 0","241861","3","6","3","11","15","4","","0","0","1","0","1"
"POINT (13.462754100000041 52.469371905000060)","Unfall 241862 (2024) Kat:3, Licht: 0","241862","3","2","5","11","14","4","","0","1","1","0","0"
"POINT (13.273604971000054 52.577211756000054)","Unfall 241863 (2024) Kat:3, Licht: 0","241863","3","4","6","11","12","4","","0","1","0","1","0"
"POINT (13.314388453000049 52.472104708000074)","Unfall 241864 (2024) Kat:3, Licht: 0","241864","3","2","5","11","12","4","","0","1","1","0","0"
"POINT (13.624666178000041 52.450438483000028)","Unfall 241865 (2024) Kat:3, Licht: 0","241865","3","2","6","11","09","4","","0","0","1","1","0"
"POINT (13.417782006000039 52.464838452000038)","Unfall 241866 (2024) Kat:3, Licht: 0","241866","3","3","5","11","09","4","","0","0","1","0","1"
"POINT (13.599465664000036 52.543983998000044)","Unfall 241867 (2024) Kat:3, Licht: 2","241867","3","2","5","11","23","4","","2","1","1","0","0"
"POINT (13.368621617000031 52.535827201000075)","Unfall 241868 (2024) Kat:3, Licht: 2","241868","3","7","6","11","23","4","","2","0","1","1","0"