WKT,Name,OBJECTID,UKATEGORIE,UTYP1,UART,UMONAT,USTUNDE,UWOCHENTAG,STRZUSTAND,ULICHTVERH,ISTRAD,ISTPKW,ISTFUSS,ISTKRAD
"POINT (13.577379457000063 52.496554302000050)","Unfall 242055 (2024) Kat:1, Licht: 2","242055","1","4","6","11","17","3","","2","0","1","1","0"
"POINT (13.389906740000072 52.562564189000057)","Unfall 242056 (2024) Kat:3, Licht: 2","242056","3","7","5","11","16","3","","2","0","1","0","1"
"POINT (13.522211016000028 52.402436222000063)","Unfall 242057 (2024) Kat:3, Licht: 2","242057","3","3","5","11","16","3","","2","0","1","0","0"
"POINT (13.502694826000038 52.534541167000043)","Unfall 242058 (2024) Kat:3, Licht: 2","242058","3","6","3","11","16","3","","2","0","1","0","0"
"POINT (13.404443823000065 52.521915917000058)","Unfall 242059 (2024) Kat:3, Licht: 0","242059","3","7","0","11","12","3","","0","0","0","0","1"
"POINT (13.367944220000027 52.525725729000044)","Unfall 242060 (2024) Kat:3, Licht: 1","242060","3","6","2","11","07","3","","1","0","1","0","0"
"POINT (13.560527596000043 52.443584933000068)","Unfall 242061 (2024) Kat:3, Licht: 0","242061","3","3","5","11","14","2","","0","0","1","0","0"
"POINT (13.473782664000055 52.474995547000049)","Unfall 242062 (2024) Kat:3, Licht: 2","242062","3","2","5","11","22","2","","2","0","1","0","0"
"POINT (13.534938069000077 52.439637899000047)","Unfall 242063 (2024) Kat:3, Licht: 2","242063","3","2","5","11","20","2","","2","1","0","0","0"
"POINT (13.299736916000029 52.579070265000041)","Unfall 242064 (2024) Kat:3, Licht: 2","242064","3","2","5","11","20","2","","2","0","1","0","0"
"POINT (13.384101818000033 52.504878824000059)","Unfall 242065 (2024) Kat:3, Licht: 2","242065","3","2","5","11","19","2","","2","0","1","0","0"
"POINT (13.325069375000055 52.527780847000031)","Unfall 242066 (2024) Kat:3, Licht: 2","242066","3","6","0","11","18","2","","2","1","0","0","0"
"POINT (13.323647510000058 52.587513189000049)","Unfall 242067 (2024) Kat:3, Licht: 2","242067","3","2","5","11","17","2","","2","1","1","0","0"
"POINT (13.420798805000061 52.503425389000029)","Unfall 242068 (2024) Kat:3, Licht: 0","242068","3","7","2","11","15","2","","0","0","1","0","1"
"POINT (13.367427208000038 52.586291864000032)","Unfall 242069 (2024) Kat:3, Licht: 0","242069","3","7","5","11","14","2","","0","1","1","0","0"
"POINT (13.335216164000030 52.485983974000078)","Unfall 242070 (2024) Kat:3, Licht: 0","242070","3","3","5","11","07","2","","0","0","1","0","0"
"POINT (13.343406573000038 52.613313998000081)","Unfall 242071 (2024) Kat:3, Licht: 2","242071","3","5","1","11","05","2","","2","0","1","0","0"
"POINT (13.313178148000077 52.503286285000058)","Unfall 242072 (2024) Kat:3, Licht: 2","242072","3","5","1","11","23","2","","2","1","1","0","0"
"POINT (13.343338193000022 52.528619375000062)","Unfall 242073 (2024) Kat:3, Licht: 1","242073","3","6","2","11","16","2","","1","0","1","0","0"
"POINT (13.360756752000043 52.595235417000026)","Unfall 242074 (2024) Kat:3, Licht: 0","242074","3","4","6","11","07","2","","0","0","0","1","0"
"POINT (13.521443562000059 52.466359888000056)","Unfall 242075 (2024) Kat:3, Licht: 2","242075","3","3","5","11","16","2","","2","0","1","0","0"
"POINT (13.326177950000044 52.526396229000056)","Unfall 242076 (2024) Kat:3, Licht: 2","242076","3","7","6","11","16","2","","2","0","0","1","0"
"POINT (13.330241528000045 52.513250947000074)","Unfall 242077 (2024) Kat:3, Licht: 0","242077","3","3","5","11","08","3","","0","1","1","0","0"
"POINT (13.410299103000057 52.503783125000041)","Unfall 242078 (2024) Kat:3, Licht: 0","242078","3","3","5","11","11","2","","0","0","1","0","0"
"POINT (13.435933947000024 52.448516128000051)","Unfall 242079 (2024) Kat:3, Licht: 0","242079","3","6","2","11","11","2","","0","0","1","0","0"
"POINT (13.699311813000065 52.435841700000026)","Unfall 242080 (2024) Kat:2, Licht: 0","242080","2","2","5","11","09","2","","0","1","1","0","0"
"POINT (13.453210691000038 52.473414073000072)","Unfall 242081 (2024) Kat:3, Licht: 0","242081","3","5","1","11","08","2","","0","1","1","0","0"
"POINT (13.442069765000042 52.500956020000046)","Unfall 242082 (2024) Kat:3, Licht: 1","242082","3","3","5","11","06","2","","1","0","1","0","0"
"POINT (13.332901775000039 52.509020828000075)","Unfall 242083 (2024) Kat:3, Licht: 2","242083","3","7","6","11","19","1","","2","0","1","1","0"
"POINT (13.296230984000033 52.498015000000066)","Unfall 242084 (2024) Kat:3, Licht: 0","242084","3","2","5","11","14","1","","0","0","1","0","0"
"POINT (13.429809931000023 52.509841049000045)","Unfall 242085 (2024) Kat:3, Licht: 0","242085","3","1","0","11","14","1","","0","1","0","0","0"
"POINT (13.348191146000033 52.462328696000043)","Unfall 242086 (2024) Kat:3, Licht: 0","242086","3","6","3","11","08","1","","0","0","1","0","0"
"POINT (13.465993277000052 52.428966382000056)","Unfall 242087 (2024) Kat:3, Licht: 2","242087","3","3","5","11","02","1","","2","0","1","0","0"
"POINT (13.406428881000068 52.565382343000067)","Unfall 242088 (2024) Kat:3, Licht: 2","242088","3","3","5","11","01","1","","2","0","1","0","0"
"POINT (13.416052390000061 52.520228175000057)","Unfall 242089 (2024) Kat:3, Licht: 2","242089","3","1","0","11","19","1","","2","0","0","0","1"
"POINT (13.493595935000030 52.541292852000026)","Unfall 242090 (2024) Kat:3, Licht: 2","242090","3","3","5","11","15","1","","2","0","1","0","0"
"POINT (13.451280699000051 52.471978265000075)","Unfall 242091 (2024) Kat:3, Licht: 0","242091","3","6","3","11","14","1","","0","1","0","0","0"
"POINT (13.418116586000053 52.559754881000060)","Unfall 242092 (2024) Kat:3, Licht: 0","242092","3","7","6","11","15","1","","0","0","1","1","0"
"POINT (13.527947523000023 52.556813947000080)","Unfall 242093 (2024) Kat:3, Licht: 0","242093","3","6","2","11","09","1","","0","0","1","0","0"
"POINT (13.320321482000054 52.483889384000065)","Unfall 242094 (2024) Kat:3, Licht: 1","242094","3","3","5","11","16","1","","1","0","1","0","0"
"POINT (13.297801395000022 52.493280179000067)","Unfall 242095 (2024) Kat:3, Licht: 2","242095","3","1","0","11","16","1","","2","0","0","0","0"
"POINT (13.465427208000051 52.567203171000074)","Unfall 242096 (2024) Kat:3, Licht: 2","242096","3","3","5","11","16","1","","2","0","1","0","0"
"POINT (13.508423881000056 52.463806482000052)","Unfall 242097 (2024) Kat:3, Licht: 1","242097","3","2","0","11","16","1","","1","0","1","1","0"
"POINT (13.566481583000041 52.573041366000041)","Unfall 242098 (2024) Kat:2, Licht: 0","242098","2","4","6","11","13","1","","0","0","1","1","0"
"POINT (13.333426840000072 52.560808612000073)","Unfall 242099 (2024) Kat:3, Licht: 0","242099","3","2","6","11","13","1","","0","0","1","1","0"
"POINT (13.380071110000074 52.532785544000035)","Unfall 242100 (2024) Kat:3, Licht: 0","242100","3","3","5","11","14","3","","0","0","1","0","0"
"POINT (13.340115424000032 52.612198631000069)","Unfall 242101 (2024) Kat:3, Licht: 0","242101","3","1","1","11","08","1","","0","0","1","0","0"
"POINT (13.415452183000070 52.526592231000052)","Unfall 242102 (2024) Kat:3, Licht: 2","242102","3","6","3","11","06","1","","2","0","1","0","1"
"POINT (13.577456847000064 52.547646759000031)","Unfall 242103 (2024) Kat:3, Licht: 2","242103","3","7","2","11","15","7","","2","0","1","0","0"
"POINT (13.323501378000060 52.510783073000027)","Unfall 242104 (2024) Kat:3, Licht: 2","242104","3","7","6","11","23","7","","2","0","1","1","0"
"POINT (13.465920706000077 52.530685025000082)","Unfall 242105 (2024) Kat:1, Licht: 2","242105","1","3","5","11","00","3","","2","1","1","0","0"
"POINT (13.328188920000059 52.507791181000073)","Unfall 242106 (2024) Kat:3, Licht: 1","242106","3","1","0","11","15","7","","1","0","0","0","1"
"POINT (13.284633562000067 52.489134507000074)","Unfall 242107 (2024) Kat:3, Licht: 0","242107","3","1","1","11","13","7","","0","0","1","0","0"
"POINT (13.445741230000067 52.502959204000035)","Unfall 242108 (2024) Kat:3, Licht: 2","242108","3","5","1","11","00","7","","2","1","1","0","0"
"POINT (13.304224954000063 52.461775795000051)","Unfall 242109 (2024) Kat:3, Licht: 2","242109","3","3","5","11","00","7","","2","1","1","0","0"
"POINT (13.426201201000026 52.499364125000056)","Unfall 242110 (2024) Kat:3, Licht: 2","242110","3","2","6","11","21","7","","2","0","1","1","0"
"POINT (13.503957807000063 52.562716459000058)","Unfall 242111 (2024) Kat:3, Licht: 2","242111","3","6","2","11","19","7","","2","0","1","0","0"
"POINT (13.346406995000052 52.430870620000064)","Unfall 242112 (2024) Kat:3, Licht: 0","242112","3","3","5","11","15","7","","0","1","1","0","0"
"POINT (13.549273836000054 52.529270254000039)","Unfall 242113 (2024) Kat:3, Licht: 0","242113","3","5","1","11","15","7","","0","0","1","0","0"
"POINT (13.559258417000024 52.474872280000056)","Unfall 242114 (2024) Kat:3, Licht: 1","242114","3","3","5","11","16","7","","1","0","1","0","0"
"POINT (13.418104315000051 52.515505275000066)","Unfall 242115 (2024) Kat:3, Licht: 1","242115","3","3","5","11","16","7","","1","0","1","0","0"
"POINT (13.318788480000023 52.574070045000042)","Unfall 242116 (2024) Kat:3, Licht: 1","242116","3","2","0","11","07","6","","1","1","0","0","0"
"POINT (13.419343958000070 52.490034036000054)","Unfall 242117 (2024) Kat:3, Licht: 1","242117","3","6","2","11","16","6","","1","0","1","0","0"
"POINT (13.581186439000021 52.443961363000028)","Unfall 242118 (2024) Kat:3, Licht: 0","242118","3","3","5","11","14","6","","0","1","1","0","0"
"POINT (13.320721501000037 52.511110855000027)","Unfall 242119 (2024) Kat:3, Licht: 0","242119","3","4","0","11","09","6","","0","1","0","1","0"
"POINT (13.425295966000022 52.480048811000074)","Unfall 242120 (2024) Kat:3, Licht: 0","242120","3","1","1","11","18","6","","0","0","1","0","0"
"POINT (13.479960489000064 52.526615709000055)","Unfall 242121 (2024) Kat:3, Licht: 0","242121","3","2","2","11","10","6","","0","0","1","0","0"
"POINT (13.598180144000025 52.441588986000056)","Unfall 242122 (2024) Kat:3, Licht: 1","242122","3","3","5","11","06","6","","1","1","1","0","0"
"POINT (13.454219301000023 52.493885052000053)","Unfall 242123 (2024) Kat:2, Licht: 0","242123","2","3","5","11","07","6","","0","1","1","0","0"
"POINT (13.261811350000073 52.518753701000037)","Unfall 242124 (2024) Kat:3, Licht: 0","242124","3","3","5","11","13","6","","0","0","1","0","0"
"POINT (13.165981647000024 52.556282605000035)","Unfall 242125 (2024) Kat:3, Licht: 0","242125","3","4","6","11","13","6","","0","0","1","1","0"
"POINT (13.628971122000053 52.446681901000034)","Unfall 242126 (2024) Kat:3, Licht: 2","242126","3","5","1","11","15","6","","2","0","1","0","0"
"POINT (13.426017235000074 52.586807463000071)","Unfall 242127 (2024) Kat:3, Licht: 2","242127","3","6","2","11","17","6","","2","0","1","0","0"
"POINT (13.427230590000022 52.487245325000060)","Unfall 242128 (2024) Kat:2, Licht: 2","242128","2","4","6","11","23","6","","2","0","1","1","0"
"POINT (13.409401006000053 52.538253840000039)","Unfall 242129 (2024) Kat:3, Licht: 2","242129","3","5","1","11","20","6","","2","1","1","0","0"
"POINT (13.388210388000061 52.515574170000036)","Unfall 242130 (2024) Kat:3, Licht: 2","242130","3","7","2","11","18","6","","2","1","1","0","0"
"POINT (13.467364462000035 52.468426350000072)","Unfall 242131 (2024) Kat:3, Licht: 0","242131","3","5","1","11","15","6","","0","1","1","0","0"
"POINT (13.588614911000036 52.469947215000047)","Unfall 242132 (2024) Kat:3, Licht: 0","242132","3","4","6","11","14","6","","0","0","1","1","0"
"POINT (13.367542846000049 52.586346425000045)","Unfall 242133 (2024) Kat:3, Licht: 0","242133","3","6","3","11","14","6","","0","1","1","0","0"
"POINT (13.390657240000053 52.457308111000032)","Unfall 242134 (2024) Kat:3, Licht: 0","242134","3","5","1","11","14","6","","0","1","1","0","0"
"POINT (13.412739023000029 52.510975298000062)","Unfall 242135 (2024) Kat:3, Licht: 0","242135","3","5","1","11","13","6","","0","0","1","0","0"
"POINT (13.338967143000048 52.455406739000068)","Unfall 242136 (2024) Kat:3, Licht: 0","242136","3","3","5","11","12","6","","0","0","1","0","0"
"POINT (13.519949966000070 52.504998200000045)","Unfall 242137 (2024) Kat:2, Licht: 0","242137","2","4","6","11","13","5","","0","0","0","1","0"
"POINT (13.415934511000046 52.527461388000063)","Unfall 242138 (2024) Kat:3, Licht: 2","242138","3","6","2","11","19","5","","2","1","1","0","0"
"POINT (13.385701962000041 52.528441794000059)","Unfall 242139 (2024) Kat:3, Licht: 1","242139","3","5","1","11","16","5","","1","1","1","0","0"
"POINT (13.182475413000077 52.523978219000071)","Unfall 242140 (2024) Kat:3, Licht: 2","242140","3","6","2","11","16","5","","2","0","1","0","0"
"POINT (13.387315740000076 52.525948875000040)","Unfall 242141 (2024) Kat:3, Licht: 0","242141","3","5","1","11","14","5","","0","1","1","0","0"
"POINT (13.514391949000071 52.539506166000081)","Unfall 242142 (2024) Kat:3, Licht: 0","242142","3","2","5","11","06","5","","0","1","0","0","0"
"POINT (13.270713613000055 52.450886727000068)","Unfall 242143 (2024) Kat:2, Licht: 2","242143","2","2","5","11","20","5","","2","0","1","0","0"
"POINT (13.592449355000042 52.519525200000032)","Unfall 242144 (2024) Kat:3, Licht: 2","242144","3","2","2","11","18","5","","2","1","1","0","0"
"POINT (13.285106242000040 52.575625268000067)","Unfall 242145 (2024) Kat:3, Licht: 2","242145","3","2","5","11","16","5","","2","0","1","0","1"
"POINT (13.405727622000029 52.489635632000045)","Unfall 242146 (2024) Kat:3, Licht: 2","242146","3","2","5","11","16","5","","2","1","0","0","0"
"POINT (13.416768776000026 52.523813597000071)","Unfall 242147 (2024) Kat:3, Licht: 2","242147","3","1","0","11","16","5","","2","1","0","0","0"
"POINT (13.441799895000031 52.614277526000080)","Unfall 242148 (2024) Kat:3, Licht: 0","242148","3","6","2","11","15","5","","0","0","1","0","0"
"POINT (13.562865670000065 52.445983788000035)","Unfall 242149 (2024) Kat:3, Licht: 0","242149","3","2","3","11","09","5","","0","0","1","0","0"
"POINT (13.379110613000023 52.424324662000060)","Unfall 242150 (2024) Kat:2, Licht: 2","242150","2","3","5","11","06","5","","2","0","1","0","1"
"POINT (13.304183460000047 52.506815381000081)","Unfall 242151 (2024) Kat:3, Licht: 1","242151","3","5","1","11","16","5","","1","1","1","0","0"
"POINT (13.377704600000072 52.424951363000048)","Unfall 242152 (2024) Kat:3, Licht: 0","242152","3","3","5","11","14","5","","0","1","0","0","1"
"POINT (13.351011666000034 52.504115531000082)","Unfall 242153 (2024) Kat:3, Licht: 0","242153","3","6","0","11","11","5","","0","0","1","0","1"
"POINT (13.407507538000061 52.573942710000040)","Unfall 242154 (2024) Kat:3, Licht: 0","242154","3","3","5","11","07","5","","0","1","1","0","0"
"POINT (13.521717704000025 52.567151863000049)","Unfall 242155 (2024) Kat:3, Licht: 0","242155","3","4","6","11","13","3","","0","0","1","1","0"
"POINT (13.191323835000048 52.536339279000060)","Unfall 242156 (2024) Kat:3, Licht: 2","242156","3","4","6","11","18","5","","2","0","1","1","0"
"POINT (13.169508482000026 52.529789099000027)","Unfall 242157 (2024) Kat:3, Licht: 2","242157","3","3","5","11","19","5","","2","0","1","0","1"
"POINT (13.445500541000058 52.581986765000067)","Unfall 242158 (2024) Kat:3, Licht: 0","242158","3","2","5","11","10","1","","0","0","1","0","0"
"POINT (13.275837680000052 52.577742264000051)","Unfall 242159 (2024) Kat:3, Licht: 1","242159","3","1","0","11","17","5","","1","0","0","0","1"
"POINT (13.560632943000030 52.489832313000079)","Unfall 242160 (2024) Kat:2, Licht: 2","242160","2","2","6","11","16","5","","2","0","1","1","0"
"POINT (13.342850974000044 52.563321325000061)","Unfall 242161 (2024) Kat:2, Licht: 2","242161","2","2","6","11","16","5","","2","0","1","1","0"
"POINT (13.328304621000029 52.464869730000032)","Unfall 242162 (2024) Kat:3, Licht: 2","242162","3","7","8","11","15","5","","2","0","1","0","0"
"POINT (13.421650958000043 52.588378397000042)","Unfall 242163 (2024) Kat:3, Licht: 0","242163","3","3","0","11","13","5","","0","0","1","0","1"
"POINT (13.426314353000066 52.511987805000047)","Unfall 242164 (2024) Kat:3, Licht: 0","242164","3","6","3","11","12","5","","0","0","1","0","0"
"POINT (13.455929580000031 52.423175014000037)","Unfall 242165 (2024) Kat:3, Licht: 0","242165","3","3","2","11","15","7","","0","0","1","0","0"
"POINT (13.422469718000059 52.559824027000047)","Unfall 242166 (2024) Kat:2, Licht: 2","242166","2","3","5","11","18","5","","2","1","1","0","0"
"POINT (13.434606808000069 52.549605582000027)","Unfall 242167 (2024) Kat:3, Licht: 0","242167","3","3","5","11","10","5","","0","1","1","0","0"
"POINT (13.514537655000026 52.420387801000061)","Unfall 242168 (2024) Kat:3, Licht: 1","242168","3","6","2","11","07","5","","1","0","1","0","0"
"POINT (13.199407679000046 52.534627907000072)","Unfall 242169 (2024) Kat:1, Licht: 2","242169","1","4","6","11","21","5","","2","0","1","1","0"
"POINT (13.413355112000033 52.548695043000066)","Unfall 242170 (2024) Kat:3, Licht: 1","242170","3","2","0","11","08","4","","1","1","0","0","0"
"POINT (13.251956481000036 52.599097188000030)","Unfall 242171 (2024) Kat:3, Licht: 2","242171","3","7","7","11","18","4","","2","0","1","0","0"
"POINT (13.198661553000022 52.532794906000049)","Unfall 242172 (2024) Kat:3, Licht: 2","242172","3","3","5","11","18","4","","2","0","1","0","0"
"POINT (13.443844972000022 52.467917896000074)","Unfall 242173 (2024) Kat:3, Licht: 2","242173","3","5","1","11","17","4","","2","1","1","0","0"
"POINT (13.335443437000038 52.471560540000041)","Unfall 242174 (2024) Kat:3, Licht: 0","242174","3","2","5","11","15","4","","0","1","0","0","1"
"POINT (13.613075860000038 52.508648519000076)","Unfall 242175 (2024) Kat:3, Licht: 2","242175","3","3","5","11","06","4","","2","1","1","0","0"
"POINT (13.320762853000076 52.457068181000068)","Unfall 242176 (2024) Kat:3, Licht: 0","242176","3","4","6","11","14","4","","0","0","1","1","0"
"POINT (13.424960027000054 52.481197094000038)","Unfall 242177 (2024) Kat:3, Licht: 2","242177","3","5","1","11","18","7","","2","1","1","0","0"
"POINT (13.411045570000056 52.503499434000048)","Unfall 242178 (2024) Kat:3, Licht: 2","242178","3","2","5","11","17","4","","2","1","1","0","0"
"POINT (13.458187134000070 52.533395497000072)","Unfall 242179 (2024) Kat:3, Licht: 0","242179","3","5","1","11","10","4","","0","1","1","0","0"
"POINT (13.191684573000032 52.551348897000082)","Unfall 242180 (2024) Kat:3, Licht: 1","242180","3","1","1","11","07","4","","1","0","1","0","0"
"POINT (13.426651183000047 52.515825404000054)","Unfall 242181 (2024) Kat:3, Licht: 0","242181","3","2","5","11","08","4","","0","1","1","0","0"
"POINT (13.526490868000053 52.482773397000074)","Unfall 242182 (2024) Kat:3, Licht: 0","242182","3","2","2","11","10","4","","0","0","0","0","1"
"POINT (13.441219329000035 52.500188799000057)","Unfall 242183 (2024) Kat:3, Licht: 0","242183","3","5","1","11","08","4","","0","0","1","1","0"
"POINT (13.480085109000072 52.553276498000059)","Unfall 242184 (2024) Kat:3, Licht: 0","242184","3","2","6","11","07","4","","0","0","1","1","0"
"POINT (13.260978889000057 52.412693847000071)","Unfall 242185 (2024) Kat:3, Licht: 2","242185","3","3","5","11","06","4","","2","0","1","0","0"
"POINT (13.381685139000069 52.556340990000081)","Unfall 242186 (2024) Kat:3, Licht: 2","242186","3","4","6","11","17","4","","2","1","0","1","0"
"POINT (13.364343343000030 52.450572401000045)","Unfall 242187 (2024) Kat:3, Licht: 1","242187","3","6","2","11","16","4","","1","0","1","0","0"
"POINT (13.446372198000063 52.486430589000065)","Unfall 242188 (2024) Kat:3, Licht: 0","242188","3","2","6","11","15","4","","0","0","1","1","0"
"POINT (13.386513566000076 52.512714064000079)","Unfall 242189 (2024) Kat:3, Licht: 0","242189","3","3","5","11","13","4","","0","0","1","0","0"
"POINT (13.241557667000052 52.543715621000047)","Unfall 242190 (2024) Kat:2, Licht: 0","242190","2","2","6","11","12","4","","0","0","1","1","0"
"POINT (13.451296614000057 52.436832396000057)","Unfall 242191 (2024) Kat:3, Licht: 0","242191","3","3","5","11","11","4","","0","1","0","0","0"
"POINT (13.310751045000075 52.421189015000039)","Unfall 242192 (2024) Kat:3, Licht: 0","242192","3","3","5","11","09","4","","0","1","1","0","0"
"POINT (13.572191146000023 52.451076636000039)","Unfall 242193 (2024) Kat:2, Licht: 0","242193","2","3","5","11","07","4","","0","1","1","0","0"
"POINT (13.491310705000046 52.469102482000039)","Unfall 242194 (2024) Kat:3, Licht: 1","242194","3","2","5","11","06","4","","1","0","1","0","0"
"POINT (13.162798445000021 52.520047674000068)","Unfall 242195 (2024) Kat:3, Licht: 2","242195","3","2","6","11","04","4","","2","0","1","1","0"
"POINT (13.452934485000071 52.551810511000042)","Unfall 242196 (2024) Kat:3, Licht: 2","242196","3","1","8","11","00","4","","2","0","1","0","0"
"POINT (13.342480925000075 52.465323064000074)","Unfall 242197 (2024) Kat:3, Licht: 2","242197","3","7","1","11","17","4","","2","1","0","0","1"
"POINT (13.316300562000038 52.486508776000051)","Unfall 242198 (2024) Kat:3, Licht: 0","242198","3","6","2","11","14","4","","0","0","1","0","0"
"POINT (13.317526223000073 52.430517397000074)","Unfall 242199 (2024) Kat:3, Licht: 0","242199","3","6","2","11","13","6","","0","0","1","0","0"
"POINT (13.390024840000024 52.509625435000032)","Unfall 242200 (2024) Kat:3, Licht: 0","242200","3","4","0","11","09","4","","0","0","0","1","1"
"POINT (13.349902657000030 52.526237321000053)","Unfall 242201 (2024) Kat:3, Licht: 0","242201","3","7","5","11","13","3","","0","0","1","0","0"
"POINT (13.449024126000040 52.425252358000080)","Unfall 242202 (2024) Kat:3, Licht: 2","242202","3","3","5","11","17","3","","2","0","1","0","0"
"POINT (13.388617097000065 52.518263855000043)","Unfall 242203 (2024) Kat:3, Licht: 0","242203","3","7","0","11","09","3","","0","0","1","0","1"
"POINT (13.554944764000027 52.515656733000071)","Unfall 242204 (2024) Kat:3, Licht: 2","242204","3","2","6","11","17","3","","2","0","1","1","0"
"POINT (13.350016308000022 52.503005256000051)","Unfall 242205 (2024) Kat:3, Licht: 0","242205","3","6","2","11","15","5","","0","0","1","0","0"
"POINT (13.289551391000032 52.590294690000064)","Unfall 242206 (2024) Kat:3, Licht: 1","242206","3","5","1","11","15","3","","1","0","1","0","0"
"POINT (13.460759055000040 52.512257359000046)","Unfall 242207 (2024) Kat:3, Licht: 1","242207","3","5","1","11","15","3","","1","1","1","0","0"
"POINT (13.521422766000057 52.525754933000030)","Unfall 242208 (2024) Kat:3, Licht: 0","242208","3","1","0","11","15","3","","0","0","0","0","1"
"POINT (13.391027075000068 52.439642008000078)","Unfall 242209 (2024) Kat:3, Licht: 0","242209","3","6","0","11","14","3","","0","0","1","0","1"
"POINT (13.293873664000046 52.445648682000069)","Unfall 242210 (2024) Kat:3, Licht: 0","242210","3","2","5","11","14","3","","0","0","1","0","0"
"POINT (13.381532883000034 52.552247952000073)","Unfall 242211 (2024) Kat:3, Licht: 0","242211","3","3","5","11","12","3","","0","0","1","0","0"
"POINT (13.436901233000071 52.544996951000030)","Unfall 242212 (2024) Kat:3, Licht: 2","242212","3","3","5","11","19","3","","2","0","1","0","0"
"POINT (13.550721623000072 52.533515674000057)","Unfall 242213 (2024) Kat:3, Licht: 2","242213","3","2","5","11","16","3","","2","1","1","0","0"
"POINT (13.389196544000072 52.547108114000082)","Unfall 242214 (2024) Kat:3, Licht: 1","242214","3","3","5","11","16","3","","1","0","1","0","0"
"POINT (13.299658997000051 52.519740966000029)","Unfall 242215 (2024) Kat:3, Licht: 1","242215","3","2","2","11","16","3","","1","0","1","0","0"
"POINT (13.450156564000054 52.507470108000064)","Unfall 242216 (2024) Kat:3, Licht: 0","242216","3","1","0","11","12","3","","0","0","0","0","1"
"POINT (13.227796027000068 52.558488501000056)","Unfall 242217 (2024) Kat:2, Licht: 0","242217","2","4","6","11","07","3","","0","0","1","1","0"
"POINT (13.277181607000045 52.593206258000066)","Unfall 242218 (2024) Kat:3, Licht: 0","242218","3","5","1","11","07","3","","0","1","1","0","0"
"POINT (13.454080958000077 52.445396632000040)","Unfall 242219 (2024) Kat:3, Licht: 0","242219","3","1","0","11","15","2","","0","0","0","0","0"
"POINT (13.467902809000066 52.597565244000066)","Unfall 242220 (2024) Kat:3, Licht: 0","242220","3","6","3","11","15","2","","0","1","0","0","0"
"POINT (13.453047855000023 52.475302618000057)","Unfall 242221 (2024) Kat:3, Licht: 0","242221","3","6","2","11","10","2","","0","0","1","0","0"
"POINT (13.431329325000036 52.601803931000063)","Unfall 242222 (2024) Kat:2, Licht: 0","242222","2","1","0","11","08","2","","0","0","0","0","1"
"POINT (13.575559604000034 52.565803920000064)","Unfall 242223 (2024) Kat:3, Licht: 0","242223","3","3","0","11","08","2","","0","0","1","0","1"
"POINT (13.414435520000040 52.508395942000050)","Unfall 242224 (2024) Kat:3, Licht: 2","242224","3","2","5","11","17","2","","2","1","1","0","0"
"POINT (13.413448327000026 52.506724767000037)","Unfall 242225 (2024) Kat:3, Licht: 2","242225","3","3","5","11","17","2","","2","1","1","0","0"
"POINT (13.421286410000050 52.480215541000064)","Unfall 242226 (2024) Kat:3, Licht: 0","242226","3","2","3","11","11","2","","0","1","0","0","0"
"POINT (13.491312551000021 52.469104018000053)","Unfall 242227 (2024) Kat:3, Licht: 0","242227","3","2","5","11","12","2","","0","0","1","0","0"
"POINT (13.227133911000067 52.626254653000046)","Unfall 242228 (2024) Kat:2, Licht: 0","242228","2","3","5","11","12","2","","0","0","1","0","0"
"POINT (13.454065380000031 52.482497789000035)","Unfall 242229 (2024) Kat:3, Licht: 0","242229","3","3","5","11","12","2","","0","0","1","0","0"
"POINT (13.380143339000028 52.532911350000063)","Unfall 242230 (2024) Kat:3, Licht: 0","242230","3","2","5","11","11","2","","0","1","1","0","0"
"POINT (13.300444265000067 52.487764090000042)","Unfall 242231 (2024) Kat:3, Licht: 0","242231","3","3","5","11","09","2","","0","0","1","0","1"
"POINT (13.288115439000023 52.589048140000045)","Unfall 242232 (2024) Kat:3, Licht: 2","242232","3","6","2","11","06","2","","2","1","0","0","1"
"POINT (13.202460078000058 52.546453646000032)","Unfall 242233 (2024) Kat:3, Licht: 2","242233","3","7","2","11","06","2","","2","0","1","0","1"
"POINT (13.242660521000062 52.433705566000071)","Unfall 242234 (2024) Kat:3, Licht: 1","242234","3","2","5","11","16","2","","1","0","1","0","0"
"POINT (13.330564841000069 52.590629726000031)","Unfall 242235 (2024) Kat:3, Licht: 1","242235","3","2","6","11","08","5","","1","0","1","1","0"
"POINT (13.293898514000034 52.534104260000049)","Unfall 242236 (2024) Kat:3, Licht: 0","242236","3","3","5","11","13","2","","0","0","0","0","1"
"POINT (13.597569407000037 52.502419490000079)","Unfall 242237 (2024) Kat:3, Licht: 1","242237","3","3","5","11","07","2","","1","0","1","0","0"
"POINT (13.445970301000045 52.470914501000038)","Unfall 242238 (2024) Kat:3, Licht: 2","242238","3","7","6","11","00","2","","2","0","1","1","0"
"POINT (13.198592532000077 52.532812999000043)","Unfall 242239 (2024) Kat:3, Licht: 2","242239","3","2","5","11","20","2","","2","1","0","0","0"
"POINT (13.489714573000072 52.467775625000058)","Unfall 242240 (2024) Kat:2, Licht: 2","242240","2","2","6","11","16","7","","2","0","1","1","0"
"POINT (13.344279541000049 52.526327199000036)","Unfall 242241 (2024) Kat:3, Licht: 2","242241","3","5","1","11","19","2","","2","1","1","0","0"