WKT,Name,OBJECTID,UKATEGORIE,UTYP1,UART,UMONAT,USTUNDE,UWOCHENTAG,STRZUSTAND,ULICHTVERH,ISTRAD,ISTPKW,ISTFUSS,ISTKRAD
"POINT (13.450062577000040 52.476621212000055)","Unfall 242242 (2024) Kat:3, Licht: 1","242242","3","3","5","11","16","2","","1","0","1","0","0"
"POINT (13.380203868000024 52.574977346000026)","Unfall 242243 (2024) Kat:3, Licht: 0","242243","3","2","5","11","12","2","","0","0","1","0","0"
"POINT (13.459060757000032 52.526078167000037)","Unfall 242244 (2024) Kat:3, Licht: 0","242244","3","2","5","11","10","2","","0","1","1","0","0"
"POINT (13.399713574000032 52.531581071000062)","Unfall 242245 (2024) Kat:3, Licht: 0","242245","3","5","1","11","09","2","","0","1","1","0","0"
"POINT (13.377048896000076 52.508601544000044)","Unfall 242246 (2024) Kat:3, Licht: 0","242246","3","2","6","11","08","2","","0","0","1","1","0"
"POINT (13.366384964000076 52.572637060000034)","Unfall 242247 (2024) Kat:3, Licht: 2","242247","3","2","2","11","19","1","","2","0","1","0","0"
"POINT (13.429930660000025 52.509977416000027)","Unfall 242248 (2024) Kat:3, Licht: 0","242248","3","6","2","11","06","2","","0","0","1","0","0"
"POINT (13.266025777000038 52.575860899000077)","Unfall 242249 (2024) Kat:3, Licht: 2","242249","3","1","4","11","05","2","","2","0","1","0","0"
"POINT (13.403637038000056 52.393900519000056)","Unfall 242250 (2024) Kat:1, Licht: 0","242250","1","6","2","11","11","2","","0","0","1","0","0"
"POINT (13.407948806000036 52.499971347000042)","Unfall 242251 (2024) Kat:2, Licht: 2","242251","2","3","5","11","20","1","","2","0","1","0","0"
"POINT (13.338080126000023 52.523642651000046)","Unfall 242252 (2024) Kat:3, Licht: 2","242252","3","3","5","11","20","1","","2","1","1","0","0"
"POINT (13.285377191000066 52.595118637000041)","Unfall 242253 (2024) Kat:3, Licht: 2","242253","3","6","2","11","17","1","","2","0","1","0","0"
"POINT (13.399110982000025 52.529523326000060)","Unfall 242254 (2024) Kat:2, Licht: 2","242254","2","6","0","11","17","1","","2","0","1","0","1"
"POINT (13.602748219000034 52.546766870000056)","Unfall 242255 (2024) Kat:3, Licht: 0","242255","3","6","3","11","13","1","","0","0","1","0","1"
"POINT (13.284194962000072 52.476209349000044)","Unfall 242256 (2024) Kat:2, Licht: 0","242256","2","3","5","11","10","1","","0","1","1","0","0"
"POINT (13.429905521000023 52.509949021000068)","Unfall 242257 (2024) Kat:3, Licht: 0","242257","3","6","2","11","09","1","","0","0","1","0","0"
"POINT (13.586186988000065 52.546139984000035)","Unfall 242258 (2024) Kat:3, Licht: 2","242258","3","1","0","11","01","1","","2","0","1","0","0"
"POINT (13.367700514000035 52.573474069000042)","Unfall 242259 (2024) Kat:3, Licht: 0","242259","3","6","4","11","14","1","","0","0","1","0","0"
"POINT (13.392329517000064 52.545146653000074)","Unfall 242260 (2024) Kat:3, Licht: 2","242260","3","1","0","11","20","7","","2","0","0","0","1"
"POINT (13.388797660000023 52.517211280000026)","Unfall 242261 (2024) Kat:3, Licht: 0","242261","3","2","5","11","13","7","","0","1","1","0","0"
"POINT (13.389971615000036 52.595903628000030)","Unfall 242262 (2024) Kat:3, Licht: 0","242262","3","7","2","11","12","7","","0","0","0","0","1"
"POINT (13.352876237000032 52.536678099000028)","Unfall 242263 (2024) Kat:3, Licht: 1","242263","3","5","1","11","07","7","","1","0","1","0","0"
"POINT (13.420446177000031 52.566600958000038)","Unfall 242264 (2024) Kat:3, Licht: 2","242264","3","7","0","11","01","7","","2","1","0","0","0"
"POINT (13.352183880000041 52.506424591000041)","Unfall 242265 (2024) Kat:3, Licht: 2","242265","3","2","5","11","18","7","","2","1","1","0","0"
"POINT (13.434668460000069 52.440580865000072)","Unfall 242266 (2024) Kat:3, Licht: 2","242266","3","6","2","11","18","7","","2","0","1","0","0"
"POINT (13.234232035000048 52.586143321000065)","Unfall 242267 (2024) Kat:3, Licht: 2","242267","3","1","8","11","17","7","","2","0","1","0","0"
"POINT (13.397652940000057 52.495153097000070)","Unfall 242268 (2024) Kat:3, Licht: 2","242268","3","1","0","11","17","7","","2","1","0","0","0"
"POINT (13.246987987000068 52.543854967000073)","Unfall 242269 (2024) Kat:3, Licht: 2","242269","3","6","2","11","17","7","","2","0","1","0","0"
"POINT (13.376203952000026 52.410362416000055)","Unfall 242270 (2024) Kat:3, Licht: 0","242270","3","6","2","11","12","7","","0","0","1","0","0"
"POINT (13.519521224000073 52.519852784000079)","Unfall 242271 (2024) Kat:3, Licht: 2","242271","3","1","0","11","05","7","","2","0","0","0","0"
"POINT (13.441739141000028 52.501254169000049)","Unfall 242272 (2024) Kat:3, Licht: 2","242272","3","2","5","11","01","7","","2","1","1","0","0"
"POINT (13.314036156000043 52.506351121000080)","Unfall 242273 (2024) Kat:3, Licht: 2","242273","3","2","5","11","18","7","","2","1","1","0","0"
"POINT (13.386631223000052 52.490077364000058)","Unfall 242274 (2024) Kat:3, Licht: 2","242274","3","2","2","11","16","7","","2","1","1","0","0"
"POINT (13.306039334000047 52.499887801000057)","Unfall 242275 (2024) Kat:3, Licht: 2","242275","3","6","2","11","16","6","","2","0","1","0","0"
"POINT (13.245929690000025 52.537733052000078)","Unfall 242276 (2024) Kat:3, Licht: 2","242276","3","7","0","11","05","6","","2","0","0","0","1"
"POINT (13.480425608000075 52.472484084000030)","Unfall 242277 (2024) Kat:3, Licht: 1","242277","3","3","5","11","18","6","","1","1","1","0","0"
"POINT (13.394372113000031 52.500961179000058)","Unfall 242278 (2024) Kat:2, Licht: 0","242278","2","6","3","11","11","6","","0","1","0","0","0"
"POINT (13.429329643000074 52.523095990000058)","Unfall 242279 (2024) Kat:3, Licht: 2","242279","3","6","2","11","21","4","","2","0","1","0","0"
"POINT (13.393118001000062 52.506877248000080)","Unfall 242280 (2024) Kat:3, Licht: 0","242280","3","5","0","11","08","6","","0","1","1","0","0"
"POINT (13.472286166000060 52.461504592000040)","Unfall 242281 (2024) Kat:3, Licht: 0","242281","3","2","0","11","08","6","","0","1","1","0","0"
"POINT (13.321842868000033 52.604707309000048)","Unfall 242282 (2024) Kat:3, Licht: 2","242282","3","6","0","11","23","6","","2","0","1","0","1"
"POINT (13.500784618000068 52.505527151000081)","Unfall 242283 (2024) Kat:3, Licht: 2","242283","3","6","4","11","20","6","","2","0","0","0","0"
"POINT (13.376831870000046 52.510666463000064)","Unfall 242284 (2024) Kat:3, Licht: 1","242284","3","4","6","11","16","5","","1","0","0","1","0"
"POINT (13.179908595000029 52.512179887000059)","Unfall 242285 (2024) Kat:3, Licht: 2","242285","3","3","5","11","18","6","","2","0","1","0","0"
"POINT (13.422610008000049 52.541526269000030)","Unfall 242286 (2024) Kat:2, Licht: 0","242286","2","3","5","11","15","6","","0","0","1","0","0"
"POINT (13.400303846000043 52.490298409000047)","Unfall 242287 (2024) Kat:3, Licht: 0","242287","3","2","0","11","15","6","","0","1","0","0","0"
"POINT (13.202958470000056 52.535353797000027)","Unfall 242288 (2024) Kat:3, Licht: 0","242288","3","2","6","11","14","6","","0","0","1","1","0"
"POINT (13.393613582000057 52.498116127000060)","Unfall 242289 (2024) Kat:3, Licht: 2","242289","3","6","3","11","19","6","","2","0","1","0","0"
"POINT (13.333069593000062 52.505771933000062)","Unfall 242290 (2024) Kat:3, Licht: 0","242290","3","6","3","11","13","6","","0","0","1","0","1"
"POINT (13.416520946000048 52.617593616000079)","Unfall 242291 (2024) Kat:3, Licht: 0","242291","3","4","6","11","12","6","","0","0","1","1","0"
"POINT (13.467079698000077 52.471453335000035)","Unfall 242292 (2024) Kat:3, Licht: 0","242292","3","2","2","11","12","6","","0","1","1","0","0"
"POINT (13.210255022000069 52.549057449000031)","Unfall 242293 (2024) Kat:3, Licht: 0","242293","3","2","5","11","17","5","","0","1","0","0","0"
"POINT (13.214419728000053 52.538483996000082)","Unfall 242294 (2024) Kat:3, Licht: 2","242294","3","6","0","11","22","5","","2","0","1","0","1"
"POINT (13.620998864000057 52.536914790000026)","Unfall 242295 (2024) Kat:3, Licht: 2","242295","3","5","1","11","17","5","","2","0","1","0","0"
"POINT (13.514287792000061 52.567800347000059)","Unfall 242296 (2024) Kat:3, Licht: 1","242296","3","1","8","11","17","5","","1","0","1","0","0"
"POINT (13.495792028000039 52.417642439000076)","Unfall 242297 (2024) Kat:3, Licht: 0","242297","3","3","5","11","12","5","","0","0","1","0","0"
"POINT (13.428965530000028 52.498528856000064)","Unfall 242298 (2024) Kat:3, Licht: 1","242298","3","6","3","11","16","5","","1","0","1","0","0"
"POINT (13.484916761000022 52.526689207000061)","Unfall 242299 (2024) Kat:3, Licht: 1","242299","3","4","6","11","15","5","","1","0","1","1","0"
"POINT (13.436078548000069 52.492109732000074)","Unfall 242300 (2024) Kat:3, Licht: 0","242300","3","4","6","11","13","5","","0","1","0","1","0"
"POINT (13.464649041000030 52.497428455000033)","Unfall 242301 (2024) Kat:3, Licht: 2","242301","3","2","5","11","19","5","","2","0","1","0","1"
"POINT (13.300425321000034 52.498681811000040)","Unfall 242302 (2024) Kat:3, Licht: 2","242302","3","5","1","11","18","5","","2","1","1","0","0"
"POINT (13.380301832000043 52.518850735000058)","Unfall 242303 (2024) Kat:3, Licht: 0","242303","3","2","5","11","11","5","","0","1","1","0","0"
"POINT (13.588509347000070 52.418605801000069)","Unfall 242304 (2024) Kat:3, Licht: 0","242304","3","6","6","11","10","5","","0","0","1","1","0"
"POINT (13.401142551000078 52.511324377000051)","Unfall 242305 (2024) Kat:3, Licht: 2","242305","3","2","5","11","17","5","","2","0","1","0","0"
"POINT (13.363784676000023 52.581287619000079)","Unfall 242306 (2024) Kat:3, Licht: 1","242306","3","5","1","11","16","5","","1","0","1","0","1"
"POINT (13.373855592000041 52.556572863000042)","Unfall 242307 (2024) Kat:3, Licht: 2","242307","3","2","5","11","01","4","","2","0","1","0","0"
"POINT (13.441643178000049 52.482844875000069)","Unfall 242308 (2024) Kat:3, Licht: 0","242308","3","5","1","11","10","5","","0","1","0","0","0"
"POINT (13.358600291000073 52.506760352000072)","Unfall 242309 (2024) Kat:3, Licht: 0","242309","3","2","5","11","14","5","","0","1","1","0","0"
"POINT (13.273313163000068 52.426873914000055)","Unfall 242310 (2024) Kat:3, Licht: 0","242310","3","3","5","11","09","5","","0","0","1","0","1"
"POINT (13.279299060000028 52.503939535000029)","Unfall 242311 (2024) Kat:3, Licht: 0","242311","3","6","2","11","08","5","","0","0","1","0","0"
"POINT (13.612902274000021 52.500364731000047)","Unfall 242312 (2024) Kat:3, Licht: 1","242312","3","3","5","11","07","5","","1","1","1","0","0"
"POINT (13.343195313000024 52.528484391000063)","Unfall 242313 (2024) Kat:3, Licht: 0","242313","3","5","1","11","07","5","","0","0","1","0","0"
"POINT (13.290342735000024 52.581878966000033)","Unfall 242314 (2024) Kat:3, Licht: 0","242314","3","7","0","11","07","5","","0","0","0","0","1"
"POINT (13.317545134000056 52.615993943000035)","Unfall 242315 (2024) Kat:3, Licht: 0","242315","3","6","4","11","07","5","","0","0","1","0","0"
"POINT (13.226985752000076 52.549385393000080)","Unfall 242316 (2024) Kat:3, Licht: 2","242316","3","3","5","11","06","5","","2","1","1","0","0"
"POINT (13.540847344000042 52.432901159000039)","Unfall 242317 (2024) Kat:3, Licht: 0","242317","3","2","4","11","10","5","","0","1","1","0","0"
"POINT (13.209550821000050 52.532515992000071)","Unfall 242318 (2024) Kat:3, Licht: 0","242318","3","3","5","11","08","5","","0","0","1","0","0"
"POINT (13.239807840000026 52.507212863000063)","Unfall 242319 (2024) Kat:3, Licht: 0","242319","3","6","2","11","07","5","","0","0","1","0","0"
"POINT (13.350473273000034 52.513445958000034)","Unfall 242320 (2024) Kat:3, Licht: 2","242320","3","6","2","11","18","5","","2","0","1","0","1"
"POINT (13.197225764000052 52.468836264000061)","Unfall 242321 (2024) Kat:3, Licht: 2","242321","3","1","0","11","17","5","","2","0","1","0","0"
"POINT (13.157124969000051 52.539085099000033)","Unfall 242322 (2024) Kat:3, Licht: 1","242322","3","6","2","11","17","5","","1","0","1","0","0"
"POINT (13.309283270000037 52.492057237000040)","Unfall 242323 (2024) Kat:3, Licht: 0","242323","3","2","5","11","15","5","","0","1","1","0","0"
"POINT (13.165332208000052 52.551069731000041)","Unfall 242324 (2024) Kat:3, Licht: 0","242324","3","2","5","11","11","5","","0","1","0","0","0"
"POINT (13.335737589000075 52.595687142000031)","Unfall 242325 (2024) Kat:3, Licht: 0","242325","3","6","3","11","11","5","","0","0","1","0","1"
"POINT (13.416297628000052 52.439925283000036)","Unfall 242326 (2024) Kat:2, Licht: 0","242326","2","4","6","11","09","5","","0","0","1","1","0"
"POINT (13.490547975000027 52.543223658000045)","Unfall 242327 (2024) Kat:2, Licht: 0","242327","2","3","5","11","09","5","","0","1","1","0","0"
"POINT (13.210097369000039 52.566845215000058)","Unfall 242328 (2024) Kat:3, Licht: 0","242328","3","3","5","11","08","5","","0","1","1","0","0"
"POINT (13.259168766000073 52.430802592000077)","Unfall 242329 (2024) Kat:3, Licht: 2","242329","3","2","5","11","16","2","","2","1","1","0","0"
"POINT (13.328019566000023 52.431119710000075)","Unfall 242330 (2024) Kat:3, Licht: 0","242330","3","2","5","11","08","5","","0","1","0","0","1"
"POINT (13.277567444000056 52.459909470000071)","Unfall 242331 (2024) Kat:3, Licht: 0","242331","3","5","1","11","07","5","","0","1","1","0","0"
"POINT (13.344492596000066 52.437761928000043)","Unfall 242332 (2024) Kat:3, Licht: 0","242332","3","3","5","11","07","5","","0","0","1","0","0"
"POINT (13.280582826000057 52.506573222000043)","Unfall 242333 (2024) Kat:3, Licht: 2","242333","3","3","5","11","16","4","","2","1","0","0","0"
"POINT (13.550127962000033 52.436348504000080)","Unfall 242334 (2024) Kat:3, Licht: 2","242334","3","3","5","11","06","5","","2","0","1","0","1"
"POINT (13.464792476000071 52.524426750000032)","Unfall 242335 (2024) Kat:2, Licht: 2","242335","2","2","5","11","06","5","","2","0","1","0","1"
"POINT (13.451874401000055 52.550445464000063)","Unfall 242336 (2024) Kat:3, Licht: 2","242336","3","7","6","11","17","4","","2","0","1","1","0"
"POINT (13.386565626000049 52.549462128000073)","Unfall 242337 (2024) Kat:3, Licht: 2","242337","3","2","5","11","20","4","","2","0","1","0","0"
"POINT (13.472387681000043 52.541205412000068)","Unfall 242338 (2024) Kat:3, Licht: 2","242338","3","5","1","11","16","4","","2","1","0","0","0"
"POINT (13.517748335000022 52.456064763000029)","Unfall 242339 (2024) Kat:3, Licht: 0","242339","3","6","2","11","08","4","","0","1","1","0","0"
"POINT (13.394070578000026 52.464146376000031)","Unfall 242340 (2024) Kat:3, Licht: 0","242340","3","3","0","11","07","4","","0","0","1","0","1"
"POINT (13.399506248000023 52.554680723000047)","Unfall 242341 (2024) Kat:3, Licht: 1","242341","3","6","3","11","06","4","","1","0","1","0","0"
"POINT (13.290502935000063 52.506636272000037)","Unfall 242342 (2024) Kat:3, Licht: 1","242342","3","2","5","11","16","4","","1","1","1","0","0"
"POINT (13.384695985000064 52.559122222000042)","Unfall 242343 (2024) Kat:2, Licht: 2","242343","2","5","1","11","20","4","","2","1","1","0","0"
"POINT (13.503103972000076 52.420145885000068)","Unfall 242344 (2024) Kat:3, Licht: 0","242344","3","7","2","11","15","4","","0","1","1","0","0"
"POINT (13.413325027000042 52.502928270000041)","Unfall 242345 (2024) Kat:3, Licht: 0","242345","3","6","2","11","09","4","","0","1","1","0","0"
"POINT (13.214411633000054 52.538485439000056)","Unfall 242346 (2024) Kat:3, Licht: 2","242346","3","6","2","11","18","4","","2","0","1","0","0"
"POINT (13.418407632000026 52.500053346000072)","Unfall 242347 (2024) Kat:3, Licht: 2","242347","3","4","6","11","17","4","","2","0","0","1","0"
"POINT (13.419961059000059 52.496418704000064)","Unfall 242348 (2024) Kat:3, Licht: 0","242348","3","2","2","11","09","4","","0","1","0","0","1"
"POINT (13.464749305000055 52.514629558000081)","Unfall 242349 (2024) Kat:3, Licht: 0","242349","3","4","6","11","09","4","","0","0","1","1","0"
"POINT (13.525669727000036 52.483009362000075)","Unfall 242350 (2024) Kat:3, Licht: 0","242350","3","3","0","11","15","4","","0","1","1","0","0"
"POINT (13.579033962000040 52.456971532000068)","Unfall 242351 (2024) Kat:3, Licht: 2","242351","3","7","0","11","17","4","","2","0","1","0","0"
"POINT (13.434840724000026 52.553575929000033)","Unfall 242352 (2024) Kat:3, Licht: 2","242352","3","2","6","11","17","4","","2","0","1","1","0"
"POINT (13.183261071000061 52.484913258000063)","Unfall 242353 (2024) Kat:3, Licht: 2","242353","3","6","2","11","18","4","","2","0","1","0","0"
"POINT (13.383016920000046 52.556131170000072)","Unfall 242354 (2024) Kat:3, Licht: 1","242354","3","2","0","11","16","4","","1","0","1","0","0"
"POINT (13.347360572000071 52.553167501000075)","Unfall 242355 (2024) Kat:3, Licht: 2","242355","3","6","2","11","16","4","","2","0","1","0","0"
"POINT (13.218533704000038 52.560277940000049)","Unfall 242356 (2024) Kat:3, Licht: 0","242356","3","4","6","11","14","4","","0","0","1","1","0"
"POINT (13.232023766000054 52.538428996000050)","Unfall 242357 (2024) Kat:3, Licht: 0","242357","3","2","3","11","12","4","","0","0","1","0","0"
"POINT (13.293668958000069 52.484376819000033)","Unfall 242358 (2024) Kat:3, Licht: 0","242358","3","3","5","11","11","4","","0","0","1","0","0"
"POINT (13.299270417000059 52.513477828000077)","Unfall 242359 (2024) Kat:3, Licht: 0","242359","3","3","5","11","09","4","","0","1","1","0","0"
"POINT (13.346251003000077 52.602098603000059)","Unfall 242360 (2024) Kat:3, Licht: 2","242360","3","3","5","11","05","4","","2","1","0","0","0"
"POINT (13.439964584000052 52.523443211000028)","Unfall 242361 (2024) Kat:3, Licht: 0","242361","3","3","5","11","10","4","","0","0","1","0","1"
"POINT (13.331009018000032 52.493200156000057)","Unfall 242362 (2024) Kat:3, Licht: 0","242362","3","2","5","11","09","4","","0","1","1","0","0"
"POINT (13.405362949000050 52.508274810000046)","Unfall 242363 (2024) Kat:3, Licht: 0","242363","3","3","5","11","08","4","","0","0","1","0","1"
"POINT (13.365390366000042 52.556810556000073)","Unfall 242364 (2024) Kat:3, Licht: 0","242364","3","3","5","11","08","4","","0","1","1","0","0"
"POINT (13.546410180000066 52.434896704000039)","Unfall 242365 (2024) Kat:3, Licht: 0","242365","3","6","2","11","08","4","","0","1","1","0","0"
"POINT (13.384727520000069 52.514547838000055)","Unfall 242366 (2024) Kat:3, Licht: 2","242366","3","3","5","11","19","3","","2","0","1","0","0"
"POINT (13.395856763000040 52.538222820000044)","Unfall 242367 (2024) Kat:3, Licht: 1","242367","3","2","5","11","06","3","","1","1","0","0","0"
"POINT (13.404286898000066 52.561441261000027)","Unfall 242368 (2024) Kat:3, Licht: 0","242368","3","3","5","11","10","3","","0","1","1","0","0"
"POINT (13.439761397000041 52.595989965000058)","Unfall 242369 (2024) Kat:3, Licht: 0","242369","3","6","4","11","14","3","","0","1","1","0","0"
"POINT (13.575880048000045 52.491146476000040)","Unfall 242370 (2024) Kat:3, Licht: 2","242370","3","3","5","11","16","3","","2","0","1","0","0"
"POINT (13.359413122000035 52.526479966000068)","Unfall 242371 (2024) Kat:3, Licht: 0","242371","3","2","6","11","16","3","","0","0","1","1","0"
"POINT (13.312412307000045 52.491583537000054)","Unfall 242372 (2024) Kat:3, Licht: 0","242372","3","6","2","11","15","3","","0","0","1","0","0"
"POINT (13.312598710000032 52.569767299000034)","Unfall 242373 (2024) Kat:3, Licht: 0","242373","3","7","6","11","15","3","","0","0","1","1","0"
"POINT (13.510710560000064 52.419298025000046)","Unfall 242374 (2024) Kat:2, Licht: 0","242374","2","2","5","11","14","3","","0","0","1","0","0"
"POINT (13.490660856000034 52.422944779000034)","Unfall 242375 (2024) Kat:3, Licht: 0","242375","3","7","6","11","13","3","","0","0","1","1","0"
"POINT (13.437774441000045 52.500169515000039)","Unfall 242376 (2024) Kat:3, Licht: 0","242376","3","1","0","11","10","3","","0","1","0","0","0"
"POINT (13.436005878000060 52.483890597000027)","Unfall 242377 (2024) Kat:3, Licht: 2","242377","3","2","6","11","00","7","","2","0","1","1","0"
"POINT (13.426015918000076 52.499107690000073)","Unfall 242378 (2024) Kat:3, Licht: 0","242378","3","2","5","11","10","3","","0","1","1","0","0"
"POINT (13.329868740000052 52.507290528000055)","Unfall 242379 (2024) Kat:3, Licht: 0","242379","3","6","2","11","08","3","","0","0","1","0","0"
"POINT (13.335190851000050 52.486741385000073)","Unfall 242380 (2024) Kat:3, Licht: 2","242380","3","5","5","11","19","3","","2","0","1","0","0"
"POINT (13.275983581000048 52.518749818000060)","Unfall 242381 (2024) Kat:3, Licht: 1","242381","3","2","5","11","16","3","","1","0","1","0","1"
"POINT (13.381099729000027 52.532141697000043)","Unfall 242382 (2024) Kat:3, Licht: 2","242382","3","1","1","11","22","3","","2","0","0","0","0"
"POINT (13.518954142000041 52.531461423000053)","Unfall 242383 (2024) Kat:3, Licht: 2","242383","3","7","5","11","20","3","","2","0","1","0","0"
"POINT (13.299578358000076 52.440341002000082)","Unfall 242384 (2024) Kat:3, Licht: 0","242384","3","7","4","11","14","3","","0","0","1","0","0"
"POINT (13.263647300000059 52.486001328000043)","Unfall 242385 (2024) Kat:3, Licht: 2","242385","3","3","5","11","20","4","","2","0","1","0","0"
"POINT (13.195686220000027 52.529530509000040)","Unfall 242386 (2024) Kat:3, Licht: 0","242386","3","2","0","11","11","3","","0","0","1","0","0"
"POINT (13.367559880000044 52.526013039000077)","Unfall 242387 (2024) Kat:3, Licht: 0","242387","3","2","0","11","11","5","","0","0","1","0","0"
"POINT (13.439330373000075 52.478143549000038)","Unfall 242388 (2024) Kat:3, Licht: 1","242388","3","2","2","11","16","3","","1","1","1","0","0"
"POINT (13.389740234000044 52.574304256000062)","Unfall 242389 (2024) Kat:2, Licht: 0","242389","2","3","5","11","15","3","","0","0","1","0","1"
"POINT (13.508308165000074 52.499770233000049)","Unfall 242390 (2024) Kat:3, Licht: 0","242390","3","4","6","11","11","3","","0","0","1","1","0"
"POINT (13.411046997000028 52.503500490000079)","Unfall 242391 (2024) Kat:3, Licht: 0","242391","3","2","5","11","10","3","","0","1","1","0","0"
"POINT (13.364443693000055 52.582288463000054)","Unfall 242392 (2024) Kat:3, Licht: 0","242392","3","2","5","11","08","3","","0","0","1","0","1"
"POINT (13.312339596000072 52.489943526000047)","Unfall 242393 (2024) Kat:3, Licht: 0","242393","3","2","5","11","10","3","","0","1","1","0","0"
"POINT (13.380314449000025 52.556350032000068)","Unfall 242394 (2024) Kat:2, Licht: 2","242394","2","1","0","11","22","3","","2","1","0","0","0"
"POINT (13.600573958000041 52.538407852000034)","Unfall 242395 (2024) Kat:3, Licht: 2","242395","3","3","5","11","22","3","","2","0","1","0","0"
"POINT (13.311143149000031 52.612984542000049)","Unfall 242396 (2024) Kat:3, Licht: 2","242396","3","3","5","11","18","3","","2","0","1","0","0"
"POINT (13.463138309000044 52.511465071000032)","Unfall 242397 (2024) Kat:3, Licht: 1","242397","3","3","5","11","16","3","","1","0","1","0","1"
"POINT (13.330886497000051 52.499526403000061)","Unfall 242398 (2024) Kat:2, Licht: 0","242398","2","3","5","11","10","3","","0","1","1","0","0"
"POINT (13.400246383000024 52.490221879000046)","Unfall 242399 (2024) Kat:3, Licht: 0","242399","3","2","5","11","09","3","","0","1","1","0","0"
"POINT (13.396803327000043 52.483887068000058)","Unfall 242400 (2024) Kat:3, Licht: 0","242400","3","7","0","11","10","3","","0","1","0","0","0"
"POINT (13.326106433000064 52.538347817000044)","Unfall 242401 (2024) Kat:3, Licht: 0","242401","3","2","5","11","07","3","","0","0","1","0","0"
"POINT (13.424342889000059 52.486292289000062)","Unfall 242402 (2024) Kat:3, Licht: 2","242402","3","2","5","11","01","3","","2","0","1","0","0"
"POINT (13.406592243000034 52.498353924000071)","Unfall 242403 (2024) Kat:2, Licht: 0","242403","2","7","5","11","14","2","","0","0","1","0","0"
"POINT (13.361299838000036 52.412593567000044)","Unfall 242404 (2024) Kat:3, Licht: 2","242404","3","2","5","11","19","2","","2","1","1","0","0"
"POINT (13.347519967000039 52.596228848000067)","Unfall 242405 (2024) Kat:3, Licht: 2","242405","3","2","5","11","17","2","","2","0","1","0","1"
"POINT (13.346113319000040 52.497114617000079)","Unfall 242406 (2024) Kat:3, Licht: 0","242406","3","6","2","11","14","2","","0","0","0","0","1"
"POINT (13.200377046000028 52.536484732000076)","Unfall 242407 (2024) Kat:2, Licht: 0","242407","2","6","0","11","09","2","","0","0","0","0","0"
"POINT (13.470252282000047 52.553645114000062)","Unfall 242408 (2024) Kat:3, Licht: 0","242408","3","3","5","11","08","2","","0","0","1","0","0"
"POINT (13.525869056000033 52.482732733000034)","Unfall 242409 (2024) Kat:3, Licht: 2","242409","3","3","5","11","17","2","","2","1","1","0","0"
"POINT (13.281043323000063 52.476882602000046)","Unfall 242410 (2024) Kat:3, Licht: 0","242410","3","2","2","11","15","2","","0","1","0","0","0"
"POINT (13.484857796000028 52.533488439000052)","Unfall 242411 (2024) Kat:3, Licht: 0","242411","3","2","5","11","14","2","","0","1","1","0","0"
"POINT (13.417034714000067 52.526126353000052)","Unfall 242412 (2024) Kat:3, Licht: 0","242412","3","4","6","11","10","2","","0","0","1","1","0"
"POINT (13.341118097000049 52.504752868000082)","Unfall 242413 (2024) Kat:3, Licht: 0","242413","3","3","5","11","10","2","","0","0","1","0","0"
"POINT (13.457618421000063 52.509550417000071)","Unfall 242414 (2024) Kat:3, Licht: 0","242414","3","1","0","11","08","2","","0","1","0","0","0"
"POINT (13.320121289000042 52.472035446000064)","Unfall 242415 (2024) Kat:3, Licht: 0","242415","3","2","5","11","08","2","","0","0","1","0","0"
"POINT (13.635878598000033 52.520308991000036)","Unfall 242416 (2024) Kat:3, Licht: 0","242416","3","3","5","11","07","2","","0","1","1","0","0"
"POINT (13.395881648000056 52.565991284000063)","Unfall 242417 (2024) Kat:3, Licht: 1","242417","3","6","3","11","06","2","","1","1","0","0","0"
"POINT (13.322764078000034 52.489003326000045)","Unfall 242418 (2024) Kat:1, Licht: 2","242418","1","4","6","11","19","2","","2","0","1","1","0"
"POINT (13.379900898000074 52.521018183000081)","Unfall 242419 (2024) Kat:2, Licht: 2","242419","2","6","3","11","19","2","","2","1","0","0","0"
"POINT (13.410125669000024 52.510588920000032)","Unfall 242420 (2024) Kat:3, Licht: 0","242420","3","6","2","11","12","2","","0","0","1","0","0"
"POINT (13.422771720000071 52.500330397000027)","Unfall 242421 (2024) Kat:3, Licht: 2","242421","3","6","3","11","18","6","","2","0","1","0","0"
"POINT (13.602628820000064 52.510274957000036)","Unfall 242422 (2024) Kat:3, Licht: 0","242422","3","3","5","11","07","2","","0","0","1","0","0"
"POINT (13.209058088000063 52.528223149000041)","Unfall 242423 (2024) Kat:3, Licht: 2","242423","3","6","2","11","16","2","","2","0","1","0","0"
"POINT (13.548530413000037 52.427594243000044)","Unfall 242424 (2024) Kat:3, Licht: 2","242424","3","3","5","11","16","2","","2","0","1","0","1"
"POINT (13.426562803000024 52.499523048000071)","Unfall 242425 (2024) Kat:3, Licht: 0","242425","3","7","2","11","11","2","","0","0","1","0","1"
"POINT (13.564119901000026 52.544548935000080)","Unfall 242426 (2024) Kat:3, Licht: 0","242426","3","6","2","11","09","2","","0","0","1","0","0"
"POINT (13.317310861000067 52.504225646000066)","Unfall 242427 (2024) Kat:3, Licht: 0","242427","3","3","5","11","09","2","","0","1","1","0","0"
"POINT (13.406661068000062 52.498443973000064)","Unfall 242428 (2024) Kat:2, Licht: 0","242428","2","2","5","11","06","2","","0","0","0","0","0"