WKT,Name,OBJECTID,UKATEGORIE,UTYP1,UART,UMONAT,USTUNDE,UWOCHENTAG,STRZUSTAND,ULICHTVERH,ISTRAD,ISTPKW,ISTFUSS,ISTKRAD
"POINT (13.344505284000036 52.464774982000051)","Unfall 242616 (2024) Kat:2, Licht: 2","242616","2","3","5","10","18","2","","2","1","1","0","0"
"POINT (13.355685351000034 52.552175104000071)","Unfall 242617 (2024) Kat:3, Licht: 2","242617","3","6","0","11","06","2","","2","0","1","0","1"
"POINT (13.296589220000044 52.627697855000065)","Unfall 242618 (2024) Kat:2, Licht: 1","242618","2","7","6","10","18","2","","1","1","0","1","0"
"POINT (13.571558436000032 52.528366186000028)","Unfall 242619 (2024) Kat:3, Licht: 0","242619","3","6","2","11","15","5","","0","0","1","0","0"
"POINT (13.371961314000032 52.469880257000057)","Unfall 242620 (2024) Kat:3, Licht: 1","242620","3","3","5","10","17","2","","1","0","1","0","0"
"POINT (13.472699326000054 52.508769658000062)","Unfall 242621 (2024) Kat:3, Licht: 0","242621","3","7","5","10","17","2","","0","1","1","0","0"
"POINT (13.504809238000064 52.563017086000059)","Unfall 242622 (2024) Kat:3, Licht: 0","242622","3","4","0","10","15","2","","0","0","0","1","0"
"POINT (13.369115083000054 52.546213047000037)","Unfall 242623 (2024) Kat:3, Licht: 0","242623","3","3","5","11","08","3","","0","1","1","0","0"
"POINT (13.387265191000040 52.526216936000026)","Unfall 242624 (2024) Kat:3, Licht: 0","242624","3","1","0","10","16","2","","0","1","0","0","0"
"POINT (13.338181028000065 52.505198721000056)","Unfall 242625 (2024) Kat:3, Licht: 0","242625","3","2","0","10","12","2","","0","1","1","0","0"
"POINT (13.275290018000021 52.450533823000058)","Unfall 242626 (2024) Kat:3, Licht: 0","242626","3","1","0","11","14","5","","0","1","0","0","0"
"POINT (13.162288607000050 52.547609070000078)","Unfall 242627 (2024) Kat:3, Licht: 0","242627","3","5","1","10","11","2","","0","0","1","0","0"
"POINT (13.406581784000025 52.500332455000034)","Unfall 242628 (2024) Kat:3, Licht: 0","242628","3","2","6","10","09","2","","0","0","1","1","0"
"POINT (13.474307157000055 52.536342520000062)","Unfall 242629 (2024) Kat:3, Licht: 2","242629","3","6","2","10","20","2","","2","0","1","0","0"
"POINT (13.328252753000072 52.461031629000047)","Unfall 242630 (2024) Kat:3, Licht: 0","242630","3","4","6","10","12","2","","0","0","1","1","0"
"POINT (13.548842539000077 52.533916079000051)","Unfall 242631 (2024) Kat:3, Licht: 1","242631","3","2","5","10","16","2","","1","0","1","0","1"
"POINT (13.360073830000033 52.490468591000081)","Unfall 242632 (2024) Kat:3, Licht: 0","242632","3","2","5","10","16","2","","0","1","1","0","0"
"POINT (13.401034864000053 52.518274666000082)","Unfall 242633 (2024) Kat:3, Licht: 0","242633","3","6","2","10","13","2","","0","1","0","0","0"
"POINT (13.495882080000058 52.641832603000069)","Unfall 242634 (2024) Kat:3, Licht: 0","242634","3","2","5","10","10","2","","0","0","1","0","1"
"POINT (13.298126607000029 52.519379363000041)","Unfall 242635 (2024) Kat:3, Licht: 0","242635","3","3","5","10","11","4","","0","1","1","0","0"
"POINT (13.360855613000069 52.570362399000032)","Unfall 242636 (2024) Kat:3, Licht: 2","242636","3","2","0","10","20","2","","2","0","1","0","1"
"POINT (13.543544548000057 52.534289128000069)","Unfall 242637 (2024) Kat:3, Licht: 0","242637","3","1","0","10","16","2","","0","0","0","0","0"
"POINT (13.376552399000047 52.460011965000035)","Unfall 242638 (2024) Kat:3, Licht: 2","242638","3","2","5","10","18","2","","2","1","1","0","0"
"POINT (13.381528260000039 52.527966107000054)","Unfall 242639 (2024) Kat:3, Licht: 0","242639","3","7","0","10","12","4","","0","0","0","0","1"
"POINT (13.440581428000030 52.516929533000052)","Unfall 242640 (2024) Kat:3, Licht: 2","242640","3","3","5","10","16","2","","2","1","1","0","0"
"POINT (13.197297173000038 52.524820376000037)","Unfall 242641 (2024) Kat:3, Licht: 0","242641","3","6","2","10","15","2","","0","0","1","0","1"
"POINT (13.561636169000053 52.446102436000047)","Unfall 242642 (2024) Kat:3, Licht: 0","242642","3","3","5","10","14","2","","0","0","1","0","0"
"POINT (13.344091635000041 52.478326739000067)","Unfall 242643 (2024) Kat:3, Licht: 0","242643","3","2","5","10","14","2","","0","0","1","0","0"
"POINT (13.433886241000039 52.463382477000039)","Unfall 242644 (2024) Kat:3, Licht: 0","242644","3","5","1","10","11","2","","0","0","1","0","0"
"POINT (13.421852228000034 52.562710481000067)","Unfall 242645 (2024) Kat:2, Licht: 0","242645","2","3","5","10","11","2","","0","1","1","0","0"
"POINT (13.410582947000023 52.501353559000052)","Unfall 242646 (2024) Kat:3, Licht: 0","242646","3","2","5","10","08","2","","0","0","1","0","1"
"POINT (13.298694293000040 52.421829253000055)","Unfall 242647 (2024) Kat:2, Licht: 0","242647","2","4","6","10","06","2","","0","0","1","1","0"
"POINT (13.547880732000067 52.416608538000048)","Unfall 242648 (2024) Kat:1, Licht: 2","242648","1","1","8","10","02","1","","2","0","1","0","0"
"POINT (13.299528615000042 52.519479026000056)","Unfall 242649 (2024) Kat:3, Licht: 0","242649","3","2","0","10","15","1","","0","0","1","0","0"
"POINT (13.365635305000069 52.557126842000059)","Unfall 242650 (2024) Kat:2, Licht: 0","242650","2","2","5","10","06","1","","0","0","1","0","0"
"POINT (13.358221543000070 52.550251852000031)","Unfall 242651 (2024) Kat:3, Licht: 0","242651","3","7","6","11","12","2","","0","0","0","1","0"
"POINT (13.363829129000067 52.562521457000059)","Unfall 242652 (2024) Kat:3, Licht: 2","242652","3","1","8","10","17","1","","2","0","1","0","0"
"POINT (13.593611998000029 52.447493133000080)","Unfall 242653 (2024) Kat:3, Licht: 0","242653","3","3","5","11","11","1","","0","0","1","0","0"
"POINT (13.408037245000060 52.541670288000034)","Unfall 242654 (2024) Kat:2, Licht: 1","242654","2","1","0","10","16","1","","1","0","0","0","0"
"POINT (13.150301288000037 52.457863568000050)","Unfall 242655 (2024) Kat:2, Licht: 0","242655","2","6","2","11","08","5","","0","0","1","0","0"
"POINT (13.372599496000078 52.457985221000058)","Unfall 242656 (2024) Kat:3, Licht: 0","242656","3","3","5","10","14","1","","0","0","1","0","0"
"POINT (13.405670261000068 52.514119133000065)","Unfall 242657 (2024) Kat:3, Licht: 0","242657","3","3","5","10","11","1","","0","0","1","0","1"
"POINT (13.363951197000063 52.590030445000082)","Unfall 242658 (2024) Kat:3, Licht: 0","242658","3","3","5","10","10","1","","0","1","0","0","0"
"POINT (13.390379749000033 52.434375715000044)","Unfall 242659 (2024) Kat:2, Licht: 0","242659","2","1","0","10","10","1","","0","0","0","0","1"
"POINT (13.236115687000051 52.620986427000048)","Unfall 242660 (2024) Kat:3, Licht: 0","242660","3","6","2","10","13","1","","0","0","1","0","0"
"POINT (13.283596324000030 52.506399550000026)","Unfall 242661 (2024) Kat:3, Licht: 0","242661","3","2","5","10","12","1","","0","1","1","0","0"
"POINT (13.430216963000078 52.588627824000071)","Unfall 242662 (2024) Kat:2, Licht: 1","242662","2","1","9","10","06","1","","1","0","1","0","0"
"POINT (13.291132430000062 52.581016851000072)","Unfall 242663 (2024) Kat:3, Licht: 2","242663","3","2","0","10","00","1","","2","0","1","0","1"
"POINT (13.351116407000063 52.616659869000046)","Unfall 242664 (2024) Kat:2, Licht: 1","242664","2","6","4","10","17","7","","1","0","1","0","0"
"POINT (13.387911752000036 52.502897141000062)","Unfall 242665 (2024) Kat:3, Licht: 0","242665","3","3","5","10","17","7","","0","0","1","0","0"
"POINT (13.575286311000070 52.447545686000069)","Unfall 242666 (2024) Kat:3, Licht: 0","242666","3","4","6","10","16","7","","0","1","0","1","0"
"POINT (13.451338372000066 52.436761391000061)","Unfall 242667 (2024) Kat:2, Licht: 0","242667","2","2","5","10","13","7","","0","1","1","0","0"
"POINT (13.360708683000041 52.446778811000058)","Unfall 242668 (2024) Kat:3, Licht: 2","242668","3","2","5","10","23","7","","2","0","1","0","1"
"POINT (13.419644166000069 52.489701904000071)","Unfall 242669 (2024) Kat:3, Licht: 2","242669","3","4","6","10","22","7","","2","0","1","1","0"
"POINT (13.205846859000076 52.539248458000031)","Unfall 242670 (2024) Kat:3, Licht: 2","242670","3","3","5","10","23","7","","2","1","1","0","0"
"POINT (13.389685091000047 52.434299262000081)","Unfall 242671 (2024) Kat:2, Licht: 0","242671","2","2","6","10","16","7","","0","0","1","1","0"
"POINT (13.188347175000047 52.532485888000053)","Unfall 242672 (2024) Kat:3, Licht: 2","242672","3","3","5","11","19","7","","2","0","1","0","0"
"POINT (13.177068126000052 52.517047151000043)","Unfall 242673 (2024) Kat:3, Licht: 0","242673","3","6","2","10","15","7","","0","0","1","0","1"
"POINT (13.339928539000027 52.526490167000077)","Unfall 242674 (2024) Kat:3, Licht: 0","242674","3","3","5","10","15","7","","0","1","1","0","0"
"POINT (13.408511212000064 52.525982817000056)","Unfall 242675 (2024) Kat:3, Licht: 0","242675","3","5","1","10","15","7","","0","1","0","0","0"
"POINT (13.383934430000068 52.555752083000073)","Unfall 242676 (2024) Kat:3, Licht: 0","242676","3","2","0","10","13","7","","0","0","1","0","0"
"POINT (13.356556157000057 52.539238239000042)","Unfall 242677 (2024) Kat:3, Licht: 2","242677","3","1","9","11","01","5","","2","0","1","0","0"
"POINT (13.212705479000022 52.573291515000051)","Unfall 242678 (2024) Kat:3, Licht: 0","242678","3","3","5","10","12","7","","0","0","1","0","1"
"POINT (13.377013067000064 52.508519050000075)","Unfall 242679 (2024) Kat:3, Licht: 0","242679","3","3","0","10","12","7","","0","1","0","0","0"
"POINT (13.324015242000030 52.473518379000041)","Unfall 242680 (2024) Kat:3, Licht: 0","242680","3","3","5","10","11","7","","0","1","1","0","0"
"POINT (13.346286238000062 52.501085674000080)","Unfall 242681 (2024) Kat:3, Licht: 0","242681","3","2","5","10","11","7","","0","0","1","0","0"
"POINT (13.577463216000069 52.453781141000036)","Unfall 242682 (2024) Kat:3, Licht: 0","242682","3","5","1","10","10","7","","0","0","1","0","0"
"POINT (13.268257898000059 52.536582831000032)","Unfall 242683 (2024) Kat:2, Licht: 2","242683","2","6","3","10","18","6","","2","0","1","0","1"
"POINT (13.477070548000029 52.566976722000049)","Unfall 242684 (2024) Kat:3, Licht: 0","242684","3","1","0","11","12","3","","0","0","0","0","1"
"POINT (13.320320783000057 52.483536016000073)","Unfall 242685 (2024) Kat:3, Licht: 0","242685","3","2","5","11","13","3","","0","1","1","0","0"
"POINT (13.456876225000030 52.509740195000063)","Unfall 242686 (2024) Kat:3, Licht: 0","242686","3","4","6","10","15","6","","0","1","0","1","0"
"POINT (13.359571622000033 52.533463724000057)","Unfall 242687 (2024) Kat:3, Licht: 0","242687","3","7","0","10","15","6","","0","0","1","0","0"
"POINT (13.508903160000045 52.452672550000045)","Unfall 242688 (2024) Kat:3, Licht: 0","242688","3","2","6","10","14","6","","0","0","1","1","0"
"POINT (13.422262952000040 52.505484494000029)","Unfall 242689 (2024) Kat:3, Licht: 0","242689","3","7","5","10","13","6","","0","1","1","0","0"
"POINT (13.386242247000041 52.528026019000038)","Unfall 242690 (2024) Kat:3, Licht: 0","242690","3","7","0","10","12","6","","0","0","1","0","1"
"POINT (13.331342783000025 52.573563063000051)","Unfall 242691 (2024) Kat:3, Licht: 0","242691","3","2","5","10","12","6","","0","1","0","0","0"
"POINT (13.394992908000063 52.503145444000040)","Unfall 242692 (2024) Kat:3, Licht: 0","242692","3","3","5","10","12","6","","0","1","1","0","0"
"POINT (13.558169278000037 52.434672404000082)","Unfall 242693 (2024) Kat:3, Licht: 0","242693","3","6","2","10","11","6","","0","0","1","0","1"
"POINT (13.329017068000041 52.471414583000069)","Unfall 242694 (2024) Kat:3, Licht: 0","242694","3","2","5","10","10","6","","0","0","1","0","1"
"POINT (13.357031678000055 52.519594114000029)","Unfall 242695 (2024) Kat:3, Licht: 0","242695","3","3","5","10","10","6","","0","0","1","0","0"
"POINT (13.321495346000063 52.473183736000067)","Unfall 242696 (2024) Kat:3, Licht: 0","242696","3","5","1","10","14","6","","0","1","0","0","0"
"POINT (13.380638560000023 52.442730206000078)","Unfall 242697 (2024) Kat:3, Licht: 0","242697","3","7","0","10","13","6","","0","0","0","0","1"
"POINT (13.350677148000045 52.420173769000030)","Unfall 242698 (2024) Kat:3, Licht: 0","242698","3","3","5","10","14","6","","0","0","1","0","0"
"POINT (13.328436575000069 52.565397704000077)","Unfall 242699 (2024) Kat:3, Licht: 0","242699","3","2","6","10","12","6","","0","0","1","1","0"
"POINT (13.270740105000073 52.539464027000065)","Unfall 242700 (2024) Kat:3, Licht: 0","242700","3","3","0","10","12","6","","0","0","1","0","0"
"POINT (13.419059191000031 52.530817875000082)","Unfall 242701 (2024) Kat:2, Licht: 0","242701","2","4","6","10","07","6","","0","1","0","1","0"
"POINT (13.285720170000047 52.518756727000039)","Unfall 242702 (2024) Kat:3, Licht: 0","242702","3","5","1","10","07","6","","0","0","1","0","0"
"POINT (13.355758908000041 52.501629026000046)","Unfall 242703 (2024) Kat:3, Licht: 2","242703","3","6","2","10","23","6","","2","0","1","0","0"
"POINT (13.335101873000042 52.587529461000031)","Unfall 242704 (2024) Kat:3, Licht: 2","242704","3","6","2","11","21","2","","2","0","1","0","0"
"POINT (13.159747628000048 52.521883016000061)","Unfall 242705 (2024) Kat:2, Licht: 0","242705","2","4","6","10","16","5","","0","0","1","1","0"
"POINT (13.562603884000055 52.445900200000040)","Unfall 242706 (2024) Kat:3, Licht: 0","242706","3","1","8","10","16","5","","0","0","0","0","0"
"POINT (13.421019034000039 52.462006941000027)","Unfall 242707 (2024) Kat:3, Licht: 0","242707","3","7","0","10","06","5","","0","0","1","0","0"
"POINT (13.438406247000046 52.555204953000043)","Unfall 242708 (2024) Kat:3, Licht: 0","242708","3","6","2","10","16","5","","0","0","1","0","0"
"POINT (13.345102003000022 52.461452123000072)","Unfall 242709 (2024) Kat:3, Licht: 0","242709","3","4","6","10","16","5","","0","0","0","1","1"
"POINT (13.359310785000048 52.506036297000037)","Unfall 242710 (2024) Kat:3, Licht: 0","242710","3","6","2","10","15","5","","0","0","0","0","0"
"POINT (13.205103873000041 52.530083182000055)","Unfall 242711 (2024) Kat:3, Licht: 0","242711","3","6","2","10","15","5","","0","0","1","0","0"
"POINT (13.358544080000058 52.498418103000063)","Unfall 242712 (2024) Kat:3, Licht: 0","242712","3","6","3","10","14","5","","0","1","0","0","0"
"POINT (13.182611391000023 52.532868675000032)","Unfall 242713 (2024) Kat:3, Licht: 0","242713","3","2","5","10","14","5","","0","0","1","0","0"
"POINT (13.333275408000077 52.487711327000056)","Unfall 242714 (2024) Kat:3, Licht: 0","242714","3","3","2","10","14","5","","0","1","1","0","1"
"POINT (13.208990141000072 52.546493331000079)","Unfall 242715 (2024) Kat:3, Licht: 0","242715","3","3","5","10","13","5","","0","0","1","0","1"
"POINT (13.291316876000053 52.595890937000036)","Unfall 242716 (2024) Kat:3, Licht: 0","242716","3","2","5","10","12","5","","0","0","1","0","0"
"POINT (13.328337542000043 52.534606360000055)","Unfall 242717 (2024) Kat:3, Licht: 0","242717","3","6","2","10","10","5","","0","0","1","0","0"
"POINT (13.267772535000063 52.514104400000065)","Unfall 242718 (2024) Kat:2, Licht: 0","242718","2","5","1","10","10","5","","0","0","1","0","1"
"POINT (13.414961702000028 52.502531358000056)","Unfall 242719 (2024) Kat:3, Licht: 0","242719","3","2","5","10","08","5","","0","1","1","0","0"
"POINT (13.393675603000077 52.498122452000075)","Unfall 242720 (2024) Kat:2, Licht: 0","242720","2","6","0","11","13","3","","0","1","0","0","0"
"POINT (13.291405858000076 52.581028139000068)","Unfall 242721 (2024) Kat:3, Licht: 0","242721","3","2","6","10","07","5","","0","0","1","1","0"
"POINT (13.221416624000028 52.536861730000055)","Unfall 242722 (2024) Kat:3, Licht: 2","242722","3","2","5","10","05","5","","2","0","1","0","0"
"POINT (13.390233066000064 52.508413712000049)","Unfall 242723 (2024) Kat:3, Licht: 2","242723","3","7","5","10","21","5","","2","1","1","0","0"
"POINT (13.478152937000061 52.523008179000044)","Unfall 242724 (2024) Kat:3, Licht: 0","242724","3","2","5","10","16","6","","0","0","1","0","1"
"POINT (13.424962899000036 52.480770257000074)","Unfall 242725 (2024) Kat:3, Licht: 2","242725","3","2","5","10","21","5","","2","0","1","0","0"
"POINT (13.394867156000032 52.496277112000030)","Unfall 242726 (2024) Kat:3, Licht: 2","242726","3","2","6","10","19","5","","2","0","1","1","0"
"POINT (13.285747699000069 52.587684704000026)","Unfall 242727 (2024) Kat:2, Licht: 1","242727","2","4","6","10","17","6","","1","0","0","1","0"
"POINT (13.342780367000046 52.504560991000062)","Unfall 242728 (2024) Kat:3, Licht: 0","242728","3","3","0","10","16","5","","0","1","1","0","0"
"POINT (13.345398767000063 52.436589625000067)","Unfall 242729 (2024) Kat:3, Licht: 0","242729","3","6","0","10","12","5","","0","0","1","0","0"
"POINT (13.396037607000039 52.538350385000058)","Unfall 242730 (2024) Kat:3, Licht: 0","242730","3","2","5","10","12","5","","0","1","1","0","0"
"POINT (13.394392792000076 52.484004112000036)","Unfall 242731 (2024) Kat:3, Licht: 2","242731","3","2","5","10","23","5","","2","1","1","0","0"
"POINT (13.460478819000059 52.462283310000032)","Unfall 242732 (2024) Kat:3, Licht: 2","242732","3","4","6","11","04","3","","2","0","1","1","0"
"POINT (13.537664493000023 52.534483320000049)","Unfall 242733 (2024) Kat:3, Licht: 2","242733","3","7","0","10","22","5","","2","0","0","0","0"
"POINT (13.394462457000031 52.506965908000041)","Unfall 242734 (2024) Kat:3, Licht: 1","242734","3","3","5","10","19","5","","1","0","1","0","0"
"POINT (13.432866989000047 52.452528300000040)","Unfall 242735 (2024) Kat:3, Licht: 1","242735","3","2","5","10","00","5","","1","0","1","0","0"
"POINT (13.455357829000036 52.521160285000065)","Unfall 242736 (2024) Kat:3, Licht: 1","242736","3","6","2","10","18","5","","1","1","1","0","0"
"POINT (13.321138708000035 52.607300712000040)","Unfall 242737 (2024) Kat:2, Licht: 1","242737","2","1","0","10","18","5","","1","1","0","0","0"
"POINT (13.389354280000077 52.513752358000033)","Unfall 242738 (2024) Kat:3, Licht: 0","242738","3","6","3","10","17","5","","0","0","1","0","1"
"POINT (13.336174815000049 52.453165355000067)","Unfall 242739 (2024) Kat:3, Licht: 0","242739","3","4","6","10","15","5","","0","1","0","1","0"
"POINT (13.401451962000067 52.529965327000070)","Unfall 242740 (2024) Kat:3, Licht: 0","242740","3","4","6","10","15","5","","0","0","1","1","0"
"POINT (13.379919207000057 52.520909615000051)","Unfall 242741 (2024) Kat:3, Licht: 0","242741","3","2","5","10","14","5","","0","0","1","0","1"
"POINT (13.502127963000078 52.481744874000071)","Unfall 242742 (2024) Kat:3, Licht: 0","242742","3","2","5","10","14","5","","0","1","1","0","0"
"POINT (13.426412042000038 52.499353465000070)","Unfall 242743 (2024) Kat:3, Licht: 0","242743","3","3","5","10","13","5","","0","1","1","0","0"
"POINT (13.182261658000073 52.538449286000059)","Unfall 242744 (2024) Kat:3, Licht: 0","242744","3","2","4","10","12","5","","0","0","0","1","0"
"POINT (13.470251726000072 52.553643358000045)","Unfall 242745 (2024) Kat:3, Licht: 0","242745","3","3","5","10","16","4","","0","0","1","0","0"
"POINT (13.484152518000030 52.539662777000046)","Unfall 242746 (2024) Kat:3, Licht: 0","242746","3","3","5","10","12","4","","0","1","0","0","0"
"POINT (13.388115633000041 52.502486111000053)","Unfall 242747 (2024) Kat:3, Licht: 2","242747","3","3","5","10","20","4","","2","0","1","0","1"
"POINT (13.283701602000065 52.506440404000045)","Unfall 242748 (2024) Kat:3, Licht: 2","242748","3","3","5","11","02","5","","2","0","1","0","0"
"POINT (13.512787507000041 52.505037504000029)","Unfall 242749 (2024) Kat:3, Licht: 2","242749","3","7","0","10","19","4","","2","1","0","0","0"
"POINT (13.432238060000032 52.510716499000068)","Unfall 242750 (2024) Kat:3, Licht: 1","242750","3","7","5","10","19","4","","1","1","1","0","0"
"POINT (13.376264245000073 52.505331203000026)","Unfall 242751 (2024) Kat:2, Licht: 0","242751","2","4","6","10","17","4","","0","1","1","1","0"
"POINT (13.485715508000055 52.547985044000029)","Unfall 242752 (2024) Kat:3, Licht: 0","242752","3","1","0","10","15","4","","0","1","1","0","0"
"POINT (13.289458930000023 52.484679707000055)","Unfall 242753 (2024) Kat:3, Licht: 2","242753","3","7","5","11","16","5","","2","0","1","0","0"
"POINT (13.351506366000024 52.504630243000065)","Unfall 242754 (2024) Kat:3, Licht: 0","242754","3","1","0","10","12","4","","0","0","0","0","1"
"POINT (13.343232095000076 52.439691363000065)","Unfall 242755 (2024) Kat:3, Licht: 2","242755","3","2","5","11","17","3","","2","1","0","0","1"
"POINT (13.308962688000065 52.612341690000051)","Unfall 242756 (2024) Kat:3, Licht: 0","242756","3","5","1","10","12","4","","0","0","1","0","0"
"POINT (13.360213365000050 52.537266524000074)","Unfall 242757 (2024) Kat:3, Licht: 0","242757","3","7","0","10","09","4","","0","0","1","0","0"
"POINT (13.370693485000061 52.422431218000042)","Unfall 242758 (2024) Kat:3, Licht: 1","242758","3","2","6","10","07","4","","1","0","0","1","0"
"POINT (13.365630783000029 52.557126546000063)","Unfall 242759 (2024) Kat:3, Licht: 2","242759","3","2","5","10","23","4","","2","0","1","0","0"
"POINT (13.329878184000052 52.503579305000073)","Unfall 242760 (2024) Kat:3, Licht: 2","242760","3","7","0","10","23","4","","2","0","1","0","0"
"POINT (13.331348386000059 52.443710584000030)","Unfall 242761 (2024) Kat:3, Licht: 0","242761","3","6","2","10","16","4","","0","0","1","0","0"
"POINT (13.541550608000023 52.437074451000058)","Unfall 242762 (2024) Kat:3, Licht: 0","242762","3","3","5","10","16","4","","0","0","1","0","0"
"POINT (13.320078592000073 52.483712658000059)","Unfall 242763 (2024) Kat:3, Licht: 0","242763","3","2","6","11","14","7","","0","0","1","1","0"
"POINT (13.500236819000065 52.426169073000040)","Unfall 242764 (2024) Kat:3, Licht: 0","242764","3","7","5","10","15","4","","0","0","1","0","0"
"POINT (13.403603696000062 52.534036025000034)","Unfall 242765 (2024) Kat:3, Licht: 0","242765","3","5","1","10","14","4","","0","1","1","0","0"
"POINT (13.311162650000028 52.501161347000050)","Unfall 242766 (2024) Kat:3, Licht: 0","242766","3","3","5","10","14","4","","0","1","1","0","0"
"POINT (13.345770030000040 52.436261722000040)","Unfall 242767 (2024) Kat:3, Licht: 0","242767","3","2","2","10","14","4","","0","0","0","0","1"
"POINT (13.388850384000023 52.516908205000050)","Unfall 242768 (2024) Kat:3, Licht: 0","242768","3","3","5","10","11","4","","0","0","1","0","0"
"POINT (13.339283010000031 52.458588018000057)","Unfall 242769 (2024) Kat:3, Licht: 0","242769","3","2","5","10","10","4","","0","1","1","0","0"
"POINT (13.573472083000070 52.394389107000052)","Unfall 242770 (2024) Kat:3, Licht: 0","242770","3","3","5","10","08","4","","0","1","1","0","0"
"POINT (13.282300719000034 52.590942947000030)","Unfall 242771 (2024) Kat:3, Licht: 0","242771","3","2","6","10","08","4","","0","0","1","1","0"
"POINT (13.395969392000040 52.550693889000058)","Unfall 242772 (2024) Kat:3, Licht: 2","242772","3","3","0","10","06","4","","2","1","0","0","1"
"POINT (13.198709003000033 52.533502068000075)","Unfall 242773 (2024) Kat:2, Licht: 0","242773","2","7","5","11","13","6","","0","0","1","0","0"
"POINT (13.351854016000061 52.440431880000062)","Unfall 242774 (2024) Kat:3, Licht: 2","242774","3","6","0","10","23","4","","2","0","1","0","0"
"POINT (13.267915867000056 52.536590178000040)","Unfall 242775 (2024) Kat:3, Licht: 1","242775","3","6","2","10","17","4","","1","0","1","0","0"
"POINT (13.316323169000043 52.488999518000071)","Unfall 242776 (2024) Kat:3, Licht: 0","242776","3","6","2","10","14","4","","0","0","1","0","0"
"POINT (13.383952843000031 52.555750598000031)","Unfall 242777 (2024) Kat:3, Licht: 0","242777","3","2","5","10","13","4","","0","0","1","0","0"
"POINT (13.313840493000043 52.486784201000034)","Unfall 242778 (2024) Kat:3, Licht: 0","242778","3","2","5","10","11","4","","0","1","1","0","0"
"POINT (13.439363285000070 52.535273937000056)","Unfall 242779 (2024) Kat:2, Licht: 0","242779","2","4","6","10","11","4","","0","0","1","1","0"
"POINT (13.298670239000046 52.571492529000068)","Unfall 242780 (2024) Kat:3, Licht: 0","242780","3","2","5","10","12","3","","0","0","1","0","1"
"POINT (13.355723206000050 52.599778907000029)","Unfall 242781 (2024) Kat:3, Licht: 0","242781","3","2","5","10","08","3","","0","1","1","0","0"
"POINT (13.452245766000033 52.452541391000068)","Unfall 242782 (2024) Kat:3, Licht: 2","242782","3","2","5","10","05","3","","2","0","1","0","1"
"POINT (13.337143738000066 52.466101873000071)","Unfall 242783 (2024) Kat:2, Licht: 0","242783","2","7","6","10","16","3","","0","1","0","1","0"
"POINT (13.306452222000075 52.577449408000064)","Unfall 242784 (2024) Kat:3, Licht: 0","242784","3","2","5","10","15","3","","0","1","1","0","0"
"POINT (13.561326004000023 52.544972990000076)","Unfall 242785 (2024) Kat:3, Licht: 0","242785","3","6","2","10","15","3","","0","0","1","0","0"
"POINT (13.454618831000062 52.515828165000073)","Unfall 242786 (2024) Kat:3, Licht: 0","242786","3","6","3","10","08","3","","0","1","0","0","0"
"POINT (13.619902046000050 52.512330526000028)","Unfall 242787 (2024) Kat:2, Licht: 2","242787","2","1","0","10","07","3","","2","1","0","0","0"
"POINT (13.448014078000028 52.452492633000077)","Unfall 242788 (2024) Kat:3, Licht: 2","242788","3","6","2","10","05","3","","2","0","1","0","1"
"POINT (13.382246481000038 52.527472558000056)","Unfall 242789 (2024) Kat:3, Licht: 0","242789","3","1","0","10","08","2","","0","1","0","0","0"
"POINT (13.453822543000058 52.443047273000047)","Unfall 242790 (2024) Kat:3, Licht: 0","242790","3","5","1","10","12","2","","0","1","1","0","0"
"POINT (13.522012726000071 52.525891870000066)","Unfall 242791 (2024) Kat:3, Licht: 0","242791","3","2","0","10","18","2","","0","0","0","0","0"
"POINT (13.159278280000024 52.521983364000050)","Unfall 242792 (2024) Kat:3, Licht: 2","242792","3","7","6","10","20","2","","2","0","1","1","0"
"POINT (13.526661586000046 52.426568386000042)","Unfall 242793 (2024) Kat:3, Licht: 0","242793","3","2","5","10","08","2","","0","1","1","0","0"
"POINT (13.559148940000057 52.448347390000038)","Unfall 242794 (2024) Kat:3, Licht: 2","242794","3","6","2","10","06","2","","2","0","1","0","1"
"POINT (13.380139918000054 52.518902162000074)","Unfall 242795 (2024) Kat:3, Licht: 0","242795","3","4","6","10","16","2","","0","0","0","1","0"
"POINT (13.363119904000030 52.566238495000050)","Unfall 242796 (2024) Kat:3, Licht: 0","242796","3","6","2","10","17","2","","0","0","1","0","0"
"POINT (13.407098163000057 52.518368712000040)","Unfall 242797 (2024) Kat:3, Licht: 0","242797","3","2","5","10","14","2","","0","1","1","0","0"
"POINT (13.592365332000043 52.455139523000071)","Unfall 242798 (2024) Kat:3, Licht: 0","242798","3","2","6","10","14","2","","0","0","0","1","0"
"POINT (13.394155325000042 52.504507848000060)","Unfall 242799 (2024) Kat:3, Licht: 0","242799","3","7","5","10","12","2","","0","0","1","0","1"
"POINT (13.389618416000076 52.496061641000040)","Unfall 242800 (2024) Kat:3, Licht: 0","242800","3","2","5","10","10","2","","0","1","0","0","0"
"POINT (13.406803204000028 52.498472782000078)","Unfall 242801 (2024) Kat:3, Licht: 0","242801","3","3","5","10","09","2","","0","1","0","0","0"
"POINT (13.394320070000049 52.547328213000071)","Unfall 242802 (2024) Kat:3, Licht: 0","242802","3","1","0","10","07","2","","0","0","0","0","1"