WKT,Name,OBJECTID,UKATEGORIE,UTYP1,UART,UMONAT,USTUNDE,UWOCHENTAG,STRZUSTAND,ULICHTVERH,ISTRAD,ISTPKW,ISTFUSS,ISTKRAD
"POINT (13.483505289000050 52.425715831000048)","Unfall 242803 (2024) Kat:2, Licht: 2","242803","2","4","6","10","22","2","","2","0","1","1","0"
"POINT (13.455661364000036 52.474064486000032)","Unfall 242804 (2024) Kat:3, Licht: 2","242804","3","4","6","10","21","2","","2","0","1","1","0"
"POINT (13.362680628000021 52.499759319000077)","Unfall 242805 (2024) Kat:3, Licht: 0","242805","3","2","5","10","16","2","","0","1","0","0","0"
"POINT (13.268637197000032 52.447664462000034)","Unfall 242806 (2024) Kat:3, Licht: 0","242806","3","6","4","10","15","2","","0","1","0","0","0"
"POINT (13.299569541000039 52.493982636000055)","Unfall 242807 (2024) Kat:3, Licht: 0","242807","3","6","2","10","16","2","","0","0","1","0","0"
"POINT (13.486208710000028 52.424815921000061)","Unfall 242808 (2024) Kat:3, Licht: 0","242808","3","6","2","10","15","2","","0","0","1","0","0"
"POINT (13.336846512000022 52.454134768000074)","Unfall 242809 (2024) Kat:3, Licht: 0","242809","3","3","5","10","12","2","","0","1","1","0","0"
"POINT (13.583503118000067 52.549369990000059)","Unfall 242810 (2024) Kat:3, Licht: 0","242810","3","6","2","10","11","2","","0","0","1","0","0"
"POINT (13.602237930000058 52.536048415000039)","Unfall 242811 (2024) Kat:3, Licht: 0","242811","3","3","5","10","10","2","","0","0","1","0","0"
"POINT (13.227871070000049 52.558859369000061)","Unfall 242812 (2024) Kat:3, Licht: 0","242812","3","3","5","10","08","2","","0","0","1","0","0"
"POINT (13.509226208000030 52.546499532000041)","Unfall 242813 (2024) Kat:3, Licht: 0","242813","3","3","5","10","08","2","","0","0","1","0","0"
"POINT (13.427377272000058 52.422625802000027)","Unfall 242814 (2024) Kat:3, Licht: 1","242814","3","7","0","10","07","2","","1","1","0","0","0"
"POINT (13.389464039000075 52.513002038000081)","Unfall 242815 (2024) Kat:3, Licht: 0","242815","3","3","5","11","13","3","","0","0","1","0","0"
"POINT (13.516100690000030 52.470309326000063)","Unfall 242816 (2024) Kat:3, Licht: 0","242816","3","1","4","10","07","2","","0","0","1","0","0"
"POINT (13.360833642000046 52.594698639000057)","Unfall 242817 (2024) Kat:2, Licht: 1","242817","2","4","6","10","07","2","","1","0","1","1","0"
"POINT (13.188321517000077 52.534319765000077)","Unfall 242818 (2024) Kat:3, Licht: 2","242818","3","6","2","10","19","2","","2","0","1","0","1"
"POINT (13.360680825000031 52.547445285000038)","Unfall 242819 (2024) Kat:1, Licht: 2","242819","1","4","6","10","21","2","","2","0","1","1","0"
"POINT (13.531605738000053 52.574682016000054)","Unfall 242820 (2024) Kat:3, Licht: 0","242820","3","3","0","10","15","1","","0","1","1","0","0"
"POINT (13.271259757000053 52.409309122000082)","Unfall 242821 (2024) Kat:2, Licht: 0","242821","2","7","0","10","15","1","","0","0","0","0","1"
"POINT (13.388946947000022 52.516304846000082)","Unfall 242822 (2024) Kat:3, Licht: 2","242822","3","4","6","11","17","3","","2","0","1","1","0"
"POINT (13.205819852000047 52.541759625000054)","Unfall 242823 (2024) Kat:3, Licht: 0","242823","3","2","6","10","14","1","","0","0","1","1","0"
"POINT (13.457045173000040 52.502946269000063)","Unfall 242824 (2024) Kat:3, Licht: 0","242824","3","2","0","10","09","1","","0","1","1","0","0"
"POINT (13.352377325000077 52.499627209000039)","Unfall 242825 (2024) Kat:3, Licht: 2","242825","3","6","3","10","06","1","","2","0","1","0","0"
"POINT (13.486677699000040 52.502168767000057)","Unfall 242826 (2024) Kat:3, Licht: 2","242826","3","7","1","10","04","1","","2","0","1","0","0"
"POINT (13.458759774000043 52.440287310000031)","Unfall 242827 (2024) Kat:3, Licht: 0","242827","3","2","5","10","17","1","","0","0","1","0","1"
"POINT (13.313960651000059 52.506793220000077)","Unfall 242828 (2024) Kat:3, Licht: 0","242828","3","7","5","10","16","1","","0","0","1","0","0"
"POINT (13.512968213000022 52.535188005000066)","Unfall 242829 (2024) Kat:2, Licht: 0","242829","2","6","2","10","13","1","","0","0","1","0","0"
"POINT (13.403271444000040 52.524703579000061)","Unfall 242830 (2024) Kat:3, Licht: 0","242830","3","2","6","10","13","1","","0","1","0","1","0"
"POINT (13.319546857000034 52.471636009000065)","Unfall 242831 (2024) Kat:3, Licht: 2","242831","3","3","5","10","02","1","","2","0","1","0","0"
"POINT (13.565723167000044 52.529142760000070)","Unfall 242832 (2024) Kat:3, Licht: 2","242832","3","3","5","10","01","1","","2","0","1","0","0"
"POINT (13.330788671000050 52.488130763000072)","Unfall 242833 (2024) Kat:3, Licht: 2","242833","3","7","0","10","03","1","","2","0","0","0","0"
"POINT (13.390554750000035 52.420022564000078)","Unfall 242834 (2024) Kat:2, Licht: 2","242834","2","2","5","10","21","7","","2","0","1","0","0"
"POINT (13.379955493000068 52.571831709000037)","Unfall 242835 (2024) Kat:3, Licht: 0","242835","3","4","6","10","14","7","","0","0","0","1","1"
"POINT (13.385396269000069 52.468588375000081)","Unfall 242836 (2024) Kat:3, Licht: 2","242836","3","2","2","10","19","7","","2","0","1","0","0"
"POINT (13.288607310000032 52.632862560000035)","Unfall 242837 (2024) Kat:3, Licht: 0","242837","3","4","6","10","17","7","","0","0","1","1","0"
"POINT (13.206056406000073 52.542048390000048)","Unfall 242838 (2024) Kat:3, Licht: 2","242838","3","6","3","10","02","7","","2","0","1","0","0"
"POINT (13.348527348000061 52.542833128000041)","Unfall 242839 (2024) Kat:3, Licht: 0","242839","3","2","5","10","15","7","","0","0","1","0","0"
"POINT (13.300833050000051 52.473962241000038)","Unfall 242840 (2024) Kat:2, Licht: 0","242840","2","2","5","10","14","7","","0","0","1","0","1"
"POINT (13.285515653000061 52.627979072000073)","Unfall 242841 (2024) Kat:2, Licht: 0","242841","2","1","0","10","13","7","","0","1","0","0","0"
"POINT (13.436639817000071 52.423672858000032)","Unfall 242842 (2024) Kat:3, Licht: 0","242842","3","2","5","10","13","7","","0","0","1","0","0"
"POINT (13.634409080000069 52.422889678000047)","Unfall 242843 (2024) Kat:2, Licht: 0","242843","2","6","4","10","11","7","","0","0","1","0","0"
"POINT (13.343361461000029 52.504520081000067)","Unfall 242844 (2024) Kat:3, Licht: 0","242844","3","6","3","10","12","7","","0","0","1","0","0"
"POINT (13.320090844000049 52.499730893000049)","Unfall 242845 (2024) Kat:3, Licht: 0","242845","3","5","1","10","10","7","","0","1","1","0","0"
"POINT (13.411786937000045 52.523966515000041)","Unfall 242846 (2024) Kat:3, Licht: 2","242846","3","2","5","10","05","7","","2","0","1","0","0"
"POINT (13.359355213000072 52.546437564000030)","Unfall 242847 (2024) Kat:3, Licht: 2","242847","3","2","5","10","22","7","","2","1","1","0","0"
"POINT (13.604197371000055 52.541517102000057)","Unfall 242848 (2024) Kat:3, Licht: 0","242848","3","3","5","10","15","7","","0","0","1","0","0"
"POINT (13.418594377000034 52.528531861000033)","Unfall 242849 (2024) Kat:3, Licht: 0","242849","3","4","6","11","10","2","","0","0","1","1","0"
"POINT (13.386237072000029 52.394489131000057)","Unfall 242850 (2024) Kat:3, Licht: 2","242850","3","3","5","10","19","7","","2","0","1","0","0"
"POINT (13.513444492000076 52.427691160000052)","Unfall 242851 (2024) Kat:3, Licht: 0","242851","3","6","3","10","14","7","","0","0","1","0","0"
"POINT (13.397517224000069 52.495277076000036)","Unfall 242852 (2024) Kat:2, Licht: 0","242852","2","4","6","10","08","7","","0","0","1","1","0"
"POINT (13.500169558000039 52.561599492000028)","Unfall 242853 (2024) Kat:3, Licht: 0","242853","3","2","5","10","13","6","","0","0","1","0","0"
"POINT (13.392895222000050 52.545330632000059)","Unfall 242854 (2024) Kat:3, Licht: 0","242854","3","3","5","10","07","6","","0","1","1","0","0"
"POINT (13.426514047000069 52.555395153000063)","Unfall 242855 (2024) Kat:3, Licht: 1","242855","3","3","5","10","07","6","","1","1","1","0","0"
"POINT (13.332454554000037 52.524224534000041)","Unfall 242856 (2024) Kat:3, Licht: 0","242856","3","2","5","10","16","6","","0","0","1","0","1"
"POINT (13.348355866000077 52.546096618000036)","Unfall 242857 (2024) Kat:3, Licht: 0","242857","3","3","5","10","15","6","","0","0","1","0","0"
"POINT (13.532784240000069 52.521846765000078)","Unfall 242858 (2024) Kat:3, Licht: 0","242858","3","3","5","10","15","6","","0","1","1","0","0"
"POINT (13.521530428000062 52.463692756000057)","Unfall 242859 (2024) Kat:2, Licht: 2","242859","2","1","9","10","22","6","","2","0","1","0","0"
"POINT (13.347665238000047 52.507138960000077)","Unfall 242860 (2024) Kat:3, Licht: 0","242860","3","7","5","10","12","6","","0","0","1","0","1"
"POINT (13.491228470000067 52.496575999000072)","Unfall 242861 (2024) Kat:3, Licht: 0","242861","3","7","6","10","16","6","","0","1","0","1","0"
"POINT (13.306606371000044 52.505700237000042)","Unfall 242862 (2024) Kat:3, Licht: 0","242862","3","7","6","10","11","6","","0","0","1","1","0"
"POINT (13.484415792000050 52.502240699000026)","Unfall 242863 (2024) Kat:3, Licht: 0","242863","3","1","0","10","10","6","","0","1","0","0","0"
"POINT (13.518773092000060 52.509542537000073)","Unfall 242864 (2024) Kat:3, Licht: 0","242864","3","2","5","10","15","6","","0","0","1","0","0"
"POINT (13.315493298000035 52.525794153000049)","Unfall 242865 (2024) Kat:3, Licht: 0","242865","3","5","1","10","09","6","","0","0","1","0","1"
"POINT (13.513711672000056 52.464550657000075)","Unfall 242866 (2024) Kat:3, Licht: 2","242866","3","4","6","11","17","2","","2","0","1","1","0"
"POINT (13.141882398000064 52.524494237000056)","Unfall 242867 (2024) Kat:3, Licht: 0","242867","3","7","3","10","15","6","","0","0","1","0","0"
"POINT (13.428872120000051 52.483705437000026)","Unfall 242868 (2024) Kat:3, Licht: 0","242868","3","5","1","10","08","6","","0","1","1","0","0"
"POINT (13.223584348000031 52.621331730000065)","Unfall 242869 (2024) Kat:3, Licht: 0","242869","3","5","1","10","08","6","","0","0","1","0","0"
"POINT (13.356807954000033 52.560767815000077)","Unfall 242870 (2024) Kat:3, Licht: 0","242870","3","3","0","10","14","6","","0","0","1","0","1"
"POINT (13.365765232000058 52.604660646000070)","Unfall 242871 (2024) Kat:3, Licht: 0","242871","3","3","5","10","14","6","","0","0","1","0","0"
"POINT (13.333045413000036 52.560393861000080)","Unfall 242872 (2024) Kat:3, Licht: 0","242872","3","3","5","10","11","6","","0","0","1","0","1"
"POINT (13.432158096000023 52.497319156000060)","Unfall 242873 (2024) Kat:3, Licht: 0","242873","3","4","6","11","14","5","","0","0","1","1","0"
"POINT (13.434155960000055 52.501790097000026)","Unfall 242874 (2024) Kat:3, Licht: 2","242874","3","5","5","11","18","4","","2","1","1","0","0"
"POINT (13.389965040000050 52.550197666000031)","Unfall 242875 (2024) Kat:2, Licht: 0","242875","2","5","1","10","11","6","","0","1","0","0","0"
"POINT (13.601484014000050 52.482502405000048)","Unfall 242876 (2024) Kat:2, Licht: 0","242876","2","2","5","10","11","6","","0","1","1","0","0"
"POINT (13.469331895000039 52.521726563000072)","Unfall 242877 (2024) Kat:3, Licht: 0","242877","3","3","5","10","08","6","","0","0","1","0","1"
"POINT (13.433739792000040 52.444085120000068)","Unfall 242878 (2024) Kat:3, Licht: 2","242878","3","7","5","10","06","6","","2","1","0","0","0"
"POINT (13.557260129000042 52.395540769000036)","Unfall 242879 (2024) Kat:3, Licht: 2","242879","3","6","6","10","07","6","","2","0","1","1","0"
"POINT (13.476132893000056 52.512627670000029)","Unfall 242880 (2024) Kat:3, Licht: 2","242880","3","1","0","10","22","6","","2","0","0","0","1"
"POINT (13.339488208000034 52.550597788000061)","Unfall 242881 (2024) Kat:3, Licht: 0","242881","3","1","1","10","15","6","","0","0","1","0","0"
"POINT (13.364672947000031 52.562720762000026)","Unfall 242882 (2024) Kat:3, Licht: 0","242882","3","2","5","10","15","6","","0","1","1","0","0"
"POINT (13.532567332000042 52.428872846000047)","Unfall 242883 (2024) Kat:3, Licht: 0","242883","3","3","5","10","15","6","","0","0","1","0","0"
"POINT (13.401401998000040 52.502302733000079)","Unfall 242884 (2024) Kat:3, Licht: 0","242884","3","5","1","10","14","6","","0","1","0","0","0"
"POINT (13.496453942000073 52.415799122000067)","Unfall 242885 (2024) Kat:3, Licht: 0","242885","3","2","2","10","11","6","","0","0","1","0","0"
"POINT (13.342987372000039 52.450570779000032)","Unfall 242886 (2024) Kat:3, Licht: 0","242886","3","3","5","10","11","6","","0","1","1","0","0"
"POINT (13.178072366000038 52.548754942000073)","Unfall 242887 (2024) Kat:3, Licht: 0","242887","3","7","5","10","09","6","","0","0","1","0","0"
"POINT (13.394557682000027 52.491698088000078)","Unfall 242888 (2024) Kat:3, Licht: 0","242888","3","3","5","10","07","6","","0","0","1","0","1"
"POINT (13.416566342000067 52.511192308000034)","Unfall 242889 (2024) Kat:3, Licht: 2","242889","3","7","0","10","00","6","","2","1","0","0","0"
"POINT (13.497820646000037 52.577580313000055)","Unfall 242890 (2024) Kat:3, Licht: 0","242890","3","7","0","10","15","5","","0","0","0","0","0"
"POINT (13.534309062000034 52.431436487000042)","Unfall 242891 (2024) Kat:3, Licht: 0","242891","3","3","5","10","08","5","","0","1","0","0","0"
"POINT (13.471592903000044 52.512244437000049)","Unfall 242892 (2024) Kat:3, Licht: 0","242892","3","7","1","10","15","5","","0","0","1","0","0"
"POINT (13.592473670000061 52.438694348000070)","Unfall 242893 (2024) Kat:3, Licht: 0","242893","3","2","5","10","07","5","","0","0","1","0","0"
"POINT (13.500542139000061 52.546962603000054)","Unfall 242894 (2024) Kat:3, Licht: 0","242894","3","4","6","10","10","5","","0","0","0","1","0"
"POINT (13.277869810000027 52.634208142000034)","Unfall 242895 (2024) Kat:3, Licht: 2","242895","3","5","1","10","19","5","","2","1","1","0","0"
"POINT (13.434791116000042 52.508372043000065)","Unfall 242896 (2024) Kat:3, Licht: 2","242896","3","2","5","10","19","5","","2","1","0","0","1"
"POINT (13.581188938000025 52.416896036000026)","Unfall 242897 (2024) Kat:3, Licht: 0","242897","3","3","2","10","15","5","","0","1","1","0","0"
"POINT (13.149147384000059 52.554198410000026)","Unfall 242898 (2024) Kat:2, Licht: 2","242898","2","4","6","10","19","5","","2","0","1","1","0"
"POINT (13.257365851000031 52.566804306000051)","Unfall 242899 (2024) Kat:2, Licht: 0","242899","2","5","5","10","17","5","","0","0","1","0","0"
"POINT (13.410429507000060 52.512428940000063)","Unfall 242900 (2024) Kat:3, Licht: 0","242900","3","3","5","10","16","5","","0","1","0","0","0"
"POINT (13.530236844000058 52.486630923000064)","Unfall 242901 (2024) Kat:3, Licht: 0","242901","3","3","5","10","14","5","","0","0","1","0","0"
"POINT (13.470214681000073 52.523242567000068)","Unfall 242902 (2024) Kat:3, Licht: 2","242902","3","3","5","11","16","2","","2","1","1","0","0"
"POINT (13.381750498000031 52.395991952000031)","Unfall 242903 (2024) Kat:3, Licht: 0","242903","3","6","4","10","12","5","","0","0","1","0","0"
"POINT (13.464622177000024 52.524454019000075)","Unfall 242904 (2024) Kat:3, Licht: 0","242904","3","6","2","10","12","5","","0","0","1","0","0"
"POINT (13.327058712000053 52.569616167000049)","Unfall 242905 (2024) Kat:3, Licht: 0","242905","3","3","5","10","12","5","","0","1","1","0","0"
"POINT (13.577243111000030 52.513239715000054)","Unfall 242906 (2024) Kat:3, Licht: 0","242906","3","5","1","10","12","5","","0","0","1","0","0"
"POINT (13.498510055000054 52.515294679000078)","Unfall 242907 (2024) Kat:3, Licht: 0","242907","3","1","0","10","11","5","","0","1","0","0","0"
"POINT (13.321331159000067 52.513224208000054)","Unfall 242908 (2024) Kat:2, Licht: 0","242908","2","6","2","10","10","5","","0","0","1","0","0"
"POINT (13.509478950000073 52.546084184000051)","Unfall 242909 (2024) Kat:3, Licht: 0","242909","3","6","3","10","09","5","","0","0","1","0","0"
"POINT (13.496409203000042 52.500260005000030)","Unfall 242910 (2024) Kat:3, Licht: 0","242910","3","2","5","10","15","5","","0","1","1","0","0"
"POINT (13.394084943000053 52.540616247000060)","Unfall 242911 (2024) Kat:3, Licht: 0","242911","3","6","3","10","12","5","","0","1","1","0","0"
"POINT (13.442355419000023 52.482656337000037)","Unfall 242912 (2024) Kat:3, Licht: 1","242912","3","5","1","10","18","5","","1","1","1","0","0"
"POINT (13.454558628000029 52.562083548000032)","Unfall 242913 (2024) Kat:3, Licht: 0","242913","3","6","2","10","17","5","","0","0","1","0","0"
"POINT (13.184600690000025 52.547539031000042)","Unfall 242914 (2024) Kat:2, Licht: 0","242914","2","2","5","11","07","4","","0","0","1","0","1"
"POINT (13.536997042000053 52.539657549000026)","Unfall 242915 (2024) Kat:3, Licht: 0","242915","3","6","2","10","15","5","","0","0","1","0","0"
"POINT (13.395705187000033 52.503488664000031)","Unfall 242916 (2024) Kat:3, Licht: 0","242916","3","7","7","10","12","5","","0","1","0","0","0"
"POINT (13.360327131000076 52.537320082000065)","Unfall 242917 (2024) Kat:3, Licht: 2","242917","3","2","2","10","23","5","","2","0","1","0","1"
"POINT (13.416006333000041 52.531712220000031)","Unfall 242918 (2024) Kat:3, Licht: 0","242918","3","7","5","10","16","5","","0","1","1","0","0"
"POINT (13.368206265000026 52.525793105000048)","Unfall 242919 (2024) Kat:3, Licht: 2","242919","3","2","6","10","21","5","","2","0","1","1","0"
"POINT (13.571227283000042 52.545912022000039)","Unfall 242920 (2024) Kat:3, Licht: 2","242920","3","6","3","10","20","5","","2","0","1","0","1"
"POINT (13.416350462000025 52.525315601000045)","Unfall 242921 (2024) Kat:3, Licht: 1","242921","3","5","1","10","18","5","","1","1","1","0","0"
"POINT (13.468354168000076 52.507078842000055)","Unfall 242922 (2024) Kat:3, Licht: 0","242922","3","2","2","10","17","5","","0","1","1","0","0"
"POINT (13.536385504000066 52.432873856000072)","Unfall 242923 (2024) Kat:3, Licht: 0","242923","3","2","5","10","16","5","","0","1","1","0","0"
"POINT (13.531245927000043 52.460908708000034)","Unfall 242924 (2024) Kat:3, Licht: 0","242924","3","3","5","10","14","4","","0","0","1","0","0"
"POINT (13.346726260000025 52.430730915000026)","Unfall 242925 (2024) Kat:3, Licht: 0","242925","3","3","5","10","16","5","","0","1","0","0","0"
"POINT (13.571711373000028 52.546043801000053)","Unfall 242926 (2024) Kat:3, Licht: 0","242926","3","2","5","10","15","5","","0","1","1","0","0"
"POINT (13.306747719000043 52.498452541000063)","Unfall 242927 (2024) Kat:3, Licht: 0","242927","3","5","1","10","14","5","","0","1","1","0","0"
"POINT (13.505990862000033 52.562363274000063)","Unfall 242928 (2024) Kat:3, Licht: 0","242928","3","5","1","10","13","5","","0","1","0","0","0"
"POINT (13.396286022000027 52.517460102000030)","Unfall 242929 (2024) Kat:3, Licht: 0","242929","3","3","5","10","12","5","","0","1","1","0","0"
"POINT (13.403071743000055 52.553082744000051)","Unfall 242930 (2024) Kat:3, Licht: 0","242930","3","1","0","10","09","5","","0","0","0","0","1"
"POINT (13.227155546000063 52.528449509000041)","Unfall 242931 (2024) Kat:3, Licht: 0","242931","3","6","2","10","09","5","","0","0","1","0","0"
"POINT (13.415031457000055 52.538440330000071)","Unfall 242932 (2024) Kat:2, Licht: 2","242932","2","1","0","10","00","5","","2","1","0","0","0"
"POINT (13.376575644000070 52.487704008000037)","Unfall 242933 (2024) Kat:3, Licht: 1","242933","3","2","3","10","18","5","","1","1","1","0","0"
"POINT (13.406603555000061 52.498368627000048)","Unfall 242934 (2024) Kat:3, Licht: 0","242934","3","2","5","10","16","5","","0","1","1","0","0"
"POINT (13.431100782000044 52.478249008000034)","Unfall 242935 (2024) Kat:3, Licht: 0","242935","3","2","5","10","10","5","","0","1","0","0","0"
"POINT (13.446446668000021 52.427309260000072)","Unfall 242936 (2024) Kat:3, Licht: 2","242936","3","6","0","10","19","4","","2","0","0","0","0"
"POINT (13.176239808000048 52.525753827000074)","Unfall 242937 (2024) Kat:3, Licht: 2","242937","3","1","0","10","21","4","","2","0","0","0","1"
"POINT (13.456700143000035 52.513145507000047)","Unfall 242938 (2024) Kat:3, Licht: 2","242938","3","5","1","10","21","4","","2","1","0","0","0"
"POINT (13.545149733000073 52.553645485000061)","Unfall 242939 (2024) Kat:3, Licht: 0","242939","3","2","2","10","16","4","","0","1","0","0","0"
"POINT (13.499687361000042 52.631422644000054)","Unfall 242940 (2024) Kat:3, Licht: 0","242940","3","6","2","10","16","4","","0","0","1","0","0"
"POINT (13.473737391000043 52.509961107000038)","Unfall 242941 (2024) Kat:3, Licht: 0","242941","3","3","5","10","15","4","","0","1","0","0","1"
"POINT (13.373169072000053 52.424831588000075)","Unfall 242942 (2024) Kat:3, Licht: 0","242942","3","2","5","10","14","4","","0","1","1","0","0"
"POINT (13.282903160000046 52.478198385000042)","Unfall 242943 (2024) Kat:2, Licht: 0","242943","2","6","3","10","11","4","","0","0","1","0","0"
"POINT (13.693227462000038 52.457820969000068)","Unfall 242944 (2024) Kat:3, Licht: 0","242944","3","6","2","10","11","4","","0","0","1","0","0"
"POINT (13.305635394000035 52.582078318000072)","Unfall 242945 (2024) Kat:2, Licht: 2","242945","2","4","6","10","06","4","","2","0","0","1","1"
"POINT (13.625647034000053 52.457540261000076)","Unfall 242946 (2024) Kat:3, Licht: 2","242946","3","3","5","10","05","4","","2","0","1","0","1"
"POINT (13.348455415000046 52.458919017000028)","Unfall 242947 (2024) Kat:3, Licht: 2","242947","3","2","5","10","20","4","","2","1","1","0","0"
"POINT (13.391513686000053 52.555502909000040)","Unfall 242948 (2024) Kat:3, Licht: 2","242948","3","2","5","10","20","4","","2","1","1","0","0"
"POINT (13.394554147000065 52.500598547000038)","Unfall 242949 (2024) Kat:3, Licht: 2","242949","3","4","6","10","19","4","","2","0","1","1","0"
"POINT (13.143464902000062 52.413788488000080)","Unfall 242950 (2024) Kat:3, Licht: 2","242950","3","6","4","10","19","4","","2","1","1","0","0"
"POINT (13.444498970000041 52.485235634000048)","Unfall 242951 (2024) Kat:3, Licht: 1","242951","3","7","1","10","18","4","","1","0","1","0","0"
"POINT (13.315156727000044 52.514683931000036)","Unfall 242952 (2024) Kat:3, Licht: 2","242952","3","3","5","10","19","5","","2","0","1","0","0"
"POINT (13.362209195000048 52.567908665000061)","Unfall 242953 (2024) Kat:3, Licht: 0","242953","3","3","5","10","17","4","","0","1","1","0","0"
"POINT (13.368251258000043 52.574414089000072)","Unfall 242954 (2024) Kat:3, Licht: 0","242954","3","6","2","10","16","4","","0","0","1","0","1"
"POINT (13.251990109000076 52.423730198000044)","Unfall 242955 (2024) Kat:3, Licht: 0","242955","3","7","0","11","13","4","","0","0","1","1","0"
"POINT (13.454360549000057 52.540160977000028)","Unfall 242956 (2024) Kat:3, Licht: 0","242956","3","3","5","11","08","3","","0","1","1","0","0"
"POINT (13.390367184000070 52.507641901000056)","Unfall 242957 (2024) Kat:3, Licht: 0","242957","3","3","5","10","15","4","","0","1","0","0","0"
"POINT (13.337398660000076 52.558641887000078)","Unfall 242958 (2024) Kat:3, Licht: 0","242958","3","2","5","10","14","4","","0","0","1","0","0"
"POINT (13.376880407000044 52.456060379000064)","Unfall 242959 (2024) Kat:2, Licht: 0","242959","2","4","6","10","14","4","","0","0","1","1","0"
"POINT (13.285480259000053 52.494660161000070)","Unfall 242960 (2024) Kat:3, Licht: 0","242960","3","7","0","10","14","4","","0","0","1","0","0"
"POINT (13.305686010000045 52.620438899000078)","Unfall 242961 (2024) Kat:3, Licht: 0","242961","3","1","8","10","10","4","","0","0","1","0","0"
"POINT (13.593161035000037 52.451524963000054)","Unfall 242962 (2024) Kat:3, Licht: 0","242962","3","2","5","10","09","4","","0","1","1","0","0"
"POINT (13.226743099000032 52.587292751000064)","Unfall 242963 (2024) Kat:3, Licht: 0","242963","3","5","1","10","07","4","","0","0","1","0","0"
"POINT (13.379022266000050 52.529300073000059)","Unfall 242964 (2024) Kat:3, Licht: 2","242964","3","1","0","10","19","4","","2","1","0","0","0"
"POINT (13.391651506000073 52.521991175000039)","Unfall 242965 (2024) Kat:3, Licht: 2","242965","3","2","2","10","18","4","","2","1","1","0","0"
"POINT (13.405478897000023 52.514268958000059)","Unfall 242966 (2024) Kat:3, Licht: 0","242966","3","7","5","10","16","4","","0","0","1","0","1"
"POINT (13.499953644000072 52.440214961000038)","Unfall 242967 (2024) Kat:3, Licht: 0","242967","3","5","1","10","15","4","","0","0","1","0","0"
"POINT (13.429763267000055 52.551149907000081)","Unfall 242968 (2024) Kat:2, Licht: 0","242968","2","4","6","10","15","4","","0","0","1","1","0"
"POINT (13.379319682000073 52.524460348000048)","Unfall 242969 (2024) Kat:3, Licht: 0","242969","3","2","5","10","08","4","","0","1","1","0","0"
"POINT (13.430323866000037 52.468406957000070)","Unfall 242970 (2024) Kat:3, Licht: 0","242970","3","7","5","10","13","4","","0","0","1","0","1"
"POINT (13.412825103000046 52.528105191000066)","Unfall 242971 (2024) Kat:3, Licht: 0","242971","3","6","2","10","13","4","","0","0","1","0","0"
"POINT (13.351440380000042 52.530878860000030)","Unfall 242972 (2024) Kat:3, Licht: 0","242972","3","6","3","10","11","4","","0","0","1","0","0"
"POINT (13.467198943000028 52.502708040000073)","Unfall 242973 (2024) Kat:3, Licht: 0","242973","3","1","0","10","08","4","","0","0","0","0","1"
"POINT (13.477900368000064 52.523000967000030)","Unfall 242974 (2024) Kat:3, Licht: 0","242974","3","4","6","10","08","4","","0","0","1","1","0"
"POINT (13.350615767000022 52.542478280000068)","Unfall 242975 (2024) Kat:3, Licht: 2","242975","3","6","2","10","19","3","","2","0","1","0","0"
"POINT (13.272530432000053 52.437273957000059)","Unfall 242976 (2024) Kat:3, Licht: 0","242976","3","3","5","11","10","7","","0","0","1","0","0"
"POINT (13.292790150000030 52.506664835000038)","Unfall 242977 (2024) Kat:3, Licht: 0","242977","3","3","5","10","09","3","","0","1","1","0","0"
"POINT (13.281691985000066 52.415942642000061)","Unfall 242978 (2024) Kat:3, Licht: 2","242978","3","7","7","10","04","3","","2","1","0","0","0"
"POINT (13.332321379000064 52.490753140000038)","Unfall 242979 (2024) Kat:3, Licht: 0","242979","3","7","2","10","13","4","","0","0","1","0","1"
"POINT (13.523547017000055 52.497140819000037)","Unfall 242980 (2024) Kat:2, Licht: 0","242980","2","4","0","10","14","3","","0","0","0","1","0"
"POINT (13.454293260000043 52.513940996000031)","Unfall 242981 (2024) Kat:3, Licht: 0","242981","3","6","2","10","08","3","","0","1","0","0","0"
"POINT (13.382846376000032 52.484994723000057)","Unfall 242982 (2024) Kat:3, Licht: 0","242982","3","6","3","10","16","3","","0","0","1","0","0"
"POINT (13.301860534000070 52.499155933000054)","Unfall 242983 (2024) Kat:3, Licht: 2","242983","3","3","5","10","22","3","","2","1","1","0","0"
"POINT (13.390837077000072 52.492138434000026)","Unfall 242984 (2024) Kat:2, Licht: 1","242984","2","2","5","10","18","3","","1","0","1","0","1"
"POINT (13.363374604000057 52.507650889000047)","Unfall 242985 (2024) Kat:3, Licht: 0","242985","3","5","1","10","17","3","","0","1","1","0","0"
"POINT (13.328858652000065 52.527315068000064)","Unfall 242986 (2024) Kat:3, Licht: 0","242986","3","2","6","10","16","3","","0","0","1","1","0"
"POINT (13.402909276000059 52.527711127000032)","Unfall 242987 (2024) Kat:3, Licht: 0","242987","3","6","3","10","14","3","","0","1","1","0","0"
"POINT (13.248348202000045 52.514764302000060)","Unfall 242988 (2024) Kat:3, Licht: 0","242988","3","6","2","10","12","3","","0","1","1","0","0"
"POINT (13.379160873000046 52.568919869000069)","Unfall 242989 (2024) Kat:3, Licht: 0","242989","3","6","2","10","10","3","","0","0","1","0","1"