WKT,Name,OBJECTID,UKATEGORIE,UTYP1,UART,UMONAT,USTUNDE,UWOCHENTAG,STRZUSTAND,ULICHTVERH,ISTRAD,ISTPKW,ISTFUSS,ISTKRAD
"POINT (13.419918799000072 52.545802879000064)","Unfall 242990 (2024) Kat:3, Licht: 0","242990","3","7","5","10","08","3","","0","1","1","0","0"
"POINT (13.534002387000044 52.492652952000071)","Unfall 242991 (2024) Kat:2, Licht: 2","242991","2","6","2","10","20","3","","2","0","1","0","0"
"POINT (13.411723769000048 52.523964483000043)","Unfall 242992 (2024) Kat:3, Licht: 0","242992","3","3","5","10","07","3","","0","1","1","0","0"
"POINT (13.466141748000041 52.471136095000077)","Unfall 242993 (2024) Kat:3, Licht: 0","242993","3","6","3","10","15","1","","0","0","1","0","0"
"POINT (13.397252961000049 52.538615827000058)","Unfall 242994 (2024) Kat:3, Licht: 2","242994","3","6","2","10","19","3","","2","0","1","0","0"
"POINT (13.430106065000075 52.551375285000063)","Unfall 242995 (2024) Kat:3, Licht: 0","242995","3","2","5","10","07","3","","0","0","1","0","0"
"POINT (13.320915948000049 52.513369767000029)","Unfall 242996 (2024) Kat:3, Licht: 2","242996","3","6","3","10","00","3","","2","0","1","0","1"
"POINT (13.459440488000041 52.472078819000046)","Unfall 242997 (2024) Kat:3, Licht: 0","242997","3","6","2","10","15","3","","0","0","1","0","0"
"POINT (13.469586617000061 52.531503778000058)","Unfall 242998 (2024) Kat:3, Licht: 0","242998","3","6","2","10","15","3","","0","0","1","0","0"
"POINT (13.430499853000072 52.551693445000069)","Unfall 242999 (2024) Kat:2, Licht: 0","242999","2","2","5","10","11","3","","0","1","0","0","0"
"POINT (13.593198749000067 52.452492526000071)","Unfall 243000 (2024) Kat:3, Licht: 0","243000","3","3","0","10","11","3","","0","1","1","0","0"
"POINT (13.427428997000050 52.552405299000043)","Unfall 243001 (2024) Kat:3, Licht: 0","243001","3","3","5","10","08","1","","0","0","1","0","0"
"POINT (13.572070269000051 52.444716596000035)","Unfall 243002 (2024) Kat:3, Licht: 0","243002","3","6","0","10","09","3","","0","0","1","0","0"
"POINT (13.350009175000025 52.413784437000061)","Unfall 243003 (2024) Kat:3, Licht: 2","243003","3","7","5","10","18","1","","2","0","1","0","1"
"POINT (13.340496770000073 52.447899823000057)","Unfall 243004 (2024) Kat:3, Licht: 0","243004","3","4","6","10","07","3","","0","0","0","1","1"
"POINT (13.419377724000071 52.505805563000081)","Unfall 243005 (2024) Kat:2, Licht: 2","243005","2","1","9","11","03","7","","2","0","1","0","0"
"POINT (13.227184855000075 52.549452866000081)","Unfall 243006 (2024) Kat:2, Licht: 2","243006","2","2","5","10","06","3","","2","0","1","0","0"
"POINT (13.498000804000071 52.509565704000067)","Unfall 243007 (2024) Kat:3, Licht: 1","243007","3","7","5","10","18","3","","1","1","1","0","0"
"POINT (13.291926820000072 52.596066720000067)","Unfall 243008 (2024) Kat:3, Licht: 2","243008","3","6","2","10","20","3","","2","0","1","0","0"
"POINT (13.240769099000033 52.543146349000040)","Unfall 243009 (2024) Kat:3, Licht: 2","243009","3","3","5","10","18","3","","2","0","1","0","1"
"POINT (13.376648966000062 52.487723921000054)","Unfall 243010 (2024) Kat:3, Licht: 0","243010","3","2","5","10","17","3","","0","0","1","0","1"
"POINT (13.344110456000067 52.435332751000033)","Unfall 243011 (2024) Kat:3, Licht: 0","243011","3","4","6","10","16","3","","0","0","1","1","0"
"POINT (13.376781792000031 52.509556072000066)","Unfall 243012 (2024) Kat:3, Licht: 2","243012","3","2","5","11","19","4","","2","0","1","0","0"
"POINT (13.535928933000037 52.458472217000065)","Unfall 243013 (2024) Kat:3, Licht: 0","243013","3","3","5","10","16","3","","0","1","1","0","0"
"POINT (13.318093997000062 52.506122882000057)","Unfall 243014 (2024) Kat:3, Licht: 0","243014","3","6","2","10","15","3","","0","0","1","0","0"
"POINT (13.239988217000075 52.542941748000032)","Unfall 243015 (2024) Kat:3, Licht: 0","243015","3","3","5","10","15","3","","0","0","1","0","0"
"POINT (13.321858137000049 52.505776312000080)","Unfall 243016 (2024) Kat:2, Licht: 0","243016","2","2","5","10","13","3","","0","1","1","0","0"
"POINT (13.540151679000076 52.435106332000032)","Unfall 243017 (2024) Kat:3, Licht: 0","243017","3","4","6","10","12","3","","0","0","1","1","0"
"POINT (13.361935485000060 52.570804310000028)","Unfall 243018 (2024) Kat:2, Licht: 0","243018","2","3","5","10","08","3","","0","0","1","0","1"
"POINT (13.334408309000025 52.541172026000027)","Unfall 243019 (2024) Kat:1, Licht: 2","243019","1","3","5","11","01","3","","2","0","1","0","0"
"POINT (13.430554235000045 52.528818415000046)","Unfall 243020 (2024) Kat:3, Licht: 0","243020","3","2","5","10","08","3","","0","0","1","0","1"
"POINT (13.451023608000071 52.520272972000043)","Unfall 243021 (2024) Kat:3, Licht: 0","243021","3","4","6","10","07","3","","0","0","1","1","0"
"POINT (13.185518672000057 52.551515894000033)","Unfall 243022 (2024) Kat:3, Licht: 0","243022","3","2","5","10","07","2","","0","0","1","0","1"
"POINT (13.283178396000039 52.591489153000055)","Unfall 243023 (2024) Kat:3, Licht: 0","243023","3","5","1","10","13","2","","0","0","1","0","0"
"POINT (13.432916937000073 52.517957550000062)","Unfall 243024 (2024) Kat:3, Licht: 2","243024","3","3","5","10","20","2","","2","0","1","0","0"
"POINT (13.430630779000069 52.589755095000044)","Unfall 243025 (2024) Kat:2, Licht: 0","243025","2","4","6","10","15","2","","0","0","1","1","0"
"POINT (13.476386673000036 52.500009441000032)","Unfall 243026 (2024) Kat:3, Licht: 0","243026","3","3","5","11","13","7","","0","1","1","0","0"
"POINT (13.312698022000063 52.567822862000071)","Unfall 243027 (2024) Kat:3, Licht: 0","243027","3","6","2","10","15","2","","0","0","1","0","0"
"POINT (13.170860936000054 52.519568425000045)","Unfall 243028 (2024) Kat:3, Licht: 2","243028","3","7","1","11","17","4","","2","0","0","0","0"
"POINT (13.424282349000066 52.552521094000042)","Unfall 243029 (2024) Kat:2, Licht: 0","243029","2","2","5","10","14","2","","0","1","1","0","0"
"POINT (13.132870815000047 52.526406672000064)","Unfall 243030 (2024) Kat:3, Licht: 0","243030","3","6","2","10","13","2","","0","0","1","0","0"
"POINT (13.360867830000075 52.412563658000067)","Unfall 243031 (2024) Kat:3, Licht: 0","243031","3","3","5","10","12","2","","0","0","1","0","0"
"POINT (13.389294643000028 52.514111163000052)","Unfall 243032 (2024) Kat:3, Licht: 0","243032","3","5","1","10","09","2","","0","1","1","0","0"
"POINT (13.198546035000049 52.555632630000048)","Unfall 243033 (2024) Kat:3, Licht: 0","243033","3","6","2","10","07","2","","0","0","1","0","0"
"POINT (13.363153405000048 52.451578347000066)","Unfall 243034 (2024) Kat:3, Licht: 0","243034","3","2","5","10","07","2","","0","0","0","0","1"
"POINT (13.374250437000057 52.485039291000078)","Unfall 243035 (2024) Kat:3, Licht: 0","243035","3","2","5","10","16","2","","0","1","0","0","1"
"POINT (13.398704180000038 52.506967398000029)","Unfall 243036 (2024) Kat:3, Licht: 0","243036","3","6","3","10","08","2","","0","0","1","0","1"
"POINT (13.345157991000065 52.489089858000057)","Unfall 243037 (2024) Kat:3, Licht: 2","243037","3","1","0","10","21","2","","2","1","0","0","0"
"POINT (13.431373134000069 52.487245985000072)","Unfall 243038 (2024) Kat:3, Licht: 2","243038","3","5","1","10","20","2","","2","1","1","0","0"
"POINT (13.378896632000021 52.489589963000071)","Unfall 243039 (2024) Kat:3, Licht: 2","243039","3","3","0","10","20","2","","2","1","1","0","0"
"POINT (13.381468239000071 52.482442117000062)","Unfall 243040 (2024) Kat:3, Licht: 1","243040","3","6","2","10","17","2","","1","0","1","0","0"
"POINT (13.510478587000023 52.444611530000032)","Unfall 243041 (2024) Kat:2, Licht: 2","243041","2","3","5","11","06","4","","2","0","1","0","1"
"POINT (13.385398466000026 52.550053229000071)","Unfall 243042 (2024) Kat:3, Licht: 1","243042","3","3","5","10","17","2","","1","0","1","0","1"
"POINT (13.349768440000048 52.450524364000046)","Unfall 243043 (2024) Kat:3, Licht: 0","243043","3","7","6","10","17","2","","0","0","1","1","0"
"POINT (13.583080435000056 52.523428608000074)","Unfall 243044 (2024) Kat:3, Licht: 0","243044","3","4","6","10","16","2","","0","0","1","1","0"
"POINT (13.363339203000066 52.507570081000040)","Unfall 243045 (2024) Kat:3, Licht: 0","243045","3","5","1","10","16","2","","0","1","1","0","0"
"POINT (13.371585969000023 52.558346539000070)","Unfall 243046 (2024) Kat:3, Licht: 0","243046","3","5","1","10","15","2","","0","1","1","0","0"
"POINT (13.320410043000038 52.484894339000050)","Unfall 243047 (2024) Kat:3, Licht: 0","243047","3","6","2","10","14","2","","0","0","1","0","0"
"POINT (13.468729847000077 52.499859540000045)","Unfall 243048 (2024) Kat:3, Licht: 0","243048","3","2","6","10","08","2","","0","0","1","1","0"
"POINT (13.415385314000048 52.550271441000064)","Unfall 243049 (2024) Kat:2, Licht: 0","243049","2","5","1","10","08","2","","0","1","0","0","0"
"POINT (13.396050802000047 52.538278884000079)","Unfall 243050 (2024) Kat:3, Licht: 2","243050","3","2","5","10","22","2","","2","0","1","0","1"
"POINT (13.396944905000055 52.509645736000039)","Unfall 243051 (2024) Kat:3, Licht: 2","243051","3","5","1","11","03","1","","2","0","1","0","0"
"POINT (13.178021041000022 52.548733002000063)","Unfall 243052 (2024) Kat:3, Licht: 0","243052","3","2","5","10","10","2","","0","0","1","0","0"
"POINT (13.316454991000057 52.499061694000034)","Unfall 243053 (2024) Kat:3, Licht: 2","243053","3","3","0","10","19","1","","2","0","1","0","1"
"POINT (13.328645161000054 52.527315468000040)","Unfall 243054 (2024) Kat:3, Licht: 2","243054","3","3","5","10","18","1","","2","0","1","0","0"
"POINT (13.424064459000022 52.513596701000040)","Unfall 243055 (2024) Kat:3, Licht: 1","243055","3","3","5","10","17","1","","1","1","1","0","0"
"POINT (13.422140969000054 52.535449842000048)","Unfall 243056 (2024) Kat:3, Licht: 0","243056","3","6","2","10","14","1","","0","0","1","0","0"
"POINT (13.405773967000073 52.514032532000044)","Unfall 243057 (2024) Kat:3, Licht: 0","243057","3","6","3","10","13","1","","0","0","1","0","0"
"POINT (13.292535213000065 52.429450541000051)","Unfall 243058 (2024) Kat:3, Licht: 0","243058","3","3","5","10","13","1","","0","0","1","0","0"
"POINT (13.304561569000043 52.499614326000028)","Unfall 243059 (2024) Kat:3, Licht: 2","243059","3","7","1","10","05","1","","2","0","1","0","0"
"POINT (13.448125355000059 52.497693642000058)","Unfall 243060 (2024) Kat:3, Licht: 2","243060","3","7","0","10","00","1","","2","0","0","0","1"
"POINT (13.591754926000021 52.539578658000039)","Unfall 243061 (2024) Kat:3, Licht: 0","243061","3","4","6","10","17","1","","0","0","0","1","0"
"POINT (13.377807176000033 52.569691109000075)","Unfall 243062 (2024) Kat:3, Licht: 2","243062","3","3","5","10","22","1","","2","0","1","0","0"
"POINT (13.401042540000049 52.414564940000048)","Unfall 243063 (2024) Kat:2, Licht: 2","243063","2","2","5","10","20","1","","2","0","1","0","1"
"POINT (13.385507302000065 52.465736721000042)","Unfall 243064 (2024) Kat:3, Licht: 1","243064","3","2","0","10","17","1","","1","1","1","0","0"
"POINT (13.364090402000045 52.527115171000048)","Unfall 243065 (2024) Kat:3, Licht: 2","243065","3","5","1","10","18","4","","2","1","1","0","0"
"POINT (13.417351911000026 52.543268760000046)","Unfall 243066 (2024) Kat:3, Licht: 0","243066","3","4","6","10","16","1","","0","0","1","1","0"
"POINT (13.247609968000063 52.467546947000073)","Unfall 243067 (2024) Kat:3, Licht: 0","243067","3","2","5","10","13","1","","0","0","1","0","0"
"POINT (13.317148340000074 52.503610926000079)","Unfall 243068 (2024) Kat:3, Licht: 0","243068","3","5","0","10","09","1","","0","1","1","0","0"
"POINT (13.587747812000032 52.520759101000067)","Unfall 243069 (2024) Kat:2, Licht: 2","243069","2","3","5","10","06","1","","2","0","1","0","0"
"POINT (13.308748574000049 52.495200562000036)","Unfall 243070 (2024) Kat:2, Licht: 2","243070","2","1","9","10","05","1","","2","0","1","0","0"
"POINT (13.519182765000039 52.512616806000040)","Unfall 243071 (2024) Kat:2, Licht: 2","243071","2","6","2","10","18","1","","2","0","1","0","0"
"POINT (13.463630895000051 52.516648973000031)","Unfall 243072 (2024) Kat:3, Licht: 2","243072","3","1","0","10","01","1","","2","1","0","0","0"
"POINT (13.408362486000044 52.500639730000046)","Unfall 243073 (2024) Kat:3, Licht: 2","243073","3","5","1","10","01","1","","2","0","1","0","0"
"POINT (13.408059817000037 52.504400724000050)","Unfall 243074 (2024) Kat:3, Licht: 1","243074","3","2","2","10","18","7","","1","0","1","0","0"
"POINT (13.426384657000028 52.477026390000049)","Unfall 243075 (2024) Kat:3, Licht: 0","243075","3","3","5","10","16","7","","0","0","1","0","0"
"POINT (13.485026897000068 52.463894752000044)","Unfall 243076 (2024) Kat:3, Licht: 2","243076","3","1","0","11","18","1","","2","0","1","0","0"
"POINT (13.387774007000075 52.499996555000052)","Unfall 243077 (2024) Kat:2, Licht: 0","243077","2","7","2","10","15","7","","0","0","1","0","0"
"POINT (13.392486930000075 52.542924433000053)","Unfall 243078 (2024) Kat:3, Licht: 0","243078","3","6","3","10","14","7","","0","0","1","0","0"
"POINT (13.408887722000031 52.511866097000052)","Unfall 243079 (2024) Kat:2, Licht: 0","243079","2","7","0","10","09","7","","0","0","1","0","0"
"POINT (13.422572466000076 52.499182906000044)","Unfall 243080 (2024) Kat:3, Licht: 0","243080","3","4","6","10","16","7","","0","1","0","1","0"
"POINT (13.420809142000053 52.548787090000076)","Unfall 243081 (2024) Kat:3, Licht: 2","243081","3","3","5","10","20","7","","2","0","1","0","0"
"POINT (13.485502731000054 52.523789146000070)","Unfall 243082 (2024) Kat:3, Licht: 0","243082","3","7","6","10","16","7","","0","0","1","1","0"
"POINT (13.523568717000046 52.495650441000066)","Unfall 243083 (2024) Kat:3, Licht: 0","243083","3","2","5","10","10","7","","0","0","1","0","0"
"POINT (13.422194973000046 52.482035404000044)","Unfall 243084 (2024) Kat:3, Licht: 2","243084","3","6","3","10","20","7","","2","0","1","0","1"
"POINT (13.323889799000028 52.587637108000081)","Unfall 243085 (2024) Kat:3, Licht: 2","243085","3","2","5","10","19","7","","2","1","1","0","0"
"POINT (13.165470005000032 52.551085327000067)","Unfall 243086 (2024) Kat:3, Licht: 2","243086","3","2","6","10","19","7","","2","0","1","1","0"
"POINT (13.505816658000072 52.534584852000080)","Unfall 243087 (2024) Kat:3, Licht: 2","243087","3","4","6","10","19","7","","2","0","0","1","1"
"POINT (13.385477029000072 52.467123468000068)","Unfall 243088 (2024) Kat:3, Licht: 2","243088","3","3","0","10","18","7","","2","0","1","0","0"
"POINT (13.436365485000067 52.466950373000032)","Unfall 243089 (2024) Kat:3, Licht: 0","243089","3","3","5","10","17","7","","0","0","1","0","1"
"POINT (13.439788318000069 52.484151394000037)","Unfall 243090 (2024) Kat:3, Licht: 0","243090","3","7","0","10","16","7","","0","0","0","0","1"
"POINT (13.452921007000043 52.512397567000050)","Unfall 243091 (2024) Kat:3, Licht: 0","243091","3","2","5","10","15","7","","0","1","0","0","0"
"POINT (13.541390206000074 52.534551400000055)","Unfall 243092 (2024) Kat:3, Licht: 2","243092","3","3","5","10","00","7","","2","1","1","0","0"
"POINT (13.198550050000051 52.542892495000046)","Unfall 243093 (2024) Kat:3, Licht: 0","243093","3","2","5","10","14","3","","0","0","1","0","0"
"POINT (13.228846585000042 52.537889069000073)","Unfall 243094 (2024) Kat:3, Licht: 0","243094","3","3","5","10","12","7","","0","0","1","0","0"
"POINT (13.296901519000073 52.548063279000075)","Unfall 243095 (2024) Kat:3, Licht: 2","243095","3","2","5","11","17","7","","2","0","1","0","0"
"POINT (13.427850470000067 52.518174447000035)","Unfall 243096 (2024) Kat:3, Licht: 0","243096","3","3","5","10","11","7","","0","1","1","0","0"
"POINT (13.426287294000076 52.477540334000082)","Unfall 243097 (2024) Kat:3, Licht: 0","243097","3","6","3","10","08","6","","0","1","0","0","0"
"POINT (13.337931430000026 52.519679198000063)","Unfall 243098 (2024) Kat:3, Licht: 0","243098","3","7","5","10","10","7","","0","0","1","0","1"
"POINT (13.363941036000028 52.497663269000043)","Unfall 243099 (2024) Kat:3, Licht: 2","243099","3","3","5","10","00","7","","2","1","1","0","0"
"POINT (13.318239341000037 52.461706531000061)","Unfall 243100 (2024) Kat:3, Licht: 0","243100","3","2","5","10","15","6","","0","0","1","0","1"
"POINT (13.329862852000076 52.522929223000062)","Unfall 243101 (2024) Kat:3, Licht: 0","243101","3","2","5","10","08","6","","0","1","1","0","0"
"POINT (13.584589897000058 52.512165699000036)","Unfall 243102 (2024) Kat:3, Licht: 2","243102","3","7","0","10","23","6","","2","0","0","0","0"
"POINT (13.377043527000069 52.508533965000026)","Unfall 243103 (2024) Kat:2, Licht: 2","243103","2","3","5","10","21","6","","2","0","1","0","1"
"POINT (13.449228236000067 52.564491481000061)","Unfall 243104 (2024) Kat:3, Licht: 2","243104","3","1","0","10","20","6","","2","0","0","0","0"
"POINT (13.319631130000062 52.610377675000052)","Unfall 243105 (2024) Kat:2, Licht: 2","243105","2","7","0","10","19","6","","2","0","1","0","0"
"POINT (13.476243553000074 52.533201658000053)","Unfall 243106 (2024) Kat:2, Licht: 0","243106","2","3","5","10","16","6","","0","1","0","0","0"
"POINT (13.262205087000041 52.438259081000069)","Unfall 243107 (2024) Kat:3, Licht: 0","243107","3","2","5","10","15","6","","0","1","1","0","0"
"POINT (13.411446038000065 52.528313112000035)","Unfall 243108 (2024) Kat:3, Licht: 0","243108","3","6","3","10","14","6","","0","0","1","0","0"
"POINT (13.537596417000032 52.451236455000071)","Unfall 243109 (2024) Kat:3, Licht: 1","243109","3","7","5","10","07","6","","1","0","1","0","0"
"POINT (13.335060128000066 52.603134672000067)","Unfall 243110 (2024) Kat:3, Licht: 2","243110","3","3","5","10","21","6","","2","1","1","0","0"
"POINT (13.495241611000040 52.431680809000056)","Unfall 243111 (2024) Kat:3, Licht: 0","243111","3","3","5","10","16","6","","0","0","1","0","0"
"POINT (13.495141285000045 52.412745106000045)","Unfall 243112 (2024) Kat:3, Licht: 0","243112","3","6","4","10","15","6","","0","0","1","0","0"
"POINT (13.199761070000022 52.551904856000078)","Unfall 243113 (2024) Kat:3, Licht: 0","243113","3","4","6","10","15","6","","0","0","1","1","0"
"POINT (13.317190412000059 52.430790892000061)","Unfall 243114 (2024) Kat:3, Licht: 0","243114","3","2","5","10","14","6","","0","1","1","0","0"
"POINT (13.584233000000040 52.464617274000034)","Unfall 243115 (2024) Kat:3, Licht: 0","243115","3","5","1","10","08","2","","0","0","0","0","0"
"POINT (13.591580054000076 52.544822177000071)","Unfall 243116 (2024) Kat:3, Licht: 0","243116","3","2","5","10","13","6","","0","0","1","0","0"
"POINT (13.334942870000077 52.467911792000052)","Unfall 243117 (2024) Kat:3, Licht: 0","243117","3","7","6","10","13","6","","0","0","1","1","0"
"POINT (13.371031437000056 52.511100712000029)","Unfall 243118 (2024) Kat:3, Licht: 0","243118","3","2","2","10","08","6","","0","1","1","0","0"
"POINT (13.320291686000076 52.478788845000054)","Unfall 243119 (2024) Kat:3, Licht: 0","243119","3","2","5","10","07","6","","0","0","1","0","0"
"POINT (13.437429775000055 52.479109654000069)","Unfall 243120 (2024) Kat:3, Licht: 0","243120","3","7","2","10","09","6","","0","1","1","0","0"
"POINT (13.399962034000055 52.509407949000035)","Unfall 243121 (2024) Kat:3, Licht: 2","243121","3","5","1","10","20","2","","2","1","1","0","0"
"POINT (13.448793666000029 52.559752135000053)","Unfall 243122 (2024) Kat:3, Licht: 0","243122","3","2","5","10","09","6","","0","1","1","0","0"
"POINT (13.451971224000033 52.452531816000032)","Unfall 243123 (2024) Kat:3, Licht: 0","243123","3","2","5","10","10","6","","0","1","0","0","0"
"POINT (13.423175708000031 52.486609286000032)","Unfall 243124 (2024) Kat:3, Licht: 2","243124","3","2","5","10","19","4","","2","1","1","0","0"
"POINT (13.345299573000034 52.484625913000059)","Unfall 243125 (2024) Kat:3, Licht: 0","243125","3","6","3","10","12","6","","0","0","1","0","0"
"POINT (13.539450839000040 52.434635196000045)","Unfall 243126 (2024) Kat:3, Licht: 0","243126","3","4","6","10","13","6","","0","0","1","1","0"
"POINT (13.559608491000063 52.441855812000028)","Unfall 243127 (2024) Kat:3, Licht: 0","243127","3","4","6","10","14","6","","0","0","1","1","0"
"POINT (13.338290020000045 52.551193066000053)","Unfall 243128 (2024) Kat:3, Licht: 0","243128","3","5","1","10","15","6","","0","1","1","0","0"
"POINT (13.376974306000022 52.553848173000063)","Unfall 243129 (2024) Kat:3, Licht: 1","243129","3","6","2","10","17","6","","1","0","1","0","0"
"POINT (13.321455907000029 52.429541544000074)","Unfall 243130 (2024) Kat:3, Licht: 1","243130","3","2","0","10","07","2","","1","0","1","0","0"
"POINT (13.429728383000054 52.460153994000052)","Unfall 243131 (2024) Kat:3, Licht: 0","243131","3","3","5","10","17","6","","0","0","1","0","1"
"POINT (13.153275249000046 52.553460213000051)","Unfall 243132 (2024) Kat:3, Licht: 2","243132","3","7","2","10","19","6","","2","0","1","0","0"
"POINT (13.418975401000068 52.394746461000068)","Unfall 243133 (2024) Kat:3, Licht: 2","243133","3","4","0","11","17","7","","2","0","0","1","1"
"POINT (13.186192773000073 52.517643066000062)","Unfall 243134 (2024) Kat:3, Licht: 2","243134","3","2","5","10","19","6","","2","0","1","0","0"
"POINT (13.244435537000072 52.440329734000045)","Unfall 243135 (2024) Kat:3, Licht: 0","243135","3","6","2","10","13","6","","0","0","1","0","0"
"POINT (13.406096182000056 52.446456958000056)","Unfall 243136 (2024) Kat:3, Licht: 0","243136","3","7","5","10","10","6","","0","0","1","0","0"
"POINT (13.337605050000036 52.460578093000038)","Unfall 243137 (2024) Kat:3, Licht: 0","243137","3","3","5","10","09","6","","0","1","0","0","0"
"POINT (13.501079929000070 52.561691056000029)","Unfall 243138 (2024) Kat:3, Licht: 2","243138","3","7","0","10","20","5","","2","1","0","0","1"
"POINT (13.415944597000077 52.497360056000048)","Unfall 243139 (2024) Kat:3, Licht: 2","243139","3","4","6","10","20","5","","2","0","1","1","0"
"POINT (13.207438058000037 52.532791428000053)","Unfall 243140 (2024) Kat:2, Licht: 2","243140","2","1","1","10","21","5","","2","0","1","0","0"
"POINT (13.380434810000054 52.518109607000042)","Unfall 243141 (2024) Kat:3, Licht: 2","243141","3","2","5","10","20","5","","2","1","1","0","0"
"POINT (13.394612503000076 52.491687091000074)","Unfall 243142 (2024) Kat:2, Licht: 2","243142","2","3","5","10","20","5","","2","0","1","0","0"
"POINT (13.387680380000063 52.523734671000057)","Unfall 243143 (2024) Kat:3, Licht: 0","243143","3","2","6","10","10","3","","0","0","0","1","0"
"POINT (13.394272933000025 52.506953753000062)","Unfall 243144 (2024) Kat:3, Licht: 1","243144","3","3","0","10","19","5","","1","1","1","0","0"
"POINT (13.450542209000048 52.536194326000043)","Unfall 243145 (2024) Kat:3, Licht: 0","243145","3","6","2","10","16","5","","0","0","1","0","0"
"POINT (13.575254251000047 52.453840289000027)","Unfall 243146 (2024) Kat:3, Licht: 0","243146","3","3","5","10","16","5","","0","1","1","0","0"
"POINT (13.391228653000042 52.496768886000041)","Unfall 243147 (2024) Kat:3, Licht: 0","243147","3","7","5","10","14","5","","0","1","1","0","0"
"POINT (13.300506875000053 52.433371076000071)","Unfall 243148 (2024) Kat:3, Licht: 0","243148","3","3","5","10","11","5","","0","1","1","0","0"
"POINT (13.382733680000058 52.475354565000032)","Unfall 243149 (2024) Kat:2, Licht: 0","243149","2","7","6","10","11","5","","0","0","0","1","0"
"POINT (13.438090527000043 52.500185143000067)","Unfall 243150 (2024) Kat:3, Licht: 0","243150","3","2","5","10","10","5","","0","1","1","0","0"
"POINT (13.588020248000078 52.520918409000046)","Unfall 243151 (2024) Kat:2, Licht: 1","243151","2","4","6","11","16","4","","1","0","1","1","0"
"POINT (13.565425791000052 52.446016041000064)","Unfall 243152 (2024) Kat:3, Licht: 0","243152","3","7","6","10","07","5","","0","1","0","1","0"
"POINT (13.410295242000075 52.503784153000026)","Unfall 243153 (2024) Kat:3, Licht: 0","243153","3","3","5","11","09","3","","0","1","1","0","0"
"POINT (13.467705234000050 52.502639799000065)","Unfall 243154 (2024) Kat:3, Licht: 1","243154","3","5","1","10","07","5","","1","1","1","0","0"
"POINT (13.498242990000051 52.416417482000043)","Unfall 243155 (2024) Kat:3, Licht: 2","243155","3","1","0","10","01","5","","2","0","0","0","0"
"POINT (13.260309930000062 52.489533581000046)","Unfall 243156 (2024) Kat:3, Licht: 1","243156","3","4","6","11","07","5","","1","0","1","1","0"
"POINT (13.454893337000044 52.430140474000041)","Unfall 243157 (2024) Kat:3, Licht: 0","243157","3","6","3","11","14","6","","0","0","1","0","0"
"POINT (13.433421701000043 52.464045476000081)","Unfall 243158 (2024) Kat:2, Licht: 2","243158","2","3","5","10","20","5","","2","0","1","0","0"
"POINT (13.433806287000039 52.476961218000042)","Unfall 243159 (2024) Kat:3, Licht: 0","243159","3","4","6","10","17","5","","0","0","1","1","0"
"POINT (13.403272889000050 52.524916973000074)","Unfall 243160 (2024) Kat:3, Licht: 0","243160","3","5","1","10","13","5","","0","1","1","0","0"
"POINT (13.436591078000049 52.423718607000069)","Unfall 243161 (2024) Kat:3, Licht: 2","243161","3","3","5","10","23","5","","2","0","1","0","0"
"POINT (13.317275307000045 52.513937965000082)","Unfall 243162 (2024) Kat:3, Licht: 2","243162","3","2","5","10","18","5","","2","1","1","0","0"
"POINT (13.374080420000041 52.445114333000049)","Unfall 243163 (2024) Kat:3, Licht: 2","243163","3","2","6","10","18","5","","2","0","1","1","0"
"POINT (13.363559453000050 52.522816894000073)","Unfall 243164 (2024) Kat:3, Licht: 1","243164","3","1","0","11","16","2","","1","0","0","0","1"
"POINT (13.468421830000068 52.507033268000043)","Unfall 243165 (2024) Kat:3, Licht: 2","243165","3","1","0","10","18","5","","2","0","1","0","1"
"POINT (13.547998314000040 52.438028776000067)","Unfall 243166 (2024) Kat:3, Licht: 1","243166","3","4","6","10","17","5","","1","0","1","1","0"
"POINT (13.364872729000069 52.549885258000074)","Unfall 243167 (2024) Kat:2, Licht: 0","243167","2","1","0","10","13","5","","0","0","0","0","1"
"POINT (13.242590775000053 52.433848570000066)","Unfall 243168 (2024) Kat:3, Licht: 0","243168","3","7","5","10","08","5","","0","0","1","0","0"
"POINT (13.337385637000068 52.428564170000072)","Unfall 243169 (2024) Kat:3, Licht: 0","243169","3","3","5","10","08","5","","0","0","1","0","0"
"POINT (13.390365795000037 52.507649880000031)","Unfall 243170 (2024) Kat:2, Licht: 0","243170","2","3","5","10","07","5","","0","0","1","0","0"
"POINT (13.326503763000062 52.592125798000041)","Unfall 243171 (2024) Kat:3, Licht: 0","243171","3","2","0","10","07","5","","0","1","0","0","0"
"POINT (13.459977373000072 52.431905966000045)","Unfall 243172 (2024) Kat:3, Licht: 0","243172","3","7","5","10","14","3","","0","0","1","0","0"
"POINT (13.408785953000063 52.504197143000056)","Unfall 243173 (2024) Kat:3, Licht: 2","243173","3","7","5","10","19","5","","2","0","1","0","0"
"POINT (13.359090054000035 52.412912693000067)","Unfall 243174 (2024) Kat:3, Licht: 0","243174","3","6","3","10","14","4","","0","0","1","0","1"
"POINT (13.674711192000075 52.468065433000049)","Unfall 243175 (2024) Kat:2, Licht: 0","243175","2","1","8","10","09","4","","0","0","1","0","0"
"POINT (13.509811028000058 52.550388104000035)","Unfall 243176 (2024) Kat:3, Licht: 2","243176","3","3","5","10","05","4","","2","0","1","0","0"