WKT,Name,OBJECTID,UKATEGORIE,UTYP1,UART,UMONAT,USTUNDE,UWOCHENTAG,STRZUSTAND,ULICHTVERH,ISTRAD,ISTPKW,ISTFUSS,ISTKRAD
"POINT (13.299445150000054 52.440458638000052)","Unfall 243177 (2024) Kat:3, Licht: 0","243177","3","2","5","11","15","6","","0","1","1","0","0"
"POINT (13.451765116000047 52.591319317000057)","Unfall 243178 (2024) Kat:3, Licht: 0","243178","3","7","6","10","17","4","","0","0","1","1","0"
"POINT (13.251966052000057 52.599905132000060)","Unfall 243179 (2024) Kat:3, Licht: 1","243179","3","2","0","10","07","4","","1","1","1","0","0"
"POINT (13.358705610000072 52.553736629000070)","Unfall 243180 (2024) Kat:3, Licht: 2","243180","3","6","2","10","19","4","","2","0","1","0","0"
"POINT (13.489095443000053 52.526593552000065)","Unfall 243181 (2024) Kat:3, Licht: 1","243181","3","3","0","10","18","4","","1","0","1","0","0"
"POINT (13.260240334000059 52.545267496000065)","Unfall 243182 (2024) Kat:3, Licht: 1","243182","3","3","5","10","18","4","","1","0","1","0","0"
"POINT (13.264128169000060 52.511812941000073)","Unfall 243183 (2024) Kat:2, Licht: 0","243183","2","5","1","10","17","4","","0","0","1","0","1"
"POINT (13.474785623000059 52.549563849000037)","Unfall 243184 (2024) Kat:3, Licht: 1","243184","3","6","2","10","17","4","","1","0","1","0","1"
"POINT (13.313066461000062 52.574793867000039)","Unfall 243185 (2024) Kat:3, Licht: 0","243185","3","2","0","10","15","4","","0","0","0","0","1"
"POINT (13.387114905000033 52.518625088000078)","Unfall 243186 (2024) Kat:3, Licht: 0","243186","3","7","5","11","08","4","","0","0","1","0","0"
"POINT (13.322233265000023 52.436403701000074)","Unfall 243187 (2024) Kat:3, Licht: 0","243187","3","2","0","10","15","4","","0","1","0","0","0"
"POINT (13.195453834000034 52.533381832000032)","Unfall 243188 (2024) Kat:3, Licht: 0","243188","3","3","5","10","14","4","","0","0","1","0","0"
"POINT (13.362135127000045 52.567743184000051)","Unfall 243189 (2024) Kat:2, Licht: 0","243189","2","2","5","10","14","4","","0","1","1","0","0"
"POINT (13.405618632000028 52.514159555000049)","Unfall 243190 (2024) Kat:3, Licht: 2","243190","3","2","2","10","22","4","","2","0","1","0","0"
"POINT (13.336933161000047 52.488279478000038)","Unfall 243191 (2024) Kat:3, Licht: 0","243191","3","2","5","10","16","4","","0","1","1","0","0"
"POINT (13.284356790000061 52.594471011000053)","Unfall 243192 (2024) Kat:3, Licht: 1","243192","3","2","5","11","17","5","","1","0","1","0","1"
"POINT (13.317916724000042 52.414400768000064)","Unfall 243193 (2024) Kat:2, Licht: 0","243193","2","7","5","10","10","4","","0","0","0","0","1"
"POINT (13.488336759000049 52.537210089000041)","Unfall 243194 (2024) Kat:2, Licht: 2","243194","2","7","5","10","19","4","","2","0","1","0","1"
"POINT (13.197089566000045 52.531358737000062)","Unfall 243195 (2024) Kat:3, Licht: 0","243195","3","7","5","10","13","6","","0","0","1","0","0"
"POINT (13.396033791000036 52.538273958000048)","Unfall 243196 (2024) Kat:3, Licht: 0","243196","3","2","5","10","16","4","","0","0","1","0","1"
"POINT (13.477867158000038 52.552223260000062)","Unfall 243197 (2024) Kat:3, Licht: 0","243197","3","5","1","10","08","4","","0","1","1","0","0"
"POINT (13.272050535000062 52.498776316000033)","Unfall 243198 (2024) Kat:3, Licht: 0","243198","3","7","0","10","16","4","","0","0","1","0","0"
"POINT (13.200621317000071 52.538149266000062)","Unfall 243199 (2024) Kat:3, Licht: 0","243199","3","2","0","10","13","4","","0","0","1","0","0"
"POINT (13.318654961000050 52.454105348000041)","Unfall 243200 (2024) Kat:3, Licht: 0","243200","3","2","5","10","08","4","","0","0","1","0","0"
"POINT (13.426355279000063 52.499266381000041)","Unfall 243201 (2024) Kat:3, Licht: 0","243201","3","2","5","10","13","4","","0","1","1","0","0"
"POINT (13.200850920000050 52.548460575000036)","Unfall 243202 (2024) Kat:3, Licht: 1","243202","3","6","2","11","15","5","","1","0","1","0","0"
"POINT (13.434266092000030 52.545938738000075)","Unfall 243203 (2024) Kat:2, Licht: 0","243203","2","3","5","10","11","4","","0","0","1","0","1"
"POINT (13.346571038000036 52.448175552000066)","Unfall 243204 (2024) Kat:3, Licht: 0","243204","3","3","5","10","07","4","","0","0","1","0","0"
"POINT (13.362677209000026 52.488912997000057)","Unfall 243205 (2024) Kat:3, Licht: 1","243205","3","3","5","10","19","4","","1","1","1","0","0"
"POINT (13.259461883000029 52.547001183000077)","Unfall 243206 (2024) Kat:3, Licht: 0","243206","3","3","5","11","09","4","","0","0","1","0","0"
"POINT (13.355827442000077 52.598925241000074)","Unfall 243207 (2024) Kat:3, Licht: 2","243207","3","1","0","10","18","4","","2","0","0","0","0"
"POINT (13.427775297000039 52.474086371000055)","Unfall 243208 (2024) Kat:3, Licht: 0","243208","3","7","6","10","17","4","","0","0","1","1","0"
"POINT (13.706971158000044 52.441508855000052)","Unfall 243209 (2024) Kat:3, Licht: 0","243209","3","1","8","10","14","4","","0","0","1","0","0"
"POINT (13.376070586000026 52.458950523000055)","Unfall 243210 (2024) Kat:3, Licht: 0","243210","3","3","5","10","13","4","","0","1","1","0","0"
"POINT (13.243529324000065 52.527917143000082)","Unfall 243211 (2024) Kat:3, Licht: 0","243211","3","6","2","10","10","4","","0","0","1","0","0"
"POINT (13.433450843000060 52.463914634000048)","Unfall 243212 (2024) Kat:3, Licht: 0","243212","3","4","6","10","07","4","","0","1","0","1","0"
"POINT (13.528042374000051 52.411435394000080)","Unfall 243213 (2024) Kat:3, Licht: 2","243213","3","5","1","10","22","4","","2","0","1","0","0"
"POINT (13.270151212000030 52.450922403000050)","Unfall 243214 (2024) Kat:3, Licht: 2","243214","3","4","6","10","18","4","","2","0","1","1","0"
"POINT (13.302577044000031 52.584362086000056)","Unfall 243215 (2024) Kat:3, Licht: 1","243215","3","3","5","10","06","4","","1","1","1","0","0"
"POINT (13.490679825000029 52.405158827000037)","Unfall 243216 (2024) Kat:3, Licht: 0","243216","3","3","0","11","09","6","","0","0","1","0","1"
"POINT (13.387337004000074 52.525831810000057)","Unfall 243217 (2024) Kat:3, Licht: 1","243217","3","2","5","10","16","4","","1","1","0","0","0"
"POINT (13.216045474000055 52.526983975000064)","Unfall 243218 (2024) Kat:3, Licht: 1","243218","3","2","5","10","17","4","","1","1","1","0","0"
"POINT (13.557870429000047 52.556631900000070)","Unfall 243219 (2024) Kat:3, Licht: 0","243219","3","6","2","10","16","4","","0","0","1","0","0"
"POINT (13.445500023000022 52.565070979000041)","Unfall 243220 (2024) Kat:3, Licht: 0","243220","3","7","6","10","14","4","","0","0","1","1","0"
"POINT (13.289787190000027 52.481983544000059)","Unfall 243221 (2024) Kat:3, Licht: 0","243221","3","6","2","10","14","4","","0","0","1","0","0"
"POINT (13.318751879000047 52.454622535000055)","Unfall 243222 (2024) Kat:3, Licht: 0","243222","3","6","2","10","13","4","","0","0","1","0","0"
"POINT (13.327438987000050 52.502953753000043)","Unfall 243223 (2024) Kat:3, Licht: 0","243223","3","2","5","10","12","4","","0","1","1","0","0"
"POINT (13.347514585000056 52.594882120000079)","Unfall 243224 (2024) Kat:3, Licht: 0","243224","3","6","4","10","09","4","","0","0","1","0","0"
"POINT (13.400498310000046 52.530633832000035)","Unfall 243225 (2024) Kat:2, Licht: 0","243225","2","5","1","10","09","4","","0","1","1","0","0"
"POINT (13.282781499000066 52.594027339000036)","Unfall 243226 (2024) Kat:3, Licht: 0","243226","3","1","0","10","09","4","","0","0","0","0","1"
"POINT (13.452395449000051 52.472802111000078)","Unfall 243227 (2024) Kat:3, Licht: 1","243227","3","3","5","10","07","4","","1","0","1","0","1"
"POINT (13.378024735000054 52.556532060000052)","Unfall 243228 (2024) Kat:3, Licht: 2","243228","3","1","0","10","05","4","","2","0","1","0","1"
"POINT (13.416294738000033 52.511046007000061)","Unfall 243229 (2024) Kat:2, Licht: 0","243229","2","2","5","10","17","4","","0","1","0","0","0"
"POINT (13.449135681000030 52.524349722000068)","Unfall 243230 (2024) Kat:3, Licht: 0","243230","3","3","5","10","17","3","","0","1","0","0","0"
"POINT (13.519861382000045 52.505925486000081)","Unfall 243231 (2024) Kat:3, Licht: 0","243231","3","2","5","10","16","3","","0","0","1","0","0"
"POINT (13.228392109000026 52.506870392000053)","Unfall 243232 (2024) Kat:2, Licht: 0","243232","2","2","6","11","14","6","","0","0","0","1","0"
"POINT (13.513462938000032 52.567946874000029)","Unfall 243233 (2024) Kat:3, Licht: 0","243233","3","2","6","10","09","3","","0","0","1","1","0"
"POINT (13.354623627000024 52.499796415000048)","Unfall 243234 (2024) Kat:3, Licht: 2","243234","3","7","0","10","21","3","","2","0","1","0","0"
"POINT (13.495809212000040 52.466046971000026)","Unfall 243235 (2024) Kat:3, Licht: 0","243235","3","2","3","10","16","3","","0","0","1","0","1"
"POINT (13.433246450000070 52.536549643000058)","Unfall 243236 (2024) Kat:3, Licht: 0","243236","3","6","2","10","15","3","","0","0","1","0","1"
"POINT (13.229867952000063 52.427717692000044)","Unfall 243237 (2024) Kat:3, Licht: 0","243237","3","3","5","10","14","3","","0","1","1","0","0"
"POINT (13.433145433000050 52.558501209000042)","Unfall 243238 (2024) Kat:2, Licht: 0","243238","2","4","6","10","12","3","","0","1","0","1","0"
"POINT (13.389376973000026 52.495963406000044)","Unfall 243239 (2024) Kat:3, Licht: 1","243239","3","2","5","10","06","3","","1","1","1","0","0"
"POINT (13.328332398000043 52.565078097000026)","Unfall 243240 (2024) Kat:3, Licht: 0","243240","3","3","5","10","16","3","","0","1","1","0","0"
"POINT (13.355970152000054 52.543222531000026)","Unfall 243241 (2024) Kat:3, Licht: 0","243241","3","3","3","10","08","3","","0","1","1","0","0"
"POINT (13.393899459000068 52.512358464000044)","Unfall 243242 (2024) Kat:3, Licht: 0","243242","3","5","1","10","17","3","","0","1","1","0","0"
"POINT (13.125042034000046 52.530922887000031)","Unfall 243243 (2024) Kat:3, Licht: 2","243243","3","7","0","10","23","3","","2","0","0","0","0"
"POINT (13.279329627000038 52.518197697000062)","Unfall 243244 (2024) Kat:3, Licht: 0","243244","3","3","5","10","15","5","","0","1","0","0","0"
"POINT (13.241823489000069 52.543425699000068)","Unfall 243245 (2024) Kat:3, Licht: 2","243245","3","7","5","10","21","3","","2","0","1","0","1"
"POINT (13.432188811000060 52.488087195000048)","Unfall 243246 (2024) Kat:3, Licht: 2","243246","3","4","6","10","23","3","","2","1","0","1","0"
"POINT (13.496243383000035 52.506596788000081)","Unfall 243247 (2024) Kat:2, Licht: 2","243247","2","7","5","10","20","3","","2","0","1","0","1"
"POINT (13.607352446000050 52.534005899000078)","Unfall 243248 (2024) Kat:3, Licht: 1","243248","3","1","0","10","16","3","","1","0","1","0","0"
"POINT (13.278430666000077 52.473924680000039)","Unfall 243249 (2024) Kat:3, Licht: 0","243249","3","5","1","10","16","1","","0","0","1","0","0"
"POINT (13.291054084000052 52.581247246000032)","Unfall 243250 (2024) Kat:3, Licht: 0","243250","3","6","2","10","15","3","","0","0","1","0","0"
"POINT (13.328368190000049 52.477317098000071)","Unfall 243251 (2024) Kat:2, Licht: 0","243251","2","7","2","10","13","3","","0","0","1","0","0"
"POINT (13.371434659000045 52.558652949000077)","Unfall 243252 (2024) Kat:3, Licht: 0","243252","3","2","5","10","17","3","","0","1","1","0","0"
"POINT (13.462808200000040 52.471042979000060)","Unfall 243253 (2024) Kat:3, Licht: 0","243253","3","6","3","10","17","3","","0","0","1","0","1"
"POINT (13.414496860000042 52.526836076000052)","Unfall 243254 (2024) Kat:3, Licht: 0","243254","3","4","0","10","15","3","","0","0","0","1","0"
"POINT (13.397799222000060 52.515390593000063)","Unfall 243255 (2024) Kat:3, Licht: 1","243255","3","2","5","11","07","3","","1","1","1","0","0"
"POINT (13.312205389000042 52.430369310000060)","Unfall 243256 (2024) Kat:2, Licht: 0","243256","2","2","5","10","15","3","","0","1","1","0","0"
"POINT (13.386564485000065 52.549461478000069)","Unfall 243257 (2024) Kat:3, Licht: 2","243257","3","2","0","10","20","3","","2","0","1","0","0"
"POINT (13.529475450000064 52.443502866000074)","Unfall 243258 (2024) Kat:3, Licht: 0","243258","3","3","5","10","14","3","","0","0","1","0","0"
"POINT (13.535611712000048 52.430443861000072)","Unfall 243259 (2024) Kat:3, Licht: 0","243259","3","3","5","10","13","3","","0","0","1","0","0"
"POINT (13.419481707000045 52.547671785000034)","Unfall 243260 (2024) Kat:3, Licht: 0","243260","3","5","1","10","12","3","","0","1","0","0","0"
"POINT (13.300433215000055 52.455456410000068)","Unfall 243261 (2024) Kat:3, Licht: 0","243261","3","5","1","10","12","3","","0","1","1","0","0"
"POINT (13.326772062000032 52.463075672000059)","Unfall 243262 (2024) Kat:3, Licht: 0","243262","3","3","5","10","08","3","","0","1","1","0","0"
"POINT (13.346288602000072 52.501238895000029)","Unfall 243263 (2024) Kat:3, Licht: 0","243263","3","2","5","10","07","3","","0","1","1","0","0"
"POINT (13.318648616000075 52.454119501000037)","Unfall 243264 (2024) Kat:3, Licht: 1","243264","3","6","2","10","07","3","","1","0","1","0","0"
"POINT (13.396990372000062 52.488809435000064)","Unfall 243265 (2024) Kat:3, Licht: 0","243265","3","4","6","10","12","3","","0","0","1","1","0"
"POINT (13.387246939000022 52.489966686000059)","Unfall 243266 (2024) Kat:3, Licht: 0","243266","3","3","5","10","10","3","","0","1","1","0","0"
"POINT (13.287151940000058 52.583122039000045)","Unfall 243267 (2024) Kat:3, Licht: 0","243267","3","6","2","10","10","3","","0","0","1","0","0"
"POINT (13.361069728000075 52.494434230000081)","Unfall 243268 (2024) Kat:2, Licht: 2","243268","2","3","5","11","19","7","","2","0","1","0","0"
"POINT (13.380545596000047 52.528372312000045)","Unfall 243269 (2024) Kat:3, Licht: 2","243269","3","3","5","10","22","3","","2","1","1","0","0"
"POINT (13.319543970000041 52.492094391000080)","Unfall 243270 (2024) Kat:3, Licht: 2","243270","3","2","6","10","21","3","","2","0","1","1","0"
"POINT (13.330291485000032 52.570003555000028)","Unfall 243271 (2024) Kat:2, Licht: 0","243271","2","3","5","10","17","3","","0","1","0","0","1"
"POINT (13.400594260000048 52.510036405000051)","Unfall 243272 (2024) Kat:3, Licht: 0","243272","3","7","5","10","17","3","","0","0","1","0","0"
"POINT (13.448297058000037 52.427387793000037)","Unfall 243273 (2024) Kat:3, Licht: 0","243273","3","3","5","10","15","3","","0","0","1","0","0"
"POINT (13.540824005000047 52.435648368000045)","Unfall 243274 (2024) Kat:3, Licht: 0","243274","3","6","2","10","10","3","","0","0","1","0","0"
"POINT (13.390056622000031 52.492582799000047)","Unfall 243275 (2024) Kat:3, Licht: 0","243275","3","6","3","10","09","3","","0","0","1","0","1"
"POINT (13.126426340000023 52.467919005000056)","Unfall 243276 (2024) Kat:3, Licht: 0","243276","3","4","2","10","08","3","","0","0","1","1","0"
"POINT (13.561613345000069 52.502862154000070)","Unfall 243277 (2024) Kat:3, Licht: 0","243277","3","6","3","10","07","3","","0","0","1","0","1"
"POINT (13.376682005000077 52.489414751000027)","Unfall 243278 (2024) Kat:3, Licht: 2","243278","3","2","5","10","06","3","","2","1","1","0","0"
"POINT (13.348256458000037 52.542391433000034)","Unfall 243279 (2024) Kat:2, Licht: 1","243279","2","7","0","10","16","2","","1","1","0","0","0"
"POINT (13.562285914000029 52.446055570000055)","Unfall 243280 (2024) Kat:3, Licht: 0","243280","3","6","2","10","09","2","","0","0","1","0","0"
"POINT (13.324622638000051 52.455826929000068)","Unfall 243281 (2024) Kat:3, Licht: 0","243281","3","7","5","11","15","5","","0","1","1","0","0"
"POINT (13.194384166000077 52.436531542000068)","Unfall 243282 (2024) Kat:2, Licht: 2","243282","2","7","7","10","06","2","","2","1","0","0","0"
"POINT (13.319522988000074 52.623359269000048)","Unfall 243283 (2024) Kat:3, Licht: 1","243283","3","7","5","10","07","2","","1","0","1","0","1"
"POINT (13.291026505000048 52.595862978000071)","Unfall 243284 (2024) Kat:3, Licht: 0","243284","3","6","3","10","19","2","","0","0","1","0","1"
"POINT (13.391818994000062 52.543555345000073)","Unfall 243285 (2024) Kat:3, Licht: 0","243285","3","5","1","10","12","2","","0","0","1","0","0"
"POINT (13.351487994000024 52.527605321000067)","Unfall 243286 (2024) Kat:3, Licht: 0","243286","3","4","6","10","15","2","","0","0","1","1","0"
"POINT (13.351307415000065 52.562074500000051)","Unfall 243287 (2024) Kat:2, Licht: 0","243287","2","5","1","10","15","2","","0","0","1","0","1"
"POINT (13.383993836000059 52.529815167000038)","Unfall 243288 (2024) Kat:3, Licht: 0","243288","3","6","2","10","15","2","","0","1","0","0","0"
"POINT (13.429010612000070 52.538414523000029)","Unfall 243289 (2024) Kat:3, Licht: 0","243289","3","3","5","11","13","1","","0","1","0","0","0"
"POINT (13.418085786000063 52.515448117000062)","Unfall 243290 (2024) Kat:3, Licht: 0","243290","3","3","5","10","13","2","","0","1","1","0","0"
"POINT (13.454136991000041 52.489072875000033)","Unfall 243291 (2024) Kat:3, Licht: 2","243291","3","2","2","11","01","7","","2","1","1","0","0"
"POINT (13.334865861000026 52.547510049000039)","Unfall 243292 (2024) Kat:3, Licht: 2","243292","3","5","1","10","21","2","","2","1","1","0","0"
"POINT (13.429171981000025 52.481957086000079)","Unfall 243293 (2024) Kat:2, Licht: 0","243293","2","6","2","10","10","2","","0","0","0","0","0"
"POINT (13.536745114000041 52.412963165000065)","Unfall 243294 (2024) Kat:2, Licht: 2","243294","2","3","5","10","20","2","","2","0","1","0","0"
"POINT (13.198832898000035 52.554044079000050)","Unfall 243295 (2024) Kat:3, Licht: 0","243295","3","2","5","10","10","2","","0","0","1","0","0"
"POINT (13.419046050000077 52.517262195000058)","Unfall 243296 (2024) Kat:3, Licht: 0","243296","3","3","5","10","09","2","","0","0","1","0","0"
"POINT (13.363984722000055 52.435664846000066)","Unfall 243297 (2024) Kat:3, Licht: 2","243297","3","1","1","10","00","2","","2","0","1","0","0"
"POINT (13.576336722000065 52.446019182000043)","Unfall 243298 (2024) Kat:3, Licht: 0","243298","3","5","1","10","17","2","","0","1","1","0","0"
"POINT (13.305510092000077 52.488133049000055)","Unfall 243299 (2024) Kat:3, Licht: 0","243299","3","2","5","10","16","2","","0","1","1","0","0"
"POINT (13.418011107000041 52.515167967000082)","Unfall 243300 (2024) Kat:3, Licht: 0","243300","3","6","2","10","16","2","","0","1","1","0","0"
"POINT (13.430025826000076 52.551149344000066)","Unfall 243301 (2024) Kat:3, Licht: 0","243301","3","7","5","10","16","2","","0","1","0","0","0"
"POINT (13.388864260000048 52.516824153000073)","Unfall 243302 (2024) Kat:3, Licht: 0","243302","3","2","5","10","09","4","","0","1","0","0","0"
"POINT (13.538727786000038 52.524770975000081)","Unfall 243303 (2024) Kat:3, Licht: 0","243303","3","6","2","10","14","2","","0","0","1","0","1"
"POINT (13.580545572000062 52.443057382000063)","Unfall 243304 (2024) Kat:3, Licht: 0","243304","3","3","5","10","12","2","","0","1","1","0","0"
"POINT (13.184399802000030 52.549545661000082)","Unfall 243305 (2024) Kat:3, Licht: 0","243305","3","5","0","10","11","2","","0","0","1","0","1"
"POINT (13.528195076000031 52.405885221000062)","Unfall 243306 (2024) Kat:2, Licht: 0","243306","2","3","5","10","09","2","","0","1","1","0","0"
"POINT (13.347238121000032 52.578566738000063)","Unfall 243307 (2024) Kat:1, Licht: 2","243307","1","3","5","11","21","5","","2","0","1","0","0"
"POINT (13.329782863000048 52.428996017000031)","Unfall 243308 (2024) Kat:3, Licht: 0","243308","3","2","5","10","07","2","","0","1","1","0","0"
"POINT (13.322918211000058 52.474386657000082)","Unfall 243309 (2024) Kat:2, Licht: 0","243309","2","2","2","10","07","2","","0","0","1","0","1"
"POINT (13.423774668000021 52.488504503000058)","Unfall 243310 (2024) Kat:3, Licht: 2","243310","3","6","2","10","19","2","","2","0","1","0","1"
"POINT (13.500129183000070 52.515550110000049)","Unfall 243311 (2024) Kat:3, Licht: 2","243311","3","2","6","10","19","2","","2","0","1","1","0"
"POINT (13.452321024000071 52.539144655000030)","Unfall 243312 (2024) Kat:3, Licht: 2","243312","3","1","0","10","19","2","","2","0","0","0","1"
"POINT (13.416961988000025 52.535340408000081)","Unfall 243313 (2024) Kat:3, Licht: 0","243313","3","1","0","10","15","2","","0","1","0","0","0"
"POINT (13.415239392000046 52.507432539000035)","Unfall 243314 (2024) Kat:3, Licht: 0","243314","3","5","0","11","14","6","","0","0","1","0","0"
"POINT (13.421491473000060 52.562564528000053)","Unfall 243315 (2024) Kat:3, Licht: 0","243315","3","3","5","10","15","2","","0","0","1","0","0"
"POINT (13.382622677000029 52.455866447000062)","Unfall 243316 (2024) Kat:3, Licht: 0","243316","3","6","2","10","11","2","","0","0","1","0","0"
"POINT (13.267275730000051 52.531321642000080)","Unfall 243317 (2024) Kat:2, Licht: 2","243317","2","1","0","10","05","2","","2","0","0","0","1"
"POINT (13.480308099000069 52.521106398000029)","Unfall 243318 (2024) Kat:2, Licht: 2","243318","2","1","8","10","00","2","","2","0","1","0","0"
"POINT (13.341294968000057 52.442551247000040)","Unfall 243319 (2024) Kat:3, Licht: 0","243319","3","6","2","10","09","2","","0","0","1","0","0"
"POINT (13.375079273000040 52.517768036000064)","Unfall 243320 (2024) Kat:3, Licht: 2","243320","3","1","0","10","23","1","","2","0","1","0","0"
"POINT (13.394074527000043 52.490299291000042)","Unfall 243321 (2024) Kat:3, Licht: 2","243321","3","2","5","11","17","6","","2","1","1","0","0"
"POINT (13.388718042000050 52.518041294000056)","Unfall 243322 (2024) Kat:3, Licht: 0","243322","3","3","5","10","17","1","","0","1","1","0","0"
"POINT (13.521996052000077 52.535885110000038)","Unfall 243323 (2024) Kat:3, Licht: 0","243323","3","1","2","10","12","1","","0","0","1","0","0"
"POINT (13.374189889000036 52.468608105000044)","Unfall 243324 (2024) Kat:3, Licht: 2","243324","3","2","5","10","00","1","","2","0","1","0","0"
"POINT (13.533292677000077 52.525494273000049)","Unfall 243325 (2024) Kat:3, Licht: 2","243325","3","6","2","10","19","1","","2","0","1","0","0"
"POINT (13.417591035000044 52.524561374000029)","Unfall 243326 (2024) Kat:3, Licht: 2","243326","3","5","1","10","19","1","","2","0","1","0","0"
"POINT (13.523488601000054 52.478957887000035)","Unfall 243327 (2024) Kat:3, Licht: 0","243327","3","6","2","10","10","6","","0","0","1","0","0"
"POINT (13.291736100000037 52.497347876000049)","Unfall 243328 (2024) Kat:3, Licht: 2","243328","3","6","2","10","19","1","","2","0","1","0","0"
"POINT (13.466190869000059 52.500225803000035)","Unfall 243329 (2024) Kat:3, Licht: 1","243329","3","3","5","11","07","2","","1","0","1","0","0"
"POINT (13.434828113000037 52.482783995000034)","Unfall 243330 (2024) Kat:3, Licht: 2","243330","3","6","2","10","18","1","","2","0","1","0","0"
"POINT (13.587901174000024 52.425827194000078)","Unfall 243331 (2024) Kat:3, Licht: 0","243331","3","3","5","10","17","1","","0","0","1","0","0"
"POINT (13.441597186000024 52.554785506000030)","Unfall 243332 (2024) Kat:2, Licht: 0","243332","2","3","5","10","16","1","","0","0","1","0","0"
"POINT (13.355819987000075 52.543191600000057)","Unfall 243333 (2024) Kat:3, Licht: 0","243333","3","6","4","10","15","1","","0","1","0","0","0"
"POINT (13.273453301000075 52.499967297000069)","Unfall 243334 (2024) Kat:3, Licht: 0","243334","3","3","5","10","15","1","","0","0","1","0","0"
"POINT (13.176920296000048 52.539482940000028)","Unfall 243335 (2024) Kat:3, Licht: 0","243335","3","3","5","10","10","1","","0","0","1","0","0"
"POINT (13.306880884000066 52.499964170000055)","Unfall 243336 (2024) Kat:3, Licht: 0","243336","3","2","5","10","10","1","","0","0","1","0","0"
"POINT (13.534884082000076 52.409942530000080)","Unfall 243337 (2024) Kat:2, Licht: 2","243337","2","5","1","10","02","1","","2","0","1","0","0"
"POINT (13.311928147000060 52.567941610000048)","Unfall 243338 (2024) Kat:3, Licht: 0","243338","3","1","0","10","16","7","","0","0","0","0","1"
"POINT (13.549771262000036 52.456566637000037)","Unfall 243339 (2024) Kat:3, Licht: 0","243339","3","6","2","10","10","7","","0","0","1","0","0"
"POINT (13.458946150000031 52.475882177000074)","Unfall 243340 (2024) Kat:3, Licht: 0","243340","3","4","6","10","15","7","","0","0","1","1","0"
"POINT (13.323884937000059 52.495323556000073)","Unfall 243341 (2024) Kat:3, Licht: 2","243341","3","2","6","10","22","7","","2","0","1","1","0"
"POINT (13.335723535000056 52.513457299000038)","Unfall 243342 (2024) Kat:3, Licht: 2","243342","3","3","5","10","21","7","","2","0","1","0","0"
"POINT (13.446676356000069 52.502723601000071)","Unfall 243343 (2024) Kat:3, Licht: 0","243343","3","2","5","10","16","7","","0","0","1","0","0"
"POINT (13.299619233000044 52.447637949000068)","Unfall 243344 (2024) Kat:3, Licht: 0","243344","3","3","5","10","14","4","","0","0","1","0","0"
"POINT (13.437251715000059 52.480128248000028)","Unfall 243345 (2024) Kat:3, Licht: 0","243345","3","7","5","10","15","7","","0","0","1","0","0"
"POINT (13.229782822000061 52.430760476000046)","Unfall 243346 (2024) Kat:3, Licht: 0","243346","3","2","5","10","12","7","","0","1","1","0","0"
"POINT (13.434927759000061 52.481211479000081)","Unfall 243347 (2024) Kat:2, Licht: 0","243347","2","4","6","10","10","6","","0","0","1","1","0"
"POINT (13.457471677000058 52.512879177000059)","Unfall 243348 (2024) Kat:2, Licht: 0","243348","2","5","1","10","11","7","","0","1","0","0","0"
"POINT (13.477604455000062 52.446620085000063)","Unfall 243349 (2024) Kat:3, Licht: 0","243349","3","3","5","10","14","7","","0","1","1","0","0"
"POINT (13.371199063000063 52.558834120000029)","Unfall 243350 (2024) Kat:3, Licht: 2","243350","3","3","5","10","22","7","","2","0","1","0","0"
"POINT (13.341692607000027 52.415860158000044)","Unfall 243351 (2024) Kat:3, Licht: 2","243351","3","3","5","10","21","7","","2","0","1","0","0"
"POINT (13.509372450000058 52.422926931000063)","Unfall 243352 (2024) Kat:3, Licht: 2","243352","3","2","5","10","21","7","","2","0","1","0","1"
"POINT (13.410299468000062 52.529848340000058)","Unfall 243353 (2024) Kat:2, Licht: 1","243353","2","2","5","10","19","7","","1","0","1","0","1"
"POINT (13.401912585000048 52.528930933000026)","Unfall 243354 (2024) Kat:3, Licht: 1","243354","3","3","5","10","18","7","","1","0","1","0","0"
"POINT (13.351450990000046 52.504997603000049)","Unfall 243355 (2024) Kat:3, Licht: 0","243355","3","3","5","10","15","7","","0","1","1","0","0"
"POINT (13.257947025000021 52.434901160000038)","Unfall 243356 (2024) Kat:3, Licht: 0","243356","3","6","2","10","15","7","","0","0","1","0","1"
"POINT (13.442266287000052 52.501011316000074)","Unfall 243357 (2024) Kat:3, Licht: 0","243357","3","2","5","10","15","7","","0","1","1","0","0"
"POINT (13.314064600000052 52.490446381000027)","Unfall 243358 (2024) Kat:3, Licht: 0","243358","3","3","5","10","13","7","","0","0","1","0","0"
"POINT (13.313798427000052 52.493596087000071)","Unfall 243359 (2024) Kat:3, Licht: 0","243359","3","4","6","10","14","7","","0","0","0","1","0"
"POINT (13.370051884000077 52.614798934000078)","Unfall 243360 (2024) Kat:3, Licht: 0","243360","3","3","5","10","13","7","","0","0","1","0","0"
"POINT (13.458509383000035 52.527369854000028)","Unfall 243361 (2024) Kat:3, Licht: 0","243361","3","3","5","10","12","7","","0","0","1","0","0"
"POINT (13.260217950000026 52.412353129000053)","Unfall 243362 (2024) Kat:3, Licht: 0","243362","3","3","5","10","12","7","","0","0","1","0","0"
"POINT (13.333428501000071 52.449229670000079)","Unfall 243363 (2024) Kat:3, Licht: 0","243363","3","5","1","10","11","7","","0","1","1","0","0"