WKT,Name,OBJECTID,UKATEGORIE,UTYP1,UART,UMONAT,USTUNDE,UWOCHENTAG,STRZUSTAND,ULICHTVERH,ISTRAD,ISTPKW,ISTFUSS,ISTKRAD
"POINT (13.613230694000038 52.477859925000075)","Unfall 243364 (2024) Kat:3, Licht: 0","243364","3","3","5","10","09","7","","0","1","1","0","0"
"POINT (13.493299050000076 52.514478674000031)","Unfall 243365 (2024) Kat:3, Licht: 0","243365","3","3","5","11","14","7","","0","0","1","0","0"
"POINT (13.376714884000023 52.489522212000054)","Unfall 243366 (2024) Kat:3, Licht: 1","243366","3","2","6","10","06","7","","1","0","1","1","0"
"POINT (13.315788886000064 52.481765418000066)","Unfall 243367 (2024) Kat:3, Licht: 1","243367","3","3","5","11","07","5","","1","0","1","0","0"
"POINT (13.407693820000077 52.504081838000047)","Unfall 243368 (2024) Kat:3, Licht: 1","243368","3","4","6","10","06","7","","1","0","1","1","0"
"POINT (13.432544212000039 52.557604028000071)","Unfall 243369 (2024) Kat:3, Licht: 0","243369","3","7","5","10","14","6","","0","0","1","0","0"
"POINT (13.470786628000042 52.554961659000071)","Unfall 243370 (2024) Kat:3, Licht: 2","243370","3","5","1","10","22","6","","2","1","1","0","0"
"POINT (13.360870862000070 52.547391927000035)","Unfall 243371 (2024) Kat:2, Licht: 2","243371","2","4","6","10","23","6","","2","0","1","1","0"
"POINT (13.460285056000032 52.508920645000046)","Unfall 243372 (2024) Kat:3, Licht: 2","243372","3","5","1","10","20","6","","2","1","1","0","0"
"POINT (13.516437054000050 52.526116760000036)","Unfall 243373 (2024) Kat:3, Licht: 0","243373","3","3","0","10","15","6","","0","0","1","0","1"
"POINT (13.347061739000026 52.553335679000043)","Unfall 243374 (2024) Kat:3, Licht: 0","243374","3","4","6","10","14","6","","0","0","1","1","0"
"POINT (13.452896168000052 52.512401604000047)","Unfall 243375 (2024) Kat:3, Licht: 0","243375","3","2","6","10","14","6","","0","0","1","1","0"
"POINT (13.394387594000023 52.507009715000038)","Unfall 243376 (2024) Kat:3, Licht: 0","243376","3","3","5","10","13","6","","0","1","0","0","0"
"POINT (13.224252760000070 52.510757737000063)","Unfall 243377 (2024) Kat:3, Licht: 0","243377","3","2","4","10","09","6","","0","0","1","0","0"
"POINT (13.398410882000064 52.486368592000076)","Unfall 243378 (2024) Kat:3, Licht: 0","243378","3","3","5","10","08","6","","0","0","1","0","1"
"POINT (13.442113129000063 52.546657850000031)","Unfall 243379 (2024) Kat:3, Licht: 0","243379","3","2","5","10","17","6","","0","1","1","0","0"
"POINT (13.344286872000055 52.485576850000029)","Unfall 243380 (2024) Kat:3, Licht: 2","243380","3","6","0","10","20","6","","2","0","1","0","1"
"POINT (13.322836685000027 52.474420353000028)","Unfall 243381 (2024) Kat:3, Licht: 2","243381","3","3","5","11","22","6","","2","0","1","0","1"
"POINT (13.299854613000036 52.505149606000032)","Unfall 243382 (2024) Kat:3, Licht: 2","243382","3","2","5","10","20","6","","2","1","1","0","0"
"POINT (13.628156734000072 52.446696531000043)","Unfall 243383 (2024) Kat:3, Licht: 0","243383","3","3","5","10","15","6","","0","1","0","0","0"
"POINT (13.578743163000070 52.415730017000044)","Unfall 243384 (2024) Kat:3, Licht: 0","243384","3","4","0","10","18","5","","0","0","0","1","1"
"POINT (13.411973747000047 52.382689004000042)","Unfall 243385 (2024) Kat:3, Licht: 0","243385","3","7","5","10","13","6","","0","0","1","0","0"
"POINT (13.523257538000053 52.497505597000043)","Unfall 243386 (2024) Kat:3, Licht: 0","243386","3","3","5","10","13","6","","0","1","1","0","0"
"POINT (13.505494644000066 52.636878785000079)","Unfall 243387 (2024) Kat:3, Licht: 0","243387","3","3","5","10","13","6","","0","1","1","0","0"
"POINT (13.440096931000028 52.481657381000048)","Unfall 243388 (2024) Kat:3, Licht: 0","243388","3","2","5","10","10","6","","0","0","0","0","1"
"POINT (13.539078574000030 52.417146730000070)","Unfall 243389 (2024) Kat:3, Licht: 0","243389","3","1","8","10","09","6","","0","0","1","0","0"
"POINT (13.444351571000027 52.485310817000027)","Unfall 243390 (2024) Kat:3, Licht: 0","243390","3","6","0","10","15","5","","0","0","1","0","1"
"POINT (13.416469286000051 52.490855796000062)","Unfall 243391 (2024) Kat:3, Licht: 2","243391","3","1","9","11","06","2","","2","0","1","0","0"
"POINT (13.424105794000070 52.486232729000051)","Unfall 243392 (2024) Kat:3, Licht: 2","243392","3","2","5","10","22","5","","2","1","0","0","0"
"POINT (13.513304747000063 52.427981564000049)","Unfall 243393 (2024) Kat:3, Licht: 2","243393","3","6","2","10","22","5","","2","0","1","0","0"
"POINT (13.418520921000038 52.510466125000050)","Unfall 243394 (2024) Kat:3, Licht: 2","243394","3","7","5","10","19","2","","2","0","1","0","1"
"POINT (13.499748615000044 52.525907284000027)","Unfall 243395 (2024) Kat:3, Licht: 2","243395","3","4","6","10","21","5","","2","0","1","1","0"
"POINT (13.288111512000057 52.502967445000081)","Unfall 243396 (2024) Kat:3, Licht: 0","243396","3","6","4","10","16","5","","0","1","1","0","0"
"POINT (13.343498052000029 52.439308351000079)","Unfall 243397 (2024) Kat:3, Licht: 1","243397","3","6","3","10","18","5","","1","0","1","0","1"
"POINT (13.182442114000025 52.538422379000053)","Unfall 243398 (2024) Kat:3, Licht: 0","243398","3","2","5","10","18","5","","0","0","1","0","1"
"POINT (13.573721908000039 52.565186580000045)","Unfall 243399 (2024) Kat:3, Licht: 0","243399","3","4","6","10","18","5","","0","0","1","1","0"
"POINT (13.379212445000064 52.475696441000082)","Unfall 243400 (2024) Kat:3, Licht: 0","243400","3","6","3","10","17","5","","0","1","1","0","0"
"POINT (13.374700688000075 52.537354329000038)","Unfall 243401 (2024) Kat:2, Licht: 2","243401","2","5","1","10","00","5","","2","0","1","0","0"
"POINT (13.423711809000054 52.486505091000026)","Unfall 243402 (2024) Kat:3, Licht: 0","243402","3","7","6","10","16","5","","0","0","1","1","0"
"POINT (13.477741398000035 52.439618858000074)","Unfall 243403 (2024) Kat:3, Licht: 0","243403","3","3","5","10","16","5","","0","0","1","0","0"
"POINT (13.519080775000077 52.528771855000059)","Unfall 243404 (2024) Kat:2, Licht: 0","243404","2","3","5","10","13","5","","0","0","1","0","0"
"POINT (13.365038556000059 52.424065301000041)","Unfall 243405 (2024) Kat:3, Licht: 0","243405","3","3","5","10","17","5","","0","1","1","0","0"
"POINT (13.539671081000051 52.434924116000047)","Unfall 243406 (2024) Kat:2, Licht: 0","243406","2","7","6","10","15","5","","0","0","1","1","0"
"POINT (13.449781731000030 52.471382028000050)","Unfall 243407 (2024) Kat:3, Licht: 0","243407","3","3","5","10","11","5","","0","1","1","0","0"
"POINT (13.310649254000054 52.568171801000062)","Unfall 243408 (2024) Kat:3, Licht: 0","243408","3","3","5","10","10","5","","0","1","1","0","0"
"POINT (13.328215748000048 52.473395663000076)","Unfall 243409 (2024) Kat:3, Licht: 0","243409","3","2","6","10","17","5","","0","0","1","1","0"
"POINT (13.596381076000057 52.544108896000068)","Unfall 243410 (2024) Kat:3, Licht: 1","243410","3","2","2","10","17","5","","1","0","1","0","0"
"POINT (13.357864548000066 52.542410384000050)","Unfall 243411 (2024) Kat:3, Licht: 0","243411","3","1","0","10","08","5","","0","0","0","0","0"
"POINT (13.388535173000037 52.447925350000048)","Unfall 243412 (2024) Kat:3, Licht: 0","243412","3","3","5","11","10","3","","0","1","1","0","0"
"POINT (13.427588218000039 52.545592947000046)","Unfall 243413 (2024) Kat:3, Licht: 0","243413","3","2","6","10","11","5","","0","0","1","1","0"
"POINT (13.600899180000056 52.479004924000037)","Unfall 243414 (2024) Kat:3, Licht: 0","243414","3","2","5","10","12","4","","0","0","1","0","0"
"POINT (13.591595286000029 52.432339242000069)","Unfall 243415 (2024) Kat:3, Licht: 0","243415","3","3","5","10","09","4","","0","0","1","0","0"
"POINT (13.382116421000035 52.513906711000061)","Unfall 243416 (2024) Kat:3, Licht: 0","243416","3","2","5","11","15","1","","0","1","1","0","0"
"POINT (13.466568902000063 52.469120534000069)","Unfall 243417 (2024) Kat:3, Licht: 1","243417","3","1","0","10","05","4","","1","1","0","0","0"
"POINT (13.453701419000026 52.474899109000035)","Unfall 243418 (2024) Kat:3, Licht: 0","243418","3","6","2","10","15","4","","0","1","1","0","0"
"POINT (13.519073156000047 52.513467780000042)","Unfall 243419 (2024) Kat:3, Licht: 2","243419","3","7","5","10","22","4","","2","0","1","0","0"
"POINT (13.419914215000063 52.572894994000080)","Unfall 243420 (2024) Kat:3, Licht: 2","243420","3","7","5","10","19","4","","2","0","1","0","0"
"POINT (13.589188645000036 52.517586608000045)","Unfall 243421 (2024) Kat:3, Licht: 1","243421","3","2","5","10","18","4","","1","0","1","0","0"
"POINT (13.329599046000055 52.523795486000040)","Unfall 243422 (2024) Kat:3, Licht: 0","243422","3","2","5","10","16","4","","0","1","1","0","0"
"POINT (13.297116377000066 52.526715891000038)","Unfall 243423 (2024) Kat:3, Licht: 0","243423","3","6","2","11","12","5","","0","0","1","0","0"
"POINT (13.319257344000050 52.462780061000046)","Unfall 243424 (2024) Kat:3, Licht: 0","243424","3","6","2","10","15","4","","0","0","1","0","0"
"POINT (13.385170240000036 52.502316945000075)","Unfall 243425 (2024) Kat:3, Licht: 2","243425","3","2","5","11","19","4","","2","1","1","0","0"
"POINT (13.218535649000046 52.428416111000047)","Unfall 243426 (2024) Kat:3, Licht: 0","243426","3","7","6","10","15","4","","0","0","1","1","0"
"POINT (13.385456947000023 52.550240708000047)","Unfall 243427 (2024) Kat:3, Licht: 0","243427","3","4","6","10","15","4","","0","0","1","1","0"
"POINT (13.434912084000075 52.509263713000053)","Unfall 243428 (2024) Kat:3, Licht: 0","243428","3","4","6","10","15","4","","0","0","1","1","0"
"POINT (13.405712388000040 52.514083357000061)","Unfall 243429 (2024) Kat:3, Licht: 0","243429","3","2","5","10","14","4","","0","0","1","0","1"
"POINT (13.430524606000063 52.468430967000074)","Unfall 243430 (2024) Kat:3, Licht: 1","243430","3","2","5","10","07","4","","1","0","1","0","0"
"POINT (13.430869829000073 52.468474187000027)","Unfall 243431 (2024) Kat:3, Licht: 2","243431","3","2","6","10","07","4","","2","0","1","1","0"
"POINT (13.436765023000078 52.423545209000054)","Unfall 243432 (2024) Kat:3, Licht: 2","243432","3","2","6","10","05","4","","2","0","1","1","0"
"POINT (13.189891205000038 52.546623092000061)","Unfall 243433 (2024) Kat:3, Licht: 0","243433","3","6","2","10","13","4","","0","0","1","0","0"
"POINT (13.473372373000075 52.423674046000031)","Unfall 243434 (2024) Kat:3, Licht: 2","243434","3","1","0","10","20","4","","2","0","0","0","1"
"POINT (13.436056226000062 52.424220652000031)","Unfall 243435 (2024) Kat:3, Licht: 0","243435","3","6","2","10","17","4","","0","0","1","0","0"
"POINT (13.426653863000070 52.603712743000074)","Unfall 243436 (2024) Kat:2, Licht: 0","243436","2","1","0","10","17","4","","0","0","0","0","1"
"POINT (13.330479266000054 52.571104805000061)","Unfall 243437 (2024) Kat:3, Licht: 0","243437","3","7","0","10","17","4","","0","0","0","0","1"
"POINT (13.439370987000075 52.523840157000052)","Unfall 243438 (2024) Kat:3, Licht: 0","243438","3","6","2","10","14","4","","0","0","1","0","0"
"POINT (13.524796159000061 52.478886045000081)","Unfall 243439 (2024) Kat:3, Licht: 2","243439","3","5","1","10","22","3","","2","0","0","0","1"
"POINT (13.479636258000028 52.470832704000031)","Unfall 243440 (2024) Kat:3, Licht: 0","243440","3","3","5","10","11","7","","0","1","0","0","0"
"POINT (13.378018915000041 52.556532523000044)","Unfall 243441 (2024) Kat:3, Licht: 0","243441","3","6","2","10","09","4","","0","0","1","0","0"
"POINT (13.380910019000055 52.516369670000074)","Unfall 243442 (2024) Kat:3, Licht: 1","243442","3","2","5","10","07","4","","1","0","1","0","0"
"POINT (13.362058819000026 52.497956972000054)","Unfall 243443 (2024) Kat:3, Licht: 2","243443","3","3","5","10","06","4","","2","1","1","0","0"
"POINT (13.230659962000061 52.546406066000031)","Unfall 243444 (2024) Kat:3, Licht: 0","243444","3","7","6","11","15","2","","0","0","0","1","0"
"POINT (13.409299680000061 52.521176728000057)","Unfall 243445 (2024) Kat:3, Licht: 0","243445","3","7","6","10","09","4","","0","1","0","1","0"
"POINT (13.310885437000024 52.472345730000029)","Unfall 243446 (2024) Kat:3, Licht: 2","243446","3","3","5","10","23","4","","2","0","1","0","0"
"POINT (13.446322097000063 52.549997988000030)","Unfall 243447 (2024) Kat:3, Licht: 0","243447","3","1","0","10","11","7","","0","0","0","0","1"
"POINT (13.349889605000044 52.503033050000056)","Unfall 243448 (2024) Kat:3, Licht: 2","243448","3","1","0","10","19","4","","2","0","0","0","1"
"POINT (13.502763782000045 52.470208400000047)","Unfall 243449 (2024) Kat:3, Licht: 1","243449","3","2","5","10","18","4","","1","0","1","0","0"
"POINT (13.415538394000066 52.563230800000042)","Unfall 243450 (2024) Kat:3, Licht: 1","243450","3","7","5","10","18","4","","1","0","1","0","1"
"POINT (13.400245930000040 52.580381670000065)","Unfall 243451 (2024) Kat:2, Licht: 2","243451","2","1","0","10","18","4","","2","0","0","0","1"
"POINT (13.461771524000028 52.512021995000055)","Unfall 243452 (2024) Kat:3, Licht: 0","243452","3","1","4","10","17","4","","0","0","1","0","0"
"POINT (13.415228505000073 52.527395964000050)","Unfall 243453 (2024) Kat:3, Licht: 0","243453","3","5","1","10","15","4","","0","0","1","0","0"
"POINT (13.605177820000051 52.535921898000026)","Unfall 243454 (2024) Kat:2, Licht: 2","243454","2","4","0","11","18","5","","2","0","0","1","0"
"POINT (13.394044068000028 52.547643804000074)","Unfall 243455 (2024) Kat:3, Licht: 2","243455","3","5","1","10","04","4","","2","1","1","0","0"
"POINT (13.554760035000072 52.432453073000033)","Unfall 243456 (2024) Kat:3, Licht: 0","243456","3","6","2","10","16","4","","0","0","1","0","0"
"POINT (13.307987828000023 52.471512321000034)","Unfall 243457 (2024) Kat:3, Licht: 0","243457","3","3","5","10","16","4","","0","1","1","0","0"
"POINT (13.199124104000077 52.533701691000033)","Unfall 243458 (2024) Kat:3, Licht: 0","243458","3","6","3","10","13","4","","0","0","1","0","1"
"POINT (13.508004341000060 52.442104032000032)","Unfall 243459 (2024) Kat:3, Licht: 2","243459","3","1","9","10","00","7","","2","0","0","0","1"
"POINT (13.346261546000051 52.501064851000081)","Unfall 243460 (2024) Kat:3, Licht: 0","243460","3","2","3","10","11","4","","0","0","1","0","1"
"POINT (13.431370216000062 52.553744346000030)","Unfall 243461 (2024) Kat:3, Licht: 0","243461","3","3","5","10","09","4","","0","1","0","0","0"
"POINT (13.585696830000074 52.456231244000037)","Unfall 243462 (2024) Kat:3, Licht: 0","243462","3","3","5","10","08","4","","0","1","0","0","0"
"POINT (13.327961087000062 52.609037698000066)","Unfall 243463 (2024) Kat:3, Licht: 2","243463","3","3","5","11","16","1","","2","1","1","0","0"
"POINT (13.378422517000047 52.574919121000050)","Unfall 243464 (2024) Kat:3, Licht: 0","243464","3","3","5","10","08","4","","0","1","1","0","0"
"POINT (13.315535573000034 52.577638811000043)","Unfall 243465 (2024) Kat:3, Licht: 0","243465","3","6","2","10","07","4","","0","0","1","0","0"
"POINT (13.291661537000039 52.580506921000051)","Unfall 243466 (2024) Kat:3, Licht: 0","243466","3","4","0","10","16","3","","0","0","0","1","0"
"POINT (13.419320107000033 52.498829630000046)","Unfall 243467 (2024) Kat:2, Licht: 0","243467","2","3","5","11","07","4","","0","1","0","0","1"
"POINT (13.309703197000033 52.464579942000057)","Unfall 243468 (2024) Kat:3, Licht: 0","243468","3","7","0","10","18","3","","0","0","0","0","0"
"POINT (13.472585863000063 52.461114644000077)","Unfall 243469 (2024) Kat:3, Licht: 2","243469","3","3","5","10","18","3","","2","1","1","0","0"
"POINT (13.270150398000055 52.442652403000068)","Unfall 243470 (2024) Kat:3, Licht: 0","243470","3","5","1","10","15","3","","0","1","1","0","0"
"POINT (13.186403713000061 52.547144795000065)","Unfall 243471 (2024) Kat:2, Licht: 0","243471","2","6","2","10","15","3","","0","0","1","0","0"
"POINT (13.341382235000026 52.526411261000078)","Unfall 243472 (2024) Kat:3, Licht: 0","243472","3","4","6","10","12","3","","0","1","0","1","0"
"POINT (13.384023422000041 52.495046597000055)","Unfall 243473 (2024) Kat:3, Licht: 2","243473","3","7","6","10","20","5","","2","0","1","1","0"
"POINT (13.352234969000051 52.506146148000028)","Unfall 243474 (2024) Kat:3, Licht: 0","243474","3","1","0","10","12","3","","0","0","0","0","1"
"POINT (13.420072291000054 52.502228134000063)","Unfall 243475 (2024) Kat:3, Licht: 0","243475","3","3","0","10","11","3","","0","0","0","0","1"
"POINT (13.365469557000040 52.525429567000060)","Unfall 243476 (2024) Kat:3, Licht: 0","243476","3","2","6","10","07","3","","0","0","0","1","0"
"POINT (13.395004164000056 52.496342135000077)","Unfall 243477 (2024) Kat:3, Licht: 0","243477","3","2","5","10","06","3","","0","1","1","0","0"
"POINT (13.457918999000071 52.472793710000076)","Unfall 243478 (2024) Kat:3, Licht: 0","243478","3","6","2","10","11","3","","0","0","1","0","0"
"POINT (13.485723732000054 52.615979132000064)","Unfall 243479 (2024) Kat:3, Licht: 0","243479","3","3","5","10","15","3","","0","1","1","0","0"
"POINT (13.501422743000035 52.413569346000031)","Unfall 243480 (2024) Kat:3, Licht: 0","243480","3","3","0","10","07","3","","0","0","1","0","1"
"POINT (13.328998349000074 52.471434067000075)","Unfall 243481 (2024) Kat:3, Licht: 0","243481","3","2","5","11","14","1","","0","0","1","0","0"
"POINT (13.393417993000071 52.388590771000054)","Unfall 243482 (2024) Kat:3, Licht: 2","243482","3","3","5","11","18","2","","2","0","1","0","0"
"POINT (13.424678139000036 52.480597114000034)","Unfall 243483 (2024) Kat:3, Licht: 2","243483","3","1","0","10","19","3","","2","0","0","0","1"
"POINT (13.424553161000063 52.473024202000033)","Unfall 243484 (2024) Kat:3, Licht: 2","243484","3","2","6","10","19","3","","2","0","1","1","0"
"POINT (13.313253633000045 52.500573620000068)","Unfall 243485 (2024) Kat:2, Licht: 1","243485","2","2","5","10","18","3","","1","1","1","0","0"
"POINT (13.357157025000049 52.424669749000032)","Unfall 243486 (2024) Kat:3, Licht: 0","243486","3","6","2","11","07","6","","0","0","1","0","0"
"POINT (13.427211831000022 52.475163572000042)","Unfall 243487 (2024) Kat:3, Licht: 0","243487","3","5","1","10","18","3","","0","1","1","0","0"
"POINT (13.344220593000045 52.546175318000053)","Unfall 243488 (2024) Kat:3, Licht: 0","243488","3","2","5","10","16","3","","0","0","1","0","0"
"POINT (13.331064096000034 52.487924934000034)","Unfall 243489 (2024) Kat:3, Licht: 0","243489","3","6","3","10","14","3","","0","0","1","0","0"
"POINT (13.435974093000027 52.449061901000050)","Unfall 243490 (2024) Kat:3, Licht: 2","243490","3","6","2","10","19","6","","2","0","1","0","0"
"POINT (13.284530922000044 52.518588444000045)","Unfall 243491 (2024) Kat:3, Licht: 0","243491","3","5","1","10","13","3","","0","1","1","0","0"
"POINT (13.244970950000038 52.544233280000071)","Unfall 243492 (2024) Kat:2, Licht: 0","243492","2","1","0","10","16","7","","0","1","0","0","0"
"POINT (13.530255649000026 52.422381844000029)","Unfall 243493 (2024) Kat:3, Licht: 0","243493","3","4","6","10","10","3","","0","0","1","1","0"
"POINT (13.321424580000041 52.565631689000043)","Unfall 243494 (2024) Kat:3, Licht: 0","243494","3","6","3","10","09","3","","0","0","1","0","0"
"POINT (13.402325798000049 52.529661889000067)","Unfall 243495 (2024) Kat:3, Licht: 0","243495","3","7","1","11","10","2","","0","0","1","0","0"
"POINT (13.350439787000028 52.536060612000028)","Unfall 243496 (2024) Kat:3, Licht: 0","243496","3","6","2","10","09","3","","0","0","1","0","0"
"POINT (13.596390341000074 52.544107636000035)","Unfall 243497 (2024) Kat:3, Licht: 2","243497","3","6","2","11","22","1","","2","0","1","0","0"
"POINT (13.365401608000070 52.557110133000037)","Unfall 243498 (2024) Kat:3, Licht: 1","243498","3","2","5","10","06","3","","1","1","1","0","0"
"POINT (13.478442272000052 52.442637551000075)","Unfall 243499 (2024) Kat:3, Licht: 1","243499","3","6","2","10","06","3","","1","0","1","0","0"
"POINT (13.488548136000077 52.474436659000048)","Unfall 243500 (2024) Kat:3, Licht: 2","243500","3","1","1","10","19","3","","2","0","1","0","0"
"POINT (13.398190072000034 52.567588754000042)","Unfall 243501 (2024) Kat:3, Licht: 2","243501","3","7","2","11","06","2","","2","0","1","0","0"
"POINT (13.379525847000025 52.445252624000034)","Unfall 243502 (2024) Kat:3, Licht: 1","243502","3","2","5","10","18","3","","1","0","1","0","1"
"POINT (13.469576985000060 52.564016236000043)","Unfall 243503 (2024) Kat:3, Licht: 2","243503","3","7","0","10","18","3","","2","0","0","0","1"
"POINT (13.417817493000030 52.506560821000051)","Unfall 243504 (2024) Kat:3, Licht: 0","243504","3","2","5","10","16","3","","0","1","1","0","0"
"POINT (13.479819810000038 52.525518312000031)","Unfall 243505 (2024) Kat:3, Licht: 0","243505","3","2","5","10","16","3","","0","1","1","0","0"
"POINT (13.260524470000064 52.426679839000030)","Unfall 243506 (2024) Kat:3, Licht: 0","243506","3","4","6","10","13","3","","0","0","1","1","0"
"POINT (13.546932853000044 52.431509757000072)","Unfall 243507 (2024) Kat:3, Licht: 0","243507","3","3","5","10","13","3","","0","0","1","0","0"
"POINT (13.528125074000059 52.422741962000032)","Unfall 243508 (2024) Kat:3, Licht: 0","243508","3","3","5","10","08","3","","0","1","1","0","0"
"POINT (13.389178369000035 52.514772264000044)","Unfall 243509 (2024) Kat:3, Licht: 0","243509","3","2","2","10","09","3","","0","1","1","0","0"
"POINT (13.351965277000033 52.433449193000058)","Unfall 243510 (2024) Kat:3, Licht: 1","243510","3","6","3","10","08","3","","1","0","1","0","1"
"POINT (13.581118863000029 52.416797650000035)","Unfall 243511 (2024) Kat:3, Licht: 0","243511","3","3","5","10","08","3","","0","1","1","0","0"
"POINT (13.401061547000040 52.414570174000062)","Unfall 243512 (2024) Kat:3, Licht: 1","243512","3","2","5","10","06","3","","1","0","1","0","0"
"POINT (13.299500915000067 52.447698356000046)","Unfall 243513 (2024) Kat:3, Licht: 0","243513","3","2","5","09","17","2","","0","1","1","0","0"
"POINT (13.192898386000024 52.532112578000067)","Unfall 243514 (2024) Kat:3, Licht: 0","243514","3","3","5","09","16","2","","0","0","1","0","0"
"POINT (13.487886807000052 52.618381766000027)","Unfall 243515 (2024) Kat:3, Licht: 0","243515","3","6","2","09","13","2","","0","0","1","0","0"
"POINT (13.501825988000064 52.566191655000068)","Unfall 243516 (2024) Kat:3, Licht: 0","243516","3","4","6","11","09","3","","0","0","0","1","0"
"POINT (13.455198365000058 52.453053611000030)","Unfall 243517 (2024) Kat:3, Licht: 0","243517","3","6","2","10","11","2","","0","0","1","0","0"
"POINT (13.325001214000054 52.500740247000067)","Unfall 243518 (2024) Kat:3, Licht: 0","243518","3","4","6","09","13","2","","0","0","1","1","0"
"POINT (13.418133141000055 52.499403389000065)","Unfall 243519 (2024) Kat:3, Licht: 0","243519","3","2","2","09","10","2","","0","0","1","0","0"
"POINT (13.330953639000029 52.564534157000082)","Unfall 243520 (2024) Kat:3, Licht: 2","243520","3","5","1","09","20","2","","2","0","1","0","1"
"POINT (13.455441673000053 52.541167527000027)","Unfall 243521 (2024) Kat:2, Licht: 1","243521","2","4","6","09","18","2","","1","0","1","1","0"
"POINT (13.493234213000051 52.514429757000073)","Unfall 243522 (2024) Kat:3, Licht: 2","243522","3","3","5","11","21","7","","2","0","1","0","0"
"POINT (13.279421918000025 52.538496721000058)","Unfall 243523 (2024) Kat:3, Licht: 1","243523","3","4","6","09","18","2","","1","0","1","1","0"
"POINT (13.329218954000055 52.500425162000056)","Unfall 243524 (2024) Kat:3, Licht: 0","243524","3","6","3","09","18","2","","0","0","1","0","1"
"POINT (13.453654211000071 52.523149877000037)","Unfall 243525 (2024) Kat:2, Licht: 0","243525","2","2","6","09","13","2","","0","0","1","1","0"
"POINT (13.575406433000069 52.404652246000069)","Unfall 243526 (2024) Kat:2, Licht: 0","243526","2","5","1","09","17","2","","0","1","1","0","0"
"POINT (13.396037934000049 52.538349966000055)","Unfall 243527 (2024) Kat:3, Licht: 0","243527","3","2","5","10","08","6","","0","1","1","0","0"
"POINT (13.360355171000037 52.598042782000050)","Unfall 243528 (2024) Kat:3, Licht: 0","243528","3","3","5","10","09","5","","0","0","1","0","0"
"POINT (13.620607762000077 52.530958805000068)","Unfall 243529 (2024) Kat:3, Licht: 0","243529","3","2","5","09","15","2","","0","1","1","0","0"
"POINT (13.323397976000024 52.457102993000035)","Unfall 243530 (2024) Kat:3, Licht: 0","243530","3","1","0","09","15","2","","0","0","0","0","0"
"POINT (13.379458771000031 52.532556894000038)","Unfall 243531 (2024) Kat:3, Licht: 0","243531","3","7","0","09","13","2","","0","0","1","0","0"
"POINT (13.342970412000057 52.556504344000075)","Unfall 243532 (2024) Kat:3, Licht: 0","243532","3","3","5","09","13","2","","0","0","1","0","0"
"POINT (13.433780889000047 52.445540977000064)","Unfall 243533 (2024) Kat:3, Licht: 0","243533","3","1","0","09","12","2","","0","0","0","0","1"
"POINT (13.327773817000036 52.425633966000078)","Unfall 243534 (2024) Kat:3, Licht: 0","243534","3","7","2","10","14","6","","0","0","1","0","0"
"POINT (13.405621166000060 52.514157571000055)","Unfall 243535 (2024) Kat:3, Licht: 0","243535","3","4","6","09","12","2","","0","0","0","1","0"
"POINT (13.340421598000034 52.504070449000039)","Unfall 243536 (2024) Kat:3, Licht: 0","243536","3","4","6","09","08","2","","0","0","0","1","1"
"POINT (13.332759060000058 52.476876197000081)","Unfall 243537 (2024) Kat:3, Licht: 0","243537","3","1","0","09","09","2","","0","0","0","0","1"
"POINT (13.184724373000051 52.547591060000059)","Unfall 243538 (2024) Kat:3, Licht: 2","243538","3","2","5","10","20","7","","2","0","1","0","0"
"POINT (13.429989975000069 52.587551851000057)","Unfall 243539 (2024) Kat:3, Licht: 0","243539","3","3","5","09","08","2","","0","0","1","0","0"
"POINT (13.323432246000039 52.502298658000029)","Unfall 243540 (2024) Kat:3, Licht: 2","243540","3","5","1","09","19","2","","2","0","1","0","0"
"POINT (13.407513631000029 52.499564146000068)","Unfall 243541 (2024) Kat:3, Licht: 2","243541","3","5","1","09","19","2","","2","0","1","0","0"
"POINT (13.339349293000055 52.550507694000032)","Unfall 243542 (2024) Kat:3, Licht: 0","243542","3","6","2","09","18","2","","0","0","1","0","1"
"POINT (13.419679363000057 52.496456267000042)","Unfall 243543 (2024) Kat:3, Licht: 0","243543","3","3","5","09","18","2","","0","0","1","0","1"
"POINT (13.500226850000047 52.510623804000033)","Unfall 243544 (2024) Kat:3, Licht: 0","243544","3","2","5","09","17","2","","0","0","0","0","1"
"POINT (13.296429652000029 52.577273724000065)","Unfall 243545 (2024) Kat:3, Licht: 0","243545","3","6","2","11","08","4","","0","0","1","0","0"
"POINT (13.325919627000076 52.427946423000037)","Unfall 243546 (2024) Kat:2, Licht: 0","243546","2","4","6","09","16","2","","0","0","1","1","0"
"POINT (13.396068034000052 52.532432426000071)","Unfall 243547 (2024) Kat:3, Licht: 1","243547","3","3","5","09","17","2","","1","0","1","0","0"
"POINT (13.519340265000039 52.429134358000056)","Unfall 243548 (2024) Kat:3, Licht: 0","243548","3","3","5","10","15","2","","0","0","1","0","1"
"POINT (13.488697945000069 52.466920183000070)","Unfall 243549 (2024) Kat:3, Licht: 0","243549","3","6","2","09","14","2","","0","0","1","0","0"
"POINT (13.219063440000070 52.538977809000073)","Unfall 243550 (2024) Kat:3, Licht: 0","243550","3","3","2","09","14","2","","0","1","1","0","0"