WKT,Name,OBJECTID,UKATEGORIE,UTYP1,UART,UMONAT,USTUNDE,UWOCHENTAG,STRZUSTAND,ULICHTVERH,ISTRAD,ISTPKW,ISTFUSS,ISTKRAD
"POINT (13.564441042000055 52.544592080000029)","Unfall 243551 (2024) Kat:3, Licht: 0","243551","3","2","5","09","12","2","","0","0","1","0","0"
"POINT (13.297220317000040 52.492059818000030)","Unfall 243552 (2024) Kat:3, Licht: 0","243552","3","6","6","09","10","2","","0","1","0","1","0"
"POINT (13.380601564000074 52.442829134000078)","Unfall 243553 (2024) Kat:3, Licht: 0","243553","3","2","6","11","14","6","","0","0","1","1","0"
"POINT (13.380951885000059 52.511046590000035)","Unfall 243554 (2024) Kat:3, Licht: 0","243554","3","2","6","09","10","2","","0","0","1","1","0"
"POINT (13.532545424000034 52.404944048000061)","Unfall 243555 (2024) Kat:3, Licht: 0","243555","3","4","6","09","07","2","","0","0","0","1","0"
"POINT (13.408093391000023 52.553978138000048)","Unfall 243556 (2024) Kat:3, Licht: 0","243556","3","4","6","09","07","2","","0","1","0","1","0"
"POINT (13.323176774000046 52.565205257000059)","Unfall 243557 (2024) Kat:1, Licht: 0","243557","1","7","6","09","17","2","","0","0","1","1","0"
"POINT (13.376872211000034 52.411235544000078)","Unfall 243558 (2024) Kat:3, Licht: 2","243558","3","7","5","10","18","1","","2","1","1","0","0"
"POINT (13.354285161000064 52.498111393000045)","Unfall 243559 (2024) Kat:3, Licht: 1","243559","3","3","5","09","19","1","","1","1","0","0","0"
"POINT (13.427099333000058 52.587364871000034)","Unfall 243560 (2024) Kat:3, Licht: 0","243560","3","2","5","11","11","3","","0","1","1","0","0"
"POINT (13.407950567000057 52.509400293000056)","Unfall 243561 (2024) Kat:3, Licht: 0","243561","3","1","1","09","13","1","","0","0","1","0","0"
"POINT (13.138237105000030 52.534616412000048)","Unfall 243562 (2024) Kat:2, Licht: 2","243562","2","1","0","09","21","1","","2","0","0","0","1"
"POINT (13.306990166000048 52.555031838000048)","Unfall 243563 (2024) Kat:3, Licht: 2","243563","3","2","5","09","19","1","","2","0","1","0","0"
"POINT (13.327394274000028 52.502656712000032)","Unfall 243564 (2024) Kat:2, Licht: 0","243564","2","1","0","09","18","1","","0","1","0","0","0"
"POINT (13.426516475000028 52.485443005000036)","Unfall 243565 (2024) Kat:2, Licht: 0","243565","2","4","6","09","17","1","","0","0","0","1","1"
"POINT (13.614989592000029 52.492183324000052)","Unfall 243566 (2024) Kat:3, Licht: 0","243566","3","3","5","10","14","6","","0","1","1","0","0"
"POINT (13.353295766000031 52.501977813000053)","Unfall 243567 (2024) Kat:3, Licht: 0","243567","3","6","2","09","17","1","","0","0","1","0","0"
"POINT (13.433978742000022 52.523320539000053)","Unfall 243568 (2024) Kat:3, Licht: 0","243568","3","3","0","09","12","1","","0","0","1","0","1"
"POINT (13.541068636000034 52.435483663000070)","Unfall 243569 (2024) Kat:2, Licht: 0","243569","2","6","2","09","11","1","","0","0","1","0","1"
"POINT (13.217494561000024 52.560418892000030)","Unfall 243570 (2024) Kat:3, Licht: 0","243570","3","2","5","09","15","1","","0","1","1","0","0"
"POINT (13.455330654000022 52.531314401000031)","Unfall 243571 (2024) Kat:3, Licht: 0","243571","3","5","1","09","13","1","","0","1","1","0","0"
"POINT (13.502228491000039 52.481741816000067)","Unfall 243572 (2024) Kat:2, Licht: 0","243572","2","7","0","09","11","1","","0","1","0","0","0"
"POINT (13.334347747000038 52.470513989000040)","Unfall 243573 (2024) Kat:3, Licht: 0","243573","3","4","6","09","10","1","","0","0","1","1","0"
"POINT (13.205465519000029 52.539503947000071)","Unfall 243574 (2024) Kat:3, Licht: 0","243574","3","2","5","09","11","1","","0","0","1","0","0"
"POINT (13.343199487000049 52.525338529000067)","Unfall 243575 (2024) Kat:3, Licht: 0","243575","3","4","6","09","10","1","","0","1","0","1","0"
"POINT (13.333904085000029 52.504438545000028)","Unfall 243576 (2024) Kat:2, Licht: 0","243576","2","7","5","09","08","1","","0","0","1","0","0"
"POINT (13.448856688000035 52.485081779000041)","Unfall 243577 (2024) Kat:3, Licht: 2","243577","3","3","5","09","02","1","","2","0","1","0","0"
"POINT (13.184168597000053 52.544833498000060)","Unfall 243578 (2024) Kat:3, Licht: 1","243578","3","3","5","10","07","4","","1","0","1","0","1"
"POINT (13.421403104000035 52.479290702000071)","Unfall 243579 (2024) Kat:3, Licht: 2","243579","3","1","0","09","00","1","","2","0","1","0","1"
"POINT (13.387373878000062 52.417947649000041)","Unfall 243580 (2024) Kat:3, Licht: 0","243580","3","5","1","09","14","1","","0","0","1","0","0"
"POINT (13.417809158000068 52.499129166000046)","Unfall 243581 (2024) Kat:3, Licht: 1","243581","3","3","5","09","17","7","","1","1","1","0","0"
"POINT (13.380433075000042 52.518119424000076)","Unfall 243582 (2024) Kat:3, Licht: 0","243582","3","7","5","09","08","7","","0","1","1","0","0"
"POINT (13.302913393000040 52.505462493000039)","Unfall 243583 (2024) Kat:3, Licht: 0","243583","3","7","5","09","18","7","","0","0","1","0","1"
"POINT (13.442357200000060 52.465893014000073)","Unfall 243584 (2024) Kat:3, Licht: 1","243584","3","6","2","09","18","7","","1","0","1","0","0"
"POINT (13.187173040000062 52.520290974000034)","Unfall 243585 (2024) Kat:3, Licht: 0","243585","3","7","5","09","15","7","","0","0","1","0","1"
"POINT (13.353004646000045 52.516283361000035)","Unfall 243586 (2024) Kat:3, Licht: 0","243586","3","1","0","09","12","7","","0","0","0","0","1"
"POINT (13.585310140000047 52.444504809000080)","Unfall 243587 (2024) Kat:3, Licht: 0","243587","3","6","2","09","11","7","","0","0","1","0","0"
"POINT (13.182476373000043 52.538418037000042)","Unfall 243588 (2024) Kat:2, Licht: 0","243588","2","2","5","10","12","7","","0","1","1","0","0"
"POINT (13.432797940000057 52.557215628000051)","Unfall 243589 (2024) Kat:3, Licht: 0","243589","3","3","5","09","10","7","","0","1","0","0","0"
"POINT (13.522611339000036 52.426662656000076)","Unfall 243590 (2024) Kat:3, Licht: 2","243590","3","2","0","09","21","7","","2","0","1","0","1"
"POINT (13.406278201000077 52.522640121000052)","Unfall 243591 (2024) Kat:3, Licht: 0","243591","3","5","1","11","13","6","","0","1","1","0","0"
"POINT (13.360641175000069 52.561899479000033)","Unfall 243592 (2024) Kat:3, Licht: 1","243592","3","5","1","09","19","7","","1","0","1","0","0"
"POINT (13.398596438000027 52.443533611000078)","Unfall 243593 (2024) Kat:3, Licht: 0","243593","3","2","2","09","17","7","","0","0","1","0","0"
"POINT (13.511768073000042 52.550750547000064)","Unfall 243594 (2024) Kat:2, Licht: 0","243594","2","2","5","09","17","7","","0","0","1","0","1"
"POINT (13.569658524000033 52.442100109000080)","Unfall 243595 (2024) Kat:3, Licht: 0","243595","3","7","6","09","17","7","","0","0","1","1","0"
"POINT (13.508876026000053 52.452622340000062)","Unfall 243596 (2024) Kat:3, Licht: 2","243596","3","2","5","10","23","4","","2","1","1","0","0"
"POINT (13.470387577000054 52.553717262000077)","Unfall 243597 (2024) Kat:3, Licht: 0","243597","3","3","5","09","16","7","","0","0","1","0","0"
"POINT (13.320268196000029 52.476735958000063)","Unfall 243598 (2024) Kat:3, Licht: 0","243598","3","2","5","09","15","7","","0","1","1","0","0"
"POINT (13.247270690000050 52.538078984000038)","Unfall 243599 (2024) Kat:3, Licht: 0","243599","3","6","2","09","14","7","","0","0","1","0","0"
"POINT (13.476493687000072 52.532980865000070)","Unfall 243600 (2024) Kat:2, Licht: 0","243600","2","3","5","09","12","7","","0","1","1","0","0"
"POINT (13.246980371000063 52.543817912000065)","Unfall 243601 (2024) Kat:3, Licht: 0","243601","3","6","3","09","10","7","","0","0","1","0","0"
"POINT (13.437905479000051 52.478281345000028)","Unfall 243602 (2024) Kat:3, Licht: 2","243602","3","4","6","09","20","7","","2","1","0","1","0"
"POINT (13.387715722000053 52.506548415000054)","Unfall 243603 (2024) Kat:3, Licht: 2","243603","3","3","5","09","19","7","","2","1","0","0","0"
"POINT (13.379193700000030 52.553010076000078)","Unfall 243604 (2024) Kat:3, Licht: 0","243604","3","6","2","09","18","7","","0","0","1","0","0"
"POINT (13.394175193000024 52.483959548000030)","Unfall 243605 (2024) Kat:3, Licht: 2","243605","3","6","2","09","16","7","","2","0","1","0","1"
"POINT (13.196819155000071 52.531412185000079)","Unfall 243606 (2024) Kat:2, Licht: 0","243606","2","3","5","09","13","7","","0","1","1","0","0"
"POINT (13.309263793000071 52.500309721000065)","Unfall 243607 (2024) Kat:3, Licht: 0","243607","3","3","5","09","13","7","","0","1","1","0","0"
"POINT (13.316279805000022 52.464420648000043)","Unfall 243608 (2024) Kat:3, Licht: 0","243608","3","6","2","10","17","6","","0","0","1","0","0"
"POINT (13.371642171000076 52.558303689000070)","Unfall 243609 (2024) Kat:3, Licht: 2","243609","3","4","6","09","00","7","","2","0","1","1","0"
"POINT (13.206080910000026 52.542579666000051)","Unfall 243610 (2024) Kat:3, Licht: 0","243610","3","6","3","09","09","6","","0","1","0","0","0"
"POINT (13.406531689000076 52.528597517000037)","Unfall 243611 (2024) Kat:3, Licht: 1","243611","3","5","4","09","20","6","","1","1","1","0","0"
"POINT (13.403143517000046 52.521471847000043)","Unfall 243612 (2024) Kat:2, Licht: 0","243612","2","1","0","09","16","6","","0","0","0","0","1"
"POINT (13.175066217000051 52.522488297000052)","Unfall 243613 (2024) Kat:3, Licht: 0","243613","3","4","6","09","15","6","","0","0","0","1","0"
"POINT (13.313478164000060 52.576799017000042)","Unfall 243614 (2024) Kat:3, Licht: 0","243614","3","6","2","09","11","6","","0","0","1","0","0"
"POINT (13.438609553000049 52.478471035000041)","Unfall 243615 (2024) Kat:3, Licht: 0","243615","3","7","0","10","13","4","","0","0","0","0","1"
"POINT (13.311210816000028 52.496181865000040)","Unfall 243616 (2024) Kat:3, Licht: 0","243616","3","3","5","10","13","3","","0","1","1","0","0"
"POINT (13.405073491000053 52.449621330000070)","Unfall 243617 (2024) Kat:3, Licht: 0","243617","3","2","5","09","08","6","","0","1","1","0","0"
"POINT (13.318364606000046 52.470868932000030)","Unfall 243618 (2024) Kat:3, Licht: 0","243618","3","1","0","09","09","6","","0","1","1","0","0"
"POINT (13.578135952000025 52.457138972000052)","Unfall 243619 (2024) Kat:3, Licht: 0","243619","3","2","5","10","10","4","","0","0","1","0","0"
"POINT (13.302064683000026 52.423350144000040)","Unfall 243620 (2024) Kat:3, Licht: 0","243620","3","3","5","09","08","6","","0","0","1","0","1"
"POINT (13.395376814000031 52.518396452000047)","Unfall 243621 (2024) Kat:2, Licht: 0","243621","2","6","6","09","09","6","","0","1","0","1","0"
"POINT (13.406038228000057 52.519194914000082)","Unfall 243622 (2024) Kat:3, Licht: 2","243622","3","5","1","09","23","6","","2","0","1","0","0"
"POINT (13.378392778000034 52.566011181000079)","Unfall 243623 (2024) Kat:2, Licht: 2","243623","2","2","5","09","22","6","","2","0","1","0","1"
"POINT (13.437377391000041 52.552878466000038)","Unfall 243624 (2024) Kat:3, Licht: 2","243624","3","3","5","09","18","6","","2","0","1","0","0"
"POINT (13.361208354000041 52.494230079000033)","Unfall 243625 (2024) Kat:3, Licht: 0","243625","3","2","0","09","18","6","","0","0","1","0","0"
"POINT (13.616757805000077 52.528845388000036)","Unfall 243626 (2024) Kat:3, Licht: 0","243626","3","4","6","09","17","6","","0","0","1","1","0"
"POINT (13.440889786000071 52.451427985000066)","Unfall 243627 (2024) Kat:3, Licht: 0","243627","3","6","4","09","16","6","","0","1","0","0","0"
"POINT (13.382767691000026 52.432741874000044)","Unfall 243628 (2024) Kat:3, Licht: 0","243628","3","6","2","10","14","1","","0","0","1","0","1"
"POINT (13.435761481000043 52.448276397000029)","Unfall 243629 (2024) Kat:3, Licht: 0","243629","3","6","2","09","16","6","","0","0","1","0","0"
"POINT (13.471523480000030 52.559671439000056)","Unfall 243630 (2024) Kat:2, Licht: 0","243630","2","2","5","09","15","6","","0","1","1","0","0"
"POINT (13.190440555000066 52.536615339000036)","Unfall 243631 (2024) Kat:3, Licht: 0","243631","3","6","2","11","15","2","","0","0","1","0","0"
"POINT (13.205857301000037 52.541796156000032)","Unfall 243632 (2024) Kat:3, Licht: 0","243632","3","4","6","09","15","6","","0","0","1","1","0"
"POINT (13.435421333000022 52.504269999000030)","Unfall 243633 (2024) Kat:3, Licht: 0","243633","3","6","2","09","15","6","","0","0","1","0","1"
"POINT (13.450395151000066 52.452411700000027)","Unfall 243634 (2024) Kat:3, Licht: 0","243634","3","6","3","09","14","6","","0","0","1","0","1"
"POINT (13.346066560000054 52.544848420000051)","Unfall 243635 (2024) Kat:3, Licht: 0","243635","3","2","5","09","14","6","","0","1","1","0","0"
"POINT (13.366221374000077 52.495272548000059)","Unfall 243636 (2024) Kat:3, Licht: 0","243636","3","7","2","09","10","1","","0","0","1","0","1"
"POINT (13.397369730000037 52.488894649000031)","Unfall 243637 (2024) Kat:3, Licht: 0","243637","3","2","0","09","12","6","","0","1","1","0","0"
"POINT (13.459981861000074 52.559026444000040)","Unfall 243638 (2024) Kat:3, Licht: 0","243638","3","5","1","09","12","6","","0","1","1","0","0"
"POINT (13.179250365000030 52.533791054000062)","Unfall 243639 (2024) Kat:3, Licht: 0","243639","3","3","5","09","08","6","","0","0","1","0","0"
"POINT (13.244919563000053 52.538189989000045)","Unfall 243640 (2024) Kat:3, Licht: 0","243640","3","6","2","09","08","6","","0","0","1","0","0"
"POINT (13.334324956000046 52.541136696000081)","Unfall 243641 (2024) Kat:2, Licht: 1","243641","2","4","6","10","18","3","","1","0","1","1","0"
"POINT (13.325796303000061 52.506111153000063)","Unfall 243642 (2024) Kat:3, Licht: 0","243642","3","7","5","09","07","6","","0","0","1","0","1"
"POINT (13.366235713000037 52.550733439000055)","Unfall 243643 (2024) Kat:3, Licht: 2","243643","3","4","6","09","06","6","","2","0","0","1","0"
"POINT (13.349845804000040 52.530010247000064)","Unfall 243644 (2024) Kat:3, Licht: 2","243644","3","3","0","09","01","6","","2","0","1","0","1"
"POINT (13.356115756000065 52.485975276000033)","Unfall 243645 (2024) Kat:3, Licht: 2","243645","3","5","1","09","19","6","","2","1","1","0","0"
"POINT (13.223181870000076 52.537104298000031)","Unfall 243646 (2024) Kat:3, Licht: 0","243646","3","2","5","09","15","6","","0","1","0","0","0"
"POINT (13.454893201000061 52.512077011000031)","Unfall 243647 (2024) Kat:3, Licht: 0","243647","3","6","2","09","15","6","","0","0","1","0","0"
"POINT (13.372334690000059 52.436737731000051)","Unfall 243648 (2024) Kat:3, Licht: 0","243648","3","4","6","09","11","6","","0","0","0","1","1"
"POINT (13.389298855000050 52.618342740000060)","Unfall 243649 (2024) Kat:3, Licht: 0","243649","3","4","6","09","07","6","","0","0","1","1","0"
"POINT (13.185493845000053 52.551523340000074)","Unfall 243650 (2024) Kat:3, Licht: 0","243650","3","2","5","09","07","6","","0","0","1","0","1"
"POINT (13.316658233000055 52.514291598000057)","Unfall 243651 (2024) Kat:3, Licht: 2","243651","3","7","2","09","22","6","","2","0","1","0","0"
"POINT (13.604264575000059 52.540262864000056)","Unfall 243652 (2024) Kat:3, Licht: 0","243652","3","2","0","09","13","6","","0","0","1","0","0"
"POINT (13.335173917000077 52.525584482000056)","Unfall 243653 (2024) Kat:2, Licht: 0","243653","2","6","2","09","11","5","","0","0","1","0","0"
"POINT (13.578470535000065 52.551732179000055)","Unfall 243654 (2024) Kat:3, Licht: 2","243654","3","5","1","09","21","5","","2","0","1","0","0"
"POINT (13.339093728000023 52.550341624000055)","Unfall 243977 (2024) Kat:3, Licht: 2","243977","3","2","5","12","23","3","","2","0","1","0","0"
"POINT (13.368409847000066 52.526034184000082)","Unfall 243978 (2024) Kat:3, Licht: 2","243978","3","6","3","12","16","3","","2","0","1","0","1"
"POINT (13.379068834000066 52.550892663000070)","Unfall 243979 (2024) Kat:3, Licht: 0","243979","3","5","1","12","15","3","","0","0","1","0","0"
"POINT (13.315186930000039 52.490802035000058)","Unfall 243980 (2024) Kat:3, Licht: 0","243980","3","3","5","12","14","3","","0","0","1","0","0"
"POINT (13.432162003000030 52.499299441000062)","Unfall 243981 (2024) Kat:3, Licht: 0","243981","3","3","5","12","14","3","","0","0","1","0","0"
"POINT (13.558598519000043 52.469884545000070)","Unfall 243982 (2024) Kat:3, Licht: 0","243982","3","3","5","12","13","3","","0","1","1","0","0"
"POINT (13.178024420000042 52.548657595000066)","Unfall 243983 (2024) Kat:3, Licht: 0","243983","3","2","6","12","12","3","","0","0","1","1","0"
"POINT (13.357097238000051 52.488457640000036)","Unfall 243984 (2024) Kat:2, Licht: 0","243984","2","4","6","12","10","3","","0","1","0","1","0"
"POINT (13.331085120000068 52.495381332000079)","Unfall 243985 (2024) Kat:3, Licht: 0","243985","3","3","5","12","10","3","","0","0","1","0","0"
"POINT (13.343700427000044 52.529019374000029)","Unfall 243986 (2024) Kat:3, Licht: 0","243986","3","6","2","12","13","3","","0","0","1","0","0"
"POINT (13.579958658000066 52.418292525000027)","Unfall 243987 (2024) Kat:3, Licht: 0","243987","3","3","5","12","09","3","","0","1","1","0","0"
"POINT (13.424879777000058 52.481788092000045)","Unfall 243988 (2024) Kat:3, Licht: 2","243988","3","7","5","12","16","3","","2","0","1","0","1"
"POINT (13.432865634000052 52.464653620000036)","Unfall 243989 (2024) Kat:3, Licht: 0","243989","3","2","5","12","14","2","","0","0","0","0","1"
"POINT (13.394225783000024 52.564984599000070)","Unfall 243990 (2024) Kat:3, Licht: 1","243990","3","3","5","12","15","2","","1","0","1","0","0"
"POINT (13.405599877000043 52.482792954000047)","Unfall 243991 (2024) Kat:3, Licht: 0","243991","3","3","5","12","13","2","","0","1","1","0","0"
"POINT (13.306703049000077 52.528867029000082)","Unfall 243992 (2024) Kat:2, Licht: 2","243992","2","4","6","12","17","2","","2","0","1","1","0"
"POINT (13.427338346000056 52.487206959000048)","Unfall 243993 (2024) Kat:3, Licht: 2","243993","3","7","2","12","15","2","","2","1","0","0","0"
"POINT (13.281911046000062 52.583715226000038)","Unfall 243994 (2024) Kat:3, Licht: 0","243994","3","7","6","12","13","2","","0","0","1","1","0"
"POINT (13.591654556000037 52.529172049000067)","Unfall 243995 (2024) Kat:3, Licht: 0","243995","3","3","5","12","09","2","","0","0","1","0","0"
"POINT (13.352807567000070 52.564375507000079)","Unfall 243996 (2024) Kat:3, Licht: 1","243996","3","1","9","12","15","2","","1","0","1","0","0"
"POINT (13.477423269000042 52.425622210000029)","Unfall 243997 (2024) Kat:3, Licht: 0","243997","3","6","2","12","14","2","","0","0","1","0","0"
"POINT (13.194178321000038 52.545976655000061)","Unfall 243998 (2024) Kat:3, Licht: 2","243998","3","6","3","12","07","2","","2","0","1","0","0"
"POINT (13.391464930000041 52.555448809000040)","Unfall 243999 (2024) Kat:2, Licht: 2","243999","2","6","2","12","21","1","","2","0","1","0","0"
"POINT (13.366094220000036 52.525549961000081)","Unfall 244000 (2024) Kat:3, Licht: 2","244000","3","6","2","12","18","1","","2","0","1","0","0"
"POINT (13.306018762000065 52.524665825000056)","Unfall 244001 (2024) Kat:3, Licht: 2","244001","3","3","0","12","18","1","","2","0","1","0","1"
"POINT (13.330571848000034 52.594608226000048)","Unfall 244002 (2024) Kat:3, Licht: 2","244002","3","1","9","12","21","1","","2","0","1","0","0"
"POINT (13.510675911000021 52.484154494000052)","Unfall 244003 (2024) Kat:3, Licht: 2","244003","3","4","6","12","18","1","","2","0","1","1","0"
"POINT (13.380731482000044 52.516568798000037)","Unfall 244004 (2024) Kat:3, Licht: 2","244004","3","2","2","12","18","1","","2","0","1","0","1"
"POINT (13.377577842000051 52.480823693000048)","Unfall 244005 (2024) Kat:3, Licht: 0","244005","3","3","5","12","14","2","","0","1","1","0","0"
"POINT (13.361148965000041 52.494427425000026)","Unfall 244006 (2024) Kat:2, Licht: 2","244006","2","2","5","12","04","1","","2","0","1","0","0"
"POINT (13.419366673000070 52.487610184000062)","Unfall 244007 (2024) Kat:3, Licht: 2","244007","3","3","5","12","21","1","","2","0","1","0","0"
"POINT (13.184640915000045 52.547606874000053)","Unfall 244009 (2024) Kat:3, Licht: 2","244009","3","2","5","12","23","7","","2","0","1","0","0"
"POINT (13.444696802000067 52.500931640000033)","Unfall 244010 (2024) Kat:3, Licht: 2","244010","3","5","1","12","23","7","","2","1","1","0","0"
"POINT (13.395228920000022 52.498301232000074)","Unfall 244011 (2024) Kat:3, Licht: 2","244011","3","6","2","12","18","7","","2","0","1","0","0"
"POINT (13.440903631000026 52.545509732000028)","Unfall 244012 (2024) Kat:3, Licht: 0","244012","3","5","1","12","14","7","","0","0","1","0","0"
"POINT (13.454144570000039 52.465321829000061)","Unfall 244013 (2024) Kat:3, Licht: 0","244013","3","6","2","12","12","7","","0","0","1","0","0"
"POINT (13.540814067000042 52.435856892000061)","Unfall 244014 (2024) Kat:3, Licht: 0","244014","3","7","6","12","11","7","","0","0","0","1","0"
"POINT (13.372418338000045 52.538614079000070)","Unfall 244015 (2024) Kat:3, Licht: 2","244015","3","1","2","12","16","7","","2","0","1","0","0"
"POINT (13.355409898000062 52.544360494000045)","Unfall 244016 (2024) Kat:3, Licht: 2","244016","3","6","2","12","16","7","","2","0","1","0","0"
"POINT (13.321620933000077 52.456661485000041)","Unfall 244017 (2024) Kat:3, Licht: 0","244017","3","5","1","12","11","7","","0","1","1","0","0"
"POINT (13.447788880000076 52.476842106000049)","Unfall 244018 (2024) Kat:3, Licht: 2","244018","3","5","1","12","17","6","","2","1","1","0","0"
"POINT (13.380356344000063 52.532740835000027)","Unfall 244019 (2024) Kat:2, Licht: 1","244019","2","6","3","12","17","6","","1","0","1","0","0"
"POINT (13.433438550000062 52.463929658000040)","Unfall 244020 (2024) Kat:3, Licht: 0","244020","3","4","6","12","12","6","","0","0","1","1","0"
"POINT (13.341669071000069 52.415803026000049)","Unfall 244021 (2024) Kat:3, Licht: 0","244021","3","4","6","12","12","6","","0","0","1","1","0"
"POINT (13.314171814000076 52.436604546000069)","Unfall 244022 (2024) Kat:3, Licht: 2","244022","3","5","1","12","07","6","","2","0","1","0","0"
"POINT (13.329051426000035 52.471699620000038)","Unfall 244023 (2024) Kat:3, Licht: 2","244023","3","1","8","12","23","6","","2","0","1","0","0"
"POINT (13.270296475000066 52.449968122000030)","Unfall 244024 (2024) Kat:3, Licht: 2","244024","3","3","5","12","22","6","","2","0","1","0","0"
"POINT (13.361159228000076 52.494426543000031)","Unfall 244025 (2024) Kat:3, Licht: 2","244025","3","2","5","12","18","6","","2","0","1","0","0"
"POINT (13.493629829000042 52.515991190000079)","Unfall 244026 (2024) Kat:3, Licht: 1","244026","3","6","2","12","16","6","","1","0","1","0","0"
"POINT (13.399272995000047 52.504673865000029)","Unfall 244027 (2024) Kat:3, Licht: 0","244027","3","3","5","12","15","6","","0","0","1","0","0"
"POINT (13.448018427000022 52.549424515000055)","Unfall 244028 (2024) Kat:2, Licht: 0","244028","2","3","5","12","11","6","","0","1","1","0","0"
"POINT (13.528078616000073 52.537386431000073)","Unfall 244029 (2024) Kat:3, Licht: 1","244029","3","6","2","12","15","6","","1","0","1","0","0"
"POINT (13.195380037000064 52.528797366000049)","Unfall 244030 (2024) Kat:3, Licht: 0","244030","3","6","0","12","13","6","","0","0","1","0","0"
"POINT (13.266122295000059 52.502379642000051)","Unfall 244031 (2024) Kat:3, Licht: 0","244031","3","6","2","12","10","6","","0","0","1","0","0"
"POINT (13.310511679000058 52.568073744000060)","Unfall 244032 (2024) Kat:3, Licht: 2","244032","3","6","2","12","20","5","","2","0","1","0","0"
"POINT (13.391864323000050 52.563730599000053)","Unfall 244033 (2024) Kat:3, Licht: 2","244033","3","6","2","12","20","5","","2","0","1","0","0"
"POINT (13.361132446000056 52.494428844000026)","Unfall 244034 (2024) Kat:3, Licht: 2","244034","3","2","5","12","20","5","","2","0","1","0","0"
"POINT (13.361223199000051 52.494421048000049)","Unfall 244035 (2024) Kat:3, Licht: 2","244035","3","3","5","12","18","5","","2","0","1","0","0"
"POINT (13.319395078000070 52.492227577000051)","Unfall 244036 (2024) Kat:3, Licht: 2","244036","3","2","6","12","17","5","","2","0","1","1","0"
"POINT (13.425347775000034 52.502724129000057)","Unfall 244037 (2024) Kat:3, Licht: 0","244037","3","7","7","12","15","5","","0","1","0","0","0"
"POINT (13.380810984000050 52.574475574000076)","Unfall 244038 (2024) Kat:2, Licht: 0","244038","2","2","5","12","11","5","","0","0","1","0","0"
"POINT (13.513023889000067 52.536895976000039)","Unfall 244039 (2024) Kat:2, Licht: 0","244039","2","7","8","12","10","5","","0","0","1","0","0"
"POINT (13.405794363000041 52.427588704000073)","Unfall 244040 (2024) Kat:3, Licht: 2","244040","3","7","5","12","05","5","","2","0","1","0","0"
"POINT (13.400433944000042 52.590922617000047)","Unfall 244041 (2024) Kat:3, Licht: 0","244041","3","2","6","12","15","4","","0","0","1","1","0"
"POINT (13.535157319000064 52.439681516000064)","Unfall 244042 (2024) Kat:3, Licht: 0","244042","3","3","5","12","12","4","","0","0","1","0","0"
"POINT (13.294345439000040 52.491629018000026)","Unfall 244044 (2024) Kat:3, Licht: 2","244044","3","1","0","12","01","4","","2","1","0","0","0"
"POINT (13.325264171000072 52.428270037000061)","Unfall 244045 (2024) Kat:2, Licht: 2","244045","2","2","5","12","16","4","","2","1","1","0","0"
"POINT (13.416322189000027 52.492668289000051)","Unfall 244046 (2024) Kat:3, Licht: 0","244046","3","5","1","12","10","3","","0","1","1","0","0"
"POINT (13.453416548000064 52.592688180000039)","Unfall 244047 (2024) Kat:3, Licht: 2","244047","3","1","8","12","23","3","","2","0","1","0","0"
"POINT (13.395776028000057 52.538448922000043)","Unfall 244048 (2024) Kat:3, Licht: 2","244048","3","6","2","12","23","3","","2","0","1","0","0"
"POINT (13.378367750000052 52.467092613000034)","Unfall 244049 (2024) Kat:2, Licht: 2","244049","2","3","5","12","23","3","","2","0","1","0","0"
"POINT (13.394387228000028 52.507011675000058)","Unfall 244050 (2024) Kat:2, Licht: 2","244050","2","3","5","12","20","3","","2","0","1","0","0"
"POINT (13.380790906000072 52.516455372000053)","Unfall 244051 (2024) Kat:3, Licht: 2","244051","3","2","6","12","16","3","","2","0","1","1","0"
"POINT (13.396012391000056 52.532429990000026)","Unfall 244052 (2024) Kat:3, Licht: 0","244052","3","3","5","12","12","3","","0","1","1","0","0"
"POINT (13.490409815000021 52.427839279000068)","Unfall 244053 (2024) Kat:3, Licht: 0","244053","3","3","5","12","11","3","","0","0","1","0","0"
"POINT (13.556006986000057 52.492674232000070)","Unfall 244054 (2024) Kat:3, Licht: 0","244054","3","5","5","12","11","3","","0","0","1","0","0"
"POINT (13.282483229000036 52.590883720000079)","Unfall 244055 (2024) Kat:3, Licht: 0","244055","3","2","0","12","10","3","","0","0","1","0","1"
"POINT (13.276231182000060 52.435041691000038)","Unfall 244056 (2024) Kat:3, Licht: 0","244056","3","3","5","12","10","3","","0","0","0","0","1"
"POINT (13.386061052000059 52.558509996000055)","Unfall 244057 (2024) Kat:3, Licht: 2","244057","3","7","5","12","00","3","","2","0","1","0","0"
"POINT (13.438365300000044 52.453215726000053)","Unfall 244058 (2024) Kat:3, Licht: 2","244058","3","6","3","12","17","3","","2","0","1","0","0"
"POINT (13.425471159000040 52.479179564000049)","Unfall 244059 (2024) Kat:3, Licht: 0","244059","3","7","2","12","15","3","","0","0","1","0","0"
"POINT (13.332133659000021 52.436840736000079)","Unfall 244060 (2024) Kat:3, Licht: 1","244060","3","2","6","12","16","2","","1","0","1","1","0"