WKT,Name,OBJECTID,UKATEGORIE,UTYP1,UART,UMONAT,USTUNDE,UWOCHENTAG,STRZUSTAND,ULICHTVERH,ISTRAD,ISTPKW,ISTFUSS,ISTKRAD
"POINT (13.187413094000021 52.536337728000035)","Unfall 244061 (2024) Kat:3, Licht: 2","244061","3","1","1","12","21","2","","2","0","1","0","0"
"POINT (13.361235789000034 52.494419967000056)","Unfall 244062 (2024) Kat:3, Licht: 2","244062","3","3","5","12","19","2","","2","0","1","0","0"
"POINT (13.395284548000063 52.496095151000077)","Unfall 244063 (2024) Kat:2, Licht: 2","244063","2","2","6","12","19","2","","2","0","1","1","0"
"POINT (13.426497646000030 52.603170500000033)","Unfall 244064 (2024) Kat:3, Licht: 2","244064","3","3","5","12","19","2","","2","0","1","0","0"
"POINT (13.382401899000058 52.504366415000050)","Unfall 244065 (2024) Kat:2, Licht: 2","244065","2","2","6","12","19","2","","2","0","1","1","0"
"POINT (13.448565662000021 52.617871011000034)","Unfall 244066 (2024) Kat:3, Licht: 2","244066","3","6","2","12","18","2","","2","0","1","0","0"
"POINT (13.376346477000027 52.554630412000051)","Unfall 244067 (2024) Kat:3, Licht: 0","244067","3","6","2","12","14","4","","0","0","1","0","0"
"POINT (13.593725357000039 52.453192128000069)","Unfall 244068 (2024) Kat:3, Licht: 1","244068","3","6","2","12","18","2","","1","0","1","0","0"
"POINT (13.282100261000039 52.477679115000058)","Unfall 244069 (2024) Kat:3, Licht: 2","244069","3","4","6","12","18","2","","2","0","1","1","0"
"POINT (13.442264905000059 52.546806556000035)","Unfall 244070 (2024) Kat:3, Licht: 2","244070","3","3","5","12","18","2","","2","1","1","0","0"
"POINT (13.447339667000051 52.438102074000028)","Unfall 244071 (2024) Kat:3, Licht: 0","244071","3","4","6","12","13","2","","0","0","1","1","0"
"POINT (13.601137060000042 52.479236689000061)","Unfall 244072 (2024) Kat:2, Licht: 2","244072","2","3","5","12","17","2","","2","1","1","0","0"
"POINT (13.360269889000051 52.477120483000078)","Unfall 244073 (2024) Kat:3, Licht: 2","244073","3","2","6","12","17","2","","2","0","1","1","0"
"POINT (13.292932420000056 52.575717294000071)","Unfall 244074 (2024) Kat:3, Licht: 2","244074","3","6","2","12","16","2","","2","0","1","0","0"
"POINT (13.182289331000050 52.534100474000070)","Unfall 244075 (2024) Kat:3, Licht: 2","244075","3","6","2","12","16","2","","2","0","1","0","0"
"POINT (13.556171277000033 52.433653227000036)","Unfall 244076 (2024) Kat:3, Licht: 2","244076","3","4","6","12","16","2","","2","0","1","1","0"
"POINT (13.409923832000061 52.439047840000057)","Unfall 244077 (2024) Kat:2, Licht: 2","244077","2","4","6","12","16","2","","2","0","1","1","0"
"POINT (13.515713140000059 52.505646729000034)","Unfall 244078 (2024) Kat:2, Licht: 0","244078","2","7","5","12","11","2","","0","0","1","1","0"
"POINT (13.129324415000042 52.465160851000064)","Unfall 244079 (2024) Kat:3, Licht: 0","244079","3","6","2","12","10","2","","0","0","1","0","0"
"POINT (13.284014431000060 52.589129655000079)","Unfall 244080 (2024) Kat:3, Licht: 0","244080","3","5","1","12","13","1","","0","1","1","0","0"
"POINT (13.342248376000043 52.497279270000035)","Unfall 244081 (2024) Kat:2, Licht: 2","244081","2","5","1","12","22","1","","2","0","1","0","0"
"POINT (13.331272224000031 52.506645619000039)","Unfall 244082 (2024) Kat:2, Licht: 2","244082","2","4","6","12","19","1","","2","0","1","1","0"
"POINT (13.394423793000044 52.526589237000053)","Unfall 244083 (2024) Kat:3, Licht: 1","244083","3","5","1","12","15","1","","1","0","1","0","1"
"POINT (13.278286163000075 52.506980642000030)","Unfall 244084 (2024) Kat:2, Licht: 0","244084","2","3","5","12","13","1","","0","1","1","0","0"
"POINT (13.473526029000027 52.474861123000039)","Unfall 244085 (2024) Kat:3, Licht: 0","244085","3","6","2","12","13","1","","0","0","1","0","0"
"POINT (13.345679203000032 52.494333690000076)","Unfall 244086 (2024) Kat:3, Licht: 2","244086","3","3","5","12","03","1","","2","1","1","0","0"
"POINT (13.260119433000057 52.516535167000029)","Unfall 244087 (2024) Kat:2, Licht: 0","244087","2","3","5","12","14","1","","0","0","1","0","1"
"POINT (13.270395229000030 52.548576592000074)","Unfall 244088 (2024) Kat:3, Licht: 2","244088","3","2","5","12","21","1","","2","0","1","0","0"
"POINT (13.435255869000059 52.491176926000037)","Unfall 244089 (2024) Kat:3, Licht: 2","244089","3","2","6","12","19","1","","2","0","1","1","0"
"POINT (13.336611248000054 52.504082537000045)","Unfall 244090 (2024) Kat:3, Licht: 2","244090","3","4","6","12","17","1","","2","0","1","1","0"
"POINT (13.434005723000041 52.420727994000060)","Unfall 244091 (2024) Kat:3, Licht: 2","244091","3","3","5","12","17","1","","2","0","1","0","0"
"POINT (13.340229179000062 52.505370542000037)","Unfall 244092 (2024) Kat:3, Licht: 0","244092","3","6","2","12","15","1","","0","0","1","0","0"
"POINT (13.467649268000059 52.553814163000027)","Unfall 244093 (2024) Kat:3, Licht: 0","244093","3","3","5","12","08","2","","0","0","1","0","0"
"POINT (13.308850425000060 52.613164969000081)","Unfall 244094 (2024) Kat:3, Licht: 0","244094","3","5","1","12","10","1","","0","1","1","0","0"
"POINT (13.399514608000061 52.416910598000072)","Unfall 244095 (2024) Kat:3, Licht: 0","244095","3","3","5","12","09","1","","0","1","1","0","0"
"POINT (13.382732310000051 52.403977253000050)","Unfall 244096 (2024) Kat:2, Licht: 2","244096","2","7","8","12","01","7","","2","0","1","0","0"
"POINT (13.375831422000033 52.456689247000043)","Unfall 244097 (2024) Kat:3, Licht: 2","244097","3","6","3","12","18","7","","2","0","1","0","0"
"POINT (13.303061435000075 52.509851420000075)","Unfall 244098 (2024) Kat:2, Licht: 2","244098","2","5","1","12","23","7","","2","1","1","0","0"
"POINT (13.488221434000025 52.474798645000078)","Unfall 244099 (2024) Kat:2, Licht: 2","244099","2","1","1","12","22","7","","2","0","1","0","0"
"POINT (13.587036786000056 52.523600485000031)","Unfall 244100 (2024) Kat:3, Licht: 2","244100","3","2","6","12","21","7","","2","0","1","1","0"
"POINT (13.195311735000075 52.535577905000082)","Unfall 244101 (2024) Kat:3, Licht: 2","244101","3","2","6","12","21","7","","2","0","1","1","0"
"POINT (13.319358376000025 52.471577554000078)","Unfall 244102 (2024) Kat:2, Licht: 2","244102","2","2","6","12","21","7","","2","0","1","1","0"
"POINT (13.363074603000030 52.544907509000041)","Unfall 244103 (2024) Kat:3, Licht: 1","244103","3","2","5","12","19","7","","1","1","0","0","0"
"POINT (13.426164501000073 52.478204286000050)","Unfall 244104 (2024) Kat:3, Licht: 0","244104","3","5","1","12","08","2","","0","0","1","0","1"
"POINT (13.195492006000052 52.533568511000055)","Unfall 244105 (2024) Kat:3, Licht: 2","244105","3","7","0","12","18","7","","2","1","0","0","0"
"POINT (13.294415715000071 52.576283568000065)","Unfall 244106 (2024) Kat:3, Licht: 2","244106","3","2","6","12","17","7","","2","0","1","1","0"
"POINT (13.421403216000044 52.487149375000058)","Unfall 244107 (2024) Kat:3, Licht: 1","244107","3","4","6","12","16","7","","1","1","0","1","0"
"POINT (13.528802430000042 52.461459605000073)","Unfall 244108 (2024) Kat:2, Licht: 1","244108","2","2","5","12","15","7","","1","1","1","0","0"
"POINT (13.309632888000067 52.476224522000052)","Unfall 244109 (2024) Kat:3, Licht: 0","244109","3","3","5","12","14","7","","0","0","1","0","0"
"POINT (13.469524316000047 52.426743991000080)","Unfall 244110 (2024) Kat:2, Licht: 0","244110","2","3","5","12","11","7","","0","0","1","0","0"
"POINT (13.564593674000037 52.572377382000070)","Unfall 244111 (2024) Kat:3, Licht: 0","244111","3","2","6","12","11","7","","0","0","1","1","0"
"POINT (13.393890531000068 52.421970550000026)","Unfall 244112 (2024) Kat:3, Licht: 2","244112","3","5","1","12","16","7","","2","0","1","0","0"
"POINT (13.395977111000036 52.560675157000048)","Unfall 244113 (2024) Kat:2, Licht: 0","244113","2","4","6","12","10","7","","0","0","1","1","0"
"POINT (13.406658806000053 52.498440998000035)","Unfall 244114 (2024) Kat:3, Licht: 1","244114","3","2","5","12","08","7","","1","0","1","0","0"
"POINT (13.402674233000027 52.564739920000079)","Unfall 244115 (2024) Kat:2, Licht: 2","244115","2","5","1","12","06","7","","2","0","1","0","0"
"POINT (13.158589758000062 52.462652194000043)","Unfall 244116 (2024) Kat:3, Licht: 2","244116","3","6","4","12","06","7","","2","0","0","0","0"
"POINT (13.322975541000062 52.565253984000037)","Unfall 244117 (2024) Kat:3, Licht: 2","244117","3","5","1","12","00","7","","2","0","1","0","0"
"POINT (13.305509453000070 52.488124087000074)","Unfall 244118 (2024) Kat:3, Licht: 0","244118","3","3","5","12","10","6","","0","1","1","0","0"
"POINT (13.326806398000031 52.540636347000031)","Unfall 244119 (2024) Kat:2, Licht: 2","244119","2","6","4","12","23","6","","2","0","1","0","0"
"POINT (13.421956477000037 52.505122971000048)","Unfall 244120 (2024) Kat:3, Licht: 2","244120","3","3","5","12","22","6","","2","0","1","0","0"
"POINT (13.515364552000051 52.537530414000059)","Unfall 244121 (2024) Kat:2, Licht: 2","244121","2","3","5","12","23","6","","2","1","1","0","0"
"POINT (13.434977564000064 52.508652071000029)","Unfall 244122 (2024) Kat:3, Licht: 2","244122","3","2","6","12","22","6","","2","0","1","1","0"
"POINT (13.334342438000022 52.451914726000041)","Unfall 244123 (2024) Kat:3, Licht: 2","244123","3","5","1","12","20","6","","2","0","1","0","0"
"POINT (13.360959869000055 52.494258931000047)","Unfall 244124 (2024) Kat:3, Licht: 2","244124","3","2","5","12","18","6","","2","0","1","0","0"
"POINT (13.294450878000077 52.474246746000063)","Unfall 244125 (2024) Kat:2, Licht: 2","244125","2","2","6","12","17","6","","2","0","1","1","0"
"POINT (13.444636642000034 52.474835361000032)","Unfall 244126 (2024) Kat:3, Licht: 2","244126","3","5","1","12","17","6","","2","1","0","0","0"
"POINT (13.523189864000074 52.463205912000035)","Unfall 244127 (2024) Kat:3, Licht: 2","244127","3","4","6","12","17","6","","2","1","0","1","0"
"POINT (13.294787013000075 52.576517387000081)","Unfall 244128 (2024) Kat:3, Licht: 1","244128","3","2","6","12","16","6","","1","0","1","1","0"
"POINT (13.202277644000048 52.546635627000057)","Unfall 244129 (2024) Kat:2, Licht: 2","244129","2","4","0","12","16","6","","2","0","0","1","0"
"POINT (13.587233919000028 52.523310245000062)","Unfall 244130 (2024) Kat:3, Licht: 1","244130","3","3","5","12","16","6","","1","0","1","0","0"
"POINT (13.398037527000042 52.395932603000062)","Unfall 244131 (2024) Kat:3, Licht: 1","244131","3","6","2","12","16","6","","1","0","1","0","0"
"POINT (13.140548716000069 52.530400957000040)","Unfall 244132 (2024) Kat:3, Licht: 0","244132","3","2","5","12","14","6","","0","1","1","0","0"
"POINT (13.410837860000072 52.539639851000061)","Unfall 244133 (2024) Kat:3, Licht: 0","244133","3","7","5","12","14","6","","0","1","1","0","0"
"POINT (13.275357316000054 52.536958371000026)","Unfall 244134 (2024) Kat:3, Licht: 0","244134","3","3","5","12","13","6","","0","0","1","0","0"
"POINT (13.174238970000033 52.468699307000065)","Unfall 244135 (2024) Kat:3, Licht: 0","244135","3","1","8","12","12","6","","0","0","0","0","0"
"POINT (13.279951302000029 52.520493699000042)","Unfall 244137 (2024) Kat:3, Licht: 0","244137","3","6","2","12","12","6","","0","0","1","0","0"
"POINT (13.303951286000029 52.504029254000045)","Unfall 244138 (2024) Kat:3, Licht: 0","244138","3","6","3","12","12","6","","0","0","1","0","1"
"POINT (13.336015490000023 52.443376264000051)","Unfall 244139 (2024) Kat:3, Licht: 0","244139","3","3","5","12","12","6","","0","1","1","0","0"
"POINT (13.393680467000024 52.573280061000048)","Unfall 244140 (2024) Kat:3, Licht: 0","244140","3","7","0","12","08","6","","0","1","0","0","0"
"POINT (13.361132446000056 52.494428844000026)","Unfall 244141 (2024) Kat:3, Licht: 2","244141","3","2","5","12","00","6","","2","0","1","0","0"
"POINT (13.429838707000044 52.470103186000074)","Unfall 244143 (2024) Kat:3, Licht: 2","244143","3","4","6","12","16","6","","2","0","0","1","1"
"POINT (13.481841027000030 52.527273132000062)","Unfall 244144 (2024) Kat:3, Licht: 0","244144","3","4","6","12","13","6","","0","0","1","1","0"
"POINT (13.433991805000062 52.484820552000031)","Unfall 244145 (2024) Kat:3, Licht: 0","244145","3","6","0","12","10","6","","0","0","1","0","0"
"POINT (13.309514988000046 52.431195423000077)","Unfall 244146 (2024) Kat:3, Licht: 0","244146","3","6","2","12","10","6","","0","0","1","0","0"
"POINT (13.309837140000070 52.524663295000039)","Unfall 244147 (2024) Kat:3, Licht: 1","244147","3","3","5","12","16","6","","1","0","1","0","0"
"POINT (13.279116567000074 52.506490181000061)","Unfall 244148 (2024) Kat:3, Licht: 0","244148","3","6","0","12","11","6","","0","0","1","0","0"
"POINT (13.345732089000023 52.436285008000027)","Unfall 244149 (2024) Kat:3, Licht: 2","244149","3","2","5","12","00","6","","2","0","1","0","0"
"POINT (13.410350107000056 52.519864608000034)","Unfall 244150 (2024) Kat:3, Licht: 0","244150","3","5","1","12","12","6","","0","1","0","0","0"
"POINT (13.583982434000063 52.515163333000032)","Unfall 244151 (2024) Kat:3, Licht: 2","244151","3","6","2","12","16","5","","2","0","1","0","0"
"POINT (13.427852524000059 52.545495600000038)","Unfall 244152 (2024) Kat:2, Licht: 2","244152","2","2","5","12","18","5","","2","1","1","0","0"
"POINT (13.488616966000052 52.405639636000046)","Unfall 244153 (2024) Kat:3, Licht: 1","244153","3","1","9","12","15","5","","1","0","1","0","0"
"POINT (13.331010480000032 52.493110035000029)","Unfall 244154 (2024) Kat:3, Licht: 0","244154","3","2","0","12","12","5","","0","1","1","0","0"
"POINT (13.329897479000067 52.507277373000079)","Unfall 244155 (2024) Kat:3, Licht: 2","244155","3","5","1","12","18","5","","2","1","1","0","0"
"POINT (13.294717466000066 52.576236907000066)","Unfall 244156 (2024) Kat:3, Licht: 2","244156","3","4","6","12","18","5","","2","0","1","1","0"
"POINT (13.279736861000060 52.432480108000050)","Unfall 244157 (2024) Kat:2, Licht: 2","244157","2","2","5","12","17","5","","2","0","1","0","1"
"POINT (13.413962649000041 52.526987893000069)","Unfall 244158 (2024) Kat:3, Licht: 2","244158","3","3","5","12","17","5","","2","1","1","0","0"
"POINT (13.329660463000039 52.533039855000027)","Unfall 244159 (2024) Kat:3, Licht: 2","244159","3","3","5","12","17","5","","2","1","1","0","0"
"POINT (13.500500742000042 52.417793528000061)","Unfall 244160 (2024) Kat:3, Licht: 2","244160","3","4","6","12","17","5","","2","0","1","1","0"
"POINT (13.363106742000070 52.548739565000062)","Unfall 244161 (2024) Kat:3, Licht: 0","244161","3","3","5","12","15","5","","0","0","1","0","1"
"POINT (13.334382963000053 52.499531276000027)","Unfall 244163 (2024) Kat:3, Licht: 0","244163","3","6","2","12","15","5","","0","0","1","0","0"
"POINT (13.187084009000046 52.557009073000074)","Unfall 244164 (2024) Kat:3, Licht: 0","244164","3","5","1","12","15","5","","0","1","1","0","0"
"POINT (13.325087970000027 52.486475168000027)","Unfall 244165 (2024) Kat:3, Licht: 0","244165","3","6","2","12","12","5","","0","0","1","0","0"
"POINT (13.390045712000074 52.509507552000059)","Unfall 244166 (2024) Kat:3, Licht: 0","244166","3","3","5","12","11","5","","0","0","1","0","0"
"POINT (13.177213180000024 52.533776308000029)","Unfall 244167 (2024) Kat:2, Licht: 0","244167","2","4","6","12","11","5","","0","0","0","1","0"
"POINT (13.520304674000045 52.570320579000054)","Unfall 244168 (2024) Kat:3, Licht: 0","244168","3","7","2","12","09","5","","0","0","1","0","0"
"POINT (13.510599119000062 52.450389852000058)","Unfall 244169 (2024) Kat:2, Licht: 0","244169","2","7","5","12","09","5","","0","0","1","0","0"
"POINT (13.573379815000067 52.444397121000065)","Unfall 244170 (2024) Kat:3, Licht: 0","244170","3","6","2","12","08","5","","0","0","1","0","0"
"POINT (13.455022148000069 52.588735726000039)","Unfall 244171 (2024) Kat:3, Licht: 1","244171","3","6","2","12","08","5","","1","0","1","0","0"
"POINT (13.317975619000038 52.471756957000082)","Unfall 244172 (2024) Kat:2, Licht: 0","244172","2","4","0","12","14","5","","0","0","0","1","1"
"POINT (13.382143532000043 52.398986402000048)","Unfall 244173 (2024) Kat:3, Licht: 2","244173","3","5","1","12","19","5","","2","0","1","0","0"
"POINT (13.299787154000057 52.487434667000059)","Unfall 244174 (2024) Kat:3, Licht: 2","244174","3","6","2","12","23","5","","2","0","1","0","0"
"POINT (13.288786532000074 52.632611708000070)","Unfall 244175 (2024) Kat:3, Licht: 2","244175","3","3","5","12","18","5","","2","1","1","0","0"
"POINT (13.591687232000027 52.446975947000055)","Unfall 244176 (2024) Kat:3, Licht: 2","244176","3","2","5","12","18","5","","2","0","1","0","0"
"POINT (13.363189412000054 52.476314470000034)","Unfall 244177 (2024) Kat:3, Licht: 2","244177","3","6","3","12","17","5","","2","0","1","0","0"
"POINT (13.295193767000058 52.442452080000066)","Unfall 244178 (2024) Kat:3, Licht: 2","244178","3","4","6","12","17","5","","2","0","1","1","0"
"POINT (13.458405630000073 52.473205099000040)","Unfall 244179 (2024) Kat:2, Licht: 2","244179","2","4","6","12","17","5","","2","0","1","1","0"
"POINT (13.502063934000034 52.548932681000053)","Unfall 244180 (2024) Kat:3, Licht: 2","244180","3","2","6","12","17","5","","2","0","1","1","0"
"POINT (13.497891327000048 52.628337447000035)","Unfall 244181 (2024) Kat:3, Licht: 2","244181","3","3","5","12","16","5","","2","0","1","0","0"
"POINT (13.394410581000045 52.506864962000066)","Unfall 244182 (2024) Kat:2, Licht: 1","244182","2","4","6","12","15","5","","1","0","1","1","0"
"POINT (13.424437159000036 52.608530475000066)","Unfall 244183 (2024) Kat:2, Licht: 0","244183","2","5","1","12","12","5","","0","0","1","0","0"
"POINT (13.286944835000043 52.588810173000070)","Unfall 244184 (2024) Kat:3, Licht: 0","244184","3","3","5","12","12","5","","0","0","1","0","0"
"POINT (13.311971473000028 52.571685145000060)","Unfall 244185 (2024) Kat:3, Licht: 0","244185","3","2","6","12","12","5","","0","0","1","1","0"
"POINT (13.279204306000054 52.503232660000037)","Unfall 244186 (2024) Kat:3, Licht: 0","244186","3","6","3","12","12","5","","0","0","1","0","0"
"POINT (13.412395102000062 52.491975435000029)","Unfall 244187 (2024) Kat:3, Licht: 0","244187","3","4","6","12","11","5","","0","0","1","1","0"
"POINT (13.539524059000030 52.422027291000063)","Unfall 244188 (2024) Kat:3, Licht: 0","244188","3","7","6","12","09","5","","0","1","0","1","0"
"POINT (13.338819298000033 52.589376398000070)","Unfall 244189 (2024) Kat:3, Licht: 0","244189","3","2","5","12","07","5","","0","1","1","0","0"
"POINT (13.312473789000023 52.499253276000047)","Unfall 244190 (2024) Kat:3, Licht: 1","244190","3","2","5","12","07","5","","1","0","1","0","0"
"POINT (13.590254981000044 52.529451060000042)","Unfall 244191 (2024) Kat:3, Licht: 0","244191","3","2","0","12","07","5","","0","0","1","1","0"
"POINT (13.354894022000053 52.543976849000046)","Unfall 244192 (2024) Kat:3, Licht: 0","244192","3","6","2","12","10","5","","0","1","1","0","0"
"POINT (13.365548020000062 52.503120716000069)","Unfall 244193 (2024) Kat:3, Licht: 2","244193","3","4","6","12","18","5","","2","0","0","1","1"
"POINT (13.480059760000074 52.437463760000071)","Unfall 244195 (2024) Kat:3, Licht: 0","244195","3","3","5","12","11","5","","0","0","1","0","0"
"POINT (13.392792501000031 52.548919814000044)","Unfall 244196 (2024) Kat:2, Licht: 2","244196","2","5","1","12","23","4","","2","0","1","0","1"
"POINT (13.330889904000060 52.533548556000028)","Unfall 244197 (2024) Kat:2, Licht: 2","244197","2","6","2","12","23","4","","2","0","1","0","0"
"POINT (13.272168629000078 52.508909200000062)","Unfall 244198 (2024) Kat:2, Licht: 2","244198","2","4","6","12","21","4","","2","0","1","1","0"
"POINT (13.454890497000065 52.474464884000042)","Unfall 244199 (2024) Kat:3, Licht: 2","244199","3","6","3","12","19","4","","2","1","1","0","0"
"POINT (13.280062571000030 52.519934537000040)","Unfall 244200 (2024) Kat:3, Licht: 1","244200","3","1","0","12","18","4","","1","1","0","0","0"
"POINT (13.624821794000070 52.451745156000072)","Unfall 244201 (2024) Kat:3, Licht: 2","244201","3","2","5","12","18","4","","2","1","1","0","0"
"POINT (13.312004305000073 52.480852692000042)","Unfall 244202 (2024) Kat:3, Licht: 2","244202","3","4","6","12","17","4","","2","0","1","1","0"
"POINT (13.441506652000044 52.500550996000072)","Unfall 244203 (2024) Kat:3, Licht: 2","244203","3","2","0","12","16","4","","2","1","1","0","0"
"POINT (13.400368510000021 52.490227547000075)","Unfall 244204 (2024) Kat:3, Licht: 0","244204","3","2","5","12","14","4","","0","1","0","0","0"
"POINT (13.360010820000070 52.547016600000063)","Unfall 244205 (2024) Kat:3, Licht: 0","244205","3","6","0","12","15","4","","0","0","0","0","0"
"POINT (13.420513897000035 52.517648427000040)","Unfall 244206 (2024) Kat:3, Licht: 0","244206","3","3","5","12","14","4","","0","1","1","0","0"
"POINT (13.562589546000027 52.547184447000063)","Unfall 244207 (2024) Kat:3, Licht: 0","244207","3","3","5","12","13","4","","0","0","1","0","0"
"POINT (13.636172437000027 52.422546637000039)","Unfall 244208 (2024) Kat:3, Licht: 0","244208","3","7","4","12","13","4","","0","0","1","0","0"
"POINT (13.332522019000066 52.506026819000056)","Unfall 244209 (2024) Kat:3, Licht: 0","244209","3","4","6","12","13","4","","0","0","0","1","0"
"POINT (13.337175254000044 52.493879888000038)","Unfall 244210 (2024) Kat:3, Licht: 0","244210","3","5","1","12","11","4","","0","0","1","0","0"
"POINT (13.339706976000059 52.518853762000049)","Unfall 244211 (2024) Kat:3, Licht: 0","244211","3","2","5","12","11","4","","0","1","1","0","0"
"POINT (13.314469140000028 52.509984063000047)","Unfall 244212 (2024) Kat:3, Licht: 2","244212","3","6","2","12","18","4","","2","0","1","0","0"
"POINT (13.380983036000032 52.523742623000032)","Unfall 244213 (2024) Kat:3, Licht: 2","244213","3","2","5","12","18","4","","2","1","1","0","0"
"POINT (13.394135355000060 52.397609407000061)","Unfall 244214 (2024) Kat:3, Licht: 2","244214","3","6","2","12","18","4","","2","0","1","0","0"
"POINT (13.307309067000062 52.446951205000062)","Unfall 244215 (2024) Kat:2, Licht: 0","244215","2","4","6","12","13","4","","0","0","1","1","0"
"POINT (13.377058830000067 52.561435048000078)","Unfall 244216 (2024) Kat:3, Licht: 2","244216","3","3","5","12","19","6","","2","0","1","0","0"
"POINT (13.344325405000063 52.607757250000077)","Unfall 244217 (2024) Kat:2, Licht: 0","244217","2","1","9","12","13","4","","0","0","1","0","0"
"POINT (13.508864439000035 52.565554051000049)","Unfall 244218 (2024) Kat:3, Licht: 0","244218","3","4","6","12","07","4","","0","0","0","1","0"
"POINT (13.327356839000061 52.486561557000073)","Unfall 244219 (2024) Kat:3, Licht: 2","244219","3","6","2","12","16","4","","2","0","1","0","0"
"POINT (13.417930101000024 52.515579432000038)","Unfall 244220 (2024) Kat:2, Licht: 2","244220","2","3","0","12","04","3","","2","1","1","0","0"
"POINT (13.293768331000024 52.519379937000053)","Unfall 244221 (2024) Kat:3, Licht: 1","244221","3","5","1","12","15","3","","1","1","1","0","0"
"POINT (13.528680617000077 52.525605603000031)","Unfall 244222 (2024) Kat:3, Licht: 2","244222","3","1","8","12","22","3","","2","0","1","0","0"
"POINT (13.386205669000049 52.515461722000055)","Unfall 244223 (2024) Kat:3, Licht: 0","244223","3","2","6","12","14","3","","0","1","0","1","0"
"POINT (13.505494644000066 52.636878785000079)","Unfall 244224 (2024) Kat:3, Licht: 2","244224","3","3","5","12","20","3","","2","1","1","0","0"
"POINT (13.528523656000061 52.426380179000034)","Unfall 244225 (2024) Kat:3, Licht: 0","244225","3","6","3","12","10","3","","0","0","1","0","0"
"POINT (13.529317519000074 52.483447334000061)","Unfall 244226 (2024) Kat:3, Licht: 2","244226","3","3","5","12","06","3","","2","1","1","0","0"
"POINT (13.351540325000030 52.509496800000079)","Unfall 244227 (2024) Kat:3, Licht: 2","244227","3","2","2","12","19","3","","2","1","1","0","0"
"POINT (13.327736976000040 52.563778490000061)","Unfall 244228 (2024) Kat:3, Licht: 2","244228","3","6","2","12","18","3","","2","0","1","0","0"
"POINT (13.324701162000054 52.418555980000065)","Unfall 244229 (2024) Kat:3, Licht: 2","244229","3","2","5","12","20","7","","2","0","1","0","1"
"POINT (13.361252060000027 52.494418569000061)","Unfall 244230 (2024) Kat:3, Licht: 2","244230","3","3","5","12","17","3","","2","0","1","0","0"
"POINT (13.454144671000051 52.429685986000038)","Unfall 244231 (2024) Kat:3, Licht: 1","244231","3","2","5","12","15","3","","1","0","1","0","0"
"POINT (13.347019495000040 52.530698033000078)","Unfall 244232 (2024) Kat:3, Licht: 0","244232","3","3","5","12","15","3","","0","0","1","0","0"
"POINT (13.619535381000048 52.531183720000058)","Unfall 244233 (2024) Kat:3, Licht: 0","244233","3","5","5","12","15","3","","0","1","1","0","0"
"POINT (13.371188490000065 52.511124673000040)","Unfall 244234 (2024) Kat:3, Licht: 0","244234","3","2","5","12","14","3","","0","0","1","0","0"
"POINT (13.440190785000027 52.481583522000051)","Unfall 244235 (2024) Kat:2, Licht: 0","244235","2","2","6","12","15","3","","0","0","1","1","0"
"POINT (13.315327680000053 52.449553020000053)","Unfall 244236 (2024) Kat:3, Licht: 0","244236","3","3","5","12","14","3","","0","0","1","0","0"
"POINT (13.487046132000046 52.556563377000032)","Unfall 244237 (2024) Kat:3, Licht: 0","244237","3","3","5","12","13","3","","0","1","0","0","0"
"POINT (13.414901002000022 52.405854688000034)","Unfall 244238 (2024) Kat:3, Licht: 0","244238","3","5","1","12","12","3","","0","0","1","0","0"
"POINT (13.412175956000056 52.524245837000080)","Unfall 244239 (2024) Kat:3, Licht: 0","244239","3","4","6","12","13","3","","0","0","1","1","0"
"POINT (13.179604794000056 52.529994088000080)","Unfall 244240 (2024) Kat:3, Licht: 0","244240","3","5","1","12","10","3","","0","0","0","0","0"
"POINT (13.428623075000075 52.581598322000048)","Unfall 244241 (2024) Kat:3, Licht: 0","244241","3","3","5","12","08","3","","0","0","1","0","0"
"POINT (13.582263779000073 52.442555155000036)","Unfall 244242 (2024) Kat:3, Licht: 0","244242","3","2","0","12","08","3","","0","1","1","0","0"
"POINT (13.278131250000058 52.468484794000062)","Unfall 244243 (2024) Kat:3, Licht: 0","244243","3","4","6","12","08","3","","0","1","0","1","0"
"POINT (13.322576663000063 52.487166908000063)","Unfall 244244 (2024) Kat:3, Licht: 1","244244","3","4","6","12","07","3","","1","0","1","1","0"
"POINT (13.293726758000048 52.445561088000034)","Unfall 244245 (2024) Kat:3, Licht: 1","244245","3","2","5","12","07","3","","1","1","1","0","0"
"POINT (13.499010171000066 52.547502248000058)","Unfall 244246 (2024) Kat:3, Licht: 2","244246","3","4","6","12","07","3","","2","0","1","1","0"
"POINT (13.469949838000048 52.512304431000075)","Unfall 244247 (2024) Kat:3, Licht: 1","244247","3","3","5","12","07","3","","1","0","1","0","1"
"POINT (13.341096427000025 52.600111634000029)","Unfall 244248 (2024) Kat:3, Licht: 2","244248","3","2","6","12","17","2","","2","0","1","1","0"
"POINT (13.377055527000039 52.556444895000027)","Unfall 244249 (2024) Kat:3, Licht: 2","244249","3","2","5","12","06","2","","2","0","0","0","0"
"POINT (13.390517898000041 52.419953770000063)","Unfall 244250 (2024) Kat:3, Licht: 2","244250","3","2","6","12","22","2","","2","0","1","1","0"
"POINT (13.302313696000056 52.547890612000060)","Unfall 244251 (2024) Kat:3, Licht: 2","244251","3","2","5","12","17","2","","2","0","1","0","0"