WKT,Name,OBJECTID,UKATEGORIE,UTYP1,UART,UMONAT,USTUNDE,UWOCHENTAG,STRZUSTAND,ULICHTVERH,ISTRAD,ISTPKW,ISTFUSS,ISTKRAD
"POINT (13.294825348000074 52.539539733000026)","Unfall 244442 (2024) Kat:3, Licht: 2","244442","3","2","6","12","17","2","","2","0","1","1","0"
"POINT (13.379553853000061 52.522581482000078)","Unfall 244443 (2024) Kat:3, Licht: 2","244443","3","2","6","12","16","2","","2","0","1","1","0"
"POINT (13.409351568000034 52.498533448000046)","Unfall 244444 (2024) Kat:3, Licht: 1","244444","3","6","3","12","14","1","","1","1","1","0","0"
"POINT (13.337541897000051 52.595775938000031)","Unfall 244445 (2024) Kat:3, Licht: 0","244445","3","7","6","12","14","2","","0","0","1","1","0"
"POINT (13.351371728000061 52.571449794000046)","Unfall 244446 (2024) Kat:3, Licht: 0","244446","3","2","5","12","12","2","","0","0","1","0","0"
"POINT (13.356710073000045 52.424596930000064)","Unfall 244447 (2024) Kat:3, Licht: 0","244447","3","2","5","12","09","2","","0","0","1","0","0"
"POINT (13.387797366000029 52.489958352000031)","Unfall 244448 (2024) Kat:3, Licht: 0","244448","3","5","1","12","10","2","","0","1","0","0","0"
"POINT (13.381657248000067 52.504166739000027)","Unfall 244449 (2024) Kat:3, Licht: 0","244449","3","2","5","12","09","2","","0","1","1","0","0"
"POINT (13.367106196000066 52.426789000000042)","Unfall 244450 (2024) Kat:3, Licht: 0","244450","3","3","5","12","09","2","","0","0","1","0","0"
"POINT (13.178012671000033 52.548734550000063)","Unfall 244451 (2024) Kat:3, Licht: 2","244451","3","2","5","12","20","2","","2","0","1","0","0"
"POINT (13.440459061000070 52.467380146000039)","Unfall 244452 (2024) Kat:3, Licht: 2","244452","3","3","5","12","18","2","","2","0","1","0","0"
"POINT (13.561780772000077 52.503086669000027)","Unfall 244453 (2024) Kat:3, Licht: 2","244453","3","2","6","12","18","2","","2","0","1","1","0"
"POINT (13.477237969000043 52.522987279000063)","Unfall 244454 (2024) Kat:3, Licht: 2","244454","3","2","2","12","17","2","","2","0","1","0","0"
"POINT (13.370054525000057 52.553095417000065)","Unfall 244455 (2024) Kat:3, Licht: 2","244455","3","1","0","12","17","2","","2","0","0","0","1"
"POINT (13.459691367000062 52.432382741000026)","Unfall 244456 (2024) Kat:3, Licht: 2","244456","3","2","6","12","17","2","","2","0","1","1","0"
"POINT (13.363284245000045 52.580521998000052)","Unfall 244457 (2024) Kat:3, Licht: 2","244457","3","6","2","12","16","2","","2","0","1","0","0"
"POINT (13.299526057000037 52.519492966000030)","Unfall 244458 (2024) Kat:3, Licht: 2","244458","3","2","5","12","16","2","","2","0","1","0","0"
"POINT (13.499627287000067 52.534896768000067)","Unfall 244459 (2024) Kat:3, Licht: 2","244459","3","3","5","12","18","2","","2","1","1","0","0"
"POINT (13.438683982000043 52.481390977000046)","Unfall 244460 (2024) Kat:3, Licht: 2","244460","3","4","6","12","15","2","","2","0","1","1","0"
"POINT (13.438203838000049 52.420020513000054)","Unfall 244461 (2024) Kat:3, Licht: 0","244461","3","4","6","12","15","2","","0","0","0","1","1"
"POINT (13.165474538000069 52.551084480000043)","Unfall 244462 (2024) Kat:3, Licht: 0","244462","3","2","6","12","11","2","","0","0","1","1","0"
"POINT (13.202969380000070 52.535376972000051)","Unfall 244463 (2024) Kat:3, Licht: 1","244463","3","2","2","12","11","2","","1","1","1","0","0"
"POINT (13.416688971000042 52.573629304000065)","Unfall 244464 (2024) Kat:3, Licht: 0","244464","3","5","1","12","09","2","","0","1","1","0","0"
"POINT (13.500634976000072 52.435264164000046)","Unfall 244465 (2024) Kat:3, Licht: 2","244465","3","2","6","12","05","2","","2","0","1","1","0"
"POINT (13.359172438000030 52.494355788000064)","Unfall 244466 (2024) Kat:3, Licht: 0","244466","3","7","5","12","08","2","","0","0","1","0","1"
"POINT (13.292136123000034 52.497423082000068)","Unfall 244468 (2024) Kat:3, Licht: 2","244468","3","6","2","12","02","1","","2","0","1","0","0"
"POINT (13.352207648000046 52.617115736000073)","Unfall 244469 (2024) Kat:3, Licht: 2","244469","3","6","3","12","18","1","","2","0","1","0","0"
"POINT (13.199290796000071 52.534808356000042)","Unfall 244470 (2024) Kat:3, Licht: 2","244470","3","2","0","12","17","1","","2","0","1","0","0"
"POINT (13.397908230000041 52.490780521000033)","Unfall 244471 (2024) Kat:3, Licht: 0","244471","3","3","5","12","15","1","","0","1","1","0","0"
"POINT (13.198897111000065 52.533167697000067)","Unfall 244472 (2024) Kat:3, Licht: 1","244472","3","2","2","12","15","1","","1","0","1","0","0"
"POINT (13.400495801000034 52.494313670000054)","Unfall 244473 (2024) Kat:3, Licht: 0","244473","3","7","5","12","13","1","","0","0","1","0","0"
"POINT (13.398360990000072 52.592395704000069)","Unfall 244474 (2024) Kat:3, Licht: 0","244474","3","3","5","12","13","1","","0","0","1","0","0"
"POINT (13.357912563000070 52.574427442000058)","Unfall 244475 (2024) Kat:2, Licht: 0","244475","2","3","5","12","12","1","","0","1","1","0","0"
"POINT (13.382853843000078 52.554072084000040)","Unfall 244476 (2024) Kat:3, Licht: 0","244476","3","1","1","12","10","1","","0","0","1","0","0"
"POINT (13.332611286000031 52.595379503000061)","Unfall 244477 (2024) Kat:3, Licht: 0","244477","3","6","2","12","09","1","","0","0","1","0","0"
"POINT (13.528269269000077 52.406994853000072)","Unfall 244478 (2024) Kat:2, Licht: 0","244478","2","7","1","12","09","1","","0","0","1","0","0"
"POINT (13.375470579000023 52.540318825000043)","Unfall 244479 (2024) Kat:3, Licht: 2","244479","3","3","5","12","04","1","","2","0","1","0","0"
"POINT (13.361089156000048 52.494432562000043)","Unfall 244480 (2024) Kat:2, Licht: 2","244480","2","2","5","12","02","1","","2","0","1","0","0"
"POINT (13.486990362000029 52.465641486000038)","Unfall 244481 (2024) Kat:3, Licht: 0","244481","3","2","5","12","12","1","","0","1","1","0","0"
"POINT (13.247808122000038 52.547293216000071)","Unfall 244482 (2024) Kat:3, Licht: 2","244482","3","2","5","12","23","7","","2","0","1","0","0"
"POINT (13.395288703000062 52.496094375000041)","Unfall 244483 (2024) Kat:3, Licht: 2","244483","3","2","6","12","23","7","","2","0","1","1","0"
"POINT (13.361118020000049 52.494430083000054)","Unfall 244484 (2024) Kat:3, Licht: 2","244484","3","2","5","12","23","7","","2","0","1","0","0"
"POINT (13.432049057000029 52.497356061000062)","Unfall 244485 (2024) Kat:3, Licht: 2","244485","3","7","5","12","22","7","","2","1","1","0","0"
"POINT (13.308958932000053 52.506059185000026)","Unfall 244487 (2024) Kat:3, Licht: 2","244487","3","5","1","12","21","7","","2","0","1","0","0"
"POINT (13.161014622000039 52.525465710000049)","Unfall 244488 (2024) Kat:3, Licht: 2","244488","3","3","5","12","07","7","","2","0","1","0","0"
"POINT (13.361146883000060 52.494427604000066)","Unfall 244489 (2024) Kat:3, Licht: 2","244489","3","2","5","12","00","7","","2","0","1","0","0"
"POINT (13.285621097000046 52.482940582000026)","Unfall 244490 (2024) Kat:3, Licht: 2","244490","3","2","6","12","21","7","","2","0","1","1","0"
"POINT (13.532541068000057 52.510617715000080)","Unfall 244491 (2024) Kat:3, Licht: 2","244491","3","3","5","12","18","7","","2","0","1","0","0"
"POINT (13.398576347000073 52.507498743000042)","Unfall 244492 (2024) Kat:3, Licht: 2","244492","3","6","3","12","18","7","","2","0","1","0","0"
"POINT (13.418221514000038 52.517381111000077)","Unfall 244493 (2024) Kat:3, Licht: 2","244493","3","2","5","12","17","7","","2","1","1","0","0"
"POINT (13.279933750000055 52.506166029000042)","Unfall 244494 (2024) Kat:3, Licht: 2","244494","3","3","5","12","00","7","","2","0","1","0","0"
"POINT (13.314129009000055 52.471847104000062)","Unfall 244496 (2024) Kat:3, Licht: 2","244496","3","4","6","12","16","2","","2","0","1","1","0"
"POINT (13.339606203000073 52.499633176000032)","Unfall 244497 (2024) Kat:3, Licht: 2","244497","3","4","6","12","18","7","","2","0","1","1","0"
"POINT (13.406731191000063 52.498472195000033)","Unfall 244498 (2024) Kat:3, Licht: 2","244498","3","2","5","12","17","7","","2","0","1","0","0"
"POINT (13.393770410000059 52.541015319000053)","Unfall 244499 (2024) Kat:3, Licht: 1","244499","3","2","6","12","15","7","","1","0","0","1","0"
"POINT (13.382256161000043 52.489948275000074)","Unfall 244500 (2024) Kat:3, Licht: 0","244500","3","2","0","12","15","7","","0","0","1","1","0"
"POINT (13.297495551000054 52.534571267000047)","Unfall 244501 (2024) Kat:3, Licht: 2","244501","3","3","5","12","20","7","","2","0","1","0","0"
"POINT (13.413094003000026 52.382870340000068)","Unfall 244502 (2024) Kat:3, Licht: 2","244502","3","2","5","12","18","7","","2","0","1","0","0"
"POINT (13.519261504000042 52.454013686000053)","Unfall 244503 (2024) Kat:3, Licht: 0","244503","3","3","5","12","08","7","","0","0","1","0","0"
"POINT (13.420853534000059 52.548958261000053)","Unfall 244504 (2024) Kat:2, Licht: 2","244504","2","7","0","12","01","7","","2","1","0","0","0"
"POINT (13.520252956000036 52.573811003000060)","Unfall 244505 (2024) Kat:3, Licht: 2","244505","3","4","6","12","18","7","","2","0","1","1","0"
"POINT (13.305874214000028 52.525722822000034)","Unfall 244506 (2024) Kat:3, Licht: 2","244506","3","2","6","12","18","7","","2","0","1","1","0"
"POINT (13.454235200000028 52.562151537000034)","Unfall 244507 (2024) Kat:3, Licht: 0","244507","3","2","5","12","11","7","","0","1","1","0","0"
"POINT (13.379815924000070 52.532690254000045)","Unfall 244508 (2024) Kat:2, Licht: 2","244508","2","4","6","12","18","7","","2","0","1","1","0"
"POINT (13.550445703000037 52.542930490000060)","Unfall 244509 (2024) Kat:2, Licht: 2","244509","2","2","6","12","17","7","","2","0","1","1","0"
"POINT (13.589095299000064 52.517593315000056)","Unfall 244511 (2024) Kat:3, Licht: 0","244511","3","2","5","12","10","7","","0","0","1","0","0"
"POINT (13.397610141000030 52.424938885000074)","Unfall 244512 (2024) Kat:3, Licht: 2","244512","3","5","1","12","03","7","","2","0","1","0","0"
"POINT (13.346201292000046 52.501041337000061)","Unfall 244513 (2024) Kat:3, Licht: 1","244513","3","2","5","12","16","6","","1","0","1","0","0"
"POINT (13.421632801000044 52.441106888000036)","Unfall 244514 (2024) Kat:3, Licht: 2","244514","3","1","9","12","17","6","","2","0","1","0","0"
"POINT (13.435814306000054 52.552104780000036)","Unfall 244515 (2024) Kat:3, Licht: 0","244515","3","5","1","12","11","6","","0","1","1","0","0"
"POINT (13.194044420000068 52.518043539000075)","Unfall 244516 (2024) Kat:3, Licht: 2","244516","3","2","6","12","19","5","","2","0","1","1","0"
"POINT (13.346996020000063 52.500959206000061)","Unfall 244517 (2024) Kat:3, Licht: 0","244517","3","6","2","12","08","6","","0","0","1","0","0"
"POINT (13.512049244000025 52.554767813000069)","Unfall 244518 (2024) Kat:2, Licht: 0","244518","2","4","6","12","08","6","","0","0","1","1","0"
"POINT (13.309546233000049 52.583952588000045)","Unfall 244519 (2024) Kat:3, Licht: 1","244519","3","2","5","12","07","6","","1","0","1","0","0"
"POINT (13.460972061000064 52.511090251000041)","Unfall 244520 (2024) Kat:3, Licht: 0","244520","3","3","5","12","07","6","","0","0","1","0","0"
"POINT (13.361146883000060 52.494427604000066)","Unfall 244521 (2024) Kat:3, Licht: 2","244521","3","2","5","12","23","6","","2","0","1","0","0"
"POINT (13.332611598000028 52.506240826000067)","Unfall 244522 (2024) Kat:3, Licht: 2","244522","3","1","0","12","23","6","","2","0","0","0","1"
"POINT (13.435735851000061 52.551019131000032)","Unfall 244523 (2024) Kat:3, Licht: 2","244523","3","3","5","12","16","6","","2","0","1","0","0"
"POINT (13.300349029000074 52.513462586000060)","Unfall 244524 (2024) Kat:3, Licht: 0","244524","3","2","2","12","15","6","","0","1","0","0","1"
"POINT (13.391199978000031 52.544731858000034)","Unfall 244525 (2024) Kat:2, Licht: 2","244525","2","2","6","12","17","1","","2","0","1","1","0"
"POINT (13.452349803000061 52.481296748000034)","Unfall 244526 (2024) Kat:3, Licht: 0","244526","3","3","0","12","15","6","","0","1","1","0","0"
"POINT (13.535054185000035 52.432373316000053)","Unfall 244527 (2024) Kat:3, Licht: 0","244527","3","2","0","12","13","6","","0","1","1","0","0"
"POINT (13.326156673000071 52.561928459000058)","Unfall 244528 (2024) Kat:3, Licht: 0","244528","3","6","2","12","11","6","","0","0","1","0","0"
"POINT (13.554491653000071 52.455891797000049)","Unfall 244529 (2024) Kat:3, Licht: 0","244529","3","7","5","12","11","6","","0","0","0","0","0"
"POINT (13.305780019000053 52.499685718000080)","Unfall 244530 (2024) Kat:3, Licht: 0","244530","3","6","2","12","08","6","","0","0","1","0","0"
"POINT (13.362989485000071 52.499693783000055)","Unfall 244531 (2024) Kat:3, Licht: 0","244531","3","2","6","12","10","7","","0","0","1","1","0"
"POINT (13.406222142000047 52.415737982000053)","Unfall 244532 (2024) Kat:3, Licht: 1","244532","3","2","6","12","07","6","","1","0","1","1","0"
"POINT (13.156568382000046 52.521386410000048)","Unfall 244533 (2024) Kat:3, Licht: 1","244533","3","6","2","12","07","6","","1","0","1","0","0"
"POINT (13.419977079000034 52.501092448000065)","Unfall 244534 (2024) Kat:3, Licht: 2","244534","3","5","1","12","18","6","","2","1","1","0","0"
"POINT (13.431915050000043 52.515060066000046)","Unfall 244535 (2024) Kat:2, Licht: 2","244535","2","3","5","12","23","6","","2","0","1","0","0"
"POINT (13.294432291000021 52.519417789000045)","Unfall 244536 (2024) Kat:2, Licht: 0","244536","2","6","2","12","12","6","","0","0","0","0","1"
"POINT (13.548755916000061 52.528409199000066)","Unfall 244537 (2024) Kat:3, Licht: 0","244537","3","6","2","12","07","6","","0","0","1","0","0"
"POINT (13.435185578000073 52.530500472000028)","Unfall 244538 (2024) Kat:2, Licht: 2","244538","2","2","6","12","18","6","","2","0","1","1","0"
"POINT (13.340400774000045 52.492353287000071)","Unfall 244539 (2024) Kat:3, Licht: 2","244539","3","7","5","12","18","6","","2","0","1","0","1"
"POINT (13.478688278000050 52.477559393000035)","Unfall 244540 (2024) Kat:3, Licht: 0","244540","3","2","6","12","15","6","","0","0","0","1","0"
"POINT (13.466627653000046 52.451889789000063)","Unfall 244541 (2024) Kat:3, Licht: 0","244541","3","5","5","12","13","6","","0","0","1","0","0"
"POINT (13.452998521000040 52.567445770000063)","Unfall 244542 (2024) Kat:3, Licht: 0","244542","3","3","0","12","12","6","","0","1","1","0","0"
"POINT (13.287351131000037 52.516518135000069)","Unfall 244543 (2024) Kat:3, Licht: 0","244543","3","2","5","12","10","6","","0","1","1","0","0"
"POINT (13.412231140000074 52.503078823000067)","Unfall 244544 (2024) Kat:3, Licht: 0","244544","3","3","5","12","12","1","","0","0","0","0","1"
"POINT (13.532045948000075 52.484001188000036)","Unfall 244545 (2024) Kat:3, Licht: 0","244545","3","3","5","12","09","6","","0","0","1","0","0"
"POINT (13.423801334000075 52.538246087000061)","Unfall 244546 (2024) Kat:2, Licht: 0","244546","2","3","5","12","09","6","","0","1","1","0","0"
"POINT (13.559059597000044 52.447597473000030)","Unfall 244547 (2024) Kat:3, Licht: 2","244547","3","7","5","12","07","6","","2","0","1","0","0"
"POINT (13.616956832000028 52.446667416000082)","Unfall 244548 (2024) Kat:3, Licht: 2","244548","3","4","6","12","07","6","","2","0","1","1","0"
"POINT (13.180133048000073 52.509160349000069)","Unfall 244549 (2024) Kat:3, Licht: 2","244549","3","2","6","12","06","6","","2","0","1","1","0"
"POINT (13.234672761000070 52.438480162000076)","Unfall 244551 (2024) Kat:3, Licht: 2","244551","3","4","6","12","06","6","","2","1","0","1","0"
"POINT (13.184560551000061 52.515545596000038)","Unfall 244553 (2024) Kat:3, Licht: 2","244553","3","2","6","12","06","6","","2","0","1","1","0"
"POINT (13.177683029000036 52.525375818000043)","Unfall 244554 (2024) Kat:3, Licht: 2","244554","3","2","6","12","06","6","","2","0","1","1","0"
"POINT (13.487796797000044 52.537646884000026)","Unfall 244555 (2024) Kat:3, Licht: 2","244555","3","3","5","12","21","5","","2","1","1","0","0"
"POINT (13.287461919000066 52.516485141000032)","Unfall 244556 (2024) Kat:3, Licht: 2","244556","3","4","6","12","19","5","","2","0","0","1","0"
"POINT (13.358365321000065 52.498456229000055)","Unfall 244557 (2024) Kat:3, Licht: 1","244557","3","6","2","12","14","5","","1","0","1","0","0"
"POINT (13.399484133000044 52.520167679000053)","Unfall 244558 (2024) Kat:3, Licht: 0","244558","3","1","0","12","15","5","","0","1","0","0","0"
"POINT (13.221147825000060 52.555968014000030)","Unfall 244559 (2024) Kat:2, Licht: 0","244559","2","4","6","12","14","5","","0","0","1","1","0"
"POINT (13.327341056000023 52.502249700000050)","Unfall 244560 (2024) Kat:3, Licht: 1","244560","3","4","6","12","14","5","","1","1","0","1","0"
"POINT (13.288456816000064 52.518914571000039)","Unfall 244561 (2024) Kat:3, Licht: 0","244561","3","6","3","12","13","5","","0","0","1","0","0"
"POINT (13.377756225000041 52.507881843000064)","Unfall 244562 (2024) Kat:2, Licht: 0","244562","2","3","5","12","11","5","","0","1","1","0","0"
"POINT (13.457018410000046 52.561067705000028)","Unfall 244563 (2024) Kat:3, Licht: 2","244563","3","2","5","12","18","5","","2","1","1","0","0"
"POINT (13.417704371000070 52.506378675000065)","Unfall 244564 (2024) Kat:2, Licht: 2","244564","2","2","6","12","18","5","","2","0","0","1","1"
"POINT (13.439137625000058 52.547351837000065)","Unfall 244565 (2024) Kat:3, Licht: 0","244565","3","2","5","12","08","5","","0","0","1","0","0"
"POINT (13.305438678000030 52.499776295000061)","Unfall 244566 (2024) Kat:3, Licht: 0","244566","3","7","6","12","08","5","","0","0","1","1","0"
"POINT (13.279886145000035 52.483026923000068)","Unfall 244567 (2024) Kat:3, Licht: 1","244567","3","5","1","12","07","5","","1","1","1","0","0"
"POINT (13.477938919000053 52.514550877000033)","Unfall 244568 (2024) Kat:3, Licht: 1","244568","3","7","5","12","17","5","","1","0","1","0","0"
"POINT (13.709803987000043 52.432989200000065)","Unfall 244569 (2024) Kat:3, Licht: 2","244569","3","3","5","12","17","5","","2","0","1","0","0"
"POINT (13.212623129000065 52.573145877000059)","Unfall 244570 (2024) Kat:3, Licht: 1","244570","3","6","2","12","16","5","","1","0","1","0","0"
"POINT (13.259783660000039 52.608199568000032)","Unfall 244571 (2024) Kat:2, Licht: 0","244571","2","4","6","12","15","5","","0","0","1","1","0"
"POINT (13.316822640000055 52.501287352000077)","Unfall 244572 (2024) Kat:3, Licht: 0","244572","3","2","5","12","14","5","","0","0","1","0","0"
"POINT (13.285287421000021 52.479570170000045)","Unfall 244573 (2024) Kat:3, Licht: 0","244573","3","2","5","12","13","5","","0","0","1","0","0"
"POINT (13.347712226000056 52.424999766000042)","Unfall 244574 (2024) Kat:3, Licht: 0","244574","3","1","1","12","12","5","","0","0","1","0","0"
"POINT (13.460435111000038 52.454118297000036)","Unfall 244575 (2024) Kat:3, Licht: 0","244575","3","6","2","12","12","5","","0","0","1","0","0"
"POINT (13.558417959000053 52.455165860000079)","Unfall 244576 (2024) Kat:3, Licht: 0","244576","3","6","2","12","08","5","","0","0","1","0","0"
"POINT (13.326097276000041 52.538388930000053)","Unfall 244577 (2024) Kat:3, Licht: 2","244577","3","2","5","12","18","5","","2","0","1","0","0"
"POINT (13.477992119000021 52.442181121000033)","Unfall 244578 (2024) Kat:3, Licht: 2","244578","3","3","5","12","17","5","","2","1","1","0","0"
"POINT (13.406045379000034 52.581677538000065)","Unfall 244579 (2024) Kat:3, Licht: 0","244579","3","2","5","12","14","5","","0","1","1","0","0"
"POINT (13.382656467000061 52.484995747000028)","Unfall 244580 (2024) Kat:3, Licht: 0","244580","3","5","2","12","12","5","","0","0","1","0","1"
"POINT (13.541158661000054 52.435620232000076)","Unfall 244581 (2024) Kat:3, Licht: 0","244581","3","4","6","12","07","5","","0","0","1","1","0"
"POINT (13.479105512000046 52.607668171000057)","Unfall 244582 (2024) Kat:3, Licht: 2","244582","3","4","6","12","17","5","","2","0","1","1","0"
"POINT (13.402658214000041 52.528035032000048)","Unfall 244583 (2024) Kat:3, Licht: 1","244583","3","3","5","12","19","5","","1","1","1","0","0"
"POINT (13.613200762000076 52.508630775000029)","Unfall 244584 (2024) Kat:3, Licht: 2","244584","3","2","6","12","16","5","","2","0","0","1","0"
"POINT (13.453399364000063 52.429385702000047)","Unfall 244585 (2024) Kat:3, Licht: 0","244585","3","2","5","12","15","5","","0","0","1","0","0"
"POINT (13.378413421000062 52.560959284000035)","Unfall 244586 (2024) Kat:3, Licht: 2","244586","3","2","6","12","16","5","","2","0","1","1","0"
"POINT (13.452006700000027 52.534704210000029)","Unfall 244587 (2024) Kat:3, Licht: 0","244587","3","2","2","12","11","5","","0","0","1","0","0"
"POINT (13.558381281000038 52.507273447000046)","Unfall 244588 (2024) Kat:3, Licht: 1","244588","3","7","5","12","16","5","","1","0","1","0","0"
"POINT (13.541485013000056 52.534426009000072)","Unfall 244589 (2024) Kat:3, Licht: 2","244589","3","3","5","12","07","5","","2","1","1","0","0"
"POINT (13.361251671000048 52.557624059000034)","Unfall 244590 (2024) Kat:3, Licht: 0","244590","3","3","0","12","14","5","","0","0","1","0","1"
"POINT (13.542217247000053 52.542642032000060)","Unfall 244591 (2024) Kat:3, Licht: 0","244591","3","6","2","12","13","5","","0","0","1","0","0"
"POINT (13.466120843000056 52.433463095000036)","Unfall 244593 (2024) Kat:2, Licht: 0","244593","2","4","6","12","09","5","","0","0","1","1","0"
"POINT (13.275022580000041 52.421391096000036)","Unfall 244594 (2024) Kat:3, Licht: 0","244594","3","6","3","12","09","5","","0","1","1","0","0"
"POINT (13.458710536000069 52.512607027000058)","Unfall 244595 (2024) Kat:3, Licht: 2","244595","3","1","0","12","01","5","","2","1","0","0","0"
"POINT (13.559997332000023 52.556080652000048)","Unfall 244596 (2024) Kat:3, Licht: 0","244596","3","2","5","12","15","5","","0","1","1","0","0"
"POINT (13.453079276000039 52.567490935000080)","Unfall 244597 (2024) Kat:3, Licht: 0","244597","3","2","5","12","13","5","","0","1","1","0","0"
"POINT (13.314666392000049 52.474267468000050)","Unfall 244598 (2024) Kat:3, Licht: 2","244598","3","2","6","12","06","4","","2","0","0","1","0"
"POINT (13.299413135000066 52.523340258000076)","Unfall 244599 (2024) Kat:3, Licht: 2","244599","3","7","5","12","17","4","","2","1","1","0","0"
"POINT (13.427434268000070 52.552403397000035)","Unfall 244600 (2024) Kat:3, Licht: 2","244600","3","3","5","12","23","4","","2","1","1","0","0"
"POINT (13.184565173000067 52.515551600000038)","Unfall 244601 (2024) Kat:3, Licht: 0","244601","3","2","5","12","13","4","","0","0","1","0","0"
"POINT (13.326232475000040 52.538049861000047)","Unfall 244602 (2024) Kat:3, Licht: 0","244602","3","2","5","12","13","4","","0","0","1","0","0"
"POINT (13.238938470000051 52.602527930000065)","Unfall 244603 (2024) Kat:3, Licht: 0","244603","3","3","0","12","08","4","","0","1","1","0","0"
"POINT (13.466041619000066 52.499955108000051)","Unfall 244604 (2024) Kat:3, Licht: 0","244604","3","2","5","12","07","4","","0","1","1","0","0"
"POINT (13.295567368000036 52.610582218000047)","Unfall 244605 (2024) Kat:3, Licht: 1","244605","3","6","2","12","07","4","","1","0","1","0","0"
"POINT (13.372039293000057 52.469834685000080)","Unfall 244606 (2024) Kat:3, Licht: 2","244606","3","2","5","12","22","4","","2","0","1","0","0"
"POINT (13.303744548000054 52.577842752000038)","Unfall 244607 (2024) Kat:3, Licht: 0","244607","3","7","2","12","13","4","","0","1","0","0","1"
"POINT (13.397606448000033 52.495233728000073)","Unfall 244608 (2024) Kat:3, Licht: 2","244608","3","2","5","12","19","4","","2","0","1","0","0"
"POINT (13.422888608000051 52.486739627000077)","Unfall 244609 (2024) Kat:3, Licht: 1","244609","3","5","1","12","16","4","","1","1","1","0","0"
"POINT (13.383129882000048 52.492480512000043)","Unfall 244610 (2024) Kat:2, Licht: 0","244610","2","3","0","12","12","4","","0","0","1","0","1"
"POINT (13.412434643000040 52.544430245000058)","Unfall 244611 (2024) Kat:3, Licht: 1","244611","3","3","0","12","07","4","","1","0","1","0","1"
"POINT (13.337177519000022 52.494142181000029)","Unfall 244612 (2024) Kat:3, Licht: 2","244612","3","1","0","12","21","4","","2","1","0","0","0"
"POINT (13.600744527000074 52.477949759000069)","Unfall 244613 (2024) Kat:3, Licht: 2","244613","3","3","5","12","19","4","","2","1","1","0","0"
"POINT (13.374118077000048 52.556343953000066)","Unfall 244614 (2024) Kat:2, Licht: 2","244614","2","4","6","12","16","4","","2","0","1","1","0"
"POINT (13.380248700000038 52.551449425000044)","Unfall 244615 (2024) Kat:3, Licht: 2","244615","3","5","1","12","16","4","","2","1","1","0","0"
"POINT (13.496184292000066 52.500204642000028)","Unfall 244616 (2024) Kat:2, Licht: 2","244616","2","2","6","12","16","4","","2","0","1","1","0"
"POINT (13.340556972000059 52.464457361000029)","Unfall 244617 (2024) Kat:3, Licht: 0","244617","3","4","6","12","15","4","","0","1","0","1","0"
"POINT (13.329758925000021 52.523904092000066)","Unfall 244618 (2024) Kat:3, Licht: 2","244618","3","2","5","12","16","4","","2","1","1","0","0"
"POINT (13.505761611000025 52.443679844000030)","Unfall 244619 (2024) Kat:3, Licht: 2","244619","3","6","4","12","17","4","","2","1","1","0","0"
"POINT (13.590255633000027 52.529452339000045)","Unfall 244620 (2024) Kat:3, Licht: 2","244620","3","2","6","12","17","4","","2","0","1","1","0"
"POINT (13.382216585000037 52.501779535000026)","Unfall 244621 (2024) Kat:3, Licht: 2","244621","3","3","5","12","16","4","","2","1","1","0","0"
"POINT (13.327692695000053 52.564196241000047)","Unfall 244622 (2024) Kat:3, Licht: 1","244622","3","2","6","12","15","4","","1","0","1","1","0"
"POINT (13.284973409000031 52.417204745000049)","Unfall 244623 (2024) Kat:3, Licht: 0","244623","3","3","5","12","15","4","","0","0","1","0","0"
"POINT (13.549547659000041 52.568714379000028)","Unfall 244624 (2024) Kat:3, Licht: 0","244624","3","3","5","12","09","4","","0","1","0","0","0"
"POINT (13.423011538000026 52.499056403000054)","Unfall 244625 (2024) Kat:3, Licht: 2","244625","3","6","0","12","16","4","","2","1","0","0","0"
"POINT (13.446550816000070 52.502725469000040)","Unfall 244626 (2024) Kat:3, Licht: 2","244626","3","2","6","12","23","4","","2","0","1","1","0"
"POINT (13.412440651000054 52.505819160000044)","Unfall 244627 (2024) Kat:3, Licht: 0","244627","3","4","6","12","16","4","","0","0","1","1","0"
"POINT (13.380591235000054 52.451949331000037)","Unfall 244628 (2024) Kat:3, Licht: 2","244628","3","5","1","12","06","4","","2","0","1","0","0"
"POINT (13.459048612000061 52.526047535000032)","Unfall 244629 (2024) Kat:3, Licht: 2","244629","3","2","6","12","06","4","","2","0","1","1","0"
"POINT (13.456047711000053 52.528702336000038)","Unfall 244630 (2024) Kat:3, Licht: 2","244630","3","6","2","12","19","4","","2","0","1","0","1"
"POINT (13.289530515000024 52.509426158000053)","Unfall 244631 (2024) Kat:3, Licht: 2","244631","3","2","6","12","18","3","","2","0","1","1","0"
"POINT (13.418373103000022 52.536614358000065)","Unfall 244632 (2024) Kat:3, Licht: 2","244632","3","2","5","12","17","3","","2","1","1","0","0"
"POINT (13.361232573000052 52.494226218000051)","Unfall 244633 (2024) Kat:3, Licht: 2","244633","3","3","5","12","23","3","","2","0","1","0","0"
"POINT (13.382384822000063 52.455885897000030)","Unfall 244634 (2024) Kat:3, Licht: 2","244634","3","4","0","12","20","3","","2","0","0","1","1"
"POINT (13.378540429000054 52.529086067000037)","Unfall 244635 (2024) Kat:3, Licht: 2","244635","3","2","5","12","19","3","","2","1","1","0","0"