WKT,Name,OBJECTID,UKATEGORIE,UTYP1,UART,UMONAT,USTUNDE,UWOCHENTAG,STRZUSTAND,ULICHTVERH,ISTRAD,ISTPKW,ISTFUSS,ISTKRAD
"POINT (13.494825163000030 52.612832968000077)","Unfall 244636 (2024) Kat:3, Licht: 2","244636","3","4","6","12","16","3","","2","0","1","1","0"
"POINT (13.606839480000076 52.489628600000060)","Unfall 244637 (2024) Kat:3, Licht: 2","244637","3","3","5","12","16","3","","2","1","1","0","0"
"POINT (13.332599669000047 52.468969549000064)","Unfall 244638 (2024) Kat:3, Licht: 0","244638","3","2","5","12","08","3","","0","0","1","0","0"
"POINT (13.499794325000039 52.547911503000080)","Unfall 244639 (2024) Kat:3, Licht: 0","244639","3","1","0","12","08","3","","0","0","0","0","1"
"POINT (13.466162471000075 52.511775383000042)","Unfall 244640 (2024) Kat:3, Licht: 2","244640","3","2","6","12","18","1","","2","0","1","1","0"
"POINT (13.453852539000025 52.429568288000041)","Unfall 244641 (2024) Kat:3, Licht: 2","244641","3","6","2","12","06","3","","2","0","1","0","0"
"POINT (13.588772835000043 52.539326518000053)","Unfall 244642 (2024) Kat:3, Licht: 2","244642","3","3","5","12","19","3","","2","0","1","0","0"
"POINT (13.417190682000069 52.512459337000053)","Unfall 244643 (2024) Kat:3, Licht: 2","244643","3","2","5","12","17","3","","2","1","1","0","0"
"POINT (13.592567915000075 52.428955640000027)","Unfall 244644 (2024) Kat:3, Licht: 0","244644","3","3","5","12","08","3","","0","0","1","0","0"
"POINT (13.411801626000056 52.523966988000041)","Unfall 244645 (2024) Kat:3, Licht: 2","244645","3","2","5","12","05","3","","2","0","1","0","0"
"POINT (13.390168353000035 52.535433948000048)","Unfall 244647 (2024) Kat:3, Licht: 2","244647","3","2","5","12","19","3","","2","1","1","0","0"
"POINT (13.300423516000023 52.584408013000029)","Unfall 244648 (2024) Kat:3, Licht: 2","244648","3","5","1","12","18","3","","2","1","1","0","0"
"POINT (13.353821012000026 52.494142514000032)","Unfall 244649 (2024) Kat:3, Licht: 2","244649","3","4","6","12","17","3","","2","1","0","1","0"
"POINT (13.360762720000025 52.446821216000046)","Unfall 244650 (2024) Kat:3, Licht: 1","244650","3","2","2","12","15","3","","1","0","1","0","0"
"POINT (13.319572307000044 52.463250680000044)","Unfall 244651 (2024) Kat:2, Licht: 1","244651","2","2","6","12","15","3","","1","0","1","1","0"
"POINT (13.393346879000035 52.457949639000049)","Unfall 244652 (2024) Kat:3, Licht: 0","244652","3","2","5","12","10","3","","0","0","1","0","0"
"POINT (13.281408597000052 52.501069179000069)","Unfall 244653 (2024) Kat:3, Licht: 0","244653","3","7","9","12","09","3","","0","0","1","0","0"
"POINT (13.480869693000045 52.421685986000057)","Unfall 244654 (2024) Kat:2, Licht: 1","244654","2","7","6","12","15","3","","1","0","1","1","0"
"POINT (13.442445890000045 52.480467138000051)","Unfall 244655 (2024) Kat:3, Licht: 2","244655","3","6","2","12","21","3","","2","0","1","0","0"
"POINT (13.521779150000043 52.567006066000033)","Unfall 244656 (2024) Kat:3, Licht: 2","244656","3","4","6","12","18","3","","2","0","1","1","0"
"POINT (13.574259876000042 52.452763210000057)","Unfall 244658 (2024) Kat:3, Licht: 2","244658","3","2","5","12","16","3","","2","1","1","0","0"
"POINT (13.312282246000052 52.430388407000066)","Unfall 244659 (2024) Kat:3, Licht: 0","244659","3","2","2","12","07","3","","0","0","1","0","0"
"POINT (13.454367377000040 52.540158188000078)","Unfall 244660 (2024) Kat:3, Licht: 2","244660","3","3","5","12","07","3","","2","1","1","0","0"
"POINT (13.333196464000025 52.583733484000049)","Unfall 244661 (2024) Kat:3, Licht: 1","244661","3","5","1","12","19","3","","1","0","1","0","0"
"POINT (13.427181096000027 52.563276984000026)","Unfall 244662 (2024) Kat:3, Licht: 2","244662","3","2","5","12","16","3","","2","1","1","0","0"
"POINT (13.431661672000075 52.510664506000069)","Unfall 244663 (2024) Kat:3, Licht: 2","244663","3","4","6","12","18","3","","2","0","1","1","0"
"POINT (13.418518500000062 52.500204527000051)","Unfall 244664 (2024) Kat:3, Licht: 2","244664","3","7","2","12","18","3","","2","0","1","0","0"
"POINT (13.327860391000058 52.471686672000033)","Unfall 244665 (2024) Kat:3, Licht: 0","244665","3","7","6","12","12","3","","0","0","0","1","0"
"POINT (13.366463209000074 52.502913431000081)","Unfall 244666 (2024) Kat:3, Licht: 2","244666","3","3","5","12","17","3","","2","1","0","0","0"
"POINT (13.477207988000032 52.523013621000075)","Unfall 244667 (2024) Kat:3, Licht: 0","244667","3","2","5","12","15","3","","0","1","1","0","0"
"POINT (13.315018671000075 52.500805901000035)","Unfall 244668 (2024) Kat:3, Licht: 0","244668","3","3","5","12","14","3","","0","0","1","0","0"
"POINT (13.472799800000075 52.454544819000034)","Unfall 244669 (2024) Kat:3, Licht: 0","244669","3","7","4","12","11","3","","0","1","0","0","0"
"POINT (13.469941180000035 52.472976524000046)","Unfall 244670 (2024) Kat:3, Licht: 2","244670","3","1","8","12","05","3","","2","0","1","0","0"
"POINT (13.436918743000035 52.456677823000064)","Unfall 244671 (2024) Kat:3, Licht: 0","244671","3","4","6","12","12","3","","0","0","1","1","0"
"POINT (13.414240535000033 52.553613419000044)","Unfall 244672 (2024) Kat:3, Licht: 2","244672","3","2","5","12","07","3","","2","1","0","0","0"
"POINT (13.165319437000051 52.551261134000072)","Unfall 244673 (2024) Kat:3, Licht: 2","244673","3","2","6","12","19","3","","2","0","1","1","0"
"POINT (13.348827231000030 52.548488907000035)","Unfall 244674 (2024) Kat:3, Licht: 2","244674","3","2","6","12","17","3","","2","0","1","1","0"
"POINT (13.209463594000056 52.565409014000068)","Unfall 244675 (2024) Kat:3, Licht: 0","244675","3","6","3","12","15","3","","0","0","1","0","0"
"POINT (13.378672356000038 52.528319301000067)","Unfall 244676 (2024) Kat:3, Licht: 0","244676","3","3","5","12","11","3","","0","0","1","0","0"
"POINT (13.354970378000075 52.413289621000047)","Unfall 244677 (2024) Kat:3, Licht: 1","244677","3","3","5","12","06","3","","1","0","1","0","0"
"POINT (13.390207869000051 52.508558691000076)","Unfall 244678 (2024) Kat:3, Licht: 0","244678","3","3","5","12","14","3","","0","1","1","0","0"
"POINT (13.450790002000076 52.550760797000066)","Unfall 244679 (2024) Kat:3, Licht: 0","244679","3","1","0","12","14","2","","0","0","0","0","1"
"POINT (13.194277635000049 52.430715378000059)","Unfall 244680 (2024) Kat:3, Licht: 0","244680","3","7","9","12","14","2","","0","0","0","0","0"
"POINT (13.369742472000041 52.534852818000047)","Unfall 244681 (2024) Kat:3, Licht: 2","244681","3","7","5","12","20","2","","2","0","1","0","0"
"POINT (13.397983468000064 52.584861711000030)","Unfall 244682 (2024) Kat:3, Licht: 2","244682","3","3","5","12","20","2","","2","0","1","0","0"
"POINT (13.442169655000043 52.483242559000075)","Unfall 244683 (2024) Kat:3, Licht: 2","244683","3","6","2","12","17","2","","2","0","1","0","0"
"POINT (13.383257512000057 52.493468901000028)","Unfall 244684 (2024) Kat:3, Licht: 2","244684","3","2","5","12","17","2","","2","1","1","0","0"
"POINT (13.414750520000041 52.553566947000036)","Unfall 244685 (2024) Kat:2, Licht: 1","244685","2","4","6","12","16","2","","1","0","1","1","0"
"POINT (13.401659082000037 52.414593149000041)","Unfall 244686 (2024) Kat:3, Licht: 2","244686","3","7","6","12","16","2","","2","0","0","1","0"
"POINT (13.444248162000065 52.552680383000052)","Unfall 244687 (2024) Kat:3, Licht: 0","244687","3","3","5","12","14","2","","0","0","1","0","0"
"POINT (13.381239678000043 52.467090860000042)","Unfall 244688 (2024) Kat:3, Licht: 2","244688","3","5","1","12","21","1","","2","0","1","0","0"
"POINT (13.354861727000070 52.596624770000062)","Unfall 244689 (2024) Kat:3, Licht: 0","244689","3","7","6","12","13","2","","0","0","1","1","0"
"POINT (13.336493487000041 52.595727505000070)","Unfall 244690 (2024) Kat:3, Licht: 0","244690","3","6","3","12","13","2","","0","0","1","0","0"
"POINT (13.348594692000063 52.546096452000029)","Unfall 244691 (2024) Kat:3, Licht: 0","244691","3","3","5","12","12","2","","0","0","1","0","0"
"POINT (13.368268581000052 52.525991049000027)","Unfall 244692 (2024) Kat:3, Licht: 0","244692","3","7","6","12","11","2","","0","0","1","1","0"
"POINT (13.410588254000061 52.539397764000057)","Unfall 244693 (2024) Kat:3, Licht: 0","244693","3","1","2","12","10","2","","0","0","1","0","1"
"POINT (13.248464048000073 52.418406354000069)","Unfall 244694 (2024) Kat:3, Licht: 0","244694","3","6","2","12","08","2","","0","0","1","0","0"
"POINT (13.478823062000060 52.643089740000050)","Unfall 244695 (2024) Kat:2, Licht: 2","244695","2","6","4","12","05","2","","2","0","1","0","0"
"POINT (13.398241496000026 52.507035627000050)","Unfall 244696 (2024) Kat:3, Licht: 2","244696","3","2","5","12","21","2","","2","1","1","0","0"
"POINT (13.392682981000064 52.549029333000078)","Unfall 244697 (2024) Kat:3, Licht: 2","244697","3","5","1","12","21","2","","2","0","1","0","1"
"POINT (13.607607914000027 52.482934595000074)","Unfall 244698 (2024) Kat:3, Licht: 2","244698","3","3","5","12","19","2","","2","0","1","0","0"
"POINT (13.352042250000068 52.418433469000036)","Unfall 244699 (2024) Kat:3, Licht: 2","244699","3","3","5","12","19","2","","2","0","1","0","0"
"POINT (13.248842280000076 52.517231971000058)","Unfall 244700 (2024) Kat:2, Licht: 2","244700","2","1","8","12","19","2","","2","0","1","0","0"
"POINT (13.317255335000027 52.414184872000078)","Unfall 244701 (2024) Kat:3, Licht: 2","244701","3","4","6","12","21","3","","2","0","1","1","0"
"POINT (13.207505304000051 52.544804414000055)","Unfall 244702 (2024) Kat:3, Licht: 2","244702","3","2","6","12","16","2","","2","0","1","1","0"
"POINT (13.349667308000051 52.449645006000026)","Unfall 244703 (2024) Kat:3, Licht: 0","244703","3","2","5","12","15","2","","0","0","1","0","0"
"POINT (13.343662250000023 52.471217235000040)","Unfall 244704 (2024) Kat:3, Licht: 0","244704","3","7","8","12","13","2","","0","0","1","0","0"
"POINT (13.532545489000029 52.430655934000072)","Unfall 244705 (2024) Kat:3, Licht: 0","244705","3","6","2","12","12","2","","0","0","1","0","0"
"POINT (13.578191864000075 52.490292899000053)","Unfall 244706 (2024) Kat:3, Licht: 0","244706","3","7","8","12","10","2","","0","0","1","0","0"
"POINT (13.542040587000031 52.542697105000059)","Unfall 244707 (2024) Kat:3, Licht: 0","244707","3","6","2","12","09","2","","0","0","1","0","0"
"POINT (13.189790299000038 52.536834147000036)","Unfall 244708 (2024) Kat:3, Licht: 0","244708","3","6","2","12","09","2","","0","0","1","0","0"
"POINT (13.509210557000074 52.546525556000063)","Unfall 244709 (2024) Kat:3, Licht: 1","244709","3","2","5","12","05","3","","1","1","1","0","0"
"POINT (13.419657390000054 52.465020470000070)","Unfall 244710 (2024) Kat:3, Licht: 2","244710","3","6","2","12","16","2","","2","0","1","0","0"
"POINT (13.240385423000077 52.493933206000065)","Unfall 244711 (2024) Kat:2, Licht: 2","244711","2","1","9","12","19","1","","2","0","1","0","0"
"POINT (13.285066358000051 52.494940899000028)","Unfall 244712 (2024) Kat:2, Licht: 2","244712","2","7","2","12","19","1","","2","0","1","0","0"
"POINT (13.444431720000068 52.481617040000060)","Unfall 244713 (2024) Kat:2, Licht: 2","244713","2","3","5","12","17","1","","2","1","1","0","0"
"POINT (13.506431476000046 52.458814214000029)","Unfall 244714 (2024) Kat:3, Licht: 0","244714","3","2","5","12","12","2","","0","0","1","0","0"
"POINT (13.373674756000071 52.487868541000068)","Unfall 244715 (2024) Kat:2, Licht: 2","244715","2","2","6","12","18","1","","2","0","1","1","0"
"POINT (13.474564725000050 52.524325118000036)","Unfall 244716 (2024) Kat:3, Licht: 0","244716","3","6","2","12","12","1","","0","1","1","0","0"
"POINT (13.429459280000060 52.470876710000027)","Unfall 244717 (2024) Kat:2, Licht: 2","244717","2","4","6","12","18","1","","2","1","0","1","0"
"POINT (13.352899622000052 52.503480948000060)","Unfall 244718 (2024) Kat:3, Licht: 0","244718","3","5","1","12","09","4","","0","1","1","0","0"
"POINT (13.387453444000073 52.533501420000050)","Unfall 244719 (2024) Kat:3, Licht: 2","244719","3","2","5","12","17","1","","2","1","1","0","0"
"POINT (13.348062162000076 52.451602663000074)","Unfall 244720 (2024) Kat:3, Licht: 0","244720","3","7","0","12","12","1","","0","1","1","0","0"
"POINT (13.526570824000032 52.569372082000029)","Unfall 244721 (2024) Kat:3, Licht: 0","244721","3","3","5","12","10","1","","0","0","1","0","0"
"POINT (13.350102678000042 52.503437381000026)","Unfall 244722 (2024) Kat:3, Licht: 2","244722","3","6","2","12","01","1","","2","0","1","0","0"
"POINT (13.485558831000048 52.399772062000068)","Unfall 244723 (2024) Kat:3, Licht: 0","244723","3","4","6","11","14","7","","0","0","0","1","0"
"POINT (13.440807094000036 52.517666515000030)","Unfall 244724 (2024) Kat:3, Licht: 2","244724","3","6","3","11","22","7","","2","0","1","0","1"
"POINT (13.479634149000049 52.523121530000026)","Unfall 244725 (2024) Kat:3, Licht: 2","244725","3","2","2","11","21","7","","2","0","1","0","0"
"POINT (13.403011736000053 52.489986826000063)","Unfall 244726 (2024) Kat:3, Licht: 2","244726","3","7","6","11","19","7","","2","1","0","1","0"
"POINT (13.457417577000058 52.430898617000082)","Unfall 244727 (2024) Kat:3, Licht: 2","244727","3","2","5","11","16","7","","2","0","1","0","0"
"POINT (13.415044498000043 52.422085277000065)","Unfall 244728 (2024) Kat:3, Licht: 1","244728","3","3","5","11","15","7","","1","0","1","0","0"
"POINT (13.409296516000040 52.488762638000026)","Unfall 244729 (2024) Kat:3, Licht: 0","244729","3","6","3","11","15","7","","0","1","0","0","0"
"POINT (13.429706682000074 52.498282709000080)","Unfall 244730 (2024) Kat:3, Licht: 0","244730","3","3","5","11","14","7","","0","0","1","0","1"
"POINT (13.301329353000028 52.422736632000067)","Unfall 244731 (2024) Kat:3, Licht: 0","244731","3","3","0","12","10","7","","0","0","1","0","0"
"POINT (13.572788611000021 52.401730293000071)","Unfall 244732 (2024) Kat:2, Licht: 0","244732","2","5","1","11","13","7","","0","1","0","0","0"
"POINT (13.273003710000069 52.513094098000067)","Unfall 244733 (2024) Kat:3, Licht: 2","244733","3","3","5","12","21","3","","2","0","1","0","0"
"POINT (13.226513675000035 52.530279511000060)","Unfall 244734 (2024) Kat:3, Licht: 0","244734","3","6","4","11","12","7","","0","0","1","0","0"
"POINT (13.329710655000042 52.458224452000081)","Unfall 244735 (2024) Kat:3, Licht: 0","244735","3","3","5","11","11","7","","0","1","1","0","0"
"POINT (13.290990140000076 52.581326667000042)","Unfall 244736 (2024) Kat:3, Licht: 2","244736","3","6","2","11","18","7","","2","0","1","0","0"
"POINT (13.448291832000052 52.524135758000057)","Unfall 244737 (2024) Kat:3, Licht: 2","244737","3","5","0","11","17","7","","2","1","0","0","0"
"POINT (13.429530746000069 52.510420735000082)","Unfall 244738 (2024) Kat:3, Licht: 0","244738","3","6","2","11","15","7","","0","0","1","0","0"
"POINT (13.518467197000064 52.533651342000041)","Unfall 244739 (2024) Kat:1, Licht: 2","244739","1","1","9","11","05","7","","2","0","1","0","0"
"POINT (13.422227067000051 52.559903879000046)","Unfall 244740 (2024) Kat:3, Licht: 0","244740","3","6","3","11","15","6","","0","1","1","0","0"
"POINT (13.431609345000027 52.505909001000077)","Unfall 244741 (2024) Kat:3, Licht: 2","244741","3","6","2","11","19","6","","2","0","1","0","0"
"POINT (13.417936956000062 52.515577585000074)","Unfall 244742 (2024) Kat:3, Licht: 2","244742","3","3","5","11","18","6","","2","1","1","0","0"
"POINT (13.294828268000060 52.539545089000057)","Unfall 244743 (2024) Kat:3, Licht: 0","244743","3","4","6","11","13","6","","0","0","0","1","0"
"POINT (13.436844420000057 52.483224645000064)","Unfall 244744 (2024) Kat:3, Licht: 0","244744","3","6","2","11","10","6","","0","0","1","0","1"
"POINT (13.593038892000038 52.451599381000051)","Unfall 244745 (2024) Kat:3, Licht: 0","244745","3","1","0","11","10","6","","0","1","0","0","0"
"POINT (13.428932617000044 52.572101753000027)","Unfall 244747 (2024) Kat:3, Licht: 0","244747","3","2","5","11","07","6","","0","1","1","0","0"
"POINT (13.440308099000049 52.416760239000041)","Unfall 244748 (2024) Kat:3, Licht: 0","244748","3","2","6","11","10","6","","0","0","1","1","0"
"POINT (13.387752511000031 52.506550599000036)","Unfall 244749 (2024) Kat:3, Licht: 2","244749","3","5","1","11","23","6","","2","0","1","0","0"
"POINT (13.326356023000073 52.623936705000062)","Unfall 244750 (2024) Kat:2, Licht: 2","244750","2","7","7","11","07","6","","2","1","0","0","0"
"POINT (13.330970495000031 52.594760642000040)","Unfall 244751 (2024) Kat:3, Licht: 2","244751","3","6","2","12","15","6","","2","0","1","0","0"
"POINT (13.334721683000055 52.595631658000059)","Unfall 244752 (2024) Kat:3, Licht: 2","244752","3","2","5","11","16","6","","2","0","1","0","0"
"POINT (13.452646946000073 52.510576881000077)","Unfall 244753 (2024) Kat:3, Licht: 0","244753","3","2","5","11","13","6","","0","1","1","0","0"
"POINT (13.329778516000033 52.533091800000079)","Unfall 244754 (2024) Kat:3, Licht: 0","244754","3","3","5","11","13","6","","0","1","0","0","1"
"POINT (13.328543770000067 52.522173233000046)","Unfall 244755 (2024) Kat:3, Licht: 0","244755","3","1","8","12","11","4","","0","0","1","0","0"
"POINT (13.430499853000072 52.551693445000069)","Unfall 244756 (2024) Kat:3, Licht: 2","244756","3","2","5","11","20","6","","2","1","1","0","0"
"POINT (13.197805666000022 52.519221430000073)","Unfall 244757 (2024) Kat:3, Licht: 2","244757","3","5","1","11","17","6","","2","0","1","0","0"
"POINT (13.339690550000057 52.503379930000051)","Unfall 244758 (2024) Kat:3, Licht: 2","244758","3","6","2","11","19","6","","2","0","1","0","0"
"POINT (13.457805493000023 52.529038018000051)","Unfall 244759 (2024) Kat:3, Licht: 0","244759","3","3","5","11","13","6","","0","0","1","0","0"
"POINT (13.619365025000036 52.455690993000076)","Unfall 244760 (2024) Kat:3, Licht: 2","244760","3","4","6","11","17","6","","2","0","1","1","0"
"POINT (13.419905850000077 52.499164141000051)","Unfall 244761 (2024) Kat:3, Licht: 0","244761","3","2","5","11","14","6","","0","1","1","0","0"
"POINT (13.230593880000072 52.624597765000033)","Unfall 244763 (2024) Kat:3, Licht: 0","244763","3","7","2","11","14","6","","0","0","1","0","0"
"POINT (13.415106606000052 52.553829417000031)","Unfall 244764 (2024) Kat:3, Licht: 0","244764","3","6","2","11","12","6","","0","0","1","0","0"
"POINT (13.359270121000066 52.474926577000076)","Unfall 244765 (2024) Kat:3, Licht: 0","244765","3","3","5","11","12","6","","0","0","1","0","1"
"POINT (13.523280132000025 52.496059693000063)","Unfall 267713 (2024) Kat:3, Licht: 0","267713","3","7","5","01","13","4","","0","1","1","0","0"
"POINT (13.187337773000024 52.528758187000051)","Unfall 267714 (2024) Kat:1, Licht: 2","267714","1","1","4","01","01","5","","2","1","0","0","0"
"POINT (13.351230632000068 52.514970210000058)","Unfall 267715 (2024) Kat:3, Licht: 0","267715","3","1","0","01","08","6","","0","1","0","0","0"
"POINT (13.192065695000053 52.567711696000060)","Unfall 267716 (2024) Kat:3, Licht: 1","267716","3","7","6","01","07","3","","1","1","0","1","0"
"POINT (13.369313502000068 52.544945577000078)","Unfall 267717 (2024) Kat:3, Licht: 0","267717","3","3","0","03","16","3","","0","1","0","0","0"
"POINT (13.402518225000051 52.540230964000045)","Unfall 267718 (2024) Kat:3, Licht: 0","267718","3","3","0","03","06","1","","0","1","1","0","0"
"POINT (13.219637540000065 52.556099835000055)","Unfall 267719 (2024) Kat:3, Licht: 0","267719","3","4","6","04","14","2","","0","1","0","1","0"
"POINT (13.503006007000067 52.632557165000037)","Unfall 267720 (2024) Kat:2, Licht: 0","267720","2","7","5","04","15","3","","0","1","1","0","0"
"POINT (13.401636482000072 52.522649461000071)","Unfall 267721 (2024) Kat:3, Licht: 0","267721","3","7","6","04","08","1","","0","1","0","1","0"
"POINT (13.364337384000066 52.477700400000060)","Unfall 267722 (2024) Kat:3, Licht: 0","267722","3","7","0","04","08","2","","0","1","0","0","0"
"POINT (13.356500920000030 52.424367403000076)","Unfall 267723 (2024) Kat:3, Licht: 0","267723","3","3","0","04","19","3","","0","1","0","0","0"
"POINT (13.429621190000034 52.425879527000063)","Unfall 267724 (2024) Kat:3, Licht: 0","267724","3","7","5","04","14","2","","0","1","1","0","0"
"POINT (13.319738901000051 52.437801451000041)","Unfall 267725 (2024) Kat:3, Licht: 0","267725","3","6","3","04","10","2","","0","1","0","0","0"
"POINT (13.249182804000043 52.434917294000059)","Unfall 267726 (2024) Kat:3, Licht: 1","267726","3","3","5","04","18","3","","1","1","1","0","0"
"POINT (13.412527386000022 52.523603725000044)","Unfall 267727 (2024) Kat:3, Licht: 0","267727","3","2","5","04","14","6","","0","1","1","0","0"
"POINT (13.494579190000024 52.634462904000031)","Unfall 267728 (2024) Kat:3, Licht: 0","267728","3","7","5","04","14","4","","0","1","1","0","0"
"POINT (13.412435464000055 52.523645821000059)","Unfall 267729 (2024) Kat:3, Licht: 0","267729","3","2","2","04","15","2","","0","1","1","0","0"
"POINT (13.565931817000035 52.560095438000076)","Unfall 267730 (2024) Kat:3, Licht: 0","267730","3","3","5","05","14","7","","0","1","1","0","0"
"POINT (13.324634109000044 52.543919768000080)","Unfall 267731 (2024) Kat:3, Licht: 0","267731","3","7","5","05","09","1","","0","1","0","0","0"
"POINT (13.279081775000066 52.500980895000055)","Unfall 267732 (2024) Kat:3, Licht: 0","267732","3","5","1","05","11","5","","0","1","0","0","1"
"POINT (13.539950028000021 52.487142457000061)","Unfall 267733 (2024) Kat:3, Licht: 0","267733","3","7","1","05","17","2","","0","1","1","0","0"
"POINT (13.564310948000070 52.519463693000034)","Unfall 267734 (2024) Kat:3, Licht: 0","267734","3","3","5","05","10","3","","0","1","1","0","0"
"POINT (13.351107007000053 52.511848249000082)","Unfall 267735 (2024) Kat:3, Licht: 0","267735","3","6","2","05","17","5","","0","1","0","0","0"
"POINT (13.520645424000065 52.572332634000077)","Unfall 267736 (2024) Kat:2, Licht: 0","267736","2","3","5","05","14","6","","0","1","1","0","0"
"POINT (13.355014759000028 52.519235359000049)","Unfall 267737 (2024) Kat:3, Licht: 0","267737","3","3","5","05","16","6","","0","1","0","0","0"
"POINT (13.462607061000028 52.424800717000039)","Unfall 267738 (2024) Kat:3, Licht: 0","267738","3","7","5","06","19","2","","0","1","0","0","1"
"POINT (13.406490753000071 52.540904123000075)","Unfall 267739 (2024) Kat:3, Licht: 0","267739","3","4","6","06","17","3","","0","1","0","1","0"
"POINT (13.356738461000077 52.423823993000042)","Unfall 267740 (2024) Kat:3, Licht: 0","267740","3","3","5","06","08","2","","0","1","1","0","0"
"POINT (13.601729309000063 52.538707936000037)","Unfall 267741 (2024) Kat:3, Licht: 1","267741","3","7","6","06","21","2","","1","1","0","1","0"
"POINT (13.480339609000055 52.535144621000029)","Unfall 267742 (2024) Kat:3, Licht: 0","267742","3","6","2","06","06","7","","0","1","0","0","0"
"POINT (13.277040315000022 52.597077089000038)","Unfall 267743 (2024) Kat:3, Licht: 0","267743","3","5","1","06","06","3","","0","1","0","0","0"
"POINT (13.415216397000052 52.578565411000056)","Unfall 267744 (2024) Kat:3, Licht: 0","267744","3","3","5","06","16","3","","0","1","0","0","0"
"POINT (13.422016134000046 52.462286392000067)","Unfall 267745 (2024) Kat:3, Licht: 0","267745","3","3","5","07","12","4","","0","1","0","0","0"
"POINT (13.256212903000062 52.486301985000068)","Unfall 267746 (2024) Kat:3, Licht: 0","267746","3","3","5","07","09","5","","0","1","1","0","0"
"POINT (13.371408513000063 52.492360084000040)","Unfall 267747 (2024) Kat:3, Licht: 0","267747","3","3","5","07","10","7","","0","1","1","0","0"
"POINT (13.514955655000051 52.553229599000076)","Unfall 267748 (2024) Kat:3, Licht: 0","267748","3","3","5","07","16","2","","0","1","1","0","0"
"POINT (13.344558182000071 52.513974717000053)","Unfall 267749 (2024) Kat:3, Licht: 0","267749","3","3","5","07","10","4","","0","1","0","0","0"
"POINT (13.470950621000043 52.435427664000031)","Unfall 267750 (2024) Kat:3, Licht: 0","267750","3","3","0","07","11","5","","0","1","1","0","0"
"POINT (13.519899737000060 52.426927501000080)","Unfall 267751 (2024) Kat:3, Licht: 0","267751","3","2","5","08","17","4","","0","1","1","0","0"
"POINT (13.369043386000044 52.498704004000047)","Unfall 267752 (2024) Kat:3, Licht: 0","267752","3","1","0","08","06","4","","0","1","0","0","0"
"POINT (13.546033102000024 52.521669795000037)","Unfall 267753 (2024) Kat:3, Licht: 0","267753","3","7","4","08","13","1","","0","1","0","0","0"
"POINT (13.351527782000062 52.514333993000037)","Unfall 267754 (2024) Kat:3, Licht: 0","267754","3","1","0","08","14","3","","0","1","0","0","0"
"POINT (13.721703909000041 52.419318567000062)","Unfall 267755 (2024) Kat:3, Licht: 0","267755","3","7","4","08","16","3","","0","1","0","0","0"
"POINT (13.264401022000072 52.433069360000047)","Unfall 267756 (2024) Kat:3, Licht: 0","267756","3","6","6","08","17","3","","0","1","0","1","0"
"POINT (13.585541404000026 52.441571204000070)","Unfall 267757 (2024) Kat:3, Licht: 1","267757","3","3","5","08","05","4","","1","1","1","0","0"
"POINT (13.336128623000036 52.513710556000035)","Unfall 267758 (2024) Kat:3, Licht: 0","267758","3","6","3","08","18","2","","0","1","0","0","0"
"POINT (13.368324722000068 52.480776229000071)","Unfall 267759 (2024) Kat:3, Licht: 0","267759","3","7","6","08","17","7","","0","1","0","1","0"
"POINT (13.182515356000067 52.541679642000076)","Unfall 267760 (2024) Kat:3, Licht: 0","267760","3","6","0","09","15","1","","0","1","0","0","0"
"POINT (13.398305832000062 52.541778082000064)","Unfall 267761 (2024) Kat:3, Licht: 0","267761","3","7","7","09","17","2","","0","1","0","0","0"
"POINT (13.715730086000065 52.431833671000049)","Unfall 267762 (2024) Kat:3, Licht: 0","267762","3","5","1","09","08","3","","0","1","0","0","0"
"POINT (13.418029498000067 52.478867723000064)","Unfall 267763 (2024) Kat:3, Licht: 0","267763","3","6","2","09","07","5","","0","1","0","0","0"
"POINT (13.408958616000064 52.519120531000056)","Unfall 267764 (2024) Kat:3, Licht: 0","267764","3","4","6","09","18","3","","0","1","0","1","0"
"POINT (13.428293085000064 52.582951240000057)","Unfall 267765 (2024) Kat:2, Licht: 0","267765","2","3","5","09","08","3","","0","1","0","0","0"
"POINT (13.450249205000034 52.522124765000058)","Unfall 267766 (2024) Kat:3, Licht: 2","267766","3","5","1","09","22","6","","2","1","1","0","0"
"POINT (13.406032827000047 52.482500399000060)","Unfall 267767 (2024) Kat:3, Licht: 1","267767","3","3","5","09","18","6","","1","1","0","0","1"
"POINT (13.409711917000038 52.519472783000026)","Unfall 267768 (2024) Kat:3, Licht: 0","267768","3","7","6","09","10","1","","0","1","0","1","0"
"POINT (13.417901283000049 52.478278826000064)","Unfall 267769 (2024) Kat:3, Licht: 0","267769","3","6","4","10","17","2","","0","1","0","0","0"
"POINT (13.389241271000060 52.567293534000044)","Unfall 267770 (2024) Kat:3, Licht: 1","267770","3","7","0","10","06","5","","1","1","0","0","0"
"POINT (13.207091634000051 52.529162479000036)","Unfall 267771 (2024) Kat:3, Licht: 0","267771","3","3","5","10","14","6","","0","1","1","0","0"
"POINT (13.569441083000072 52.560693588000049)","Unfall 267772 (2024) Kat:2, Licht: 0","267772","2","3","5","10","16","5","","0","1","0","0","0"
"POINT (13.569191334000038 52.491430321000053)","Unfall 267773 (2024) Kat:2, Licht: 0","267773","2","3","5","10","13","6","","0","1","0","0","0"